700 0 22 0           
30 Autodesk Translation Framework 20 ASM 231.1.0.65535 NT 24 Thu May 29 15:53:09 2025 
25.39999999999999858 9.999999999999999547e-07 1.000000000000000036e-10 
body $-1 -1 $-1 $22 $-1 $23 #
body $-1 -1 $-1 $24 $-1 $25 #
body $-1 -1 $-1 $26 $-1 $27 #
body $-1 -1 $-1 $28 $-1 $29 #
body $-1 -1 $-1 $30 $-1 $31 #
body $-1 -1 $-1 $32 $-1 $33 #
body $-1 -1 $-1 $34 $-1 $35 #
body $-1 -1 $-1 $36 $-1 $37 #
body $-1 -1 $-1 $38 $-1 $39 #
body $-1 -1 $-1 $40 $-1 $41 #
body $-1 -1 $-1 $42 $-1 $43 #
body $-1 -1 $-1 $44 $-1 $45 #
body $-1 -1 $-1 $46 $-1 $47 #
body $-1 -1 $-1 $48 $-1 $49 #
body $-1 -1 $-1 $50 $-1 $51 #
body $-1 -1 $-1 $52 $-1 $53 #
body $-1 -1 $-1 $54 $-1 $55 #
body $-1 -1 $-1 $56 $-1 $57 #
body $-1 -1 $-1 $58 $-1 $59 #
body $-1 -1 $-1 $60 $-1 $61 #
body $-1 -1 $-1 $62 $-1 $63 #
body $-1 -1 $-1 $64 $-1 $65 #
lump $-1 -1 $-1 $-1 $66 $0 #
transform $-1 -1 1 0 0 0 1 0 0 0 1 0 0 0 1 no_rotate no_reflect no_shear #
lump $-1 -1 $-1 $-1 $67 $1 #
transform $-1 -1 1 0 0 0 1 0 0 0 1 0 0 0 1 no_rotate no_reflect no_shear #
lump $-1 -1 $-1 $-1 $68 $2 #
transform $-1 -1 1 0 0 0 1 0 0 0 1 0 0 0 1 no_rotate no_reflect no_shear #
lump $-1 -1 $-1 $-1 $69 $3 #
transform $-1 -1 1 0 0 0 1 0 0 0 1 0 0 0 1 no_rotate no_reflect no_shear #
lump $-1 -1 $-1 $-1 $70 $4 #
transform $-1 -1 1 0 0 0 1 0 0 0 1 0 0 0 1 no_rotate no_reflect no_shear #
lump $-1 -1 $-1 $-1 $71 $5 #
transform $-1 -1 1 0 0 0 1 0 0 0 1 0 0 0 1 no_rotate no_reflect no_shear #
lump $-1 -1 $-1 $-1 $72 $6 #
transform $-1 -1 1 0 0 0 1 0 0 0 1 0 0 0 1 no_rotate no_reflect no_shear #
lump $-1 -1 $-1 $-1 $73 $7 #
transform $-1 -1 1 0 0 0 1 0 0 0 1 0 0 0 1 no_rotate no_reflect no_shear #
lump $-1 -1 $-1 $-1 $74 $8 #
transform $-1 -1 1 0 0 0 1 0 0 0 1 0 0 0 1 no_rotate no_reflect no_shear #
lump $-1 -1 $-1 $-1 $75 $9 #
transform $-1 -1 1 0 0 0 1 0 0 0 1 0 0 0 1 no_rotate no_reflect no_shear #
lump $-1 -1 $-1 $-1 $76 $10 #
transform $-1 -1 1 0 0 0 1 0 0 0 1 0 0 0 1 no_rotate no_reflect no_shear #
lump $-1 -1 $-1 $-1 $77 $11 #
transform $-1 -1 1 0 0 0 1 0 0 0 1 0 0 0 1 no_rotate no_reflect no_shear #
lump $-1 -1 $-1 $-1 $78 $12 #
transform $-1 -1 1 0 0 0 1 0 0 0 1 0 0 0 1 no_rotate no_reflect no_shear #
lump $-1 -1 $-1 $-1 $79 $13 #
transform $-1 -1 1 0 0 0 1 0 0 0 1 0 0 0 1 no_rotate no_reflect no_shear #
lump $-1 -1 $-1 $-1 $80 $14 #
transform $-1 -1 1 0 0 0 1 0 0 0 1 0 0 0 1 no_rotate no_reflect no_shear #
lump $-1 -1 $-1 $-1 $81 $15 #
transform $-1 -1 1 0 0 0 1 0 0 0 1 0 0 0 1 no_rotate no_reflect no_shear #
lump $-1 -1 $-1 $-1 $82 $16 #
transform $-1 -1 1 0 0 0 1 0 0 0 1 0 0 0 1 no_rotate no_reflect no_shear #
lump $-1 -1 $-1 $-1 $83 $17 #
transform $-1 -1 1 0 0 0 1 0 0 0 1 0 0 0 1 no_rotate no_reflect no_shear #
lump $-1 -1 $-1 $-1 $84 $18 #
transform $-1 -1 1 0 0 0 1 0 0 0 1 0 0 0 1 no_rotate no_reflect no_shear #
lump $-1 -1 $-1 $-1 $85 $19 #
transform $-1 -1 1 0 0 0 1 0 0 0 1 0 0 0 1 no_rotate no_reflect no_shear #
lump $-1 -1 $-1 $-1 $86 $20 #
transform $-1 -1 1 0 0 0 1 0 0 0 1 0 0 0 1 no_rotate no_reflect no_shear #
lump $-1 -1 $-1 $-1 $87 $21 #
transform $-1 -1 1 0 0 0 1 0 0 0 1 0 0 0 1 no_rotate no_reflect no_shear #
shell $-1 -1 $-1 $-1 $-1 $88 $-1 $22 #
shell $-1 -1 $-1 $-1 $-1 $89 $-1 $24 #
shell $-1 -1 $-1 $-1 $-1 $90 $-1 $26 #
shell $-1 -1 $-1 $-1 $-1 $91 $-1 $28 #
shell $-1 -1 $-1 $-1 $-1 $92 $-1 $30 #
shell $-1 -1 $-1 $-1 $-1 $93 $-1 $32 #
shell $-1 -1 $-1 $-1 $-1 $94 $-1 $34 #
shell $-1 -1 $-1 $-1 $-1 $95 $-1 $36 #
shell $-1 -1 $-1 $-1 $-1 $96 $-1 $38 #
shell $-1 -1 $-1 $-1 $-1 $97 $-1 $40 #
shell $-1 -1 $-1 $-1 $-1 $98 $-1 $42 #
shell $-1 -1 $-1 $-1 $-1 $99 $-1 $44 #
shell $-1 -1 $-1 $-1 $-1 $100 $-1 $46 #
shell $-1 -1 $-1 $-1 $-1 $101 $-1 $48 #
shell $-1 -1 $-1 $-1 $-1 $102 $-1 $50 #
shell $-1 -1 $-1 $-1 $-1 $103 $-1 $52 #
shell $-1 -1 $-1 $-1 $-1 $104 $-1 $54 #
shell $-1 -1 $-1 $-1 $-1 $105 $-1 $56 #
shell $-1 -1 $-1 $-1 $-1 $106 $-1 $58 #
shell $-1 -1 $-1 $-1 $-1 $107 $-1 $60 #
shell $-1 -1 $-1 $-1 $-1 $108 $-1 $62 #
shell $-1 -1 $-1 $-1 $-1 $109 $-1 $64 #
face $110 -1 $-1 $111 $112 $66 $-1 $113 reversed single #
face $114 -1 $-1 $115 $116 $67 $-1 $117 forward single #
face $118 -1 $-1 $119 $120 $68 $-1 $121 forward single #
face $122 -1 $-1 $123 $124 $69 $-1 $125 reversed single #
face $126 -1 $-1 $127 $128 $70 $-1 $129 forward single #
face $130 -1 $-1 $131 $132 $71 $-1 $133 reversed single #
face $134 -1 $-1 $135 $136 $72 $-1 $137 forward single #
face $138 -1 $-1 $139 $140 $73 $-1 $141 forward single #
face $142 -1 $-1 $143 $144 $74 $-1 $145 forward single #
face $146 -1 $-1 $147 $148 $75 $-1 $149 forward single #
face $150 -1 $-1 $151 $152 $76 $-1 $153 forward single #
face $154 -1 $-1 $155 $156 $77 $-1 $157 forward single #
face $158 -1 $-1 $159 $160 $78 $-1 $161 forward single #
face $162 -1 $-1 $163 $164 $79 $-1 $165 reversed single #
face $166 -1 $-1 $167 $168 $80 $-1 $169 reversed single #
face $170 -1 $-1 $171 $172 $81 $-1 $173 forward single #
face $174 -1 $-1 $175 $176 $82 $-1 $177 forward single #
face $178 -1 $-1 $179 $180 $83 $-1 $181 reversed single #
face $182 -1 $-1 $183 $184 $84 $-1 $185 reversed single #
face $186 -1 $-1 $187 $188 $85 $-1 $189 forward single #
face $190 -1 $-1 $191 $192 $86 $-1 $193 forward single #
face $194 -1 $-1 $195 $196 $87 $-1 $197 forward single #
DXID-attrib $-1 -1 $198 $-1 $88 @10 Revit:Face @7 Face:14 #
face $199 -1 $-1 $200 $201 $66 $-1 $202 reversed single #
loop $-1 -1 $-1 $203 $204 $88 #
cone-surface $-1 -1 $-1 3.573694271391842143e-12 -4.654194789845931796e-12 113.7606767558746412 1.291630849571990629e-14 -1.875521428573157041e-14 1 -10.48039690308490712 3.405287378150168021 1.992349340395356214e-13 1 I I -0.9954605433998454656 -0.09517513611277027274 11.01974143861735911 forward I I I I #
DXID-attrib $-1 -1 $-1 $-1 $89 @10 Revit:Face @7 Face:32 #
face $205 -1 $-1 $206 $207 $67 $-1 $208 forward single #
loop $-1 -1 $-1 $-1 $209 $89 #
plane-surface $-1 -1 $-1 -6.320036888126090879 0.4807088077068799037 120.2438917454123271 0 0 1 -6.010486492634028011 -10.3862434075975667 0 forward_v I I I I #
DXID-attrib $-1 -1 $210 $-1 $90 @10 Revit:Face @7 Face:14 #
face $211 -1 $-1 $212 $213 $68 $-1 $214 reversed single #
loop $-1 -1 $-1 $215 $216 $90 #
cone-surface $-1 -1 $-1 2.168105288058383914e-12 1.46962850612730526e-12 262.6791017977768661 -1.382799582304307732e-14 -1.027528214424253221e-14 -1 -3.853247725573877043e-15 -2.16918562763276368 2.228899434716252267e-14 1 I I 0 1 2.16918562763276368 forward I I I I #
DXID-attrib $-1 -1 $-1 $-1 $91 @10 Revit:Face @8 Face:365 #
face $217 -1 $-1 $218 $219 $69 $-1 $220 reversed single #
loop $-1 -1 $-1 $-1 $221 $91 #
plane-surface $-1 -1 $-1 -0.4595800976235831503 0.336967952436856899 90.64828621038435585 1.666280438343681266e-15 -1.382799582304306628e-14 -1 12 -4.263256414560572716e-14 1.999536526012476447e-14 forward_v I I I I #
DXID-attrib $-1 -1 $-1 $-1 $92 @10 Revit:Face @8 Face:322 #
face $222 -1 $-1 $223 $224 $70 $-1 $225 forward single #
loop $-1 -1 $-1 $-1 $226 $92 #
plane-surface $-1 -1 $-1 -30.93507813563424236 1.595600458036767533 92.76363834100291683 3.552713678800500929e-15 1 -1.382799582304305996e-14 5.895229189310552427e-28 1.659359498765167196e-13 12 forward_v I I I I #
DXID-attrib $-1 -1 $227 $-1 $93 @10 Revit:Face @8 Face:267 #
face $228 -1 $-1 $229 $230 $71 $-1 $231 reversed single #
loop $-1 -1 $-1 $232 $233 $93 #
cone-surface $-1 -1 $-1 -35.28073358535477411 1.050058997761759828e-13 94.55497387511185536 -2.901095444655327371e-17 1.371746665829285514e-14 1 -1.957947386623633212 -0.6361756701017535764 8.669916620995832857e-15 1 I I 0.3389187593987757485 -0.9408156432200703856 2.05870771408078479 forward I I I I #
DXID-attrib $-1 -1 $-1 $-1 $94 @10 Revit:Face @8 Face:147 #
face $234 -1 $-1 $235 $236 $72 $-1 $237 forward single #
loop $-1 -1 $-1 $-1 $238 $94 #
plane-surface $-1 -1 $-1 -40.32897960018748051 -2.905924310438637193 95.21818079951809466 -3.215343167861849829e-15 1.14231936545005291e-29 1 -4.263256414560601115e-14 -12 0 forward_v I I I I #
DXID-attrib $-1 -1 $-1 $-1 $95 @10 Revit:Face @7 Face:52 #
face $239 -1 $-1 $240 $241 $73 $-1 $242 forward single #
loop $-1 -1 $-1 $-1 $243 $95 #
cone-surface $-1 -1 $-1 1.999254226684948232 -2.202231645587729325 95.82412365538526444 3.552713678800500929e-15 1 -1.382799582304305996e-14 -0.1944837570215376399 6.909451038749297421e-16 0 1 I I 0 1 0.1944837570215376399 forward I I I I #
DXID-attrib $-1 -1 $-1 $-1 $96 @10 Revit:Face @6 Face:9 #
face $244 -1 $-1 $245 $246 $74 $-1 $247 forward single #
loop $-1 -1 $-1 $-1 $248 $96 #
plane-surface $-1 -1 $-1 -29.5259943008393968 0.705000000001772209 94.61292338830863002 -1 3.552713678800500929e-15 -1.027528214424255903e-14 -1.233033857309106832e-13 4.380616251286208864e-28 12 forward_v I I I I #
DXID-attrib $-1 -1 $-1 $-1 $97 @10 Revit:Face @8 Face:275 #
face $249 -1 $-1 $250 $251 $75 $-1 $252 forward single #
loop $-1 -1 $-1 $-1 $253 $97 #
plane-surface $-1 -1 $-1 -93.04691274907499121 -0.7415007051264022042 86.7941809072824384 3.278362237888155339e-15 -8.127732514105237258e-29 1 0.4350972680332759746 -11.99210950447626622 -1.426406453329567594e-15 forward_v I I I I #
DXID-attrib $-1 -1 $-1 $-1 $98 @10 Revit:Face @8 Face:354 #
face $254 -1 $-1 $255 $256 $76 $-1 $257 forward single #
loop $-1 -1 $-1 $-1 $258 $98 #
plane-surface $-1 -1 $-1 -81.90262238988071886 -3.023059394833283786 86.99354043783986867 -3.193449394559382495e-15 7.917293144969818647e-29 -1 12 -2.587345371915897105e-13 -3.832139273471258679e-14 forward_v I I I I #
DXID-attrib $-1 -1 $-1 $-1 $99 @10 Revit:Face @8 Face:389 #
face $259 -1 $-1 $260 $261 $77 $-1 $262 forward single #
loop $-1 -1 $-1 $-1 $263 $99 #
plane-surface $-1 -1 $-1 -81.88122913574319739 -0.7576933599002950714 84.45356636979579434 -1.727558790417912113e-15 4.283014282991404232e-29 1 -12 2.975075099091918539e-13 -2.073070548501494299e-14 forward_v I I I I #
DXID-attrib $-1 -1 $-1 $-1 $100 @10 Revit:Face @8 Face:430 #
face $264 -1 $-1 $265 $266 $78 $-1 $267 forward single #
loop $-1 -1 $-1 $-1 $268 $100 #
plane-surface $-1 -1 $-1 -79.09714161913099417 -12.8220774394366579 86.73849059906763159 -2.479229249243265764e-14 -1 1.121038771459853657e-44 3.803902695561876723e-14 -9.430746824112304603e-28 12 forward_v I I I I #
DXID-attrib $-1 -1 $-1 $-1 $101 @10 Revit:Face @8 Face:156 #
face $269 -1 $-1 $270 $271 $79 $-1 $272 reversed single #
loop $-1 -1 $-1 $-1 $273 $101 #
plane-surface $-1 -1 $-1 -67.07308895686581707 1.187499999998120614 86.73849059906751791 1 2.326375630405842653e-14 0 1.129092220606535721e-33 -4.853438996906800096e-20 12 forward_v I I I I #
DXID-attrib $-1 -1 $274 $-1 $102 @10 Revit:Face @8 Face:171 #
face $275 -1 $-1 $276 $277 $80 $-1 $278 forward single #
loop $-1 -1 $-1 $279 $280 $102 #
cone-surface $-1 -1 $-1 -68.11068121160477062 -2.138909912111266021 86.73849059906751791 -2.19238804173174011e-14 1 7.079342328660190355e-17 0.6066476357157895016 1.331402443753232647e-14 -0.1971117655171890359 1 I I -0.4848096202463353377 -0.8746197071393967404 0.6378670723786112884 forward I I I I #
DXID-attrib $-1 -1 $-1 $-1 $103 @10 Revit:Face @8 Face:209 #
face $281 -1 $-1 $282 $283 $81 $-1 $284 reversed single #
loop $-1 -1 $-1 $-1 $285 $103 #
plane-surface $-1 -1 $-1 -79.51052638606938672 -13.5690269981974545 86.73849059906704895 -1 -2.016199027439880755e-14 3.439565569550295479e-30 5.91247632332200701e-28 -2.727770611991312548e-14 12 forward_v I I I I #
DXID-attrib $-1 -1 $286 $-1 $104 @10 Revit:Face @8 Face:224 #
face $287 -1 $-1 $288 $289 $82 $-1 $290 reversed single #
loop $-1 -1 $-1 $291 $292 $104 #
cone-surface $-1 -1 $-1 -83.18019623276111929 -13.57088815749084709 86.73849059906703474 -1 -2.125096293644325136e-14 -1.38584651880469727e-33 1.676161826881113605e-14 -0.7887462944122243247 -1.792932468512294788e-15 1 I I 0 1 0.7887462944122243247 forward I I I I #
DXID-attrib $-1 -1 $-1 $-1 $105 @10 Revit:Face @8 Face:243 #
face $293 -1 $-1 $294 $295 $83 $-1 $296 reversed single #
loop $-1 -1 $-1 $-1 $297 $105 #
plane-surface $-1 -1 $-1 -81.68019623276107666 -12.58489253316378509 86.73849059906757475 2.125096293644273386e-14 -1 4.146032288686895689e-15 1.498204348942625993e-12 -4.9752387464210913e-14 -12 forward_v I I I I #
DXID-attrib $-1 -1 $-1 $-1 $106 @10 Revit:Face @8 Face:260 #
face $298 -1 $-1 $299 $300 $84 $-1 $301 reversed single #
loop $-1 -1 $-1 $-1 $302 $106 #
plane-surface $-1 -1 $-1 -81.68019623276107666 -12.58489253316388989 86.73849059906757475 -2.539695204402781716e-14 1 1.205417576842733161e-33 7.681209674200086769e-14 1.950807602368743424e-27 -12 forward_v I I I I #
DXID-attrib $-1 -1 $-1 $-1 $107 @10 Revit:Face @7 Face:93 #
face $303 -1 $-1 $304 $305 $85 $-1 $306 forward single #
loop $-1 -1 $-1 $-1 $307 $107 #
plane-surface $-1 -1 $-1 -63.1179263883566648 -1.424921035762946486 89.10056624082912435 7.789836553898599122e-16 -1 1.349235843445184313e-15 -11.99999999997098499 -9.347768261100945674e-15 2.638794021603211229e-05 forward_v I I I I #
DXID-attrib $-1 -1 $-1 $-1 $108 @10 Revit:Face @7 Face:36 #
face $308 -1 $-1 $309 $310 $86 $-1 $311 forward single #
loop $-1 -1 $-1 $-1 $312 $108 #
plane-surface $-1 -1 $-1 -34.61047055609107304 -1.495794101253475006 90.46512154204290823 0 -1 -1.382799582304305996e-14 -9.192533317427717066 -1.066615725821919109e-13 7.713451316238495004 forward_v I I I I #
DXID-attrib $-1 -1 $-1 $-1 $109 @10 Revit:Face @6 Face:9 #
face $313 -1 $-1 $314 $315 $87 $-1 $316 forward single #
loop $-1 -1 $-1 $-1 $317 $109 #
plane-surface $-1 -1 $-1 -40.02969987242683203 -1.166904397245380309 89.09540074895450346 3.944304526105058151e-31 -1 -1.382799582304306154e-14 -11.69244077742283316 3.732746687827262069e-14 -2.699412652126340184 forward_v I I I I #
DXID-attrib $-1 -1 $-1 $110 $88 @10 Revit:Face @6 Face:9 #
DXID-attrib $-1 -1 $318 $-1 $111 @10 Revit:Face @7 Face:21 #
face $319 -1 $-1 $320 $321 $66 $-1 $322 reversed single #
loop $-1 -1 $-1 $323 $324 $111 #
cone-surface $-1 -1 $-1 5.354247229310361173e-12 -7.923320792120131542e-12 113.7167558666083806 7.041747185151236669e-15 -5.523519244625031936e-15 1 -9.516359990639163158 3.092052797403679332 8.40908143088250625e-14 1 I I -0.9996218059010515411 -0.02749991212932275525 10.00609304241019615 forward I I I I #
loop $-1 -1 $-1 $-1 $325 $88 #
coedge $-1 -1 $-1 $204 $204 $326 $327 forward $112 $-1 #
DXID-attrib $-1 -1 $-1 $-1 $115 @10 Revit:Face @7 Face:49 #
face $328 -1 $-1 $329 $330 $67 $-1 $331 forward single #
loop $-1 -1 $-1 $-1 $332 $115 #
plane-surface $-1 -1 $-1 -6.320036888126090879 0.4807088077068799037 119.6534908707976115 -0 0 -1 6.010486492634028011 10.3862434075975667 0 forward_v I I I I #
coedge $-1 -1 $-1 $333 $334 $335 $336 forward $116 $-1 #
DXID-attrib $-1 -1 $-1 $118 $90 @10 Revit:Face @6 Face:9 #
DXID-attrib $-1 -1 $337 $-1 $119 @10 Revit:Face @7 Face:21 #
face $338 -1 $-1 $339 $340 $68 $-1 $341 forward single #
loop $-1 -1 $-1 $342 $343 $119 #
torus-surface $-1 -1 $-1 -2.070274401522160091e-13 -2.526617588732771554e-13 96.13688155723390594 -2.364655991123024892e-14 -8.225075163140562564e-15 -1 2.063131258664118839 -0.106054368967170673 -1.776356839400250465e-15 -1 8.225075163140605162e-15 forward_v I I I I #
loop $-1 -1 $-1 $-1 $344 $90 #
coedge $-1 -1 $-1 $216 $216 $345 $346 forward $120 $-1 #
DXID-attrib $-1 -1 $-1 $-1 $123 @10 Revit:Face @8 Face:369 #
face $347 -1 $-1 $348 $349 $69 $-1 $350 reversed single #
loop $-1 -1 $-1 $-1 $351 $123 #
plane-surface $-1 -1 $-1 -0.4595800976235831503 0.336967952436856899 90.64828621038435585 1.666280438343681266e-15 -1.382799582304306628e-14 -1 12 -4.263256414560572716e-14 1.999536526012476447e-14 forward_v I I I I #
coedge $-1 -1 $-1 $352 $352 $353 $354 forward $124 $-1 #
DXID-attrib $-1 -1 $-1 $-1 $127 @10 Revit:Face @8 Face:331 #
face $355 -1 $-1 $356 $357 $70 $-1 $358 forward single #
loop $-1 -1 $-1 $-1 $359 $127 #
plane-surface $-1 -1 $-1 -30.93507813563425302 -1.595823580079043014 92.76363834100295946 -3.552713678800500929e-15 -1 1.382799582304305996e-14 -5.895229189310552427e-28 -1.659359498765167196e-13 -12 forward_v I I I I #
coedge $-1 -1 $-1 $360 $361 $362 $363 forward $128 $-1 #
DXID-attrib $-1 -1 $-1 $130 $93 @10 Revit:Face @8 Face:260 #
DXID-attrib $-1 -1 $364 $-1 $131 @10 Revit:Face @8 Face:276 #
face $365 -1 $-1 $366 $367 $71 $-1 $368 reversed single #
loop $-1 -1 $-1 $369 $370 $131 #
torus-surface $-1 -1 $-1 -35.28073358535478121 8.970755101165625554e-14 94.88551701764843926 -6.443053586820739695e-18 1.388196035878709046e-14 1 1.671249979114543427 -0.2557058101074482503 -1 3.552713678800500929e-15 -6.443053586870058139e-18 forward_v I I I I #
loop $-1 -1 $-1 $-1 $371 $93 #
coedge $-1 -1 $-1 $233 $233 $372 $373 forward $132 $-1 #
DXID-attrib $-1 -1 $-1 $-1 $135 @10 Revit:Face @8 Face:152 #
face $374 -1 $-1 $375 $376 $72 $-1 $377 forward single #
loop $-1 -1 $-1 $-1 $378 $135 #
plane-surface $-1 -1 $-1 -40.3289796001874663 -2.905924310438637193 90.54683155168054043 3.215343167861849829e-15 -1.14231936545005291e-29 -1 4.263256414560601115e-14 12 0 forward_v I I I I #
coedge $-1 -1 $-1 $379 $380 $381 $382 forward $136 $-1 #
DXID-attrib $-1 -1 $-1 $-1 $139 @10 Revit:Face @7 Face:57 #
face $383 -1 $-1 $384 $385 $73 $-1 $386 forward single #
loop $-1 -1 $-1 $-1 $387 $139 #
plane-surface $-1 -1 $-1 2.193737983706501193 2.202227532859993175 95.82412365538519339 1 -3.552713678800478841e-15 1.604512282842169894e-15 -4.263256414560601115e-14 -12 1.659489391656867002e-13 forward_v I I I I #
coedge $-1 -1 $-1 $388 $389 $390 $391 forward $140 $-1 #
DXID-attrib $-1 -1 $-1 $-1 $143 @10 Revit:Face @7 Face:18 #
face $392 -1 $-1 $393 $394 $74 $-1 $395 forward single #
loop $-1 -1 $-1 $-1 $396 $143 #
plane-surface $-1 -1 $-1 -4.753954008651755991 0.7050000000016841684 94.61292338830888582 1 -3.552713678800500929e-15 1.027528214424255903e-14 1.233033857309106832e-13 -4.380616251286208864e-28 -12 forward_v I I I I #
coedge $-1 -1 $-1 $397 $398 $399 $400 forward $144 $-1 #
DXID-attrib $-1 -1 $-1 $-1 $147 @10 Revit:Face @8 Face:280 #
face $401 -1 $-1 $402 $403 $75 $-1 $404 forward single #
loop $-1 -1 $-1 $405 $406 $147 #
plane-surface $-1 -1 $-1 -93.04691274907500542 -0.7415007051264022042 84.28292760425591723 -3.278362237888155339e-15 8.127732514105237258e-29 -1 -0.4350972680332759746 11.99210950447626622 1.426406453329567594e-15 forward_v I I I I #
coedge $-1 -1 $-1 $407 $408 $409 $410 forward $148 $-1 #
DXID-attrib $-1 -1 $-1 $-1 $151 @10 Revit:Face @8 Face:355 #
face $411 -1 $-1 $412 $413 $76 $-1 $414 forward single #
loop $-1 -1 $-1 $-1 $415 $151 #
spline-surface $-1 -1 $-1 forward { exactsur full nubs 3 3 open open none none 3 2 
	0.07582934923360822033 3 0.4719024852763476496 1 1 3 
	0.01460800996551550601 3 0.9085997203934061961 3 
	-84.36532970742977966 5.461207447988196684 87.03810422421868509 
	-85.00027595641118694 3.362108525027314165 87.03810422421868509 
	-86.26108319350487363 -1.602571622832700937 87.03810422421868509 
	-86.99459671854273779 -6.676028372912715447 87.03810422421868509 
	-87.23851687611343664 -9.58974697078008198 87.03810422421868509 
	-84.2500493993708659 5.397361424261466922 87.94718665461111584 
	-84.8838541919279379 3.314138268966495104 87.94718665461111584 
	-86.11786759779758427 -1.621340629108431797 87.94718665461111584 
	-86.76535276751049253 -6.670999959878414209 87.94718665461111584 
	-86.94047762886678754 -9.567139954050622563 87.94718665461111584 
	-84.13476909131193793 5.333515400534735384 88.85626908500354659 
	-84.76742469037333194 3.266159535599562513 88.85626908500354659 
	-85.97469902715673129 -1.640105756392737479 88.85626908500354659 
	-86.53598677298668918 -6.665976832545332798 88.85626908500354659 
	-86.64243838162013844 -9.544532937321166699 88.85626908500354659 
	-84.01948878325302417 5.269669376808004735 89.76535151539597734 
	-84.65100292589008291 3.218189279538743452 89.76535151539597734 
	-85.83148343144944192 -1.658874762668468339 89.76535151539599156 
	-86.30674282195445812 -6.660948419511030671 89.76535151539599156 
	-86.34439913437347514 -9.521925920591707282 89.76535151539599156 
	0 
	
	0 
	0 
	1 0.4719024852763476496 
	0 
	0 
	0 
	F 1 F 0 F 1 F 0 } I I I I #
coedge $-1 -1 $-1 $416 $417 $418 $419 forward $152 $-1 #
DXID-attrib $-1 -1 $-1 $-1 $155 @10 Revit:Face @8 Face:393 #
face $420 -1 $-1 $421 $422 $77 $-1 $423 reversed single #
loop $-1 -1 $-1 $-1 $424 $155 #
plane-surface $-1 -1 $-1 -81.88122913574319739 -0.7576933599002950714 84.45356636979579434 -1.727558790417912113e-15 4.283014282991404232e-29 1 -12 2.975075099091918539e-13 -2.073070548501494299e-14 forward_v I I I I #
coedge $-1 -1 $-1 $425 $425 $424 $426 forward $156 $-1 #
DXID-attrib $-1 -1 $-1 $-1 $159 @10 Revit:Face @8 Face:433 #
face $427 -1 $-1 $428 $429 $78 $-1 $430 forward single #
loop $-1 -1 $-1 $-1 $431 $159 #
plane-surface $-1 -1 $-1 -79.09714161913097996 -11.74013011277652296 86.73849059906763159 2.479229249243265764e-14 1 -1.121038771459853657e-44 -3.803902695561876723e-14 9.430746824112304603e-28 -12 forward_v I I I I #
coedge $-1 -1 $-1 $432 $432 $433 $434 forward $160 $-1 #
DXID-attrib $-1 -1 $-1 $-1 $163 @10 Revit:Face @8 Face:159 #
face $435 -1 $-1 $-1 $436 $79 $-1 $437 forward single #
loop $-1 -1 $-1 $-1 $438 $163 #
plane-surface $-1 -1 $-1 -64.61996427740075433 1.18749999999817768 86.73849059906751791 -1 -2.326375630405842653e-14 0 -1.129092220606535721e-33 4.853438996906800096e-20 -12 forward_v I I I I #
coedge $-1 -1 $-1 $273 $273 $439 $440 forward $164 $-1 #
DXID-attrib $-1 -1 $-1 $166 $102 @10 Revit:Face @8 Face:167 #
DXID-attrib $-1 -1 $441 $-1 $167 @10 Revit:Face @8 Face:179 #
face $442 -1 $-1 $443 $444 $80 $-1 $445 forward single #
loop $-1 -1 $-1 $446 $447 $167 #
cone-surface $-1 -1 $-1 -68.11068121160477062 -2.169181823732357017 86.73849059906751791 -2.190747307372565795e-14 1 4.471610592205076565e-29 -0.7888870239257854688 -1.728252123486571814e-14 -2.500707897337568754e-15 1 I I 0 1 0.7888870239257854688 forward I I I I #
loop $-1 -1 $-1 $-1 $448 $102 #
coedge $-1 -1 $-1 $280 $280 $447 $449 forward $168 $-1 #
DXID-attrib $-1 -1 $-1 $-1 $171 @10 Revit:Face @8 Face:212 #
face $450 -1 $-1 $-1 $451 $81 $-1 $452 reversed single #
loop $-1 -1 $-1 $-1 $453 $171 #
plane-surface $-1 -1 $-1 -68.11068121160479905 -2.169181823732384995 86.73849059906706316 2.327061474334924902e-14 -1 -2.273142176659426203e-15 5.723149706068962383e-28 -2.727770611991311285e-14 12 forward_v I I I I #
coedge $-1 -1 $-1 $285 $285 $454 $455 forward $172 $-1 #
DXID-attrib $-1 -1 $-1 $174 $104 @10 Revit:Face @8 Face:220 #
DXID-attrib $-1 -1 $-1 $-1 $175 @10 Revit:Face @8 Face:226 #
face $456 -1 $-1 $457 $458 $82 $-1 $459 reversed single #
loop $-1 -1 $-1 $-1 $460 $175 #
plane-surface $-1 -1 $-1 -81.68019623276111929 -13.57088815749081334 86.73849059906703474 1 2.125096293644325136e-14 3.29833921148951127e-34 2.550115552373190163e-13 -12 -2.727770611991363666e-14 forward_v I I I I #
loop $-1 -1 $-1 $-1 $461 $104 #
coedge $-1 -1 $-1 $462 $462 $463 $464 forward $176 $-1 #
DXID-attrib $-1 -1 $-1 $-1 $179 @10 Revit:Face @8 Face:247 #
face $465 -1 $-1 $466 $467 $83 $-1 $468 reversed single #
loop $-1 -1 $-1 $-1 $469 $179 #
plane-surface $-1 -1 $-1 -81.68019623276107666 -12.58489253316378509 86.73849059906757475 2.125096293644273386e-14 -1 4.146032288686895689e-15 1.498204348942625993e-12 -4.9752387464210913e-14 -12 forward_v I I I I #
coedge $-1 -1 $-1 $470 $470 $469 $471 forward $180 $-1 #
DXID-attrib $-1 -1 $-1 $-1 $183 @10 Revit:Face @8 Face:261 #
face $472 -1 $-1 $473 $474 $84 $-1 $475 forward single #
loop $-1 -1 $-1 $-1 $476 $183 #
plane-surface $-1 -1 $-1 -81.68019623276109087 -11.69696833882794529 86.73849059906754633 2.539695204402781716e-14 -1 -1.205417576842733161e-33 7.681209674200086769e-14 1.950807602368743424e-27 -12 forward_v I I I I #
tcoedge-coedge $-1 -1 $-1 $477 $477 $478 $479 forward $184 $480 4.155628906040376033e-15 3.141592653589800221 #
DXID-attrib $-1 -1 $-1 $-1 $187 @10 Revit:Face @8 Face:107 #
face $481 -1 $-1 $482 $483 $85 $-1 $484 forward single #
loop $-1 -1 $-1 $-1 $485 $187 #
plane-surface $-1 -1 $-1 -63.1179263883566648 1.414398415283567134 89.10056624082912435 -7.789836553898599122e-16 1 -1.349235843445184313e-15 11.99999999997098499 9.347768261100945674e-15 -2.638794021603211229e-05 forward_v I I I I #
coedge $-1 -1 $-1 $486 $487 $488 $489 forward $188 $-1 #
DXID-attrib $-1 -1 $-1 $-1 $191 @10 Revit:Face @7 Face:44 #
face $490 -1 $-1 $491 $492 $86 $-1 $493 forward single #
loop $-1 -1 $-1 $-1 $494 $191 #
plane-surface $-1 -1 $-1 -34.61047055609107304 1.51684570032933852 90.46512154204295086 0 1 1.382799582304305996e-14 9.192533317427717066 1.066615725821919109e-13 -7.713451316238495004 forward_v I I I I #
coedge $-1 -1 $-1 $495 $496 $497 $498 forward $192 $-1 #
DXID-attrib $-1 -1 $-1 $-1 $195 @10 Revit:Face @7 Face:16 #
face $499 -1 $-1 $500 $501 $87 $-1 $502 forward single #
loop $-1 -1 $-1 $-1 $503 $195 #
plane-surface $-1 -1 $-1 -40.02969987242683203 1.13277645903419466 89.09540074895454609 -3.944304526105058151e-31 1 1.382799582304306154e-14 11.69244077742283316 -3.732746687827262069e-14 2.699412652126340184 forward_v I I I I #
coedge $-1 -1 $-1 $504 $505 $506 $507 forward $196 $-1 #
DXID-attrib $-1 -1 $-1 $199 $111 @10 Revit:Face @7 Face:17 #
DXID-attrib $-1 -1 $508 $-1 $200 @10 Revit:Face @7 Face:27 #
face $509 -1 $-1 $510 $511 $66 $-1 $512 forward single #
loop $-1 -1 $-1 $513 $514 $200 #
torus-surface $-1 -1 $-1 3.873602007832292428e-12 -5.182206370061360073e-12 113.5240839851756363 -1.535459469556113178e-14 3.544761532306484135e-14 -1 2.906134211613431884 -0.09633594071629861255 -1 0 1.535459469556113178e-14 forward_v I I I I #
loop $-1 -1 $-1 $-1 $326 $111 #
coedge $-1 -1 $-1 $324 $324 $515 $516 forward $201 $-1 #
coedge $-1 -1 $-1 $325 $325 $517 $518 forward $203 $-1 #
coedge $-1 -1 $-1 $326 $326 $204 $327 reversed $323 $-1 #
edge $519 -1 $-1 $520 3.141592653589796225 $520 9.424777960769382901 $204 $521 forward @7 unknown #
DXID-attrib $-1 -1 $-1 $-1 $206 @10 Revit:Face @7 Face:66 #
face $522 -1 $-1 $523 $524 $67 $-1 $525 forward single #
loop $-1 -1 $-1 $-1 $335 $206 #
plane-surface $-1 -1 $-1 -4.676084518436499415 3.321492075919539211 120.2438917454123271 -0.8655202839664639658 0.5008738743861690379 0 0 0 -12 forward_v I I I I #
coedge $-1 -1 $-1 $526 $527 $528 $529 forward $207 $-1 #
coedge $-1 -1 $-1 $530 $209 $531 $532 forward $116 $-1 #
coedge $-1 -1 $-1 $209 $533 $534 $535 forward $116 $-1 #
coedge $-1 -1 $-1 $536 $537 $209 $336 reversed $330 $-1 #
edge $538 -1 $-1 $539 2.919064082817487451e-17 $540 0.2734220585217521649 $209 $541 forward @7 unknown #
DXID-attrib $-1 -1 $-1 $211 $119 @10 Revit:Face @7 Face:17 #
DXID-attrib $-1 -1 $-1 $-1 $212 @10 Revit:Face @7 Face:23 #
face $542 -1 $-1 $543 $544 $68 $-1 $545 forward single #
loop $-1 -1 $-1 $-1 $546 $212 #
plane-surface $-1 -1 $-1 -1.363063571592564463e-13 -2.42729534336620466e-13 96.03082718826675546 -1.38279958230430789e-14 -1.027528214424253221e-14 -1 -2.131628207280129848e-14 -12 1.233033857309106832e-13 forward_v I I I I #
loop $-1 -1 $-1 $-1 $345 $119 #
coedge $-1 -1 $-1 $547 $547 $548 $549 forward $213 $-1 #
coedge $-1 -1 $-1 $550 $550 $551 $552 forward $215 $-1 #
coedge $-1 -1 $-1 $345 $345 $216 $346 reversed $342 $-1 #
edge $553 -1 $-1 $554 3.141592653589796225 $554 9.424777960769382901 $216 $555 forward @14 tangent_not_g2 #
DXID-attrib $-1 -1 $556 $-1 $218 @10 Revit:Face @8 Face:375 #
face $557 -1 $-1 $558 $559 $69 $-1 $560 reversed single #
loop $-1 -1 $-1 $561 $562 $218 #
cone-surface $-1 -1 $-1 -0.4595800976235830393 0.3369679524368562884 90.58003229857497729 -1.57272320581334977e-15 1.376458173278525467e-14 1 2.116943807532910782 -0.6878367388857334896 1.279715166271502552e-14 1 I I -0.2870309100837024063 -0.9579213207025520926 2.225886444455982716 forward I I I I #
coedge $-1 -1 $-1 $563 $563 $564 $565 forward $219 $-1 #
coedge $-1 -1 $-1 $221 $221 $563 $566 forward $124 $-1 #
coedge $-1 -1 $-1 $564 $564 $221 $354 reversed $561 $-1 #
edge $567 -1 $-1 $568 3.141592653589796225 $569 6.28318530717958712 $221 $570 forward @7 unknown #
DXID-attrib $-1 -1 $-1 $-1 $223 @10 Revit:Face @8 Face:340 #
face $571 -1 $-1 $572 $573 $70 $-1 $574 forward single #
loop $-1 -1 $-1 $-1 $362 $223 #
cone-surface $-1 -1 $-1 -29.69380259914349196 -1.595823580079047233 92.76363834100295946 3.552713678800500929e-15 1 -1.382799582304305996e-14 -1.241275536490763054 4.409896577651164243e-15 0 1 I I 0 1 1.241275536490763054 forward I I I I #
coedge $-1 -1 $-1 $575 $576 $577 $578 forward $224 $-1 #
coedge $-1 -1 $-1 $579 $226 $580 $581 forward $128 $-1 #
coedge $-1 -1 $-1 $226 $582 $583 $584 forward $128 $-1 #
coedge $-1 -1 $-1 $585 $586 $226 $363 reversed $357 $-1 #
edge $587 -1 $-1 $588 3.968173414659188492 $589 4.562602811237216116 $226 $590 forward @7 unknown #
DXID-attrib $-1 -1 $-1 $228 $131 @10 Revit:Face @8 Face:272 #
DXID-attrib $-1 -1 $591 $-1 $229 @10 Revit:Face @8 Face:281 #
face $592 -1 $-1 $593 $594 $71 $-1 $595 reversed single #
loop $-1 -1 $-1 $596 $597 $229 #
torus-surface $-1 -1 $-1 -35.28073358535482384 -4.560938233385145557e-13 77.40942749699726733 1.105745188666770195e-14 6.065805084733752452e-14 1 -0.3647464060732351077 -17.84970255828406493 -1 3.552713678800500929e-15 1.10574518866674858e-14 forward_v I I I I #
loop $-1 -1 $-1 $-1 $372 $131 #
coedge $-1 -1 $-1 $370 $370 $598 $599 forward $230 $-1 #
coedge $-1 -1 $-1 $371 $371 $600 $601 forward $232 $-1 #
coedge $-1 -1 $-1 $372 $372 $233 $373 reversed $369 $-1 #
edge $602 -1 $-1 $603 -1.570796326794896558 $603 4.712388980384689674 $233 $604 forward @7 unknown #
DXID-attrib $-1 -1 $-1 $-1 $235 @10 Revit:Face @8 Face:157 #
face $605 -1 $-1 $606 $607 $72 $-1 $608 forward single #
loop $-1 -1 $-1 $-1 $609 $235 #
cone-surface $-1 -1 $-1 -35.29717978639761355 -2.905924310438654956 90.54683155168055464 -3.215343167861849829e-15 1.14231936545005291e-29 1 -5.031799813789856302 1.787654402743703593e-14 -1.617896315331774301e-14 1 I I 0 1 5.031799813789856302 forward I I I I #
coedge $-1 -1 $-1 $610 $611 $612 $613 forward $236 $-1 #
coedge $-1 -1 $-1 $614 $238 $615 $616 forward $136 $-1 #
coedge $-1 -1 $-1 $238 $614 $617 $618 forward $136 $-1 #
coedge $-1 -1 $-1 $619 $620 $238 $382 reversed $621 $-1 #
edge $622 -1 $-1 $623 6.540066126731719175e-31 $624 0.277013778686523271 $238 $625 forward @7 unknown #
DXID-attrib $-1 -1 $-1 $-1 $240 @10 Revit:Face @7 Face:61 #
face $626 -1 $-1 $627 $628 $73 $-1 $629 forward single #
loop $-1 -1 $-1 $-1 $630 $240 #
cone-surface $-1 -1 $-1 1.999255657198908853 -2.202231645587780395 90.84217003447463412 3.552713678800500929e-15 1 -1.382799582304305996e-14 -0.194482326507584985 6.909400216684424299e-16 0 1 I I 0 1 0.194482326507584985 forward I I I I #
coedge $-1 -1 $-1 $631 $632 $633 $634 forward $241 $-1 #
coedge $-1 -1 $-1 $635 $243 $632 $636 forward $140 $-1 #
coedge $-1 -1 $-1 $243 $635 $637 $638 forward $140 $-1 #
coedge $-1 -1 $-1 $639 $633 $243 $391 reversed $640 $-1 #
edge $641 -1 $-1 $642 4.225919133453341914 $643 6.135346378389279209 $243 $644 forward @7 unknown #
DXID-attrib $-1 -1 $-1 $-1 $245 @10 Revit:Face @7 Face:27 #
face $645 -1 $-1 $646 $647 $74 $-1 $648 forward single #
loop $-1 -1 $-1 $-1 $399 $245 #
cone-surface $-1 -1 $-1 -4.753954008651755103 0.955000000001677507 94.61292338830888582 -1 3.552713678800500929e-15 -1.027528214424255903e-14 -8.881784197001007777e-16 -0.2499999999999931166 0 1 I I 0 1 0.2499999999999931166 forward I I I I #
coedge $-1 -1 $-1 $649 $650 $651 $652 forward $246 $-1 #
coedge $-1 -1 $-1 $653 $248 $654 $655 forward $144 $-1 #
coedge $-1 -1 $-1 $248 $656 $657 $658 forward $144 $-1 #
coedge $-1 -1 $-1 $659 $660 $248 $400 reversed $394 $-1 #
edge $661 -1 $-1 $662 1.570796326794893893 $663 3.141592653589789563 $248 $664 forward @7 unknown #
DXID-attrib $-1 -1 $665 $-1 $250 @10 Revit:Face @8 Face:291 #
face $666 -1 $-1 $667 $668 $75 $-1 $669 forward single #
loop $-1 -1 $-1 $670 $671 $250 #
cone-surface $-1 -1 $-1 -81.90260529230093312 -0.7389022009027915727 84.43310119116365797 -3.922003009561447773e-17 -5.000028501685347401e-17 1 -3.12798083105536362 -9.62693510833799948 -6.040290015881497216e-16 1 I I 0.2500550350450744808 -0.9682316248959267346 10.12235860161062462 forward I I I I #
loop $-1 -1 $-1 $-1 $672 $147 #
coedge $-1 -1 $-1 $673 $674 $675 $676 forward $251 $-1 #
coedge $-1 -1 $-1 $677 $253 $678 $679 forward $148 $-1 #
coedge $-1 -1 $-1 $253 $677 $680 $681 forward $148 $-1 #
coedge $-1 -1 $-1 $682 $683 $253 $410 reversed $684 $-1 #
edge $685 -1 $-1 $686 -0.01199923440380742078 $687 0.9917658004424384499 $253 $688 forward @7 unknown #
DXID-attrib $-1 -1 $-1 $-1 $255 @10 Revit:Face @8 Face:360 #
face $689 -1 $-1 $690 $691 $76 $-1 $692 forward single #
loop $-1 -1 $-1 $-1 $693 $255 #
spline-surface $-1 -1 $-1 forward { exactsur full nubs 3 3 open open none none 5 2 
	0 3 0.2857142857142856984 1 0.5714285714285713969 1 0.8571428571428570953 1 1 3 
	0 3 0.8932419223888738991 3 
	-87.2531269454567564 -9.590855180806901359 86.99354043783988288 
	-87.2795246348750311 -9.901979838211776297 86.99354043783988288 
	-87.18233017769881599 -10.53668342536813718 86.99354043783988288 
	-86.6189348186937309 -11.3181963213704595 86.99354043783988288 
	-85.90436859062258179 -11.68369943121530596 86.99354043783986867 
	-85.43586974238601783 -11.73875724255260167 86.99354043783986867 
	-85.27974848306178046 -11.73875724255260344 86.99354043783986867 
	-86.95533766279046972 -9.568267124511228516 87.90186042365385788 
	-86.97444291606333877 -9.88560902710739775 87.90186042365385788 
	-86.86204152057891292 -10.52919973521041364 87.90186042365387209 
	-86.27757377052552101 -11.31651274112277683 87.90186042365385788 
	-85.54760383105048049 -11.68348009082407479 87.90186042365385788 
	-85.07029877229069825 -11.73876497428964605 87.90186042365385788 
	-84.9112377167228658 -11.73875724255261055 87.90186042365385788 
	-86.65754838012415462 -9.545679068215553897 88.81018040946784708 
	-86.66937946794351433 -9.86920783014115699 88.81018040946784708 
	-86.54176198785840768 -10.52171775173569479 88.81018040946784708 
	-85.93621776424714653 -11.31480915361018091 88.81018040946784708 
	-85.19084005250583402 -11.68327177610923506 88.81018040946784708 
	-84.70472232361839815 -11.73874951081558038 88.81018040946784708 
	-84.54272695038395113 -11.73875724255261765 88.81018040946784708 
	-86.35975909745786794 -9.523091011919879278 89.71850039528183629 
	-86.364297749131822 -9.852837019036778443 89.71850039528183629 
	-86.22147333073851883 -10.51423406157797302 89.71850039528183629 
	-85.59485671607893664 -11.31312557336249824 89.71850039528183629 
	-84.83407529293373273 -11.68305243571800389 89.71850039528182208 
	-84.33915135352307857 -11.73875724255262476 89.71850039528182208 
	-84.17421618404502226 -11.73875724255262476 89.71850039528182208 
	0 
	
	0 
	0 
	3 0.2857142857142856984 0.5714285714285713969 0.8571428571428570953 
	0 
	0 
	0 
	F 1 F 0 F 1 F 0 } I I I I #
tcoedge-coedge $-1 -1 $-1 $694 $695 $696 $697 forward $256 $698 0 19.97724758331378325 #
tcoedge-coedge $-1 -1 $-1 $699 $258 $700 $701 forward $152 $702 3.141592653589798001 4.717164207214956662 #
tcoedge-coedge $-1 -1 $-1 $258 $699 $703 $704 forward $152 $705 1.566031337998092354 3.14159265358980333 #
coedge $-1 -1 $-1 $706 $707 $258 $419 reversed $691 $-1 #
edge $708 -1 $-1 $709 -0.5628543488634716319 $710 -2.529019246418180842e-30 $258 $711 forward @7 unknown #
DXID-attrib $-1 -1 $-1 $-1 $260 @10 Revit:Face @8 Face:395 #
face $712 -1 $-1 $713 $714 $77 $-1 $715 reversed single #
loop $-1 -1 $-1 $-1 $716 $260 #
plane-surface $-1 -1 $-1 -81.88122913574318318 -0.7576933599002950714 80.10255974417171387 -1.727558790417912113e-15 4.283014282991404232e-29 1 -12 2.975075099091918539e-13 -2.073070548501494299e-14 forward_v I I I I #
coedge $-1 -1 $-1 $717 $717 $263 $426 reversed $261 $-1 #
coedge $-1 -1 $-1 $263 $263 $718 $719 forward $156 $-1 #
edge $720 -1 $-1 $721 -0.1529549836612486835 $722 0.1529549836612477398 $263 $723 forward @2 g2 #
DXID-attrib $-1 -1 $-1 $-1 $265 @10 Revit:Face @8 Face:436 #
face $724 -1 $-1 $-1 $725 $78 $-1 $726 forward single #
loop $-1 -1 $-1 $-1 $433 $265 #
cone-surface $-1 -1 $-1 -81.94089161913097996 -11.74013011277645369 86.73849059906763159 -2.479229249243265449e-14 -1 0 2.843750000000003109 -7.05030817753554393e-14 -9.014456908753415093e-15 1 I I 0 1 2.843750000000003109 forward I I I I #
coedge $-1 -1 $-1 $727 $727 $728 $729 forward $266 $-1 #
coedge $-1 -1 $-1 $268 $268 $730 $731 forward $160 $-1 #
coedge $-1 -1 $-1 $732 $733 $268 $434 reversed $429 $-1 #
edge $734 -1 $-1 $735 6.283185307179568468 $736 9.424777960769374019 $268 $737 forward @7 unknown #
DXID-attrib $-1 -1 $738 $-1 $270 @10 Revit:Face @8 Face:164 #
loop $-1 -1 $-1 $739 $439 $270 #
cone-surface $-1 -1 $-1 -64.6199642774007259 -1.822202088455702229e-12 86.73849059906751791 -1 -2.348506183649676843e-14 -8.950775780820685676e-37 -2.788851093083990955e-14 1.187499999999999778 4.802882393789394553e-21 1 I I 0 1 1.187499999999999778 forward I I I I #
coedge $-1 -1 $-1 $438 $438 $740 $741 forward $271 $-1 #
coedge $-1 -1 $-1 $439 $439 $273 $440 reversed $436 $-1 #
edge $742 -1 $-1 $743 3.141592653589795781 $743 9.424777960769382901 $273 $744 forward @7 unknown #
DXID-attrib $-1 -1 $-1 $275 $167 @10 Revit:Face @8 Face:173 #
DXID-attrib $-1 -1 $-1 $-1 $276 @10 Revit:Face @8 Face:183 #
face $745 -1 $-1 $746 $747 $80 $-1 $748 forward single #
loop $-1 -1 $-1 $-1 $749 $276 #
plane-surface $-1 -1 $-1 -68.11068121160477062 -2.169181823732357017 86.73849059906751791 2.190747307372565795e-14 -1 6.236902330521318631e-30 -12 -2.628896768847078701e-13 -3.803902695561876723e-14 forward_v I I I I #
loop $-1 -1 $-1 $-1 $750 $167 #
coedge $-1 -1 $-1 $447 $447 $280 $449 reversed $277 $-1 #
coedge $-1 -1 $-1 $751 $751 $752 $753 forward $279 $-1 #
edge $754 -1 $-1 $755 -1.39690689688050262e-15 $755 6.283185307179584456 $280 $756 forward @7 unknown #
DXID-attrib $-1 -1 $757 $-1 $282 @10 Revit:Face @8 Face:217 #
loop $-1 -1 $-1 $758 $759 $282 #
torus-surface $-1 -1 $-1 -79.51052638606955725 -2.169181823732707404 86.73849059906703474 2.471470442710349192e-15 -1.9128583076352889e-16 -1 11.39984517446477241 -0.5905738308231061051 -1 0 -2.471470442710349192e-15 forward_v I I I I #
coedge $-1 -1 $-1 $453 $453 $759 $760 forward $283 $-1 #
coedge $-1 -1 $-1 $454 $454 $285 $455 reversed $758 $-1 #
edge $761 -1 $-1 $762 -2.463627723241594899e-15 $762 6.283185307179583567 $285 $763 forward @7 unknown #
DXID-attrib $-1 -1 $-1 $-1 $288 @10 Revit:Face @8 Face:230 #
face $764 -1 $-1 $765 $766 $82 $-1 $767 forward single #
loop $-1 -1 $-1 $-1 $768 $288 #
plane-surface $-1 -1 $-1 -81.68019623276111929 -13.57088815749081334 86.73849059906703474 1 2.125096293644325136e-14 3.29833921148951127e-34 2.550115552373190163e-13 -12 -2.727770611991363666e-14 forward_v I I I I #
coedge $-1 -1 $-1 $463 $463 $768 $769 forward $289 $-1 #
coedge $-1 -1 $-1 $461 $461 $770 $771 forward $291 $-1 #
coedge $-1 -1 $-1 $292 $292 $772 $773 forward $176 $-1 #
coedge $-1 -1 $-1 $460 $460 $292 $464 reversed $289 $-1 #
edge $774 -1 $-1 $775 -1.386477996640454362e-15 $776 3.141592653589790007 $292 $777 forward @7 unknown #
DXID-attrib $-1 -1 $778 $-1 $294 @10 Revit:Face @8 Face:252 #
face $779 -1 $-1 $-1 $780 $83 $-1 $781 reversed single #
loop $-1 -1 $-1 $-1 $782 $294 #
sphere-surface $-1 -1 $-1 -81.68019623276110508 -13.57088815748998734 86.73849059906760317 -0.7887462944130354536 1 8.511976128174973122e-14 -3.652875937667121983e-26 8.511976128174973122e-14 -1 4.291454631288215505e-13 forward_v I I I I #
coedge $-1 -1 $-1 $783 $783 $297 $471 reversed $295 $-1 #
coedge $-1 -1 $-1 $297 $297 $784 $785 forward $180 $-1 #
edge $786 -1 $-1 $787 -0.1591128071367222119 $788 0.1591128071367210739 $297 $789 forward @2 g2 #
DXID-attrib $-1 -1 $-1 $-1 $299 @10 Revit:Face @8 Face:262 #
face $790 -1 $-1 $-1 $791 $84 $-1 $792 reversed single #
loop $-1 -1 $-1 $-1 $793 $299 #
cone-surface $-1 -1 $-1 -81.68019623276134666 -2.399284678093621448 86.73849059906763159 -2.594166355507125832e-14 1 4.471610592205076565e-29 -12.62805523696496479 -3.272304813456437532e-13 -7.905079895234631898e-13 1 I I 0.7249034718124318655 0.6888504602265159704 12.62805523696496479 forward I I I I #
coedge $-1 -1 $-1 $794 $794 $795 $796 forward $300 $-1 #
coedge $-1 -1 $-1 $302 $302 $797 $798 forward $184 $-1 #
tcoedge-coedge $-1 -1 $-1 $799 $800 $302 $479 reversed $791 $801 -3.141592653589793116 -4.155628906040376033e-15 #
tedge-edge $802 -1 $-1 $803 4.155628906040376033e-15 $804 3.141592653589800221 $302 $805 forward @7 unknown 0.0001902087016550396041 #
pcurve $-1 -1 $-1 0 forward { exppc nurbs 2 open 3 
	4.155628906040376033e-15 2 1.570796326794902109 2 3.141592653589800221 2 
	2.220446049250313081e-16 0.1591128071367222674 1 
	0.1591128071367227115 0.1591128071367222674 0.7071067811865476838 
	0.1591128071367223229 -4.440892098500626162e-16 1 
	0.1591128071367219898 -0.1591128071367227115 0.7071067811865501263 
	-5.551115123125782702e-16 -0.1591128071367222674 1 
	0 
	plane -81.68019623276107666 -12.58489253316388989 86.73849059906757475 2.539695204402781716e-14 -1 -1.205417576842733161e-33 7.681209674200086769e-14 1.950807602368743424e-27 -12 reverse_v I I I I 
	} 0 0 #
DXID-attrib $-1 -1 $-1 $-1 $304 @10 Revit:Face @8 Face:121 #
face $806 -1 $-1 $807 $808 $85 $-1 $809 forward single #
loop $-1 -1 $-1 $-1 $488 $304 #
plane-surface $-1 -1 $-1 -63.11792638835834879 -1.424921035762946486 89.10056624082912435 2.198995018002676165e-06 1.349009683829613481e-15 0.9999999999975822673 0 12 -1.618811620599450032e-14 forward_v I I I I #
coedge $-1 -1 $-1 $810 $811 $812 $813 forward $305 $-1 #
coedge $-1 -1 $-1 $814 $307 $815 $816 forward $188 $-1 #
coedge $-1 -1 $-1 $307 $817 $818 $819 forward $188 $-1 #
coedge $-1 -1 $-1 $820 $821 $307 $489 reversed $483 $-1 #
edge $822 -1 $-1 $823 -1.100679324094280847e-32 $824 0.1837023418749650916 $307 $825 forward @7 unknown #
DXID-attrib $-1 -1 $-1 $-1 $309 @10 Revit:Face @7 Face:54 #
face $826 -1 $-1 $827 $828 $86 $-1 $829 forward single #
loop $-1 -1 $-1 $-1 $830 $309 #
plane-surface $-1 -1 $-1 -34.46070937054622618 -1.495794101253473229 90.33945698648754785 0.6427876096865412503 -1.059169210519837442e-14 0.7660444431189765702 0 12 1.659176649658695595e-13 forward_v I I I I #
coedge $-1 -1 $-1 $831 $832 $833 $834 forward $310 $-1 #
coedge $-1 -1 $-1 $835 $312 $836 $837 forward $192 $-1 #
coedge $-1 -1 $-1 $312 $838 $839 $840 forward $192 $-1 #
coedge $-1 -1 $-1 $841 $842 $312 $498 reversed $843 $-1 #
edge $844 -1 $-1 $845 1.487133381569758926e-17 $846 0.007844759049680653448 $312 $847 forward @7 unknown #
DXID-attrib $-1 -1 $-1 $-1 $314 @10 Revit:Face @7 Face:23 #
face $848 -1 $-1 $849 $850 $87 $-1 $851 forward single #
loop $-1 -1 $-1 $-1 $506 $314 #
plane-surface $-1 -1 $-1 -40.02969987242683203 -1.166904397245380309 89.09540074895450346 -0.2249510543438617005 -1.347693764536596329e-14 0.9743700647852361341 0 12 1.659772375909736472e-13 forward_v I I I I #
coedge $-1 -1 $-1 $852 $853 $854 $855 forward $315 $-1 #
coedge $-1 -1 $-1 $856 $317 $857 $858 forward $196 $-1 #
coedge $-1 -1 $-1 $317 $859 $860 $861 forward $196 $-1 #
coedge $-1 -1 $-1 $862 $863 $317 $507 reversed $501 $-1 #
edge $864 -1 $-1 $865 -5.678572600682805429e-17 $866 0.06939289929059136441 $317 $867 forward @7 unknown #
DXID-attrib $-1 -1 $-1 $319 $200 @10 Revit:Face @7 Face:23 #
DXID-attrib $-1 -1 $-1 $-1 $320 @10 Revit:Face @7 Face:29 #
face $868 -1 $-1 $869 $870 $66 $-1 $871 forward single #
loop $-1 -1 $-1 $-1 $872 $320 #
plane-surface $-1 -1 $-1 3.87817660022283591e-12 -5.219069323459263734e-12 113.427748044459392 -1.027528214424255746e-14 1.382799582304305996e-14 -1 -12 -1.705038702854100159e-27 1.233033857309106832e-13 forward_v I I I I #
loop $-1 -1 $-1 $-1 $515 $200 #
coedge $-1 -1 $-1 $873 $873 $874 $875 forward $321 $-1 #
coedge $-1 -1 $-1 $515 $515 $324 $516 reversed $513 $-1 #
edge $876 -1 $-1 $877 3.141592653589796225 $877 9.424777960769382901 $324 $878 forward @7 unknown #
coedge $-1 -1 $-1 $517 $517 $325 $518 reversed $879 $-1 #
edge $880 -1 $-1 $881 -3.141592653589796225 $881 3.141592653589790007 $325 $882 forward @7 unknown #
DXID-attrib $-1 -1 $883 $-1 $327 @10 Revit:Edge @7 Edge:15 #
vertex $-1 -1 $-1 $327 $884 #
ellipse-curve $-1 -1 $-1 3.880895604879697203e-12 -5.223361751969173999e-12 113.7381638534341874 1.027528214424255746e-14 -1.382799582304305839e-14 1 -10.78427336352776145 -1.532300288914449845e-27 1.108114515308874423e-13 1 I I #
DXID-attrib $-1 -1 $-1 $-1 $329 @10 Revit:Face @7 Face:69 #
face $885 -1 $-1 $886 $887 $67 $-1 $888 forward single #
loop $-1 -1 $-1 $-1 $531 $329 #
cone-surface $-1 -1 $-1 -5.495940490967961445 0.003806676941033741539 119.6534908707976115 0 0 1 1.691341476414070563e-15 0.9521406053668340919 0 1 I I 0 1 0.9521406053668340919 forward I I I I #
coedge $-1 -1 $-1 $889 $332 $890 $891 forward $207 $-1 #
coedge $-1 -1 $-1 $332 $892 $893 $894 forward $207 $-1 #
coedge $-1 -1 $-1 $895 $896 $332 $529 reversed $897 $-1 #
edge $898 -1 $-1 $899 -2.892064099542219089e-17 $900 0.1836291440602532965 $332 $901 forward @7 unknown #
coedge $-1 -1 $-1 $902 $333 $903 $904 forward $116 $-1 #
coedge $-1 -1 $-1 $905 $906 $333 $532 reversed $524 $-1 #
edge $907 -1 $-1 $540 1.045028969928300633 $908 2.094245236122343368 $333 $909 forward @7 unknown #
coedge $-1 -1 $-1 $334 $910 $911 $912 forward $116 $-1 #
coedge $-1 -1 $-1 $896 $895 $334 $535 reversed $897 $-1 #
edge $913 -1 $-1 $914 -1.211230956816802292e-17 $539 0.183629144060253352 $334 $915 forward @7 unknown #
coedge $-1 -1 $-1 $893 $335 $895 $916 forward $330 $-1 #
coedge $-1 -1 $-1 $335 $893 $905 $917 forward $330 $-1 #
DXID-attrib $-1 -1 $-1 $-1 $336 @10 Revit:Edge @7 Edge:33 #
vertex $-1 -1 $-1 $336 $918 #
vertex $-1 -1 $-1 $336 $919 #
straight-curve $-1 -1 $-1 -4.676084518436499415 3.321492075919539211 120.2438917454123271 -6.010486492634024458 -10.3862434075975667 0 F 2.919064082817487451e-17 F 0.2734220585217521649 #
DXID-attrib $-1 -1 $-1 $-1 $339 @10 Revit:Face @7 Face:26 #
face $920 -1 $-1 $921 $922 $68 $-1 $923 reversed single #
loop $-1 -1 $-1 $-1 $924 $339 #
plane-surface $-1 -1 $-1 -1.363063571592564463e-13 -2.42729534336620466e-13 96.03082718826675546 -1.38279958230430789e-14 -1.027528214424253221e-14 -1 -2.131628207280129848e-14 -12 1.233033857309106832e-13 forward_v I I I I #
coedge $-1 -1 $-1 $548 $548 $924 $925 forward $340 $-1 #
coedge $-1 -1 $-1 $343 $343 $926 $927 forward $213 $-1 #
coedge $-1 -1 $-1 $546 $546 $343 $549 reversed $340 $-1 #
edge $928 -1 $-1 $929 3.141592653589796225 $930 6.283185307179588008 $343 $931 forward @14 tangent_not_g2 #
coedge $-1 -1 $-1 $344 $344 $932 $933 forward $215 $-1 #
coedge $-1 -1 $-1 $934 $934 $344 $552 reversed $935 $-1 #
edge $936 -1 $-1 $937 3.141592653589790007 $938 6.283185307179585344 $344 $939 forward @7 unknown #
DXID-attrib $-1 -1 $940 $-1 $346 @10 Revit:Edge @7 Edge:15 #
vertex $-1 -1 $-1 $346 $941 #
ellipse-curve $-1 -1 $-1 -1.348398377881639629e-13 -2.416511001717737822e-13 96.13688155723389173 1.382799582304307732e-14 1.027528214424253221e-14 1 -3.8532477255713164e-15 -2.16918562763132261 2.228899434714771102e-14 1 I I #
DXID-attrib $-1 -1 $-1 $347 $218 @10 Revit:Face @8 Face:371 #
DXID-attrib $-1 -1 $942 $-1 $348 @10 Revit:Face @8 Face:381 #
face $943 -1 $-1 $944 $945 $69 $-1 $946 reversed single #
loop $-1 -1 $-1 $947 $948 $348 #
torus-surface $-1 -1 $-1 -0.4595800976235823176 0.3369679524368517365 90.25877149707622493 1.970279199243160819e-15 -1.489775377181539974e-14 -1 1.083382790425367448 -1.002232432388595385 1 -3.552713678800500929e-15 1.970279199243213672e-15 forward_v I I I I #
loop $-1 -1 $-1 $-1 $564 $218 #
coedge $-1 -1 $-1 $562 $562 $949 $950 forward $349 $-1 #
coedge $-1 -1 $-1 $351 $351 $352 $566 reversed $219 $-1 #
coedge $-1 -1 $-1 $353 $353 $351 $565 reversed $561 $-1 #
edge $951 -1 $-1 $569 9.534490471659437503e-16 $568 3.141592653589796225 $351 $952 forward @7 unknown #
edge $953 -1 $-1 $569 -4.147752822741831528e-31 $568 0.3743896668974222575 $352 $954 forward @2 g2 #
DXID-attrib $-1 -1 $-1 $-1 $354 @10 Revit:Edge @8 Edge:366 #
vertex $-1 -1 $-1 $354 $955 #
vertex $-1 -1 $-1 $354 $956 #
ellipse-curve $-1 -1 $-1 -0.4595800976235830393 0.336967952436856899 90.64828621038435585 -1.666280438343681266e-15 1.382799582304341811e-14 1 2.246338001384533545 -7.980595744728158855e-15 3.743029069615198948e-15 1 F 3.141592653589796225 F 6.28318530717958712 #
DXID-attrib $-1 -1 $-1 $-1 $356 @10 Revit:Face @8 Face:343 #
face $957 -1 $-1 $958 $959 $70 $-1 $960 forward single #
loop $-1 -1 $-1 $-1 $580 $356 #
plane-surface $-1 -1 $-1 -29.50857114791580216 1.59560045803674555 91.53626135451240486 0.124294231566514049 -1.411068432238266046e-14 -0.9922454051288369659 -4.263256414560601115e-14 -12 1.653111510726578057e-13 forward_v I I I I #
coedge $-1 -1 $-1 $961 $359 $962 $963 forward $224 $-1 #
coedge $-1 -1 $-1 $359 $964 $965 $966 forward $224 $-1 #
coedge $-1 -1 $-1 $967 $968 $359 $578 reversed $969 $-1 #
edge $970 -1 $-1 $971 2.207762834855097722 $972 4.040515887284627183 $359 $973 forward @7 unknown #
coedge $-1 -1 $-1 $974 $360 $975 $976 forward $128 $-1 #
coedge $-1 -1 $-1 $977 $978 $360 $581 reversed $573 $-1 #
edge $979 -1 $-1 $589 0 $980 0.03318833226310605872 $360 $981 forward @7 unknown #
coedge $-1 -1 $-1 $361 $982 $983 $984 forward $128 $-1 #
coedge $-1 -1 $-1 $968 $967 $361 $584 reversed $969 $-1 #
edge $985 -1 $-1 $986 2.242669419894959049 $588 4.07542247232448851 $361 $987 forward @7 unknown #
coedge $-1 -1 $-1 $965 $362 $967 $988 forward $357 $-1 #
coedge $-1 -1 $-1 $362 $965 $977 $989 forward $357 $-1 #
DXID-attrib $-1 -1 $-1 $-1 $363 @10 Revit:Edge @8 Edge:323 #
vertex $-1 -1 $-1 $363 $990 #
vertex $-1 -1 $-1 $363 $991 #
ellipse-curve $-1 -1 $-1 -29.6938025991434813 1.595600458036763314 92.76363834100291683 3.552713678800500929e-15 1 -1.382799582304305996e-14 -1.241275536490763054 4.409896577651164243e-15 0 1 F 3.968173414659188492 F 4.562602811237216116 #
DXID-attrib $-1 -1 $-1 $365 $229 @10 Revit:Face @8 Face:278 #
DXID-attrib $-1 -1 $-1 $-1 $366 @10 Revit:Face @8 Face:282 #
face $992 -1 $-1 $993 $994 $71 $-1 $995 reversed single #
loop $-1 -1 $-1 $-1 $996 $366 #
plane-surface $-1 -1 $-1 -35.28073358535478121 4.854876538807073837e-14 90.46512154204293665 4.912690991092127023e-29 1.382799582304305996e-14 1 -12 4.263256414560601115e-14 0 forward_v I I I I #
loop $-1 -1 $-1 $-1 $598 $229 #
coedge $-1 -1 $-1 $597 $597 $-1 $997 forward $367 $-1 #
coedge $-1 -1 $-1 $598 $598 $370 $599 reversed $596 $-1 #
edge $998 -1 $-1 $999 3.141592653589796225 $999 9.424777960769382901 $370 $1000 forward @7 unknown #
coedge $-1 -1 $-1 $600 $600 $371 $601 reversed $1001 $-1 #
edge $1002 -1 $-1 $1003 -1.570796326794901887 $1003 4.712388980384684345 $371 $1004 forward @7 unknown #
DXID-attrib $-1 -1 $1005 $-1 $373 @10 Revit:Edge @8 Edge:268 #
vertex $-1 -1 $-1 $373 $1006 #
ellipse-curve $-1 -1 $-1 -35.28073358535478121 1.115090092881336462e-13 95.00907400710190132 -4.912690991092002587e-29 -1.382799582304270971e-14 -1 -1.895123004912448561 6.732829422561964922e-15 0 1 I I #
DXID-attrib $-1 -1 $-1 $-1 $375 @10 Revit:Face @8 Face:162 #
face $1007 -1 $-1 $1008 $1009 $72 $-1 $1010 forward single #
loop $-1 -1 $-1 $-1 $1011 $375 #
plane-surface $-1 -1 $-1 -35.27361812912301531 2.125820338722518521 95.21818079951810887 -1 -2.714351679767002154e-15 -3.422396979203173087e-15 4.106876375043807547e-14 -1.459055587476075128e-28 -12 forward_v I I I I #
coedge $-1 -1 $-1 $1012 $1013 $1014 $1015 forward $376 $-1 #
coedge $-1 -1 $-1 $1016 $378 $1017 $1018 forward $236 $-1 #
coedge $-1 -1 $-1 $378 $1016 $1019 $1020 forward $236 $-1 #
coedge $-1 -1 $-1 $1021 $1022 $378 $613 reversed $607 $-1 #
edge $1023 -1 $-1 $1024 0 $1025 0.2935793983371394744 $378 $1026 forward @7 unknown #
coedge $-1 -1 $-1 $380 $379 $1027 $1028 forward $136 $-1 #
coedge $-1 -1 $-1 $1029 $1030 $379 $616 reversed $607 $-1 #
edge $1031 -1 $-1 $624 3.278217592397112707e-15 $1032 0.1436753607338131233 $379 $1033 forward @7 unknown #
coedge $-1 -1 $-1 $1034 $1035 $380 $618 reversed $1036 $-1 #
edge $1037 -1 $-1 $1038 2.214618106863829461e-15 $623 0.1436753607338056016 $380 $1039 forward @7 unknown #
coedge $-1 -1 $-1 $1040 $381 $1035 $1041 reversed $621 $-1 #
coedge $-1 -1 $-1 $381 $1042 $1029 $1043 reversed $621 $-1 #
loop $-1 -1 $-1 $-1 $1042 $1044 #
DXID-attrib $-1 -1 $-1 $-1 $382 @10 Revit:Edge @8 Edge:148 #
vertex $-1 -1 $-1 $382 $1045 #
vertex $-1 -1 $-1 $382 $1046 #
straight-curve $-1 -1 $-1 -31.94945278488473051 0.8620521644047796084 95.21818079951812308 -12 4.263256414560601115e-14 -3.847512960163107105e-14 F 6.540066126731719175e-31 F 0.277013778686523271 #
DXID-attrib $-1 -1 $-1 $-1 $384 @10 Revit:Face @7 Face:65 #
face $1047 -1 $-1 $1048 $1049 $73 $-1 $1050 forward single #
loop $-1 -1 $-1 $-1 $1051 $384 #
plane-surface $-1 -1 $-1 1.999255657198926395 2.202227532859922121 90.64768770796699471 3.260953299520490962e-15 -1.37629104252244295e-14 -1 -4.263256414560601115e-14 -12 1.651549251026930278e-13 forward_v I I I I #
coedge $-1 -1 $-1 $1052 $1053 $1054 $1055 forward $385 $-1 #
coedge $-1 -1 $-1 $1056 $387 $1053 $1057 forward $241 $-1 #
coedge $-1 -1 $-1 $387 $1056 $388 $636 reversed $241 $-1 #
coedge $-1 -1 $-1 $390 $1054 $387 $634 reversed $640 $-1 #
edge $1058 -1 $-1 $643 -1.821231995776175479e-17 $1059 0.4151628017425522121 $387 $1060 forward @7 unknown #
coedge $-1 -1 $-1 $389 $388 $1061 $1062 forward $140 $-1 #
edge $1063 -1 $-1 $643 -0.03220502017174425163 $1064 -4.097771990496395419e-15 $388 $1065 forward @14 tangent_not_g2 #
coedge $-1 -1 $-1 $1066 $1067 $389 $638 reversed $1068 $-1 #
edge $1069 -1 $-1 $1070 -2.622574073917692394e-16 $642 0.1539125615686459947 $389 $1071 forward @14 tangent_not_g2 #
coedge $-1 -1 $-1 $1072 $390 $1067 $1073 reversed $640 $-1 #
loop $-1 -1 $-1 $-1 $390 $1074 #
DXID-attrib $-1 -1 $-1 $-1 $391 @10 Revit:Edge @7 Edge:53 #
vertex $-1 -1 $-1 $391 $1075 #
vertex $-1 -1 $-1 $391 $1076 #
intcurve-curve $-1 -1 $-1 forward { surfintcur full nubs 3 periodic 28 
	0 3 0.01884970498038691586 2 0.03769940996077383172 2 0.122322530209725 2 0.3579953619596742964 2 
	0.5936681937096235373 2 1.252940034342277409 2 1.91221187497493128 2 2.316630928738509176 2 2.721049982502087072 2 
	2.899069598814862481 2 2.988079406971250407 2 3.077089215127637889 2 3.164887459688706883 2 3.252685704249775434 2 
	3.382106571285750984 2 3.511527438321726535 2 3.868723285887533336 2 4.225919133453340137 2 4.727228064522972062 2 
	5.228536995592604875 2 5.585550445700700806 2 5.764057170754748327 2 5.942563895808795849 2 6.013303444978454593 2 
	6.084042994148114225 2 6.109694686268696273 2 6.135346378389279209 3 
	2.193737983706492756 -0.1932301210304961381 95.82412365538523602 
	2.193737983706492756 -0.1932301210304962213 95.82164994082087617 
	2.193686958048968183 -0.1938114265652251811 95.81905070979721017 
	2.193499822712635883 -0.1959180103919588301 95.81420044157009386 
	2.193365521802387974 -0.1974191369465345403 95.81193888086339427 
	2.192596081500417515 -0.2059008412913622965 95.80136244921213518 
	2.191519684317487116 -0.2171627124410649146 95.79431925533275205 
	2.187741375486890405 -0.2536544365803284906 95.7738033810380216 
	2.183939216736223266 -0.2850492845286001775 95.7619678576374298 
	2.17475752958737889 -0.3482433468133220855 95.73944580360581824 
	2.169362105275326247 -0.3802263678874609476 95.72928493709999032 
	2.148424058097466727 -0.4909004352915601888 95.69601931591388677 
	2.126383271067563197 -0.5804705479705389859 95.6733387171329781 
	2.069952064962259364 -0.757463168961212685 95.64000524716094276 
	2.035534610459048377 -0.8449310865771304524 95.62963989836370615 
	1.976998644735600941 -0.9716570185963754325 95.62963989836370615 
	1.950746040571545326 -1.023478930445402169 95.63350654987016242 
	1.896580519372282003 -1.120670137241300823 95.65635582527805525 
	1.868645475832480196 -1.166130260297331578 95.67489742877093306 
	1.834629147097325275 -1.218327845009192778 95.71917711261467332 
	1.82419326442975005 -1.233822802518946382 95.73666502267550982 
	1.812960114722931726 -1.250217470251752339 95.76723518680060465 
	1.809935322964343785 -1.25458009365709211 95.77814315974026727 
	1.805839234730128418 -1.260468858399069303 95.80074643998121076 
	1.804770469663413701 -1.261993570767401263 95.81244257819936649 
	1.804770469663413701 -1.261993570767401263 95.8356457347239683 
	1.805874374238061852 -1.260419340997285698 95.84805033131796392 
	1.810289179646008551 -1.254070276175549781 95.87166798628760489 
	1.813578796341698052 -1.249318553879968041 95.88289122505578632 
	1.822492804007023404 -1.236297937604661223 95.90663193757472982 
	1.829546705603677603 -1.225880955096959601 95.92015623104666133 
	1.84517999404715094 -1.202221301024706035 95.94363945698393081 
	1.853731188610785896 -1.189003504536307654 95.95364218415221558 
	1.88381931085972143 -1.141384513492148089 95.98373030640114223 
	1.908688878283138823 -1.099648089535913753 95.99811087202178328 
	1.956583225873769427 -1.011978876605959199 96.01557289318267863 
	1.979597384645764624 -0.9660309435308855885 96.0186074124067801 
	2.026841754754003855 -0.863750460743350601 96.0186074124067801 
	2.054077634317808876 -0.7972836997749191967 96.01249576127696628 
	2.101298594459897195 -0.662903028223726154 95.99168444769139796 
	2.121301057547920532 -0.5949745686057962279 95.97711839136340473 
	2.147794979723077535 -0.4887480239960449446 95.95062446918824151 
	2.158359194233428369 -0.4401418944404149602 95.9373005145114206 
	2.171473083056973952 -0.3676038350764858076 95.91489546034625846 
	2.175407497486849806 -0.3434918217425461662 95.9070351064810751 
	2.18228745405434843 -0.2966578425010252817 95.89047970414233646 
	2.185235390328920335 -0.2739108587176116716 95.88185651178818603 
	2.188658948325649334 -0.2442702227531384218 95.8684541856260779 
	2.189661647300121583 -0.2351248103647837762 95.86405216514661731 
	2.191472378910386709 -0.2176019590011968041 95.85414797251171137 
	2.192285146101659699 -0.2091741859417390881 95.84873598864162147 
	2.1931145456180694 -0.2001963226296387677 95.83986318031736573 
	2.193332022975072348 -0.1977926941351892398 95.83705806449739839 
	2.1936450843661226 -0.1942898775057807781 95.83088269347229016 
	2.193737983706492756 -0.1932301210304959993 95.82749001918058696 
	2.193737983706492756 -0.1932301210304961381 95.82412365538523602 
	0.0002024424956406886179 
	
	cone 1.999254226684948232 -2.202231645587729325 95.82412365538526444 3.552713678800500929e-15 1 -1.382799582304305996e-14 -0.1944837570215376399 6.909451038749297421e-16 0 1 I I 0 1 0.1944837570215376399 forward I I I I 
	cone -1.03307922112720927e-12 1.655081670673481899e-12 87.67738729414880083 -0 0 -1 -2.202231645589369347 7.823898491172689328e-15 0 1 I I 0 1 2.202231645589369347 forward I I I I 
	nullbs 
	nullbs 
	I I 
	0 
	0 
	0 
	} F 4.225919133453341914 F 6.135346378389279209 #
DXID-attrib $-1 -1 $-1 $-1 $393 @10 Revit:Face @7 Face:32 #
face $1077 -1 $-1 $1078 $1079 $74 $-1 $1080 forward single #
loop $-1 -1 $-1 $-1 $654 $393 #
plane-surface $-1 -1 $-1 -29.52599430083938969 1.205000000001758442 94.61292338830863002 3.55271367880046898e-15 1 3.109908312176398202e-15 12 -4.263256414560601115e-14 1.232662861400249953e-13 forward_v I I I I #
coedge $-1 -1 $-1 $1081 $396 $1082 $1083 forward $246 $-1 #
coedge $-1 -1 $-1 $396 $1084 $1085 $1086 forward $246 $-1 #
coedge $-1 -1 $-1 $1087 $1088 $396 $652 reversed $1089 $-1 #
edge $1090 -1 $-1 $1091 0 $1092 0.1591666666666676222 $396 $1093 forward @7 unknown #
coedge $-1 -1 $-1 $1094 $397 $1095 $1096 forward $144 $-1 #
coedge $-1 -1 $-1 $1097 $1098 $397 $655 reversed $647 $-1 #
edge $1099 -1 $-1 $663 -0 $1100 0.2052723666032167382 $397 $1101 forward @7 unknown #
coedge $-1 -1 $-1 $398 $1102 $1103 $1104 forward $144 $-1 #
coedge $-1 -1 $-1 $1088 $1087 $398 $658 reversed $1089 $-1 #
edge $1105 -1 $-1 $1106 0 $662 0.1591666666666676222 $398 $1107 forward @7 unknown #
coedge $-1 -1 $-1 $1085 $399 $1087 $1108 forward $394 $-1 #
coedge $-1 -1 $-1 $399 $1085 $1097 $1109 forward $394 $-1 #
DXID-attrib $-1 -1 $-1 $-1 $400 @10 Revit:Edge @7 Edge:10 #
vertex $-1 -1 $-1 $400 $1110 #
vertex $-1 -1 $-1 $400 $1111 #
ellipse-curve $-1 -1 $-1 -29.52599430083938969 0.9550000000017654367 94.61292338830863002 -1 3.552713678800500929e-15 -1.027528214424255903e-14 -8.881784197001007777e-16 -0.2499999999999931166 0 1 F 1.570796326794893893 F 3.141592653589789563 #
DXID-attrib $-1 -1 $-1 $401 $250 @10 Revit:Face @8 Face:287 #
DXID-attrib $-1 -1 $-1 $-1 $402 @10 Revit:Face @8 Face:293 #
face $1112 -1 $-1 $1113 $1114 $75 $-1 $1115 forward single #
loop $-1 -1 $-1 $-1 $1116 $402 #
plane-surface $-1 -1 $-1 -81.90260529230093312 -0.7389022009027882421 84.45356636979582277 0 0 -1 -3.355514249328230122e-13 -12 0 forward_v I I I I #
loop $-1 -1 $-1 $-1 $1117 $250 #
coedge $-1 -1 $-1 $1118 $1118 $1116 $1119 forward $403 $-1 #
coedge $-1 -1 $-1 $672 $672 $1117 $1120 forward $405 $-1 #
coedge $-1 -1 $-1 $1121 $406 $1122 $1123 forward $251 $-1 #
coedge $-1 -1 $-1 $406 $1121 $1124 $1125 forward $251 $-1 #
coedge $-1 -1 $-1 $1126 $1127 $406 $676 reversed $1128 $-1 #
edge $1129 -1 $-1 $1130 5.292190553485179194 $1131 6.283185307179573797 $406 $1132 forward @7 unknown #
coedge $-1 -1 $-1 $408 $407 $1133 $1134 forward $148 $-1 #
coedge $-1 -1 $-1 $1135 $1136 $407 $679 reversed $1137 $-1 #
edge $1138 -1 $-1 $687 -0.0009607514232383093395 $1139 3.142553405013002177 $407 $1140 forward @7 unknown #
coedge $-1 -1 $-1 $1141 $1142 $408 $681 reversed $1143 $-1 #
edge $1144 -1 $-1 $1145 -1.404570812854267034e-29 $686 0.7640069617948656022 $408 $1146 forward @7 unknown #
coedge $-1 -1 $-1 $1147 $409 $1142 $1148 forward $684 $-1 #
coedge $-1 -1 $-1 $409 $1147 $1135 $1149 forward $684 $-1 #
loop $-1 -1 $-1 $-1 $1147 $1150 #
DXID-attrib $-1 -1 $-1 $-1 $410 @10 Revit:Edge @8 Edge:276 #
vertex $-1 -1 $-1 $410 $1151 #
vertex $-1 -1 $-1 $410 $1152 #
ellipse-curve $-1 -1 $-1 -84.70972378171100559 -0.2352961613711071209 86.79418090728242419 -3.27836223788815455e-15 9.998811973676326876e-29 1 7.541732614550790359 -12.48123431245363513 2.472453141179406612e-14 1 F -0.01199923440380742078 F 0.9917658004424384499 #
DXID-attrib $-1 -1 $-1 $-1 $412 @10 Revit:Face @8 Face:365 #
face $1153 -1 $-1 $1154 $1155 $76 $-1 $1156 forward single #
loop $-1 -1 $-1 $-1 $418 $412 #
plane-surface $-1 -1 $-1 -81.90262238988097465 -11.7387572425526745 86.99354043783986867 -2.161645336814267101e-14 -1 1.746869410401451741e-15 12 -2.593974404177121152e-13 -3.81100694914797387e-14 forward_v I I I I #
coedge $-1 -1 $-1 $1157 $700 $707 $1158 forward $413 $1159 #
tcoedge-coedge $-1 -1 $-1 $1160 $415 $1161 $1162 forward $256 $1163 1.000000004743183713e-06 18.87210556325940303 #
coedge $-1 -1 $-1 $415 $1160 $1164 $1165 forward $256 $1166 #
tcoedge-coedge $-1 -1 $-1 $1167 $1168 $415 $697 reversed $1169 $1170 -19.97724758331378325 -0 #
tedge-edge $1171 -1 $-1 $1172 0 $1173 19.97724758331378325 $415 $1174 forward @7 unknown 0.0001094558073961138082 #
pcurve $-1 -1 $-1 0 forward { exppc nubs 3 open 4 
	0 3 4.899202185421263955 3 9.980509158714623297 3 19.97724758331378325 3 
	1 0.8932419223888702353 
	0.9605500789128361694 0.9024401410016464897 
	0.9210716992596255093 0.9073406369225016643 
	0.8815132468408677369 0.9079586920130976457 
	0.8404843950971540023 0.9085997203934061961 
	0.7994986812506124085 0.9046339651119789105 
	0.7584735496173270475 0.8960772549127993258 
	0.6777625215436005046 0.8792431620138897452 
	0.5977549308306795428 0.8449188598436363495 
	0.5177666015269127842 0.7931796399738746395 
	0.0003937007874015747977 
	spline forward { ref 0 } I I I I 
	} 0 0 #
coedge $-1 -1 $-1 $417 $416 $1175 $1176 forward $152 $-1 #
tcoedge-coedge $-1 -1 $-1 $693 $1177 $416 $701 reversed $413 $1178 -4.717164207214951333 -3.141592653589798001 #
tedge-edge $1179 -1 $-1 $710 3.141592653589798001 $1180 4.717164207214956662 $416 $1181 forward @7 unknown 0.0002711253517910171512 #
pcurve $-1 -1 $-1 0 forward { exppc nurbs 2 open 3 
	3.141592653589798001 2 3.929378430402377553 2 4.717164207214956662 2 
	-0.281427174431741367 0.7263081539766160777 1 
	-0.3500195355905169059 0.7263081539766162997 0.9234220242267086043 
	-0.3984057168443624342 0.6776903643003475697 1 
	-0.4467918980982088506 0.6290725746240786176 0.9234220242266591994 
	-0.4464643552596698761 0.5604809955124649967 1 
	0 
	plane -81.90262238988071886 -3.023059394833283786 86.99354043783986867 -3.193449394559382495e-15 7.917293144969818647e-29 -1 12 -2.587345371915897105e-13 -3.832139273471258679e-14 forward_v I I I I 
	} 0 0 #
tcoedge-coedge $-1 -1 $-1 $1182 $1183 $417 $704 reversed $1155 $1184 -3.141592653589793116 -1.566031337998092354 #
tedge-edge $1185 -1 $-1 $1186 1.566031337998092354 $709 3.14159265358980333 $417 $1187 forward @7 unknown 0.0002702759047102522402 #
pcurve $-1 -1 $-1 0 forward { exppc nurbs 2 open 3 
	1.566031337998092354 2 2.353811995793948064 2 3.14159265358980333 2 
	0.4464643633195617412 0.560482685168682826 1 
	0.4467912015547086391 0.6290737722512576013 0.9234230065273537624 
	0.3984051208803758293 0.6776909631139369505 1 
	0.3500190402060425754 0.7263081539766160777 0.9234230065273695276 
	0.2814271744317298207 0.7263081539766160777 1 
	0 
	plane -81.90262238988071886 -3.023059394833283786 86.99354043783986867 -3.193449394559382495e-15 7.917293144969818647e-29 -1 12 -2.587345371915897105e-13 -3.832139273471258679e-14 forward_v I I I I 
	} 0 0 #
coedge $-1 -1 $-1 $1188 $418 $1183 $1189 forward $691 $-1 #
coedge $-1 -1 $-1 $418 $1188 $693 $1158 reversed $691 $-1 #
DXID-attrib $-1 -1 $-1 $-1 $419 @10 Revit:Edge @8 Edge:366 #
tvertex-vertex $-1 -1 $-1 $419 $1190 1.00284217094304034e-11 #
tvertex-vertex $-1 -1 $-1 $419 $1191 1.002017553536077813e-11 #
straight-curve $-1 -1 $-1 -85.27974848306180888 -11.73875724255260167 86.99354043783986867 -12 2.603683165039703456e-13 3.787175512785023885e-14 F -0.5628543488634716319 F -2.529019246418180842e-30 #
DXID-attrib $-1 -1 $-1 $-1 $421 @10 Revit:Face @8 Face:398 #
face $1192 -1 $-1 $1193 $1194 $77 $-1 $1195 reversed single #
loop $-1 -1 $-1 $-1 $1196 $421 #
plane-surface $-1 -1 $-1 -81.88122913574318318 -0.7576933599002950714 80.10255974417171387 -1.727558790417912113e-15 4.283014282991404232e-29 1 -12 2.975075099091918539e-13 -2.073070548501494299e-14 forward_v I I I I #
coedge $-1 -1 $-1 $1197 $1197 $1198 $1199 forward $422 $-1 #
coedge $-1 -1 $-1 $424 $424 $1200 $1201 forward $261 $-1 #
coedge $-1 -1 $-1 $1200 $1200 $425 $719 reversed $1202 $-1 #
edge $1203 -1 $-1 $722 -1.49832027752969076e-15 $721 3.141592653589790007 $425 $1204 forward @7 unknown #
DXID-attrib $-1 -1 $1205 $-1 $426 @10 Revit:Edge @8 Edge:392 #
vertex $-1 -1 $-1 $719 $1206 #
vertex $-1 -1 $-1 $426 $1207 #
straight-curve $-1 -1 $-1 -81.8812291357432116 -0.7576933599002950714 84.45356636979579434 -12 2.972353810915327259e-13 -1.742038863540118636e-14 F -0.1529549836612486835 F 0.1529549836612477398 #
DXID-attrib $-1 -1 $-1 $-1 $428 @10 Revit:Face @8 Face:438 #
loop $-1 -1 $-1 $-1 $730 $428 #
cone-surface $-1 -1 $-1 -81.94089161913097996 -11.74013011277645369 87.34554193026367841 -2.479229249243265449e-14 -1 0 2.90782141494400248 -7.209155903505109896e-14 0 1 I I 0 1 2.90782141494400248 forward I I I I #
coedge $-1 -1 $-1 $431 $431 $1208 $1209 forward $266 $-1 #
coedge $-1 -1 $-1 $1210 $1211 $431 $729 reversed $725 $-1 #
edge $1212 -1 $-1 $1213 0.2103119615795331909 $1214 2.931280692010288735 $431 $1215 forward @7 unknown #
coedge $-1 -1 $-1 $1211 $1210 $432 $731 reversed $725 $-1 #
edge $1216 -1 $-1 $736 3.351904615169297497 $735 6.072873345600052986 $432 $1217 forward @7 unknown #
coedge $-1 -1 $-1 $1208 $433 $1210 $1218 forward $429 $-1 #
coedge $-1 -1 $-1 $433 $1208 $1211 $1219 forward $429 $-1 #
DXID-attrib $-1 -1 $-1 $-1 $434 @10 Revit:Edge @8 Edge:431 #
vertex $-1 -1 $-1 $434 $1220 #
vertex $-1 -1 $-1 $434 $1221 #
ellipse-curve $-1 -1 $-1 -81.94089161913100838 -12.82207743943659217 86.73849059906763159 -2.479229249243265764e-14 -1 0 2.843750000000003109 -7.05030817753554393e-14 -9.014456908753415093e-15 1 F 6.283185307179568468 F 9.424777960769374019 #
DXID-attrib $-1 -1 $-1 $435 $270 @10 Revit:Face @8 Face:162 #
loop $-1 -1 $-1 $-1 $740 $270 #
coedge $-1 -1 $-1 $740 $740 $438 $741 reversed $739 $-1 #
edge $1222 -1 $-1 $1223 3.141592653589790451 $1223 9.424777960769375795 $438 $1224 forward @7 unknown #
DXID-attrib $-1 -1 $1225 $-1 $440 @10 Revit:Edge @8 Edge:158 #
vertex $-1 -1 $-1 $440 $1226 #
ellipse-curve $-1 -1 $-1 -67.07308895686580286 -1.879813873245576638e-12 86.73849059906751791 -1 -2.348506183649676843e-14 -8.950774195582787869e-37 -2.788851093083990955e-14 1.187499999999999778 4.802882393789394553e-21 1 I I #
DXID-attrib $-1 -1 $-1 $-1 $443 @10 Revit:Face @8 Face:186 #
face $1227 -1 $-1 $1228 $1229 $80 $-1 $1230 reversed single #
loop $-1 -1 $-1 $-1 $1231 $443 #
plane-surface $-1 -1 $-1 -68.11068121160477062 -2.169181823732357017 86.73849059906751791 2.190747307372565795e-14 -1 6.236902330521318631e-30 -12 -2.628896768847078701e-13 -3.803902695561876723e-14 forward_v I I I I #
coedge $-1 -1 $-1 $1232 $1232 $1231 $1233 forward $444 $-1 #
coedge $-1 -1 $-1 $1234 $1235 $1236 $1237 forward $446 $-1 #
coedge $-1 -1 $-1 $448 $448 $1232 $1238 forward $279 $-1 #
coedge $-1 -1 $-1 $1231 $1231 $448 $753 reversed $747 $-1 #
edge $1239 -1 $-1 $1240 2.043904362967022562e-15 $1241 3.141592653589796225 $448 $1242 forward @7 unknown #
DXID-attrib $-1 -1 $1243 $-1 $449 @10 Revit:Edge @8 Edge:178 #
vertex $-1 -1 $-1 $449 $1244 #
ellipse-curve $-1 -1 $-1 -68.11068121160477062 -1.866462707521422626 86.73849059906751791 2.190747307372565795e-14 -1 6.236902330521320032e-30 -0.7888870239257854688 -1.728252123486571814e-14 -2.500707897337568754e-15 1 I I #
DXID-attrib $-1 -1 $-1 $450 $282 @10 Revit:Face @8 Face:215 #
loop $-1 -1 $-1 $-1 $454 $282 #
coedge $-1 -1 $-1 $759 $759 $453 $760 reversed $451 $-1 #
edge $1245 -1 $-1 $1246 2.368384949950515481e-15 $1246 6.283185307179588897 $453 $1247 forward @7 unknown #
DXID-attrib $-1 -1 $1248 $-1 $455 @10 Revit:Edge @8 Edge:211 #
vertex $-1 -1 $-1 $455 $1249 #
ellipse-curve $-1 -1 $-1 -79.51052638606932987 -13.56902699819749891 86.73849059906704895 -1 -1.982892336701126059e-14 3.605028325466676342e-30 1.171044323395373343e-14 -0.590573830823110657 -1.342458283275393511e-15 1 I I #
DXID-attrib $-1 -1 $-1 $-1 $457 @10 Revit:Face @8 Face:232 #
face $1250 -1 $-1 $1251 $1252 $82 $-1 $1253 forward single #
loop $-1 -1 $-1 $-1 $1254 $457 #
plane-surface $-1 -1 $-1 -79.51092208191718669 -13.57088815749076538 86.73849059906703474 1 2.125096293644325136e-14 3.29833921148951127e-34 2.550115552373190163e-13 -12 -2.727770611991363666e-14 forward_v I I I I #
coedge $-1 -1 $-1 $772 $772 $460 $769 reversed $458 $-1 #
edge $1255 -1 $-1 $775 -0.06572885786768645211 $776 0.06572885786768482841 $460 $1256 forward @2 g2 #
coedge $-1 -1 $-1 $770 $770 $461 $771 reversed $1257 $-1 #
edge $1258 -1 $-1 $1259 1.386477996640454362e-15 $1259 6.283185307179588008 $461 $1260 forward @14 tangent_not_g2 #
coedge $-1 -1 $-1 $768 $768 $462 $773 reversed $458 $-1 #
edge $1261 -1 $-1 $776 3.141592653589790007 $775 6.283185307179584456 $462 $1262 forward @7 unknown #
DXID-attrib $-1 -1 $-1 $-1 $464 @10 Revit:Edge @8 Edge:228 #
vertex $-1 -1 $-1 $464 $1263 #
vertex $-1 -1 $-1 $464 $1264 #
ellipse-curve $-1 -1 $-1 -81.68019623276111929 -13.57088815749081334 86.73849059906703474 1 2.125096293644325136e-14 3.298339211489511698e-34 1.676161826881113605e-14 -0.7887462944122243247 -1.792932468512294788e-15 1 F -1.386477996640454362e-15 F 3.141592653589790007 #
DXID-attrib $-1 -1 $-1 $465 $294 @10 Revit:Face @8 Face:249 #
DXID-attrib $-1 -1 $1265 $-1 $466 @10 Revit:Face @8 Face:257 #
loop $-1 -1 $-1 $1266 $784 $466 #
cone-surface $-1 -1 $-1 -81.68019623276104824 -13.93944997095248794 86.73849059906757475 -2.167980149102279436e-14 1 -4.361225137229394438e-15 0.2241683246051323353 7.868817570829951467e-15 0.6899191621937261765 1 I I -0.658092721469004216 -0.7529368963927319802 0.7254239368247817898 forward I I I I #
coedge $-1 -1 $-1 $782 $782 $1267 $1268 forward $467 $-1 #
coedge $-1 -1 $-1 $469 $469 $1269 $1270 forward $295 $-1 #
coedge $-1 -1 $-1 $1269 $1269 $470 $785 reversed $780 $-1 #
edge $1271 -1 $-1 $788 3.141592653589794892 $787 6.283185307179585344 $470 $1272 forward @7 unknown #
DXID-attrib $-1 -1 $1273 $-1 $471 @10 Revit:Edge @8 Edge:246 #
vertex $-1 -1 $-1 $785 $1274 #
vertex $-1 -1 $-1 $471 $1275 #
straight-curve $-1 -1 $-1 -81.68019623276107666 -12.58489253316378509 86.73849059906758896 -1.473665803654333817e-12 5.02386069427613893e-14 12 F -0.1591128071367222119 F 0.1591128071367210739 #
DXID-attrib $-1 -1 $-1 $-1 $473 @10 Revit:Face @8 Face:267 #
loop $-1 -1 $-1 $-1 $800 $473 #
spline-surface $-1 -1 $-1 forward { exactsur full nubs 3 3 open open none none 8 2 
	0 3 0.1428571428571428492 1 0.2857142857142856984 1 0.4285714285714285476 1 0.5714285714285713969 1 
	0.7142857142857141906 1 0.8571428571428570953 1 1 3 
	0 3 1 3 
	-78.83644623276109087 -11.69696833882788489 86.73849059906760317 
	-78.91510183704446035 -11.69696833882788667 86.37002608348842614 
	-79.21738245905650899 -11.69696833882789022 85.66419025855070402 
	-80.0383530930476752 -11.69696833882790621 84.85619127125822558 
	-81.10423265356322986 -11.69696833882793108 84.41964817914436026 
	-82.25615021916823366 -11.69696833882795239 84.41955641905657615 
	-83.3219838951913232 -11.69696833882798082 84.85626056056226219 
	-84.14306577268838794 -11.69696833882799503 85.66411498566345983 
	-84.44529062847772138 -11.69696833882800391 86.3700260834883693 
	-84.52394623276109087 -11.69696833882800568 86.73849059906753212 
	-79.14791167088085899 -11.9929430702732045 86.73849059906758896 
	-79.20033516237927529 -11.99294307027320627 86.39765163218086741 
	-79.4453084189572678 -11.99294307027320627 85.73671311075374035 
	-80.17525273493711779 -11.99294307027322226 84.96901732318350753 
	-81.14974776413859558 -11.99294307027324713 84.55089367626132457 
	-82.21063576008154428 -11.99294307027326489 84.55080127268333001 
	-83.1850825469367976 -11.99294307027329509 84.96908655932753618 
	-83.91514261924818641 -11.99294307027330575 85.73663902837812145 
	-84.16005566304994545 -11.99294307027331641 86.397650814700512 
	-84.21248079464132275 -11.99294307027331641 86.73849059906754633 
	-79.45937710900062712 -12.28891780171852233 86.73849059906758896 
	-79.4856092217855803 -12.28891780171852233 86.42522640695069924 
	-79.67322894831262658 -12.28891780171852233 85.80923912074254645 
	-80.31216891654052858 -12.28891780171854187 85.0818291270184659 
	-81.19524750894552767 -12.28891780171856141 84.68212847942140797 
	-82.16513285072656458 -12.28891780171858272 84.68202598783486224 
	-83.0481498016032873 -12.28891780171860582 85.0819048945120926 
	-83.6872345522588148 -12.2889178017186218 85.80915813891981259 
	-83.87478488382953401 -12.28891780171862713 86.4252272244309836 
	-83.9010153565215262 -12.28891780171862713 86.73849059906756054 
	-79.77084254712042366 -12.58489253316384016 86.73849059906758896 
	-79.77084254712042366 -12.58489253316384016 86.45285195564314051 
	-79.9011549082133854 -12.58489253316383838 85.88176197294558278 
	-80.44906855842998539 -12.58489253316385792 85.19465517894373363 
	-81.2407626195208934 -12.58489253316387746 84.81337397653837229 
	-82.11961839163986099 -12.584892533163897 84.81327084146160189 
	-82.91124845334877591 -12.58489253316392009 85.19473089327736659 
	-83.45931139881861327 -12.5848925331639343 85.8816821816344742 
	-83.58954991840174387 -12.58489253316393786 86.4528519556431263 
	-83.58954991840174387 -12.58489253316393786 86.73849059906757475 
	0 
	
	0 
	0 
	6 0.1428571428571428492 0.2857142857142856984 0.4285714285714285476 0.5714285714285713969 0.7142857142857141906 0.8571428571428570953 
	0 
	0 
	0 
	F 1 F 0 F 1 F 0 } I I I I #
coedge $-1 -1 $-1 $797 $795 $799 $1276 forward $474 $-1 #
tcoedge-coedge $-1 -1 $-1 $476 $476 $1277 $1278 forward $300 $1279 3.351904615169297053 6.072873345600051209 #
coedge $-1 -1 $-1 $793 $1280 $476 $796 reversed $474 $-1 #
edge $1281 -1 $-1 $1282 6.28318530717960666 $1283 9.424777960769450402 $476 $1284 forward @7 unknown #
coedge $-1 -1 $-1 $1280 $793 $477 $798 reversed $474 $-1 #
edge $1285 -1 $-1 $804 -3.141592653589873496 $803 -2.707043832057221924e-14 $477 $1286 forward @7 unknown #
coedge $-1 -1 $-1 $1277 $478 $793 $1276 reversed $791 $1287 #
coedge $-1 -1 $-1 $478 $1277 $1280 $1288 reversed $791 $1289 #
pcurve $-1 -1 $-1 0 forward { exppc nubs 1 open 2 
	-3.141592653589793116 1 -0 1 
	1.165897146251272229e-16 1 
	1 1 
	6.248900838069025764e-16 
	spline forward { ref 7 } I I I I 
	} 0 0 #
DXID-attrib $-1 -1 $-1 $-1 $479 @10 Revit:Edge @8 Edge:268 #
tvertex-vertex $-1 -1 $-1 $479 $1290 1.00035527136787999e-11 #
tvertex-vertex $-1 -1 $-1 $479 $1291 1.00204087862930807e-11 #
ellipse-curve $-1 -1 $-1 -81.68019623276107666 -12.58489253316388989 86.73849059906757475 2.539695204402781716e-14 -1 -1.205417576865153936e-33 -1.909353685640666987 -4.849176398930378586e-14 -6.052496359657943899e-15 1 F 4.155628906040376033e-15 F 3.141592653589800221 #
DXID-attrib $-1 -1 $-1 $-1 $482 @10 Revit:Face @8 Face:124 #
face $1292 -1 $-1 $1293 $1294 $85 $-1 $1295 forward single #
loop $-1 -1 $-1 $-1 $815 $482 #
cone-surface $-1 -1 $-1 -65.32235769830460015 1.414398415283569799 87.64197206103652604 7.789836553898600108e-16 -1 1.349235843445184707e-15 1.263183009732846251 0 -0.7293009025282647384 1 I I 0 1 1.458599027322544872 forward I I I I #
coedge $-1 -1 $-1 $1296 $485 $1297 $1298 forward $305 $-1 #
coedge $-1 -1 $-1 $485 $1299 $1300 $1301 forward $305 $-1 #
coedge $-1 -1 $-1 $1302 $1303 $485 $813 reversed $1304 $-1 #
edge $1305 -1 $-1 $1306 -1.201223181756545883e-32 $1307 0.06733049197195863089 $485 $1308 forward @7 unknown #
coedge $-1 -1 $-1 $1309 $486 $1310 $1311 forward $188 $-1 #
coedge $-1 -1 $-1 $1312 $1313 $486 $816 reversed $808 $-1 #
edge $1314 -1 $-1 $824 2.094394002895665352 $1315 3.665192528685579987 $486 $1316 forward @7 unknown #
coedge $-1 -1 $-1 $487 $1317 $1318 $1319 forward $188 $-1 #
coedge $-1 -1 $-1 $1303 $1302 $487 $819 reversed $1304 $-1 #
edge $1320 -1 $-1 $1321 1.201223181756545883e-32 $823 0.06733049197195863089 $487 $1322 forward @7 unknown #
coedge $-1 -1 $-1 $1300 $488 $1302 $1323 forward $483 $-1 #
coedge $-1 -1 $-1 $488 $1300 $1312 $1324 forward $483 $-1 #
DXID-attrib $-1 -1 $-1 $-1 $489 @10 Revit:Edge @7 Edge:94 #
vertex $-1 -1 $-1 $489 $1325 #
vertex $-1 -1 $-1 $489 $1326 #
straight-curve $-1 -1 $-1 -63.11792638835834879 -1.424921035762946486 89.10056624082912435 -11.99999999997098499 -9.065396335944489767e-15 2.63879402160321089e-05 F -1.100679324094280847e-32 F 0.1837023418749650916 #
DXID-attrib $-1 -1 $-1 $-1 $491 @10 Revit:Face @7 Face:59 #
face $1327 -1 $-1 $1328 $843 $86 $-1 $1329 forward single #
loop $-1 -1 $-1 $-1 $1330 $491 #
plane-surface $-1 -1 $-1 -34.61047055609107304 -1.495794101253475006 90.46512154204290823 -2.490945127678298113e-16 -1.382799582304306628e-14 1 0 12 1.659359498765167953e-13 forward_v I I I I #
coedge $-1 -1 $-1 $1331 $1332 $1333 $1334 forward $492 $-1 #
coedge $-1 -1 $-1 $1335 $494 $1336 $1337 forward $310 $-1 #
coedge $-1 -1 $-1 $494 $1338 $1339 $1340 forward $310 $-1 #
coedge $-1 -1 $-1 $1341 $1342 $494 $834 reversed $1343 $-1 #
edge $1344 -1 $-1 $1345 0 $1346 0.007777492628682341862 $494 $1347 forward @7 unknown #
coedge $-1 -1 $-1 $1348 $495 $1349 $1350 forward $192 $-1 #
coedge $-1 -1 $-1 $1351 $1352 $495 $837 reversed $1353 $-1 #
edge $1354 -1 $-1 $846 -1.456985596620940322e-17 $1355 0.1174434195526250502 $495 $1356 forward @7 unknown #
coedge $-1 -1 $-1 $496 $1357 $1358 $1359 forward $192 $-1 #
coedge $-1 -1 $-1 $1330 $1360 $496 $840 reversed $828 $-1 #
edge $1361 -1 $-1 $1362 2.073446103609117439e-17 $845 0.101863574873385751 $496 $1363 forward @7 unknown #
coedge $-1 -1 $-1 $1364 $497 $1360 $1365 reversed $843 $-1 #
coedge $-1 -1 $-1 $497 $1364 $1351 $1366 forward $843 $-1 #
loop $-1 -1 $-1 $-1 $497 $827 #
DXID-attrib $-1 -1 $-1 $-1 $498 @10 Revit:Edge @7 Edge:37 #
vertex $-1 -1 $-1 $498 $1367 #
vertex $-1 -1 $-1 $498 $1368 #
straight-curve $-1 -1 $-1 -37.06236305106709494 -1.495794101253475006 90.46512154204290823 -10.28600760842535777 8.491450286190886813e-14 -6.180456898920631659 F 1.487133381569758926e-17 F 0.007844759049680653448 #
DXID-attrib $-1 -1 $-1 $-1 $500 @10 Revit:Face @7 Face:26 #
face $1369 -1 $-1 $1370 $1371 $87 $-1 $1372 forward single #
loop $-1 -1 $-1 $-1 $857 $500 #
plane-surface $-1 -1 $-1 -40.84107223775573914 -1.166904397245377645 88.90808067864175257 6.703193254936186845e-15 -1.375902056818717316e-14 1 0 12 1.651082468182460527e-13 forward_v I I I I #
coedge $-1 -1 $-1 $1373 $503 $1374 $1375 forward $315 $-1 #
coedge $-1 -1 $-1 $503 $1376 $1377 $1378 forward $315 $-1 #
coedge $-1 -1 $-1 $1379 $1380 $503 $855 reversed $1381 $-1 #
edge $1382 -1 $-1 $1383 4.714904432903475652e-17 $1384 0.06137029617673479126 $503 $1385 forward @7 unknown #
coedge $-1 -1 $-1 $1386 $504 $1387 $1388 forward $196 $-1 #
coedge $-1 -1 $-1 $1389 $1390 $504 $858 reversed $850 $-1 #
edge $1391 -1 $-1 $866 -5.827942386483761286e-17 $1392 1.739072903795479963 $504 $1393 forward @7 unknown #
coedge $-1 -1 $-1 $505 $1386 $1394 $1395 forward $196 $-1 #
coedge $-1 -1 $-1 $1380 $1379 $505 $861 reversed $1381 $-1 #
edge $1396 -1 $-1 $1397 -8.563946464963304458e-18 $865 0.06137029617673474269 $505 $1398 forward @7 unknown #
coedge $-1 -1 $-1 $1377 $506 $1379 $1399 forward $501 $-1 #
coedge $-1 -1 $-1 $506 $1377 $1389 $1400 forward $501 $-1 #
DXID-attrib $-1 -1 $-1 $-1 $507 @10 Revit:Edge @7 Edge:10 #
vertex $-1 -1 $-1 $507 $1401 #
vertex $-1 -1 $-1 $507 $1402 #
straight-curve $-1 -1 $-1 -40.02969987242683203 -1.166904397245380309 89.09540074895450346 -11.69244077742283316 3.839780851268805075e-14 -2.69941265212633752 F -5.678572600682805429e-17 F 0.06939289929059136441 #
DXID-attrib $-1 -1 $-1 $-1 $510 @10 Revit:Face @7 Face:33 #
face $1403 -1 $-1 $1404 $1405 $66 $-1 $1406 reversed single #
loop $-1 -1 $-1 $-1 $1407 $510 #
plane-surface $-1 -1 $-1 3.87817660022283591e-12 -5.219069323459263734e-12 113.427748044459392 -1.027528214424255746e-14 1.382799582304305996e-14 -1 -12 -1.705038702854100159e-27 1.233033857309106832e-13 forward_v I I I I #
coedge $-1 -1 $-1 $1408 $1409 $1410 $1411 forward $511 $-1 #
coedge $-1 -1 $-1 $514 $514 $1412 $1413 forward $321 $-1 #
coedge $-1 -1 $-1 $1409 $1408 $514 $875 reversed $511 $-1 #
edge $1414 -1 $-1 $1415 3.141592653589796225 $1416 6.283185307179588008 $514 $1417 forward @14 tangent_not_g2 #
DXID-attrib $-1 -1 $1418 $-1 $516 @10 Revit:Edge @7 Edge:22 #
vertex $-1 -1 $-1 $516 $1419 #
ellipse-curve $-1 -1 $-1 3.878897203435371921e-12 -5.220401456445097982e-12 113.5240839851757215 1.027528214424255746e-14 -1.382799582304305839e-14 1 -3.002470152329747677 -4.26610651157205447e-28 3.085122794485508445e-14 1 I I #
loop $-1 -1 $-1 $1420 $517 $1421 #
DXID-attrib $-1 -1 $1422 $-1 $518 @10 Revit:Edge @7 Edge:16 #
vertex $-1 -1 $-1 $518 $1423 #
ellipse-curve $-1 -1 $-1 3.880895604879697203e-12 -5.223707650103519977e-12 113.7631781894791771 -1.027528214424255746e-14 1.382799582304305839e-14 -1 -11.04590455807227833 -1.569474564962145821e-27 1.134997858725675701e-13 1 I I #
DXID-attrib $-1 -1 $-1 $519 $327 @10 Revit:Edge @7 Edge:10 #
point $-1 -1 $-1 10.78427336353163923 -5.189714098185085816e-12 113.7381638534340738 #
DXID-attrib $-1 -1 $-1 $-1 $523 @10 Revit:Face @7 Face:71 #
face $1424 -1 $-1 $1425 $1426 $67 $-1 $1427 forward single #
loop $-1 -1 $-1 $-1 $903 $523 #
plane-surface $-1 -1 $-1 -6.320589780811024738 -0.4721400439738746568 120.2438917454123271 -0.866100327194184727 -0.4998702063877443758 0 0 0 -12 forward_v I I I I #
coedge $-1 -1 $-1 $1428 $526 $1429 $1430 forward $207 $-1 #
coedge $-1 -1 $-1 $1431 $1432 $526 $891 reversed $1433 $-1 #
edge $1434 -1 $-1 $900 -1.051532630977779936 $1435 3.683573276702333948e-16 $526 $1436 forward @7 unknown #
coedge $-1 -1 $-1 $527 $1437 $1438 $1439 forward $207 $-1 #
coedge $-1 -1 $-1 $537 $536 $527 $894 reversed $330 $-1 #
edge $1440 -1 $-1 $1441 3.815831866504046424e-16 $899 0.2734220585217525534 $527 $1442 forward @7 unknown #
coedge $-1 -1 $-1 $534 $528 $536 $916 reversed $897 $-1 #
coedge $-1 -1 $-1 $528 $534 $1431 $1443 reversed $897 $-1 #
loop $-1 -1 $-1 $-1 $534 $1444 #
DXID-attrib $-1 -1 $-1 $-1 $529 @10 Revit:Edge @7 Edge:50 #
vertex $-1 -1 $-1 $529 $1445 #
vertex $-1 -1 $-1 $529 $1446 #
straight-curve $-1 -1 $-1 -4.676084518436499415 3.321492075919539211 119.6534908707976115 5.954892291830899964 10.41821759192487384 0 F -2.892064099542219089e-17 F 0.1836291440602532965 #
coedge $-1 -1 $-1 $1447 $530 $1448 $1449 forward $116 $-1 #
coedge $-1 -1 $-1 $1450 $1451 $530 $904 reversed $887 $-1 #
edge $1452 -1 $-1 $908 -2.033823009952707427e-16 $1453 0.2741553776318402802 $530 $1454 forward @7 unknown #
coedge $-1 -1 $-1 $1438 $531 $537 $917 reversed $524 $-1 #
coedge $-1 -1 $-1 $531 $1438 $1450 $1455 forward $524 $-1 #
DXID-attrib $-1 -1 $-1 $-1 $532 @10 Revit:Edge @7 Edge:34 #
vertex $-1 -1 $-1 $532 $1456 #
ellipse-curve $-1 -1 $-1 -5.495940490967961445 0.003806676941033741539 120.2438917454123271 0 0 1 1.691341476414070563e-15 0.9521406053668340919 0 1 F 1.045028969928300633 F 2.094245236122343368 #
coedge $-1 -1 $-1 $533 $1457 $1458 $1459 forward $116 $-1 #
coedge $-1 -1 $-1 $1432 $1431 $533 $912 reversed $1433 $-1 #
edge $1460 -1 $-1 $1461 6.283185307179586232 $914 7.33471793815736639 $533 $1462 forward @7 unknown #
DXID-attrib $-1 -1 $-1 $-1 $535 @10 Revit:Edge @7 Edge:48 #
vertex $-1 -1 $-1 $912 $1463 #
straight-curve $-1 -1 $-1 -3.58259274391659055 5.234580454958176254 120.2438917454123271 -5.954892291830899964 -10.41821759192487384 0 F -1.211230956816802292e-17 F 0.183629144060253352 #
edge $1464 -1 $-1 $539 0 $899 0.04920007288455963135 $536 $1465 forward @2 g2 #
edge $1466 -1 $-1 $1441 -0.04920007288455963135 $540 0 $537 $1467 forward @14 tangent_not_g2 #
point $-1 -1 $-1 -4.676084518436500304 3.321492075919539211 120.2438917454123271 #
point $-1 -1 $-1 -6.319484107969679521 0.4816640231062340738 120.2438917454123271 #
DXID-attrib $-1 -1 $-1 $-1 $543 @10 Revit:Face @7 Face:27 #
face $1468 -1 $-1 $-1 $935 $68 $-1 $1469 reversed single #
loop $-1 -1 $-1 $-1 $932 $543 #
plane-surface $-1 -1 $-1 1.903477375719657213e-13 -3.837019442995001422e-26 119.6534908708000984 -1.38279958230430789e-14 -1.027528214424253221e-14 -1 -2.131628207280129848e-14 -12 1.233033857309106832e-13 forward_v I I I I #
coedge $-1 -1 $-1 $926 $926 $546 $925 reversed $544 $-1 #
edge $1470 -1 $-1 $929 -0.1719276048886835273 $930 0.1719276048886808628 $546 $1471 forward @2 g2 #
coedge $-1 -1 $-1 $924 $924 $547 $927 reversed $544 $-1 #
edge $1472 -1 $-1 $930 1.594196053517778944e-15 $929 3.141592653589796225 $547 $1473 forward @14 tangent_not_g2 #
DXID-attrib $-1 -1 $-1 $-1 $549 @10 Revit:Edge @7 Edge:18 #
vertex $-1 -1 $-1 $549 $1474 #
vertex $-1 -1 $-1 $549 $1475 #
ellipse-curve $-1 -1 $-1 -1.363063571592564463e-13 -2.426503008939364231e-13 96.03082718826675546 1.382799582304307732e-14 1.027528214424253221e-14 1 -3.664857321908282777e-15 -2.063131258664186785 2.119925578338079479e-14 1 F 3.141592653589796225 F 6.283185307179588008 #
coedge $-1 -1 $-1 $1476 $1476 $550 $933 reversed $922 $-1 #
edge $1477 -1 $-1 $938 -9.494107596580148351e-16 $937 3.141592653589790007 $550 $1478 forward @7 unknown #
coedge $-1 -1 $-1 $551 $551 $1476 $1479 reversed $935 $-1 #
loop $-1 -1 $-1 $-1 $551 $921 #
DXID-attrib $-1 -1 $-1 $-1 $552 @10 Revit:Edge @7 Edge:16 #
vertex $-1 -1 $-1 $552 $1480 #
vertex $-1 -1 $-1 $552 $1481 #
ellipse-curve $-1 -1 $-1 1.903477375719649135e-13 -3.877409121342317226e-26 119.65349087080007 -1.38279958230430789e-14 -1.027528214424253221e-14 -1 -3.853247725573877043e-15 -2.16918562763276368 2.228899434716252267e-14 1 F 3.141592653589790007 F 6.283185307179585344 #
DXID-attrib $-1 -1 $-1 $553 $346 @10 Revit:Edge @7 Edge:10 #
point $-1 -1 $-1 -1.379954222059072834e-13 2.169185627631441182 96.1368815572338633 #
DXID-attrib $-1 -1 $-1 $557 $348 @10 Revit:Face @8 Face:377 #
DXID-attrib $-1 -1 $1482 $-1 $558 @10 Revit:Face @8 Face:387 #
face $1483 -1 $-1 $1484 $1485 $69 $-1 $1486 reversed single #
loop $-1 -1 $-1 $1487 $1488 $558 #
cone-surface $-1 -1 $-1 -0.459580097623581818 0.3369679524368437984 89.67042676935875534 -1.569783678356514177e-15 1.350542254425411032e-14 1 1.802175312457858558 -0.5855622550822572325 1.073729107188558936e-14 1 I I -0.573576436351043939 -0.8191520442889934639 1.894919262504236146 forward I I I I #
loop $-1 -1 $-1 $-1 $949 $348 #
coedge $-1 -1 $-1 $948 $948 $1489 $1490 forward $559 $-1 #
coedge $-1 -1 $-1 $949 $949 $562 $950 reversed $947 $-1 #
edge $1491 -1 $-1 $1492 3.141592653589796225 $1492 9.424777960769382901 $562 $1493 forward @14 tangent_not_g2 #
DXID-attrib $-1 -1 $-1 $-1 $565 @10 Revit:Edge @8 Edge:370 #
ellipse-curve $-1 -1 $-1 -0.4595800976235830393 0.336967952436856899 90.64828621038435585 -1.666280438343681266e-15 1.382799582304341811e-14 1 2.246338001384533545 -7.980595744728158855e-15 3.743029069615198948e-15 1 F 9.534490471659437503e-16 F 3.141592653589796225 #
DXID-attrib $-1 -1 $1494 $-1 $566 @10 Revit:Edge @8 Edge:368 #
straight-curve $-1 -1 $-1 1.786757903760950228 0.3369679524368489054 90.64828621038435585 -12 4.263256414560601115e-14 -2.135103205049531056e-14 F -4.147752822741831528e-31 F 0.3743896668974222575 #
point $-1 -1 $-1 -2.705918099008116862 0.3369679524368576762 90.64828621038435585 #
point $-1 -1 $-1 1.786757903760950228 0.3369679524368510704 90.64828621038437007 #
DXID-attrib $-1 -1 $-1 $-1 $572 @10 Revit:Face @8 Face:345 #
face $1495 -1 $-1 $1496 $1497 $70 $-1 $1498 forward single #
loop $-1 -1 $-1 $-1 $975 $572 #
plane-surface $-1 -1 $-1 -29.90374279021927606 1.595600458036746438 91.48675993544500784 0.01835110796848938783 -1.383880568027330059e-14 -0.9998316042395983816 -4.263256414560601115e-14 -12 1.653111510726578057e-13 forward_v I I I I #
coedge $-1 -1 $-1 $1499 $575 $1500 $1501 forward $224 $-1 #
coedge $-1 -1 $-1 $1502 $1503 $575 $963 reversed $1504 $-1 #
edge $1505 -1 $-1 $972 3.975087796734191325 $1506 4.437399197878466595 $575 $1507 forward @7 unknown #
coedge $-1 -1 $-1 $576 $1508 $1509 $1510 forward $224 $-1 #
coedge $-1 -1 $-1 $586 $585 $576 $966 reversed $357 $-1 #
edge $1511 -1 $-1 $1512 1.720582495942370116 $971 2.315011892520397296 $576 $1513 forward @7 unknown #
coedge $-1 -1 $-1 $583 $577 $585 $988 reversed $969 $-1 #
coedge $-1 -1 $-1 $577 $583 $1502 $1514 reversed $969 $-1 #
loop $-1 -1 $-1 $-1 $583 $1515 #
DXID-attrib $-1 -1 $-1 $-1 $578 @10 Revit:Edge @8 Edge:332 #
vertex $-1 -1 $-1 $578 $1516 #
vertex $-1 -1 $-1 $578 $1517 #
ellipse-curve $-1 -1 $-1 -29.96432666885213791 -1.595823580079038573 93.35269295691331592 -3.552713678800500929e-15 -1 1.382799582304305996e-14 -1.868583507403752897 6.63854218673433002e-15 0 1 F 2.207762834855097722 F 4.040515887284627183 #
coedge $-1 -1 $-1 $1518 $579 $1519 $1520 forward $128 $-1 #
coedge $-1 -1 $-1 $1521 $1522 $579 $976 reversed $959 $-1 #
edge $1523 -1 $-1 $980 0 $1524 0.1707025927914017083 $579 $1525 forward @7 unknown #
coedge $-1 -1 $-1 $1509 $580 $586 $989 reversed $573 $-1 #
coedge $-1 -1 $-1 $580 $1509 $1521 $1526 forward $573 $-1 #
DXID-attrib $-1 -1 $-1 $-1 $581 @10 Revit:Edge @8 Edge:324 #
vertex $-1 -1 $-1 $581 $1527 #
straight-curve $-1 -1 $-1 -29.50857114791580216 1.59560045803674555 91.53626135451240486 -11.9069448615460427 2.22306405293732912e-14 -1.491530778798168422 F 0 F 0.03318833226310605872 #
coedge $-1 -1 $-1 $582 $1518 $1528 $1529 forward $128 $-1 #
coedge $-1 -1 $-1 $1503 $1502 $582 $984 reversed $1504 $-1 #
edge $1530 -1 $-1 $1531 1.845786109301119637 $986 2.308097510445394906 $582 $1532 forward @7 unknown #
DXID-attrib $-1 -1 $-1 $-1 $584 @10 Revit:Edge @8 Edge:330 #
vertex $-1 -1 $-1 $984 $1533 #
ellipse-curve $-1 -1 $-1 -29.96432666885212726 1.595600458036772418 93.35269295691327329 3.552713678800500929e-15 1 -1.382799582304305996e-14 -1.868583507403752897 6.63854218673433002e-15 0 1 F 2.242669419894959049 F 4.07542247232448851 #
edge $1534 -1 $-1 $588 -4.817119321473814663e-30 $971 0.265952003176317564 $585 $1535 forward @7 unknown #
edge $1536 -1 $-1 $1512 -0.265952003176317564 $589 -0 $586 $1537 forward @7 unknown #
point $-1 -1 $-1 -28.85296878964999223 1.595600458036747549 91.85053185088081307 #
point $-1 -1 $-1 -29.50857114791580216 1.59560045803674555 91.53626135451240486 #
DXID-attrib $-1 -1 $-1 $-1 $593 @10 Revit:Face @8 Face:286 #
face $1538 -1 $-1 $1539 $1540 $71 $-1 $1541 reversed single #
loop $-1 -1 $-1 $-1 $1542 $593 #
plane-surface $-1 -1 $-1 -35.28073358535478121 4.854876538807073837e-14 90.46512154204293665 4.912690991092127023e-29 1.382799582304305996e-14 1 -12 4.263256414560601115e-14 0 forward_v I I I I #
coedge $-1 -1 $-1 $1543 $1543 $1544 $1545 forward $594 $-1 #
edge $-1 -1 $-1 $1546 1 $1546 0 $597 $-1 forward @7 unknown #
DXID-attrib $-1 -1 $1547 $-1 $599 @10 Revit:Edge @8 Edge:277 #
vertex $-1 -1 $-1 $599 $1548 #
ellipse-curve $-1 -1 $-1 -35.28073358535478121 1.132017355028359799e-13 95.14063424410994685 -4.912690991092002587e-29 -1.382799582304270971e-14 -1 -1.688589589412838876 5.9990753321871142e-15 0 1 I I #
loop $-1 -1 $-1 $1549 $600 $1550 #
DXID-attrib $-1 -1 $1551 $-1 $601 @10 Revit:Edge @8 Edge:262 #
vertex $-1 -1 $-1 $601 $1552 #
ellipse-curve $-1 -1 $-1 -35.28073358535478121 1.0451460423299516e-13 94.50451830489211602 4.912690991092002587e-29 1.382799582304270971e-14 1 -2.076883792876732304 7.378573460232233232e-15 0 1 I I #
DXID-attrib $-1 -1 $1553 $602 $373 @10 Revit:Edge @8 Edge:266 #
point $-1 -1 $-1 -35.28073358535478121 -1.895123004912337539 95.00907400710192974 #
DXID-attrib $-1 -1 $-1 $-1 $606 @10 Revit:Face @8 Face:178 #
face $1554 -1 $-1 $1555 $1556 $72 $-1 $1557 forward single #
loop $-1 -1 $-1 $-1 $1558 $606 #
cone-surface $-1 -1 $-1 -35.29720811044201412 2.906391533755554146 90.54683155168055464 -3.215343167861849829e-15 1.14231936545005291e-29 1 -5.032273959543029029 1.787822853154007784e-14 -1.618048769462577857e-14 1 I I 0 1 5.032273959543029029 forward I I I I #
coedge $-1 -1 $-1 $1559 $1560 $1561 $1562 reversed $607 $-1 #
coedge $-1 -1 $-1 $1561 $609 $1563 $1564 forward $376 $-1 #
coedge $-1 -1 $-1 $609 $1561 $1565 $1566 forward $376 $-1 #
coedge $-1 -1 $-1 $1567 $1568 $609 $1015 reversed $1569 $-1 #
edge $1570 -1 $-1 $1571 5.526744214030559674e-30 $1572 0.1498532215995014849 $609 $1573 forward @14 tangent_not_g2 #
coedge $-1 -1 $-1 $611 $610 $1574 $1575 forward $236 $-1 #
coedge $-1 -1 $-1 $1576 $1577 $610 $1018 reversed $1578 $-1 #
edge $1579 -1 $-1 $1025 0 $1580 0.1479882251543031269 $610 $1581 forward @7 unknown #
coedge $-1 -1 $-1 $1582 $1583 $611 $1020 reversed $1584 $-1 #
edge $1585 -1 $-1 $1586 0 $1024 0.1479882251542998794 $611 $1587 forward @7 unknown #
coedge $-1 -1 $-1 $1588 $612 $1583 $1589 forward $607 $-1 #
coedge $-1 -1 $-1 $612 $1590 $1576 $1591 forward $607 $-1 #
DXID-attrib $-1 -1 $-1 $-1 $613 @10 Revit:Edge @8 Edge:153 #
vertex $-1 -1 $-1 $613 $1592 #
vertex $-1 -1 $-1 $613 $1593 #
straight-curve $-1 -1 $-1 -35.27361812912297978 -1.761476390020832339 90.54683155168055464 -4.812773014590580476e-14 12 0 F 0 F 0.2935793983371394744 #
coedge $-1 -1 $-1 $1594 $1595 $614 $1028 reversed $1596 $-1 #
edge $1597 -1 $-1 $1032 -9.342951609616786469e-31 $1038 0.2770137786865213836 $614 $1598 forward @7 unknown #
coedge $-1 -1 $-1 $1599 $615 $620 $1043 forward $607 $-1 #
coedge $-1 -1 $-1 $615 $1600 $1594 $1601 forward $607 $-1 #
DXID-attrib $-1 -1 $-1 $-1 $616 @10 Revit:Edge @8 Edge:149 #
vertex $-1 -1 $-1 $616 $1602 #
straight-curve $-1 -1 $-1 -35.2736181291230011 0.8620521644049068399 95.21818079951810887 3.154954322454697425e-14 -12 0 F 3.278217592397112707e-15 F 0.1436753607338131233 #
coedge $-1 -1 $-1 $1603 $617 $1595 $1604 forward $1036 $-1 #
coedge $-1 -1 $-1 $617 $1605 $619 $1041 forward $1036 $-1 #
loop $-1 -1 $-1 $-1 $1035 $1606 #
DXID-attrib $-1 -1 $-1 $-1 $618 @10 Revit:Edge @8 Edge:151 #
vertex $-1 -1 $-1 $1028 $1607 #
straight-curve $-1 -1 $-1 -31.94945278488474827 -0.8620521644008368733 95.21818079951812308 7.972361783068494617e-14 12 0 F 2.214618106863829461e-15 F 0.1436753607338056016 #
coedge $-1 -1 $-1 $1042 $619 $1608 $1609 reversed $621 $-1 #
edge $1610 -1 $-1 $1611 4.600271771784433916 $623 4.643335091360386357 $1035 $1612 forward @7 unknown #
coedge $-1 -1 $-1 $620 $1040 $1613 $1614 reversed $621 $-1 #
edge $1615 -1 $-1 $624 1.639850215819201429 $1616 1.688581233904763446 $1029 $1617 forward @7 unknown #
face $1618 -1 $-1 $1619 $621 $72 $-1 $1620 forward single #
point $-1 -1 $-1 -31.94945278488473051 0.8620521644048299015 95.21818079951810887 #
point $-1 -1 $-1 -35.2736181291230082 0.862052164404867538 95.21818079951809466 #
DXID-attrib $-1 -1 $-1 $-1 $627 @10 Revit:Face @7 Face:73 #
face $1621 -1 $-1 $1622 $1623 $73 $-1 $1624 reversed single #
loop $-1 -1 $-1 $-1 $1625 $627 #
cone-surface $-1 -1 $-1 -2.699087536516783015 -2.202231645587737319 93.36156184391472834 3.552713678800500929e-15 1 -1.382799582304305996e-14 -2.713874135947693222 9.641617765324259972e-15 0 1 I I 0 1 2.713874135947693222 forward I I I I #
coedge $-1 -1 $-1 $1626 $1627 $1628 $1629 forward $628 $-1 #
coedge $-1 -1 $-1 $1630 $630 $1627 $1631 forward $385 $-1 #
coedge $-1 -1 $-1 $630 $1630 $631 $1057 reversed $385 $-1 #
coedge $-1 -1 $-1 $633 $1628 $630 $1055 reversed $640 $-1 #
edge $1632 -1 $-1 $1059 -1.776356839398651838e-15 $1633 1.912202847569223652 $630 $1634 forward @7 unknown #
coedge $-1 -1 $-1 $632 $631 $1635 $1636 forward $241 $-1 #
edge $1637 -1 $-1 $1059 -0.03220502017173163672 $1638 -1.582650604329496511e-15 $631 $1639 forward @14 tangent_not_g2 #
DXID-attrib $-1 -1 $-1 $-1 $634 @10 Revit:Edge @7 Edge:58 #
vertex $-1 -1 $-1 $634 $1640 #
straight-curve $-1 -1 $-1 2.193737983706492756 -0.1932301210303502825 95.82412365538523602 1.925414739410604899e-14 -6.840447282068157971e-29 -12 F -1.821231995776175479e-17 F 0.4151628017425522121 #
coedge $-1 -1 $-1 $1635 $1641 $635 $1062 reversed $1642 $-1 #
edge $1643 -1 $-1 $1064 0 $1070 1.909427244935927748 $635 $1644 forward @7 unknown #
DXID-attrib $-1 -1 $-1 $-1 $636 @10 Revit:Edge @7 Edge:54 #
vertex $-1 -1 $-1 $636 $1645 #
straight-curve $-1 -1 $-1 2.193737983706494088 0.1932301210304822048 95.82412365538522181 4.263256414560601115e-14 12 -1.66766046193494022e-13 F -0.03220502017174425163 F -4.097771990496395419e-15 #
coedge $-1 -1 $-1 $1646 $637 $1641 $1647 forward $1068 $-1 #
coedge $-1 -1 $-1 $637 $1648 $639 $1073 forward $1068 $-1 #
loop $-1 -1 $-1 $-1 $1067 $1649 #
DXID-attrib $-1 -1 $-1 $-1 $638 @10 Revit:Edge @7 Edge:56 #
vertex $-1 -1 $-1 $1062 $1650 #
straight-curve $-1 -1 $-1 1.999254226684959779 0.9234753694118740253 96.01860741240675168 -4.263256414560601115e-14 -12 1.658165618092711488e-13 F -2.622574073917692394e-16 F 0.1539125615686459947 #
coedge $-1 -1 $-1 $1628 $639 $1651 $1652 forward $640 $-1 #
edge $1653 -1 $-1 $1654 1.570796326794802411 $642 2.708878690653270471 $1067 $1655 forward @7 unknown #
face $1656 -1 $-1 $1657 $640 $73 $-1 $1658 forward single #
point $-1 -1 $-1 1.999254226684931801 -0.9234753694118780221 96.0186074124067801 #
point $-1 -1 $-1 2.193737983706492756 -0.1932301210304487316 95.82412365538523602 #
DXID-attrib $-1 -1 $-1 $-1 $646 @10 Revit:Face @7 Face:36 #
face $1659 -1 $-1 $1660 $1661 $74 $-1 $1662 forward single #
loop $-1 -1 $-1 $-1 $1095 $646 #
cone-surface $-1 -1 $-1 -4.753954008651755103 0.9550000000016851676 92.14965498907027097 -1 3.552713678800440187e-15 1.027528214424255903e-14 -8.881784197001007777e-16 -0.2499999999999931166 -1.482269979994081105e-15 1 I I 0 1 0.2499999999999931166 forward I I I I #
coedge $-1 -1 $-1 $1663 $649 $1664 $1665 forward $246 $-1 #
coedge $-1 -1 $-1 $1666 $1667 $649 $1083 reversed $1668 $-1 #
edge $1669 -1 $-1 $1092 1.570796326794905662 $1670 3.141592653589791784 $649 $1671 forward @7 unknown #
coedge $-1 -1 $-1 $650 $1672 $1673 $1674 forward $246 $-1 #
coedge $-1 -1 $-1 $660 $659 $650 $1086 reversed $394 $-1 #
edge $1675 -1 $-1 $1676 3.141592653589796669 $1091 4.712388980384692339 $650 $1677 forward @7 unknown #
coedge $-1 -1 $-1 $657 $651 $659 $1108 reversed $1089 $-1 #
coedge $-1 -1 $-1 $651 $657 $1666 $1678 reversed $1089 $-1 #
loop $-1 -1 $-1 $-1 $657 $1679 #
DXID-attrib $-1 -1 $-1 $-1 $652 @10 Revit:Edge @7 Edge:19 #
vertex $-1 -1 $-1 $652 $1680 #
vertex $-1 -1 $-1 $652 $1681 #
straight-curve $-1 -1 $-1 -4.753954008651757768 0.9550000000016767299 94.86292338830887161 -4.263256414560601115e-14 -12 -4.080505566946885093e-14 F 0 F 0.1591666666666676222 #
coedge $-1 -1 $-1 $1682 $653 $1683 $1684 forward $144 $-1 #
coedge $-1 -1 $-1 $1685 $1686 $653 $1096 reversed $1079 $-1 #
edge $1687 -1 $-1 $1100 3.141592653591827045 $1688 4.712388980384686121 $653 $1689 forward @7 unknown #
coedge $-1 -1 $-1 $1673 $654 $660 $1109 reversed $647 $-1 #
coedge $-1 -1 $-1 $654 $1673 $1685 $1690 forward $647 $-1 #
DXID-attrib $-1 -1 $-1 $-1 $655 @10 Revit:Edge @7 Edge:11 #
vertex $-1 -1 $-1 $655 $1691 #
straight-curve $-1 -1 $-1 -29.52599430083938969 1.205000000001758442 94.61292338830863002 1.298048686821454623e-13 3.731889974611632089e-14 -12 F -0 F 0.2052723666032167382 #
coedge $-1 -1 $-1 $656 $1682 $1692 $1693 forward $144 $-1 #
coedge $-1 -1 $-1 $1667 $1666 $656 $1104 reversed $1668 $-1 #
edge $1694 -1 $-1 $1695 3.141592653589794448 $1106 4.712388980384680792 $656 $1696 forward @7 unknown #
DXID-attrib $-1 -1 $-1 $-1 $658 @10 Revit:Edge @7 Edge:17 #
vertex $-1 -1 $-1 $1104 $1697 #
straight-curve $-1 -1 $-1 -29.52599430083940035 -0.9549999999982466958 94.86292338830861581 4.263256414560601115e-14 12 4.080505566946885093e-14 F 0 F 0.1591666666666676222 #
edge $1698 -1 $-1 $662 0 $1091 2.06433669101563666 $659 $1699 forward @14 tangent_not_g2 #
edge $1700 -1 $-1 $1676 -0.1365818265361133377 $663 1.927754864479523489 $660 $1701 forward @14 tangent_not_g2 #
point $-1 -1 $-1 -29.52599430083938969 0.9550000000017646595 94.86292338830861581 #
point $-1 -1 $-1 -29.52599430083938969 1.205000000001758442 94.61292338830863002 #
DXID-attrib $-1 -1 $-1 $-1 $667 @10 Revit:Face @8 Face:296 #
face $1702 -1 $-1 $1703 $1704 $75 $-1 $1705 reversed single #
loop $-1 -1 $-1 $-1 $1706 $667 #
plane-surface $-1 -1 $-1 -81.90260529230093312 -0.7389022009027882421 84.45356636979582277 0 0 -1 -3.355514249328230122e-13 -12 0 forward_v I I I I #
coedge $-1 -1 $-1 $1707 $1707 $671 $1119 reversed $668 $-1 #
coedge $-1 -1 $-1 $1117 $1117 $672 $1120 reversed $670 $-1 #
coedge $-1 -1 $-1 $671 $671 $1706 $1708 forward $403 $-1 #
edge $1709 -1 $-1 $1710 3.141592653589795336 $1711 6.283185307179588897 $671 $1712 forward @7 unknown #
edge $1713 -1 $-1 $1714 3.14159265358979356 $1714 9.424777960769379348 $672 $1715 forward @7 unknown #
coedge $-1 -1 $-1 $674 $673 $1716 $1717 forward $251 $-1 #
coedge $-1 -1 $-1 $1718 $1719 $673 $1123 reversed $1720 $-1 #
edge $1721 -1 $-1 $1131 -1.398706172756081705e-15 $1722 0.7354717528145119365 $673 $1723 forward @7 unknown #
coedge $-1 -1 $-1 $1724 $1725 $674 $1125 reversed $1726 $-1 #
edge $1727 -1 $-1 $1728 3.141592653589866391 $1130 6.283185307179553369 $674 $1729 forward @7 unknown #
coedge $-1 -1 $-1 $1730 $675 $1725 $1731 forward $1128 $-1 #
coedge $-1 -1 $-1 $675 $1730 $1718 $1732 forward $1128 $-1 #
loop $-1 -1 $-1 $-1 $1730 $1733 #
DXID-attrib $-1 -1 $-1 $-1 $676 @10 Revit:Edge @8 Edge:283 #
vertex $-1 -1 $-1 $676 $1734 #
vertex $-1 -1 $-1 $676 $1735 #
ellipse-curve $-1 -1 $-1 -84.70972378171100559 -0.2352961613711064548 84.28292760425594565 3.27836223788815455e-15 -9.998811973676326876e-29 -1 7.220216769437206139 -11.9491397921193041 2.36704860062909347e-14 1 F 5.292190553485179194 F 6.283185307179573797 #
coedge $-1 -1 $-1 $1736 $1737 $677 $1134 reversed $1738 $-1 #
edge $1739 -1 $-1 $1139 -0.0007710467480505833401 $1145 1.002993988098128675 $677 $1740 forward @7 unknown #
coedge $-1 -1 $-1 $1741 $678 $683 $1149 reversed $1137 $-1 #
coedge $-1 -1 $-1 $678 $1741 $1736 $1742 forward $1137 $-1 #
loop $-1 -1 $-1 $-1 $1135 $1743 #
DXID-attrib $-1 -1 $-1 $-1 $679 @10 Revit:Edge @8 Edge:277 #
vertex $-1 -1 $-1 $679 $1744 #
ellipse-curve $-1 -1 $-1 -81.90233752916043386 -0.7415007051264852489 86.7941809072824384 3.27836223788815455e-15 -8.127811549786921165e-29 1 11.76626406268801794 3.464908667750840909e-13 -3.85740757841368574e-14 1 F -0.0009607514232383093395 F 3.142553405013002177 #
coedge $-1 -1 $-1 $1745 $680 $1737 $1746 reversed $1143 $-1 #
coedge $-1 -1 $-1 $680 $1745 $682 $1148 reversed $1143 $-1 #
loop $-1 -1 $-1 $-1 $1142 $1747 #
DXID-attrib $-1 -1 $-1 $-1 $681 @10 Revit:Edge @8 Edge:279 #
vertex $-1 -1 $-1 $1134 $1748 #
straight-curve $-1 -1 $-1 -86.48637929992995055 -12.80612479626352673 86.79418090728242419 12 -3.173697632394578198e-13 -3.923527292795495316e-14 F -1.404570812854267034e-29 F 0.7640069617948656022 #
coedge $-1 -1 $-1 $683 $682 $1749 $1750 reversed $684 $-1 #
edge $1751 -1 $-1 $686 6.282948560153565509 $1752 6.283185307179586232 $682 $1753 forward @7 unknown #
edge $1754 -1 $-1 $1755 -0.0121472100552008147 $687 -1.764318452902590158e-15 $683 $1756 forward @7 unknown #
face $1757 -1 $-1 $1733 $684 $75 $-1 $1758 reversed single #
point $-1 -1 $-1 -77.31829575839157087 -12.80612479626377542 86.79418090728240998 #
point $-1 -1 $-1 -70.13607889685758323 -0.7528051583314805395 86.79418090728238155 #
DXID-attrib $-1 -1 $-1 $-1 $690 @10 Revit:Face @8 Face:369 #
face $1759 -1 $-1 $1760 $1761 $76 $-1 $1762 forward single #
loop $-1 -1 $-1 $-1 $1183 $690 #
spline-surface $-1 -1 $-1 forward { exactsur full nubs 3 3 open open none none 5 2 
	0 3 0.2857142857142856984 1 0.5714285714285713969 1 0.8571428571428570953 1 1 3 
	0 3 0.8932419223888823367 3 
	-78.525496296700112 -11.7387572425527491 86.99354043783985446 
	-78.21325377805166568 -11.73875724255275443 86.99354043783985446 
	-77.58904010733925816 -11.58825482476161817 86.99354043783985446 
	-76.85795587612737734 -10.96080405728873153 86.99354043783985446 
	-76.55417235256770425 -10.21789502401958671 86.99354043783984025 
	-76.53891898959595608 -9.746417509509585742 86.99354043783984025 
	-76.55211783430509342 -9.590855180807150049 86.99354043783984025 
	-78.89400706303899824 -11.738757242552742 87.90186042365384367 
	-78.57588566197890145 -11.73874907914969512 87.90186042365384367 
	-77.93991610116114543 -11.58776951641194053 87.90186042365384367 
	-77.18911662527901285 -10.95693250433448718 87.90186042365384367 
	-76.8668152856782001 -10.20642911065919201 87.90186042365384367 
	-76.84034308362333832 -9.726928037521838988 87.90186042365384367 
	-76.84990711697133747 -9.568267124511462995 87.90186042365384367 
	-79.26251782937788448 -11.73875724255273312 88.81018040946784708 
	-78.93852637283339391 -11.7387654059557871 88.81018040946784708 
	-78.29078400767359369 -11.58728776641408587 88.81018040946783287 
	-77.52029011402933634 -10.95307617348261964 88.81018040946783287 
	-77.17944710482396431 -10.19495444746374879 88.81018040946783287 
	-77.14179226243950893 -9.707453487466283448 88.81018040946783287 
	-77.14769639963759573 -9.545679068215777718 88.81018040946783287 
	-79.63102859571675651 -11.73875724255272424 89.71850039528183629 
	-79.30115825676064389 -11.73875724255272956 89.71850039528183629 
	-78.64166000149549518 -11.58680245806441 89.71850039528183629 
	-77.85145086318095764 -10.94920462052837529 89.71850039528183629 
	-77.49209003793446016 -10.18348853410335408 89.71850039528183629 
	-77.44321635646689117 -9.687964015478536695 89.71850039528183629 
	-77.44548568230385399 -9.523091011920090665 89.71850039528183629 
	0 
	
	0 
	0 
	3 0.2857142857142856984 0.5714285714285713969 0.8571428571428570953 
	0 
	0 
	0 
	F 1 F 0 F 1 F 0 } I I I I #
tcoedge-coedge $-1 -1 $-1 $1164 $693 $1167 $1763 forward $413 $1764 8.526512829120906881e-14 8.736160657593536882 #
edge $1765 -1 $-1 $710 2.965528341135062565e-16 $1766 0.2316553689225552548 $693 $1767 forward @14 tangent_not_g2 #
pcurve $-1 -1 $-1 0 forward { exppc nubs 1 open 2 
	2.965528341135062565e-16 1 0.2316553689225552548 1 
	0.9999999999999927836 1.146239770604442686e-15 
	0.9999999999999965583 0.8443931575815000201 
	5.709506989836229823e-15 
	spline forward { ref 1 } I I I I 
	} 0 0 #
tcoedge-coedge $-1 -1 $-1 $695 $694 $1768 $1769 forward $256 $1770 9.999999514584407955e-07 39.26648999308679322 #
tcoedge-coedge $-1 -1 $-1 $1771 $1772 $694 $1162 reversed $1773 $1774 -18.87210556325940303 -1.000000004743183713e-06 #
tedge-edge $1775 -1 $-1 $1173 1.000000004743183713e-06 $1776 18.87210556325940303 $694 $1777 forward @7 unknown 8.338625094474671692e-05 #
pcurve $-1 -1 $-1 0 forward { exppc nubs 3 open 3 
	1.000000004743183713e-06 3 9.436223720728605713 3 18.87210556325940303 3 
	0.5177666015269123401 0.7931796399738786363 
	0.4423066739160508853 0.7443695470769834399 
	0.3678214098601477189 0.6799031660594320181 
	0.2939213243063829029 0.5998686825956361934 
	0.2200239083513257921 0.5198370903321959391 
	0.1473227640288565787 0.4248675778663915659 
	0.0758293492336087338 0.3151648699795279729 
	0.0003937007874015747977 
	spline forward { ref 0 } I I I I 
	} 0 0 #
coedge $-1 -1 $-1 $1177 $1157 $695 $1165 reversed $413 $1778 #
edge $1779 -1 $-1 $1780 -1.145986375348686156e-16 $1172 0.2351297201701358364 $695 $1781 forward @14 tangent_not_g2 #
pcurve $-1 -1 $-1 0 forward { exppc nubs 1 open 2 
	-1.145986375348686156e-16 1 0.2351297201701358364 1 
	1 0.01460800996551551642 
	0.999999999999999778 0.8932419223888699022 
	2.641250631259915744e-15 
	spline forward { ref 0 } I I I I 
	} 0 0 #
tcoedge-coedge $-1 -1 $-1 $1782 $696 $1157 $1763 reversed $1169 $1783 -8.736160657593536882 -8.526512829120906881e-14 #
coedge $-1 -1 $-1 $696 $1784 $1771 $1785 forward $1169 $-1 #
loop $-1 -1 $-1 $-1 $1168 $1760 #
pcurve $-1 -1 $-1 0 forward { exppc nubs 3 open 4 
	-19.97724758331378325 3 -9.980509158714623297 3 -4.899202185421263955 3 -0 3 
	-0.0747673588658421262 -1.448997566706532902 
	-0.07078830749507090958 -1.476467381955065772 
	-0.06776130123669596439 -1.503868764896749699 
	-0.06556637840733420264 -1.531532314263350791 
	-0.06445070685477741201 -1.545593599087674797 
	-0.06355397399660983604 -1.559646509426914962 
	-0.06283974573587194912 -1.573732069616371465 
	-0.06215111411525000434 -1.587312828981189305 
	-0.06163424092330442583 -1.600882609712900528 
	-0.06124446952038172659 -1.614472139933327721 
	8.109644901219348551e-05 
	cone -89.25613055765680315 -7.458232503248883205 42.47163228315327643 -1 2.479229249243265764e-14 0 1.17247629002796265e-12 47.29196746875413737 0 1 I I 0 1 47.29196746875413737 forward I I I I 
	} 0 0 #
DXID-attrib $-1 -1 $-1 $-1 $697 @10 Revit:Edge @8 Edge:356 #
tvertex-vertex $-1 -1 $-1 $697 $1786 1.031328408574962341e-11 #
tvertex-vertex $-1 -1 $-1 $697 $1787 4.828541510904196272e-06 #
intcurve-curve $-1 -1 $-1 forward { parcur full nubs 3 open 4 
	0 3 4.899202185421263955 3 9.980509158714623297 3 19.97724758331378325 3 
	-86.35975909745786794 -9.523091011919845528 89.71850039528182208 
	-86.34132604095057673 -8.881028269926353857 89.74656085322874333 
	-86.31688209077159968 -8.239327420542462477 89.76151050440523704 
	-86.28431534657117652 -7.597069357861795602 89.76339596827695289 
	-86.25053808689906987 -6.930938373869238056 89.76535151539599156 
	-86.20812982574244643 -6.266310476042618482 89.75325342184255817 
	-86.15536752297307999 -5.601837187873971224 89.72714997542365722 
	-86.05156530393045955 -4.294581852412509448 89.67579521035989387 
	-85.908412222431636 -3.001838256190554333 89.57108410507395035 
	-85.7202350544485796 -1.712360756439473164 89.41324634708186636 
	7.983791814346495792e-05 
	
	spline forward { ref 0 } I I I I 
	null_surface 
	nubs 3 open 4 
	0 3 4.899202185421263955 3 9.980509158714623297 3 19.97724758331378325 3 
	1 0.8932419223888702353 
	0.9605500789128361694 0.9024401410016464897 
	0.9210716992596255093 0.9073406369225016643 
	0.8815132468408677369 0.9079586920130976457 
	0.8404843950971540023 0.9085997203934061961 
	0.7994986812506124085 0.9046339651119789105 
	0.7584735496173270475 0.8960772549127993258 
	0.6777625215436005046 0.8792431620138897452 
	0.5977549308306795428 0.8449188598436363495 
	0.5177666015269127842 0.7931796399738746395 
	
	nullbs 
	I I 
	0 
	2 4.899202185421263955 9.980509158714623297 
	0 
	surf1 } I I #
coedge $-1 -1 $-1 $1788 $1789 $699 $1176 reversed $1790 $-1 #
edge $1791 -1 $-1 $1180 3.678054398433168171 $1186 8.888320000452518244 $699 $1792 forward @7 unknown #
tcoedge-coedge $-1 -1 $-1 $700 $1164 $1788 $1793 forward $413 $1794 0 0.4233326177851776118 #
pcurve $-1 -1 $-1 0 forward { exppc nubs 1 open 2 
	-4.717164207214951333 1 -3.141592653589793116 1 
	0.0482458379283676117 0 
	1 0 
	4.717375808547880735e-16 
	spline forward { ref 1 } I I I I 
	} 0 0 #
DXID-attrib $-1 -1 $-1 $-1 $701 @10 Revit:Edge @8 Edge:364 #
tvertex-vertex $-1 -1 $-1 $701 $1795 8.434040768791449679e-05 #
ellipse-curve $-1 -1 $-1 -85.27974848306176625 -9.758288492552603444 86.99354043783986867 -3.193449394559382495e-15 7.917293144969817526e-29 -1 2.39891671341963935e-14 1.980468749999999778 8.019132532133611292e-29 1 F 3.141592653589798001 F 4.717164207214956662 #
tcoedge-coedge $-1 -1 $-1 $1796 $703 $1789 $1797 forward $1155 $1798 0 0.4233847203213056964 #
coedge $-1 -1 $-1 $703 $1799 $706 $1189 reversed $1155 $1800 #
pcurve $-1 -1 $-1 0 forward { exppc nubs 1 open 2 
	-3.141592653589793116 1 -1.566031337998086137 1 
	0 0 
	0.9517479775915295148 0 
	6.968798966337685781e-15 
	spline forward { ref 9 } I I I I 
	} 0 0 #
DXID-attrib $-1 -1 $-1 $-1 $704 @10 Revit:Edge @8 Edge:370 #
tvertex-vertex $-1 -1 $-1 $1176 $1801 3.932722284085899051e-05 #
ellipse-curve $-1 -1 $-1 -78.52549629670009779 -9.758288492552750881 86.99354043783985446 -3.193449394559382495e-15 7.917293144969817526e-29 -1 2.39891671341963935e-14 1.980468749999999778 8.019132532133611292e-29 1 F 1.566031337998092354 F 3.14159265358980333 #
coedge $-1 -1 $-1 $707 $706 $1782 $1802 forward $691 $-1 #
edge $1803 -1 $-1 $709 2.292826852432344232e-16 $1804 0.231655368922552285 $706 $1805 forward @14 tangent_not_g2 #
point $-1 -1 $-1 -78.52549629670014042 -11.7387572425527491 86.99354043783985446 #
point $-1 -1 $-1 -85.27974848306180888 -11.73875724255260344 86.99354043783986867 #
DXID-attrib $-1 -1 $1806 $-1 $713 @10 Revit:Face @8 Face:403 #
face $1807 -1 $-1 $1808 $1809 $77 $-1 $1810 reversed single #
loop $-1 -1 $-1 $1811 $1812 $713 #
cone-surface $-1 -1 $-1 -81.88122913574318318 -0.7576933599002959596 80.17683826469696839 -1.692093509875697815e-15 -2.609442943056591665e-17 1 -0.559159991553751401 -0.181682094601374744 -9.508918832866256795e-16 1 I I -0.1690851103985260284 -0.9856014536522956782 0.5879356084242000069 forward I I I I #
coedge $-1 -1 $-1 $1813 $1813 $1814 $1815 forward $714 $-1 #
coedge $-1 -1 $-1 $716 $716 $1813 $1816 forward $422 $-1 #
coedge $-1 -1 $-1 $1814 $1814 $716 $1199 reversed $1811 $-1 #
edge $1817 -1 $-1 $1818 3.141592653589796225 $1819 6.283185307179588008 $716 $1820 forward @7 unknown #
coedge $-1 -1 $-1 $718 $718 $717 $1201 reversed $1202 $-1 #
edge $1821 -1 $-1 $721 3.141592653589790007 $722 6.283185307179584456 $717 $1822 forward @7 unknown #
loop $-1 -1 $-1 $1823 $718 $1824 #
DXID-attrib $-1 -1 $-1 $-1 $719 @10 Revit:Edge @8 Edge:391 #
ellipse-curve $-1 -1 $-1 -81.88122913574319739 -0.7576933599002950714 84.45356636979579434 -1.727558790417912113e-15 4.283014282991404232e-29 1 -1.835459803934978762 4.550525631725910167e-14 -3.170864718746610417e-15 1 F -1.49832027752969076e-15 F 3.141592653589790007 #
no_merge_attribute-st-attrib $-1 -1 $1825 $720 $426 #
point $-1 -1 $-1 -80.04576933180821641 -0.7576933599003465858 84.45356636979579434 #
point $-1 -1 $-1 -83.71668893967817837 -0.7576933599002468878 84.45356636979579434 #
coedge $-1 -1 $-1 $733 $732 $727 $1209 reversed $429 $-1 #
edge $1826 -1 $-1 $1214 -3.141592653589788231 $1213 1.748789533081418501e-14 $727 $1827 forward @7 unknown #
coedge $-1 -1 $-1 $730 $728 $732 $1218 reversed $725 $-1 #
coedge $-1 -1 $-1 $728 $730 $733 $1219 reversed $725 $-1 #
DXID-attrib $-1 -1 $-1 $-1 $729 @10 Revit:Edge @8 Edge:434 #
vertex $-1 -1 $-1 $729 $1828 #
vertex $-1 -1 $-1 $729 $1829 #
ellipse-curve $-1 -1 $-1 -81.94089161913097996 -11.74013011277645369 87.34554193026367841 2.479229249243265764e-14 1 0 2.90782141494400248 -7.209155903505109896e-14 0 1 F 0.2103119615795331909 F 2.931280692010288735 #
DXID-attrib $-1 -1 $-1 $-1 $731 @10 Revit:Edge @8 Edge:432 #
ellipse-curve $-1 -1 $-1 -81.94089161913100838 -12.82207743943659217 87.34554193026367841 -2.479229249243265764e-14 -1 0 2.90782141494400248 -7.209155903505109896e-14 0 1 F 3.351904615169297497 F 6.072873345600052986 #
edge $1830 -1 $-1 $735 1.148208057390542395e-29 $1213 0.0901622772216779389 $732 $1831 forward @7 unknown #
edge $1832 -1 $-1 $1214 -0.09016227722167828584 $736 -2.755699337737295023e-29 $733 $1833 forward @7 unknown #
point $-1 -1 $-1 -79.09714161913099417 -12.8220774394366579 86.73849059906757475 #
point $-1 -1 $-1 -84.78464161913100838 -12.82207743943652112 86.73849059906766001 #
DXID-attrib $-1 -1 $1834 $-1 $741 @10 Revit:Edge @8 Edge:161 #
vertex $-1 -1 $-1 $741 $1835 #
ellipse-curve $-1 -1 $-1 -64.6199642774007259 -1.822202088455702229e-12 86.73849059906751791 1 2.348506183649676843e-14 8.950774195582787869e-37 -2.788851093083990955e-14 1.187499999999999778 4.802882393789394553e-21 1 I I #
DXID-attrib $-1 -1 $-1 $742 $440 @10 Revit:Edge @8 Edge:157 #
point $-1 -1 $-1 -67.07308895686577443 -1.187500000001879386 86.73849059906751791 #
DXID-attrib $-1 -1 $-1 $-1 $746 @10 Revit:Face @8 Face:187 #
face $1836 -1 $-1 $1837 $1838 $80 $-1 $1839 reversed single #
loop $-1 -1 $-1 $-1 $1840 $746 #
plane-surface $-1 -1 $-1 -67.07308895686580286 -1.867483755435252525e-12 86.73849059906751791 -1 -1.993994566947377939e-14 -3.169918912968230602e-15 -2.392793480336853527e-13 12 5.365932710646091654e-28 forward_v I I I I #
coedge $-1 -1 $-1 $752 $752 $749 $1233 reversed $747 $-1 #
coedge $-1 -1 $-1 $749 $749 $751 $1238 reversed $444 $-1 #
edge $1841 -1 $-1 $1241 4.662353909187041569e-16 $1240 0.1035145129603797787 $749 $1842 forward @2 g2 #
coedge $-1 -1 $-1 $1235 $750 $1843 $1844 forward $446 $-1 #
coedge $-1 -1 $-1 $750 $1234 $1845 $1846 forward $446 $-1 #
coedge $-1 -1 $-1 $1847 $1847 $750 $1237 reversed $1848 $-1 #
edge $1849 -1 $-1 $1850 -18.96001541101670895 $1851 -12.47591963856226016 $750 $1852 reversed @7 unknown #
edge $1853 -1 $-1 $1241 3.141592653589796225 $1240 6.283185307179588008 $751 $1854 forward @7 unknown #
DXID-attrib $-1 -1 $-1 $-1 $753 @10 Revit:Edge @8 Edge:172 #
vertex $-1 -1 $-1 $753 $1855 #
vertex $-1 -1 $-1 $753 $1856 #
ellipse-curve $-1 -1 $-1 -68.11068121160477062 -2.169181823732359682 86.73849059906751791 -2.190747307372565795e-14 1 4.471610592205076005e-29 -0.6210870777622722327 -1.360644843251593335e-14 -1.968795674398796831e-15 1 F 2.043904362967022562e-15 F 3.141592653589796225 #
DXID-attrib $-1 -1 $-1 $754 $449 @10 Revit:Edge @8 Edge:182 #
point $-1 -1 $-1 -68.89956823553055187 -1.86646270752144039 86.73849059906751791 #
DXID-attrib $-1 -1 $1857 $-1 $760 @10 Revit:Edge @8 Edge:214 #
vertex $-1 -1 $-1 $760 $1858 #
ellipse-curve $-1 -1 $-1 -68.11068121160477062 -2.16918182373233881 86.73849059906707737 -2.315959244088673652e-14 1 2.273142176659470379e-15 0.590573830823110657 1.367744922811643993e-14 -2.282814973236503235e-29 1 I I #
DXID-attrib $-1 -1 $-1 $761 $455 @10 Revit:Edge @8 Edge:210 #
point $-1 -1 $-1 -79.51052638606937251 -14.15960082902061146 86.73849059906704895 #
DXID-attrib $-1 -1 $-1 $-1 $765 @10 Revit:Face @8 Face:235 #
face $1859 -1 $-1 $-1 $1257 $82 $-1 $1860 reversed single #
loop $-1 -1 $-1 $-1 $1861 $765 #
plane-surface $-1 -1 $-1 -79.51092208191718669 -13.57088815749076538 86.73849059906703474 1 2.125096293644325136e-14 3.29833921148951127e-34 2.550115552373190163e-13 -12 -2.727770611991363666e-14 forward_v I I I I #
coedge $-1 -1 $-1 $1862 $1862 $1861 $1863 forward $766 $-1 #
DXID-attrib $-1 -1 $1864 $-1 $769 @10 Revit:Edge @8 Edge:229 #
straight-curve $-1 -1 $-1 -81.68019623276111929 -13.57088815749080446 86.73849059906703474 -2.432297178628170405e-13 12 -1.013457157761737564e-14 F -0.06572885786768645211 F 0.06572885786768482841 #
loop $-1 -1 $-1 $1865 $770 $1251 #
DXID-attrib $-1 -1 $1866 $-1 $771 @10 Revit:Edge @8 Edge:225 #
vertex $-1 -1 $-1 $771 $1867 #
ellipse-curve $-1 -1 $-1 -79.81379667901609309 -13.57088815749077426 86.73849059906703474 -1 -2.125096293644325136e-14 -3.298339211489511698e-34 1.676161826881113605e-14 -0.7887462944122243247 -1.792932468512294788e-15 1 I I #
DXID-attrib $-1 -1 $-1 $-1 $773 @10 Revit:Edge @8 Edge:231 #
ellipse-curve $-1 -1 $-1 -81.68019623276111929 -13.57088815749081334 86.73849059906703474 1 2.125096293644325136e-14 3.298339211489511698e-34 1.676161826881113605e-14 -0.7887462944122243247 -1.792932468512294788e-15 1 F 3.141592653589790007 F 6.283185307179584456 #
point $-1 -1 $-1 -81.68019623276110508 -14.359634451903041 86.73849059906703474 #
point $-1 -1 $-1 -81.6801962327611335 -12.78214186307858569 86.73849059906703474 #
DXID-attrib $-1 -1 $-1 $779 $466 @10 Revit:Face @8 Face:253 #
loop $-1 -1 $-1 $-1 $1267 $466 #
coedge $-1 -1 $-1 $1267 $1267 $782 $1268 reversed $1266 $-1 #
edge $1868 -1 $-1 $1869 -2.379176362018213854e-15 $1869 6.283185307179583567 $782 $1870 forward @14 tangent_not_g2 #
coedge $-1 -1 $-1 $784 $784 $783 $1270 reversed $780 $-1 #
edge $1871 -1 $-1 $787 -1.149060075063108641e-15 $788 3.141592653589794892 $783 $1872 forward @7 unknown #
DXID-attrib $-1 -1 $-1 $-1 $785 @10 Revit:Edge @8 Edge:245 #
ellipse-curve $-1 -1 $-1 -81.68019623276107666 -12.58489253316378331 86.73849059906757475 -2.12509629364432482e-14 1 -4.1460322886868949e-15 2.383834996247053601e-13 -7.916242031184429542e-15 -1.909353685640657217 1 F 3.141592653589794892 F 6.283185307179585344 #
no_merge_attribute-st-attrib $-1 -1 $1873 $786 $471 #
point $-1 -1 $-1 -81.68019623276083507 -12.58489253316379219 84.82913691342692175 #
point $-1 -1 $-1 -81.68019623276131824 -12.58489253316377798 88.64784428470824196 #
edge $1874 -1 $-1 $1282 1.855267364808179961e-29 $803 0.1074161768535336625 $793 $1875 forward @7 unknown #
tcoedge-coedge $-1 -1 $-1 $800 $799 $794 $1278 reversed $791 $1876 -6.072873345600051209 -3.351904615169299717 #
tedge-edge $1877 -1 $-1 $1283 3.351904615169297053 $1282 6.072873345600051209 $794 $1878 forward @7 unknown 0.0001632847765939639446 #
pcurve $-1 -1 $-1 0 forward { exppc nurbs 2 open 3 
	3.351904615169297053 2 4.712388980384673687 2 6.072873345600051209 2 
	-2.775557561562891351e-15 0.2369791666666674068 1 
	0.1917308403123256788 0.1960506526120093795 0.7774204132149052926 
	0.1917308403123275662 1.776356839400250465e-15 1 
	0.1917308403123295646 -0.1960506526120053827 0.777420413214902406 
	1.665334536937734811e-15 -0.2369791666666665186 1 
	0 
	plane -81.68019623276109087 -11.69696833882794529 86.73849059906754633 -2.539695204402781716e-14 1 1.205417576842733161e-33 7.681209674200086769e-14 1.950807602368743424e-27 -12 reverse_v I I I I 
	} 0 0 #
coedge $-1 -1 $-1 $795 $797 $800 $1288 forward $474 $-1 #
DXID-attrib $-1 -1 $-1 $-1 $796 @10 Revit:Edge @8 Edge:266 #
tvertex-vertex $-1 -1 $-1 $796 $1879 1.003035439897771228e-11 #
tvertex-vertex $-1 -1 $-1 $796 $1880 1.003222019477394272e-11 #
ellipse-curve $-1 -1 $-1 -81.68019623276109087 -11.69696833882794706 86.73849059906763159 -2.591297513395186118e-14 1 1.795876378122773539e-30 -2.84374999999999023 -7.369002303717534323e-14 -1.780168880341093738e-13 1 F 6.28318530717960666 F 9.424777960769450402 #
DXID-attrib $-1 -1 $-1 $-1 $798 @10 Revit:Edge @8 Edge:264 #
ellipse-curve $-1 -1 $-1 -81.68019623276107666 -12.58489253316388989 86.73849059906763159 2.591297513395186118e-14 -1 -1.795876378122773539e-30 -1.90935368564066632 -4.94770345779259348e-14 -1.195242905579638701e-13 1 F -3.141592653589873496 F -2.707043832057221924e-14 #
pcurve $-1 -1 $-1 0 forward { exppc nubs 1 open 2 
	-0.1074161768535336625 1 -1.855267364808179961e-29 1 
	0.9999999999999992228 0.9999999999999992228 
	0.9999999999999972244 0 
	8.555686820826603733e-15 
	spline forward { ref 7 } I I I I 
	} 0 0 #
edge $1881 -1 $-1 $804 -3.379756535587874777e-16 $1283 0.1074161768535321498 $1280 $1882 forward @7 unknown #
pcurve $-1 -1 $-1 0 forward { exppc nubs 1 open 2 
	-0.1074161768535321498 1 3.379756535587874777e-16 1 
	0 7.324407866879931092e-15 
	0 1 
	6.882922632944666051e-15 
	spline forward { ref 7 } I I I I 
	} 0 0 #
point $-1 -1 $-1 -83.58954991840174387 -12.58489253316393786 86.73849059906756054 #
point $-1 -1 $-1 -79.77084254712042366 -12.58489253316383838 86.73849059906760317 #
DXID-attrib $-1 -1 $-1 $-1 $807 @10 Revit:Face @8 Face:126 #
face $1883 -1 $-1 $1884 $1885 $85 $-1 $1886 forward single #
loop $-1 -1 $-1 $-1 $1310 $807 #
plane-surface $-1 -1 $-1 -66.78095672562714924 -1.424921035762951371 87.64197206103654025 -1 -1.293646895943147331e-29 -9.190037379295081207e-15 0 12 -1.689194734538556679e-14 forward_v I I I I #
coedge $-1 -1 $-1 $1887 $810 $1888 $1889 forward $305 $-1 #
coedge $-1 -1 $-1 $1890 $1891 $810 $1298 reversed $1892 $-1 #
edge $1893 -1 $-1 $1307 5.084383023345279236e-33 $1894 0.03976831968816474383 $810 $1895 forward @7 unknown #
coedge $-1 -1 $-1 $811 $1896 $1897 $1898 forward $305 $-1 #
coedge $-1 -1 $-1 $821 $820 $811 $1301 reversed $483 $-1 #
edge $1899 -1 $-1 $1900 -1.281561627308441731e-22 $1306 0.1837023418749650916 $811 $1901 forward @7 unknown #
coedge $-1 -1 $-1 $818 $812 $820 $1323 reversed $1304 $-1 #
coedge $-1 -1 $-1 $812 $818 $1890 $1902 reversed $1304 $-1 #
loop $-1 -1 $-1 $-1 $818 $1903 #
DXID-attrib $-1 -1 $-1 $-1 $813 @10 Revit:Edge @8 Edge:108 #
vertex $-1 -1 $-1 $813 $1904 #
vertex $-1 -1 $-1 $813 $1905 #
straight-curve $-1 -1 $-1 -63.11792638835834879 1.414398415283567134 89.10056624082912435 11.99985269416872313 9.893493947029574078e-15 -0.05945854229311949707 F -1.201223181756545883e-32 F 0.06733049197195863089 #
coedge $-1 -1 $-1 $1906 $814 $1907 $1908 forward $188 $-1 #
coedge $-1 -1 $-1 $1909 $1910 $814 $1311 reversed $1294 $-1 #
edge $1911 -1 $-1 $1315 -2.913971193241880643e-17 $1912 0.1932915793577006103 $814 $1913 forward @7 unknown #
coedge $-1 -1 $-1 $1897 $815 $821 $1324 reversed $808 $-1 #
coedge $-1 -1 $-1 $815 $1897 $1909 $1914 forward $808 $-1 #
DXID-attrib $-1 -1 $-1 $-1 $816 @10 Revit:Edge @7 Edge:95 #
vertex $-1 -1 $-1 $816 $1915 #
ellipse-curve $-1 -1 $-1 -65.32235769830460015 -1.424921035762950039 87.64197206103652604 7.789836553898600108e-16 -1 1.349235843445184707e-15 1.263183009732846251 0 -0.7293009025282647384 1 F 2.094394002895665352 F 3.665192528685579987 #
coedge $-1 -1 $-1 $817 $1916 $1917 $1918 forward $188 $-1 #
coedge $-1 -1 $-1 $1891 $1890 $817 $1319 reversed $1892 $-1 #
edge $1919 -1 $-1 $1920 0 $1321 0.03976831968816474383 $817 $1921 forward @7 unknown #
DXID-attrib $-1 -1 $-1 $-1 $819 @10 Revit:Edge @8 Edge:106 #
vertex $-1 -1 $-1 $1319 $1922 #
straight-curve $-1 -1 $-1 -62.30997040286893451 -1.42492103576294582 89.09656286792460378 -11.99985269416872313 -9.893493947029574078e-15 0.05945854229311949707 F 1.201223181756545883e-32 F 0.06733049197195863089 #
edge $1923 -1 $-1 $823 1.456985596620940322e-17 $1306 0.2366099542538761258 $820 $1924 forward @2 g2 #
edge $1925 -1 $-1 $1900 -0.2366099542538761535 $824 -3.930975358093335056e-32 $821 $1926 forward @14 tangent_not_g2 #
point $-1 -1 $-1 -63.11792638835834879 -1.424921035762946264 89.10056624082912435 #
point $-1 -1 $-1 -65.3223544908526037 -1.424921035762948263 89.10057108835555084 #
DXID-attrib $-1 -1 $-1 $-1 $827 @10 Revit:Face @7 Face:64 #
face $1927 -1 $-1 $1928 $1353 $86 $-1 $1929 forward single #
plane-surface $-1 -1 $-1 -37.06236305106709494 -1.495794101253475006 90.46512154204290823 -0.5150380749100540445 -1.18529058537579112e-14 0.8571673007021124446 0 12 1.659359498765167953e-13 forward_v I I I I #
coedge $-1 -1 $-1 $1930 $839 $1931 $1932 forward $828 $-1 #
coedge $-1 -1 $-1 $1933 $830 $1930 $1934 forward $492 $-1 #
coedge $-1 -1 $-1 $830 $1933 $1935 $1936 forward $492 $-1 #
coedge $-1 -1 $-1 $1937 $1938 $830 $1334 reversed $1939 $-1 #
edge $1940 -1 $-1 $1941 0.4006963880081752527 $1942 0.6059904023462675537 $830 $1943 forward @7 unknown #
coedge $-1 -1 $-1 $1944 $831 $1945 $1946 forward $310 $-1 #
coedge $-1 -1 $-1 $1947 $1948 $831 $1337 reversed $1949 $-1 #
edge $1950 -1 $-1 $1346 0.5584802019862235012 $1951 4.684930664322223492 $831 $1952 forward @7 unknown #
coedge $-1 -1 $-1 $832 $1953 $1954 $1955 forward $310 $-1 #
coedge $-1 -1 $-1 $1956 $1957 $832 $1340 reversed $1958 $-1 #
edge $1959 -1 $-1 $1960 3.343155895746509906e-14 $1345 0.05661817912005016884 $832 $1961 forward @7 unknown #
coedge $-1 -1 $-1 $1962 $833 $1957 $1963 forward $1343 $-1 #
coedge $-1 -1 $-1 $833 $1962 $1947 $1964 reversed $1343 $-1 #
loop $-1 -1 $-1 $-1 $1962 $1965 #
DXID-attrib $-1 -1 $-1 $-1 $834 @10 Revit:Edge @7 Edge:45 #
vertex $-1 -1 $-1 $834 $1966 #
vertex $-1 -1 $-1 $834 $1967 #
straight-curve $-1 -1 $-1 -36.51484780403593078 1.516845700329385815 87.03386693292145537 -11.81769303614649047 4.282445812410547792e-14 -2.083778132003192507 F 0 F 0.007777492628682341862 #
coedge $-1 -1 $-1 $1357 $835 $1962 $1968 forward $192 $-1 #
coedge $-1 -1 $-1 $1948 $1947 $835 $1350 reversed $1949 $-1 #
edge $1969 -1 $-1 $1355 1.59825464285736274 $1970 5.72470510519336262 $835 $1971 forward @7 unknown #
coedge $-1 -1 $-1 $1945 $836 $842 $1366 reversed $1353 $-1 #
coedge $-1 -1 $-1 $836 $1945 $1948 $1972 forward $1353 $-1 #
loop $-1 -1 $-1 $-1 $836 $1328 #
DXID-attrib $-1 -1 $-1 $-1 $837 @10 Revit:Edge @7 Edge:38 #
vertex $-1 -1 $-1 $837 $1973 #
straight-curve $-1 -1 $-1 -37.14305430233837058 -1.495794101253474118 90.41663734685393194 -12 0 3.403173122747517206e-14 F -1.456985596620940322e-17 F 0.1174434195526250502 #
coedge $-1 -1 $-1 $838 $1348 $1974 $1975 forward $192 $-1 #
coedge $-1 -1 $-1 $1976 $1976 $838 $1359 reversed $1977 $-1 #
edge $1978 -1 $-1 $1979 5.216384211937035285e-17 $1362 0.2859378840934584942 $838 $1980 forward @7 unknown #
coedge $-1 -1 $-1 $839 $1981 $841 $1365 forward $828 $-1 #
DXID-attrib $-1 -1 $-1 $-1 $840 @10 Revit:Edge @7 Edge:43 #
tvertex-vertex $-1 -1 $-1 $1359 $1982 0.005305491447938680792 #
straight-curve $-1 -1 $-1 -35.84000015258646243 -1.495794101253475006 90.46512154204290823 -12 0 -4.904602667855636615e-15 F 2.073446103609117439e-17 F 0.101863574873385751 #
coedge $-1 -1 $-1 $842 $841 $1944 $1983 reversed $843 $-1 #
edge $1984 -1 $-1 $1985 -0.2510533167985677938 $845 6.396733061338398736e-32 $1360 $1986 forward @7 unknown #
edge $1987 -1 $-1 $1988 -0.2510533167985677938 $846 -0 $842 $1989 forward @7 unknown #
point $-1 -1 $-1 -37.06236305106709494 -1.495794101253475006 90.46512154204290823 #
point $-1 -1 $-1 -37.14305430233837058 -1.495794101253474118 90.41663734685393194 #
DXID-attrib $-1 -1 $-1 $-1 $849 @10 Revit:Face @7 Face:28 #
face $1990 -1 $-1 $1991 $1992 $87 $-1 $1993 reversed single #
loop $-1 -1 $-1 $-1 $1994 $849 #
plane-surface $-1 -1 $-1 -61.62058307145217384 -1.166904397245337455 85.99999999999758415 -6.929236315681710357e-15 1.390385236364177487e-14 -1 0 12 1.668462283637012921e-13 forward_v I I I I #
coedge $-1 -1 $-1 $1995 $852 $1996 $1997 forward $315 $-1 #
coedge $-1 -1 $-1 $1998 $1999 $852 $1375 reversed $1992 $-1 #
edge $2000 -1 $-1 $1384 2.373313018309680889 $2001 4.245124018318566783 $852 $2002 forward @7 unknown #
coedge $-1 -1 $-1 $853 $1995 $2003 $2004 forward $315 $-1 #
coedge $-1 -1 $-1 $863 $862 $853 $1378 reversed $501 $-1 #
edge $2005 -1 $-1 $2006 5.678572600682805429e-17 $1383 0.06939289929059148931 $853 $2007 forward @7 unknown #
coedge $-1 -1 $-1 $860 $854 $862 $1399 reversed $1381 $-1 #
coedge $-1 -1 $-1 $854 $860 $1998 $2008 reversed $1381 $-1 #
loop $-1 -1 $-1 $-1 $860 $1991 #
DXID-attrib $-1 -1 $-1 $-1 $855 @10 Revit:Edge @7 Edge:17 #
vertex $-1 -1 $-1 $855 $2009 #
vertex $-1 -1 $-1 $855 $2010 #
straight-curve $-1 -1 $-1 -40.02969987242683203 1.13277645903419466 89.09540074895454609 9.708203932499419153 -9.768902394915606913e-14 7.053423027509607479 F 4.714904432903475652e-17 F 0.06137029617673479126 #
coedge $-1 -1 $-1 $859 $856 $1994 $2011 forward $196 $-1 #
coedge $-1 -1 $-1 $2012 $2013 $856 $1388 reversed $2014 $-1 #
edge $2015 -1 $-1 $1392 4.595497957083738427 $2016 6.865837283262698598 $856 $2017 forward @7 unknown #
coedge $-1 -1 $-1 $2003 $857 $863 $1400 reversed $850 $-1 #
coedge $-1 -1 $-1 $857 $2003 $2012 $2018 forward $850 $-1 #
DXID-attrib $-1 -1 $-1 $-1 $858 @10 Revit:Edge @7 Edge:11 #
vertex $-1 -1 $-1 $858 $2019 #
straight-curve $-1 -1 $-1 -40.84107223775573914 -1.166904397245377645 88.90808067864175257 -12 0 8.005527944466642739e-14 F -5.827942386483761286e-17 F 1.739072903795479963 #
coedge $-1 -1 $-1 $1999 $1998 $859 $1395 reversed $1992 $-1 #
edge $2020 -1 $-1 $2021 2.038061288861019005 $1397 3.909872288869905343 $859 $2022 forward @7 unknown #
DXID-attrib $-1 -1 $-1 $-1 $861 @10 Revit:Edge @7 Edge:15 #
vertex $-1 -1 $-1 $1395 $2023 #
straight-curve $-1 -1 $-1 -39.43390452174519822 -1.166904397245386082 89.52827140921257865 -9.708203932499419153 9.768902394915606913e-14 -7.053423027509607479 F -8.563946464963304458e-18 F 0.06137029617673474269 #
edge $2024 -1 $-1 $865 0 $1383 0.1916400713566312475 $862 $2025 forward @7 unknown #
edge $2026 -1 $-1 $2006 -0.1916400713566312475 $866 -0 $863 $2027 forward @7 unknown #
point $-1 -1 $-1 -40.02969987242683203 -1.166904397245380309 89.09540074895450346 #
point $-1 -1 $-1 -40.84107223775573914 -1.166904397245377645 88.90808067864175257 #
DXID-attrib $-1 -1 $2028 $-1 $869 @10 Revit:Face @7 Face:39 #
face $2029 -1 $-1 $2030 $2031 $66 $-1 $2032 forward single #
loop $-1 -1 $-1 $2033 $2034 $869 #
torus-surface $-1 -1 $-1 3.893080084027118809e-12 -5.349351757705714311e-12 113.3849320708065846 -1.139875550873467094e-14 5.807956024268092227e-15 -1 2.499382461923371768 0.0428159736528097995 -1 0 1.139875550873467094e-14 forward_v I I I I #
coedge $-1 -1 $-1 $2035 $2036 $2037 $2038 forward $870 $-1 #
coedge $-1 -1 $-1 $874 $872 $2036 $2039 forward $511 $-1 #
coedge $-1 -1 $-1 $872 $874 $2035 $2040 forward $511 $-1 #
coedge $-1 -1 $-1 $2037 $2037 $872 $1411 reversed $2033 $-1 #
edge $2041 -1 $-1 $2042 3.141592653589796225 $2043 6.283185307179588008 $872 $2044 forward @14 tangent_not_g2 #
coedge $-1 -1 $-1 $2036 $2035 $873 $1413 reversed $870 $-1 #
edge $2045 -1 $-1 $1416 1.704797468606794013e-15 $1415 3.141592653589796225 $873 $2046 forward @14 tangent_not_g2 #
DXID-attrib $-1 -1 $-1 $-1 $875 @10 Revit:Edge @7 Edge:24 #
vertex $-1 -1 $-1 $875 $2047 #
vertex $-1 -1 $-1 $875 $2048 #
ellipse-curve $-1 -1 $-1 3.878231069620596827e-12 -5.219069323459263734e-12 113.4277480444594346 1.027528214424255746e-14 -1.382799582304305839e-14 1 -2.906134211613466967 -4.129226088741124636e-28 2.986134897336427735e-14 1 F 3.141592653589796225 F 6.283185307179588008 #
DXID-attrib $-1 -1 $-1 $876 $516 @10 Revit:Edge @7 Edge:18 #
point $-1 -1 $-1 3.002470152333625908 -5.210700207716113738e-12 113.5240839851757215 #
loop $-1 -1 $-1 $-1 $2049 $1421 #
face $2050 -1 $-1 $-1 $879 $66 $-1 $2051 reversed single #
DXID-attrib $-1 -1 $-1 $880 $518 @10 Revit:Edge @7 Edge:12 #
point $-1 -1 $-1 11.04590455807618099 -5.18924368950334937e-12 113.7631781894790493 #
DXID-attrib $-1 -1 $-1 $-1 $886 @10 Revit:Face @7 Face:73 #
face $2052 -1 $-1 $2053 $2054 $67 $-1 $2055 forward single #
loop $-1 -1 $-1 $-1 $1448 $886 #
plane-surface $-1 -1 $-1 -4.67608451842136752 -3.321492791201659411 120.2438917454123271 -0.8681847993270757069 -0.4962410243192368342 0 0 0 -12 forward_v I I I I #
coedge $-1 -1 $-1 $2056 $889 $2057 $2058 forward $207 $-1 #
coedge $-1 -1 $-1 $2059 $2060 $889 $1430 reversed $2061 $-1 #
edge $2062 -1 $-1 $1435 5.536545267159573653e-16 $2063 0.4583902508020398781 $889 $2064 forward @7 unknown #
coedge $-1 -1 $-1 $911 $890 $896 $1443 forward $1433 $-1 #
coedge $-1 -1 $-1 $890 $911 $2059 $2065 reversed $1433 $-1 #
loop $-1 -1 $-1 $-1 $911 $2066 #
DXID-attrib $-1 -1 $-1 $-1 $891 @10 Revit:Edge @7 Edge:51 #
vertex $-1 -1 $-1 $891 $2067 #
ellipse-curve $-1 -1 $-1 -2.758436858657538071 4.763505678002069033 119.6534908707976115 0 0 -1 1.686271108003419163e-15 0.9492862417062289948 0 1 F -1.051532630977779936 F 3.683573276702333948e-16 #
coedge $-1 -1 $-1 $892 $2068 $2069 $2070 forward $207 $-1 #
coedge $-1 -1 $-1 $906 $905 $892 $1439 reversed $524 $-1 #
edge $2071 -1 $-1 $2072 4.18894007105724242 $1441 5.238156337251285599 $892 $2073 forward @7 unknown #
DXID-attrib $-1 -1 $-1 $-1 $894 @10 Revit:Edge @7 Edge:65 #
vertex $-1 -1 $-1 $1439 $2074 #
straight-curve $-1 -1 $-1 -6.319484107969682185 0.4816640231062304101 119.6534908707976115 6.010486492634024458 10.3862434075975667 0 F 3.815831866504046424e-16 F 0.2734220585217525534 #
edge $2075 -1 $-1 $900 -0.04920007288455963135 $914 0 $1431 $2076 forward @14 tangent_not_g2 #
face $2077 -1 $-1 $-1 $897 $67 $-1 $2078 forward single #
point $-1 -1 $-1 -4.676084518436500304 3.321492075919539211 119.6534908707976115 #
point $-1 -1 $-1 -3.582592743916798383 5.23458045495829527 119.6534908707976115 #
coedge $-1 -1 $-1 $2079 $902 $2080 $2081 forward $116 $-1 #
coedge $-1 -1 $-1 $2082 $2083 $902 $1449 reversed $1426 $-1 #
edge $2084 -1 $-1 $1453 0 $2085 0.1836290470136106578 $902 $2086 forward @7 unknown #
coedge $-1 -1 $-1 $2069 $903 $906 $1455 reversed $887 $-1 #
coedge $-1 -1 $-1 $903 $2069 $2082 $2087 forward $887 $-1 #
DXID-attrib $-1 -1 $-1 $-1 $904 @10 Revit:Edge @7 Edge:35 #
vertex $-1 -1 $-1 $904 $2088 #
straight-curve $-1 -1 $-1 -6.320589780811024738 -0.4721400439738746568 120.2438917454123271 5.998442476652933841 -10.39320392633021584 0 F -2.033823009952707427e-16 F 0.2741553776318402802 #
edge $2089 -1 $-1 $2072 -0.04920007288455963135 $908 0 $906 $2090 forward @14 tangent_not_g2 #
point $-1 -1 $-1 -6.320589780811026515 -0.4721400439738726584 120.2438917454123271 #
coedge $-1 -1 $-1 $910 $2091 $2092 $2093 forward $116 $-1 #
coedge $-1 -1 $-1 $2060 $2059 $910 $1459 reversed $2061 $-1 #
edge $2094 -1 $-1 $2095 -2.039779835269316142e-16 $1461 0.4583902508020391009 $910 $2096 forward @7 unknown #
DXID-attrib $-1 -1 $-1 $-1 $912 @10 Revit:Edge @7 Edge:47 #
vertex $-1 -1 $-1 $1459 $2097 #
ellipse-curve $-1 -1 $-1 -2.758436858657538071 4.763505678002069033 120.2438917454123271 0 0 1 1.686271108003419163e-15 0.9492862417062289948 0 1 F 6.283185307179586232 F 7.33471793815736639 #
point $-1 -1 $-1 -3.582592743916798383 5.23458045495829527 120.2438917454123271 #
DXID-attrib $-1 -1 $-1 $-1 $916 @10 Revit:Edge @7 Edge:67 #
straight-curve $-1 -1 $-1 -4.676084518436499415 3.321492075919539211 120.2438917454123271 0 0 -12 F 0 F 0.04920007288455963135 #
DXID-attrib $-1 -1 $-1 $-1 $917 @10 Revit:Edge @7 Edge:68 #
straight-curve $-1 -1 $-1 -6.319484107969677744 0.4816640231062361277 120.2438917454123271 0 0 12 F -0.04920007288455963135 F 0 #
DXID-attrib $-1 -1 $-1 $-1 $921 @10 Revit:Face @7 Face:30 #
plane-surface $-1 -1 $-1 1.903477375719657213e-13 -3.837019442995001422e-26 119.6534908708000984 -1.38279958230430789e-14 -1.027528214424253221e-14 -1 -2.131628207280129848e-14 -12 1.233033857309106832e-13 forward_v I I I I #
DXID-attrib $-1 -1 $2098 $-1 $925 @10 Revit:Edge @7 Edge:25 #
straight-curve $-1 -1 $-1 -1.363063571592564463e-13 -2.587169422324765666e-13 96.03082718826675546 -2.131628207280300558e-14 -12 1.239840576305637726e-13 F -0.1719276048886835273 F 0.1719276048886808628 #
DXID-attrib $-1 -1 $-1 $-1 $927 @10 Revit:Edge @7 Edge:22 #
ellipse-curve $-1 -1 $-1 -1.363063571592564463e-13 -2.426503008939364231e-13 96.03082718826675546 1.382799582304307732e-14 1.027528214424253221e-14 1 -3.664857321908282777e-15 -2.063131258664187229 2.119925578338079479e-14 1 F 1.594196053517778944e-15 F 3.141592653589796225 #
point $-1 -1 $-1 -1.393064551412018636e-13 2.063131258663943868 96.03082718826672703 #
point $-1 -1 $-1 -1.366821787707135485e-13 -2.063131258664428369 96.03082718826676967 #
coedge $-1 -1 $-1 $932 $932 $934 $1479 forward $922 $-1 #
DXID-attrib $-1 -1 $-1 $-1 $933 @10 Revit:Edge @7 Edge:12 #
ellipse-curve $-1 -1 $-1 1.903477375719649135e-13 -3.877409121342317226e-26 119.65349087080007 -1.38279958230430789e-14 -1.027528214424253221e-14 -1 -3.853247725573877043e-15 -2.16918562763276368 2.228899434716252267e-14 1 F -9.494107596580148351e-16 F 3.141592653589790007 #
edge $2099 -1 $-1 $938 -7.739507489250433548e-14 $937 0.3615309379386649757 $1476 $2100 forward @2 g2 #
point $-1 -1 $-1 1.871921531542211891e-13 2.16918562763245415 119.6534908708000557 #
point $-1 -1 $-1 1.885539380209617126e-13 -2.169185627632453706 119.6534908708000984 #
DXID-attrib $-1 -1 $-1 $943 $558 @10 Revit:Face @8 Face:383 #
DXID-attrib $-1 -1 $2101 $-1 $944 @10 Revit:Face @8 Face:393 #
face $2102 -1 $-1 $2103 $2104 $69 $-1 $2105 forward single #
loop $-1 -1 $-1 $2106 $2107 $944 #
torus-surface $-1 -1 $-1 -0.4595800976235822621 0.3369679524368483503 89.64855935364663253 1.94916930181565469e-15 -1.598906816445586547e-14 -1 1.672939180579295249 -0.1693185915654993878 1 -3.552713678800500929e-15 1.949169301815711488e-15 forward_v I I I I #
loop $-1 -1 $-1 $-1 $1489 $558 #
coedge $-1 -1 $-1 $1488 $1488 $2108 $2109 forward $945 $-1 #
coedge $-1 -1 $-1 $1489 $1489 $948 $1490 reversed $1487 $-1 #
edge $2110 -1 $-1 $2111 3.141592653589796225 $2111 9.424777960769382901 $948 $2112 forward @14 tangent_not_g2 #
DXID-attrib $-1 -1 $2113 $-1 $950 @10 Revit:Edge @8 Edge:376 #
vertex $-1 -1 $-1 $950 $2114 #
ellipse-curve $-1 -1 $-1 -0.4595800976235819846 0.3369679524368474066 89.96574709229045652 -1.666280438343681266e-15 1.382799582304341811e-14 1 2.041822432099009266 -7.254010484199809891e-15 3.402248777177999835e-15 1 I I #
no_merge_attribute-st-attrib $-1 -1 $2115 $953 $566 #
DXID-attrib $-1 -1 $-1 $-1 $958 @10 Revit:Face @8 Face:347 #
face $2116 -1 $-1 $2117 $2118 $70 $-1 $2119 forward single #
loop $-1 -1 $-1 $-1 $2120 $958 #
plane-surface $-1 -1 $-1 -31.95182895660110844 1.5956004580367531 91.44916895491520847 -1 3.552713678800481602e-15 -1.413905273131157549e-15 -4.263256414560601115e-14 -12 1.653111510726578057e-13 forward_v I I I I #
coedge $-1 -1 $-1 $2121 $961 $2122 $2123 forward $224 $-1 #
coedge $-1 -1 $-1 $2124 $2125 $961 $1501 reversed $2126 $-1 #
edge $2127 -1 $-1 $1506 4.764498529497273422e-16 $2128 0.02922644903409742437 $961 $2129 forward @7 unknown #
coedge $-1 -1 $-1 $983 $962 $968 $1514 forward $1504 $-1 #
coedge $-1 -1 $-1 $962 $983 $2124 $2130 reversed $1504 $-1 #
loop $-1 -1 $-1 $-1 $983 $2131 #
DXID-attrib $-1 -1 $-1 $-1 $963 @10 Revit:Edge @8 Edge:333 #
vertex $-1 -1 $-1 $963 $2132 #
ellipse-curve $-1 -1 $-1 -29.6531751176328946 -1.595823580079032356 93.87703568911994978 -3.552713678800500929e-15 -1 1.382799582304305996e-14 -1.267237142559292318 4.502130730654458254e-15 0 1 F 3.975087796734191325 F 4.437399197878466595 #
coedge $-1 -1 $-1 $964 $2121 $2133 $2134 forward $224 $-1 #
coedge $-1 -1 $-1 $978 $977 $964 $1510 reversed $573 $-1 #
edge $2135 -1 $-1 $2136 0 $1512 0.03318833226310605178 $964 $2137 forward @7 unknown #
DXID-attrib $-1 -1 $-1 $-1 $966 @10 Revit:Edge @8 Edge:339 #
vertex $-1 -1 $-1 $1510 $2138 #
ellipse-curve $-1 -1 $-1 -29.69380259914349196 -1.595823580079047233 92.76363834100295946 -3.552713678800500929e-15 -1 1.382799582304305996e-14 -1.241275536490763054 4.409896577651164243e-15 0 1 F 1.720582495942370116 F 2.315011892520397296 #
edge $2139 -1 $-1 $972 -0.265952003176317564 $986 -1.611788661856768564e-30 $1502 $2140 forward @7 unknown #
face $2141 -1 $-1 $2142 $969 $70 $-1 $2143 forward single #
point $-1 -1 $-1 -28.85296878965000289 -1.595823580079062998 91.8505318508808557 #
point $-1 -1 $-1 -28.80122113227556113 -1.595823580079022141 94.81515315634652552 #
coedge $-1 -1 $-1 $982 $974 $2144 $2145 forward $128 $-1 #
coedge $-1 -1 $-1 $2120 $2146 $974 $1520 reversed $1497 $-1 #
edge $2147 -1 $-1 $1524 0 $2148 0.3085317180987667829 $974 $2149 forward @7 unknown #
coedge $-1 -1 $-1 $2133 $975 $978 $1526 reversed $959 $-1 #
coedge $-1 -1 $-1 $975 $2133 $2120 $2150 forward $959 $-1 #
DXID-attrib $-1 -1 $-1 $-1 $976 @10 Revit:Edge @8 Edge:325 #
vertex $-1 -1 $-1 $976 $2151 #
straight-curve $-1 -1 $-1 -29.90374279021927606 1.595600458036746438 91.48675993544500784 -11.99797925087518102 3.872307863518681799e-14 -0.2202132956218726123 F 0 F 0.1707025927914017083 #
edge $2152 -1 $-1 $2136 -0.265952003176317564 $980 -0 $978 $2153 forward @7 unknown #
point $-1 -1 $-1 -29.90374279021927606 1.595600458036746438 91.48675993544500784 #
coedge $-1 -1 $-1 $2154 $2124 $982 $1529 reversed $2126 $-1 #
edge $2155 -1 $-1 $2156 4.924044463162376549e-16 $1531 0.02923983198236853112 $982 $2157 forward @7 unknown #
DXID-attrib $-1 -1 $-1 $-1 $984 @10 Revit:Edge @8 Edge:329 #
vertex $-1 -1 $-1 $1529 $2158 #
ellipse-curve $-1 -1 $-1 -29.65317511763288394 1.595600458036778635 93.87703568911990715 3.552713678800500929e-15 1 -1.382799582304305996e-14 -1.267237142559292318 4.502130730654458254e-15 0 1 F 1.845786109301119637 F 2.308097510445394906 #
point $-1 -1 $-1 -28.80122113227555047 1.595600458036788405 94.81515315634646868 #
DXID-attrib $-1 -1 $-1 $-1 $988 @10 Revit:Edge @8 Edge:341 #
straight-curve $-1 -1 $-1 -28.85296878964998513 1.595600458036747549 91.85053185088082728 -4.263256414560601115e-14 -12 1.653111510726578057e-13 F -4.817119321473814663e-30 F 0.265952003176317564 #
DXID-attrib $-1 -1 $-1 $-1 $989 @10 Revit:Edge @8 Edge:342 #
straight-curve $-1 -1 $-1 -29.50857114791580216 1.59560045803674555 91.53626135451240486 4.263256414560601115e-14 12 -1.653111510726578057e-13 F -0.265952003176317564 F -0 #
DXID-attrib $-1 -1 $2159 $-1 $993 @10 Revit:Face @8 Face:293 #
face $2160 -1 $-1 $2161 $2162 $71 $-1 $2163 reversed single #
loop $-1 -1 $-1 $2164 $1544 $993 #
torus-surface $-1 -1 $-1 -35.28073358535478121 6.470567817364074753e-14 90.59429946360566532 5.228631037500724282e-17 1.379034398261179701e-14 1 1.640440181898384031 -0.1291975989828461346 -1 3.552713678800500929e-15 5.228631037495824716e-17 forward_v I I I I #
coedge $-1 -1 $-1 $2165 $2165 $1543 $2166 reversed $994 $-1 #
coedge $-1 -1 $-1 $996 $996 $1542 $2166 forward $594 $-1 #
coedge $-1 -1 $-1 $2167 $2167 $996 $1545 reversed $1540 $-1 #
edge $2168 -1 $-1 $2169 3.141592653589796225 $2170 6.283185307179588008 $996 $2171 forward @7 unknown #
vertex $-1 -1 $-1 $997 $2172 #
DXID-attrib $-1 -1 $-1 $998 $599 @10 Revit:Edge @8 Edge:273 #
point $-1 -1 $-1 -33.59214399594195299 1.017466766714098545e-13 95.14063424410994685 #
loop $-1 -1 $-1 $-1 $2173 $1550 #
face $2174 -1 $-1 $2175 $1001 $71 $-1 $2176 reversed single #
DXID-attrib $-1 -1 $2177 $1002 $601 @10 Revit:Edge @8 Edge:271 #
point $-1 -1 $-1 -35.2807335853547599 2.076883792877273205 94.50451830489087968 #
DXID-attrib $-1 -1 $2178 $1005 $373 @10 Revit:Edge @8 Edge:269 #
DXID-attrib $-1 -1 $-1 $-1 $1008 @10 Revit:Face @8 Face:182 #
face $2179 -1 $-1 $2180 $2181 $72 $-1 $2182 reversed single #
loop $-1 -1 $-1 $-1 $2183 $1008 #
cone-surface $-1 -1 $-1 -35.59330115704122477 5.653149536639220152 90.54683155168058306 -3.215343167861849829e-15 1.14231936545005291e-29 1 -7.794944880707883605 2.769320730318683703e-14 -2.506342276604379631e-14 1 I I 0 1 7.794944880707883605 forward I I I I #
coedge $-1 -1 $-1 $2184 $2185 $2186 $2187 reversed $1009 $-1 #
coedge $-1 -1 $-1 $1590 $1011 $2188 $2189 forward $607 $-1 #
coedge $-1 -1 $-1 $1011 $2190 $2191 $2192 forward $607 $-1 #
coedge $-1 -1 $-1 $1013 $1012 $1011 $1562 forward $376 $-1 #
edge $2193 -1 $-1 $2194 -0.006014426135896736372 $2195 -2.447735802323179765e-15 $1561 $2196 forward @7 unknown #
coedge $-1 -1 $-1 $2197 $2188 $1012 $1564 reversed $2198 $-1 #
edge $2199 -1 $-1 $1572 1.944884539632997678 $2194 4.358374338779441359 $1012 $2200 forward @7 unknown #
coedge $-1 -1 $-1 $2191 $2201 $1013 $1566 reversed $2202 $-1 #
edge $2203 -1 $-1 $2195 4.569478402118570592 $1571 6.982968201265010499 $1013 $2204 forward @7 unknown #
coedge $-1 -1 $-1 $2205 $1014 $2201 $2206 forward $1569 $-1 #
coedge $-1 -1 $-1 $1014 $2207 $2197 $2208 forward $1569 $-1 #
loop $-1 -1 $-1 $-1 $1014 $2209 #
DXID-attrib $-1 -1 $-1 $-1 $1015 @10 Revit:Edge @8 Edge:158 #
vertex $-1 -1 $-1 $1015 $2210 #
vertex $-1 -1 $-1 $1015 $2211 #
straight-curve $-1 -1 $-1 -34.75786724411310757 2.096890032287870742 94.23505669356343617 3.556193494753989851e-14 -1.263413727327385719e-28 -12 F 5.526744214030559674e-30 F 0.1498532215995014849 #
coedge $-1 -1 $-1 $2212 $2213 $1016 $1575 reversed $2214 $-1 #
edge $2215 -1 $-1 $1580 8.741913579725641313e-17 $1586 0.293579398337139641 $1016 $2216 forward @7 unknown #
coedge $-1 -1 $-1 $2217 $1017 $1022 $1591 reversed $1578 $-1 #
coedge $-1 -1 $-1 $1017 $2218 $2212 $2219 forward $1578 $-1 #
loop $-1 -1 $-1 $-1 $2217 $1619 #
DXID-attrib $-1 -1 $-1 $-1 $1018 @10 Revit:Edge @8 Edge:154 #
vertex $-1 -1 $-1 $1018 $2220 #
straight-curve $-1 -1 $-1 -35.2736181291230011 1.761476390024840688 90.54683155168055464 12 -3.363003959906820711e-14 4.051136045942011186e-14 F 0 F 0.1479882251543031269 #
coedge $-1 -1 $-1 $2221 $1019 $2213 $2222 forward $1584 $-1 #
coedge $-1 -1 $-1 $1019 $2223 $1021 $1589 reversed $1584 $-1 #
loop $-1 -1 $-1 $-1 $2223 $2224 #
DXID-attrib $-1 -1 $-1 $-1 $1020 @10 Revit:Edge @8 Edge:156 #
vertex $-1 -1 $-1 $1575 $2225 #
straight-curve $-1 -1 $-1 -33.497759427271383 -1.761476390020839666 90.54683155168055464 -12 4.938445755550956297e-14 -4.051136045942132986e-14 F 0 F 0.1479882251542998794 #
coedge $-1 -1 $-1 $2226 $1021 $2227 $2228 forward $607 $-1 #
edge $2229 -1 $-1 $1024 -1.508382483382216544e-17 $2230 0.04246898666121707439 $1021 $2231 forward @7 unknown #
coedge $-1 -1 $-1 $1022 $1559 $2232 $2233 forward $607 $-1 #
edge $2234 -1 $-1 $2235 -7.644017019832287044e-16 $1025 0.04246898666121212695 $1022 $2236 forward @7 unknown #
point $-1 -1 $-1 -35.27361812912297978 -1.761476390020832339 90.54683155168055464 #
point $-1 -1 $-1 -35.2736181291230011 1.761476390024840688 90.54683155168055464 #
coedge $-1 -1 $-1 $2237 $1027 $1030 $1601 reversed $1596 $-1 #
coedge $-1 -1 $-1 $1027 $2238 $1034 $1604 reversed $1596 $-1 #
loop $-1 -1 $-1 $-1 $2237 $2239 #
DXID-attrib $-1 -1 $-1 $-1 $1028 @10 Revit:Edge @8 Edge:150 #
straight-curve $-1 -1 $-1 -35.2736181291230011 -0.8620521644007476114 95.21818079951810887 12 -4.263256414560601115e-14 3.847512960163125407e-14 F -9.342951609616786469e-31 F 0.2770137786865213836 #
coedge $-1 -1 $-1 $2190 $1029 $2240 $2241 forward $607 $-1 #
coedge $-1 -1 $-1 $1030 $2242 $2243 $2244 forward $607 $-1 #
edge $2245 -1 $-1 $2246 4.594604073274838107 $1032 4.643335091360385469 $1030 $2247 forward @7 unknown #
point $-1 -1 $-1 -35.2736181291230011 -0.8620521644008506401 95.21818079951810887 #
coedge $-1 -1 $-1 $2248 $1034 $2249 $2250 reversed $1036 $-1 #
edge $2251 -1 $-1 $1038 1.639850215819197654 $2252 1.682926661597088813 $1034 $2253 forward @7 unknown #
coedge $-1 -1 $-1 $1035 $2248 $2254 $2255 forward $1036 $-1 #
face $2256 -1 $-1 $2257 $1036 $72 $-1 $2258 forward single #
point $-1 -1 $-1 -31.94945278488474827 -0.862052164400810228 95.21818079951810887 #
coedge $-1 -1 $-1 $2254 $2259 $1040 $1609 forward $2260 $-1 #
edge $2261 -1 $-1 $2262 -38.08357429469312194 $1611 -36.37737095430242817 $1608 $2263 forward @7 unknown #
DXID-attrib $-1 -1 $-1 $-1 $1041 @10 Revit:Edge @8 Edge:207 #
vertex $-1 -1 $-1 $1041 $2264 #
ellipse-curve $-1 -1 $-1 -31.94945278488471274 -0.3182195443926866263 78.15331869422720956 1 -3.552713678800500929e-15 1.74491262210625557e-15 -6.077140384558017712e-14 -17.10562948210855083 0 1 F 4.600271771784433916 F 4.643335091360386357 #
coedge $-1 -1 $-1 $2265 $2240 $1042 $1614 forward $2266 $-1 #
edge $2267 -1 $-1 $1616 -0.2182256474996568107 $2262 2.331176954593504613e-15 $1613 $2268 forward @7 unknown #
DXID-attrib $-1 -1 $-1 $-1 $1043 @10 Revit:Edge @8 Edge:174 #
vertex $-1 -1 $-1 $1043 $2269 #
ellipse-curve $-1 -1 $-1 -35.27361812912298689 -0.3182195443926748024 78.15331869422720956 -1 3.552713678800500929e-15 -1.74491262210625557e-15 -6.077140384558017712e-14 -17.10562948210855083 0 1 F 1.639850215819201429 F 1.688581233904763446 #
DXID-attrib $-1 -1 $-1 $-1 $1044 @10 Revit:Face @8 Face:239 #
face $2270 -1 $-1 $2271 $1578 $72 $-1 $2272 reversed single #
cone-surface $-1 -1 $-1 -28.12317800264668932 -0.3182195443927002265 78.15331869422722377 1 -3.552713678800500929e-15 1.74491262210625557e-15 -6.077140384558017712e-14 -17.10562948210855083 0 1 I I 0 1 17.10562948210855083 forward I I I I #
DXID-attrib $-1 -1 $-1 $-1 $1048 @10 Revit:Face @7 Face:79 #
face $2273 -1 $-1 $2274 $2275 $73 $-1 $2276 forward single #
loop $-1 -1 $-1 $-1 $2277 $1048 #
cone-surface $-1 -1 $-1 -5.840849369732622698 -2.202231645587815034 87.617577576372355 -3.552713678800500929e-15 -1 1.382799582304305996e-14 -3.834928430454969117 1.362440269209830432e-14 0 1 I I 0 1 3.834928430454969117 forward I I I I #
coedge $-1 -1 $-1 $2278 $2279 $2280 $2281 forward $1049 $-1 #
coedge $-1 -1 $-1 $2282 $1051 $2283 $2284 forward $628 $-1 #
coedge $-1 -1 $-1 $1051 $2285 $1052 $1631 reversed $628 $-1 #
coedge $-1 -1 $-1 $1054 $1072 $1051 $1629 reversed $640 $-1 #
edge $2286 -1 $-1 $1633 3.574305067468909414 $2287 4.712388980384783821 $1051 $2288 forward @7 unknown #
coedge $-1 -1 $-1 $1053 $1052 $2289 $2290 forward $385 $-1 #
edge $2291 -1 $-1 $1633 -0.153912045408534065 $2292 1.019889917634658194e-16 $1052 $2293 forward @14 tangent_not_g2 #
DXID-attrib $-1 -1 $-1 $-1 $1055 @10 Revit:Edge @7 Edge:62 #
vertex $-1 -1 $-1 $1055 $2294 #
intcurve-curve $-1 -1 $-1 forward { surfintcur full nubs 3 periodic 28 
	0 3 0.01884955497390269907 2 0.03769910994780539815 2 0.1223215393961635533 2 0.3579928691644482797 2 
	0.5936641989327330338 2 1.252933523250984615 2 1.912202847569236308 2 2.316620342760953299 2 2.721037837952670735 2 
	2.899056152423995503 2 2.988065309659657665 2 3.077074466895320271 2 3.164872039818483529 2 3.252669612741646787 2 
	3.382089837728898374 2 3.511510062716149516 2 3.868704385924191413 2 4.225898709132232867 2 4.727205558726165435 2 
	5.228512408320097116 2 5.585524124630136811 2 5.764029982785157102 2 5.942535840940176506 2 6.013274896078385723 2 
	6.08401395121659494 2 6.109665451951020287 2 6.135316952685444747 3 
	2.193737983706500749 -0.1932301210304049333 90.8421700344746057 
	2.193737983706500749 -0.193230121030404961 90.83969633959614498 
	2.193686958484468263 -0.1938114215877977387 90.83709712909886491 
	2.193499824723199598 -0.1959179878340376324 90.83224689901732063 
	2.193365524937834099 -0.1974191020119466788 90.82998535603343271 
	2.192596091206520992 -0.2059007359684703886 90.81940900912528036 
	2.191519703482590398 -0.2171625155493751291 90.81236587322190701 
	2.187741424683502967 -0.2536539942657374813 90.79185014644680507 
	2.183939296750088133 -0.2850486494405258253 90.78001471973843195 
	2.174757690230502583 -0.3482423255545731289 90.75749285078198625 
	2.169362315801059982 -0.3802251524530653182 90.74733207154096704 
	2.148424429676056846 -0.4908987583232546359 90.71406667526882472 
	2.126383797834230815 -0.5804685637749491534 90.69138622915050973 
	2.069952990975959306 -0.7574605966044500871 90.65805298436232817 
	2.035535780828547914 -0.8449282332048597688 90.64768770796703734 
	1.977000235655198335 -0.9716537704256592578 90.64768770796703734 
	1.950747819924584237 -1.023475527894080361 90.65155433109680416 
	1.896582676059584527 -1.120666477193543953 90.67440345391666767 
	1.868647820790485525 -1.1661264975288681 90.69294492842040256 
	1.834631744926273678 -1.218323931058216347 90.73722433675514765 
	1.824195959715655624 -1.233818816765459569 90.75471209612898349 
	1.812962909057032279 -1.250213417938183413 90.78528200749553889 
	1.809938142779140779 -1.254576025556758179 90.79618989183433087 
	1.805842087901282866 -1.26046477067897511 90.81879299398499938 
	1.804773330691326949 -1.261989479216323984 90.830489042711406 
	1.804773330691326949 -1.261989479216323984 90.85369202567189006 
	1.805877226555749226 -1.260415254247835515 90.86609652566401962 
	1.810291994557854611 -1.254066212691241855 90.88971399171150267 
	1.813581582578564388 -1.249314509024662234 90.9009371382249185 
	1.822495522981013583 -1.236293929179768769 90.92467768897201097 
	1.829549378428140471 -1.225876965469522295 90.93820189416953781 
	1.845182558330708433 -1.202217364715027381 90.96168495835797785 
	1.853733690804775236 -1.188999602650846921 90.97168761186938468 
	1.88382160219126682 -1.141380726413175006 91.00177552325587271 
	1.908690989536986127 -1.099644415723708191 91.01615597859336049 
	1.956584981454746464 -1.011975472273424881 91.03361786624790852 
	1.979598964967415275 -0.9660276954107800407 91.03665236098220248 
	2.026842978205328993 -0.8637475690309709409 91.03665236098220248 
	2.054078655438328571 -0.797281043289051583 91.03054075657064459 
	2.10129926863140426 -0.6629008602654790083 91.00972959777917026 
	2.121301586863570066 -0.5949726540645393635 90.99516364859886153 
	2.147795312378111721 -0.4887465422817175442 90.96866992308432032 
	2.1583594465719802 -0.4401406316811058428 90.95534607207763145 
	2.171473239889537332 -0.3676029010632018146 90.93294118488596212 
	2.175407626466046018 -0.3434909973718047183 90.92508088850836145 
	2.182287535899227748 -0.2966572317260267599 90.90852560216578127 
	2.185235452888137697 -0.273910351915783612 90.89990246843589716 
	2.188658987442773984 -0.2442698702815754019 90.88650023085580187 
	2.189661678287843305 -0.2351245195447999592 90.88209824552693306 
	2.191472395762663172 -0.2176017868630214791 90.87219412925512074 
	2.192285156917842315 -0.2091740711414630804 90.86678218613020874 
	2.193114550340394597 -0.2001962706859279351 90.85790944187500884 
	2.193332026044505056 -0.1977926599814834041 90.85510434711368077 
	2.193645085066157741 -0.19428986948325494 90.84892902220590827 
	2.193737983706500749 -0.1932301210304049055 90.84553637315366359 
	2.193737983706500749 -0.1932301210304049333 90.8421700344746057 
	0.0002024421539796100386 
	
	cone 1.999255657198908853 -2.202231645587780395 90.84217003447463412 3.552713678800500929e-15 1 -1.382799582304305996e-14 -0.194482326507584985 6.909400216684424299e-16 0 1 I I 0 1 0.194482326507584985 forward I I I I 
	cone -1.03307922112720927e-12 1.655081670673481899e-12 87.67738729414880083 -0 0 -1 -2.202231645589369347 7.823898491172689328e-15 0 1 I I 0 1 2.202231645589369347 forward I I I I 
	nullbs 
	nullbs 
	I I 
	0 
	0 
	0 
	} F -1.776356839398651838e-15 F 1.912202847569223652 #
coedge $-1 -1 $-1 $2289 $1061 $1056 $1636 reversed $1642 $-1 #
edge $2295 -1 $-1 $1638 -5.827942386483761286e-17 $1064 0.4151628017425522121 $1056 $2296 forward @7 unknown #
DXID-attrib $-1 -1 $-1 $-1 $1057 @10 Revit:Edge @7 Edge:59 #
vertex $-1 -1 $-1 $1057 $2297 #
straight-curve $-1 -1 $-1 2.193737983706502082 0.1932301210303916383 90.8421700344746057 4.263256414560601115e-14 12 -1.654732861455602884e-13 F -0.03220502017173163672 F -1.582650604329496511e-15 #
point $-1 -1 $-1 2.193737983706500749 -0.1932301210303880301 90.8421700344746057 #
coedge $-1 -1 $-1 $1061 $2298 $1066 $1647 reversed $1642 $-1 #
loop $-1 -1 $-1 $-1 $1061 $1657 #
DXID-attrib $-1 -1 $-1 $-1 $1062 @10 Revit:Edge @7 Edge:55 #
intcurve-curve $-1 -1 $-1 forward { surfintcur full nubs 3 periodic 28 
	0 3 0.02565169212058269338 2 0.05130338424116538676 2 0.1220429334108235619 2 0.192782482580481751 2 
	0.3712892076345281067 2 0.5497959326885744069 2 0.9068093827966670073 2 1.408118313866297378 2 1.909427244935927748 2 
	2.266623092501736103 2 2.623818940067544681 2 2.753239807103522452 2 2.882660674139499779 2 2.970458918700568773 2 
	3.058257163261637324 2 3.147266971418024362 2 3.2362767795744114 2 3.41429639588718592 2 3.818715449650762039 2 
	4.223134503414338603 2 4.882406344046994917 2 5.541678184679651231 2 5.777351016429602026 2 6.01302384817955371 2 
	6.097646968428504621 2 6.116496673408891027 2 6.135346378389278321 3 
	2.193737983706494088 0.1932301210304805672 95.82412365538522181 
	2.193737983706494088 0.1932301210304804007 95.82749001918058696 
	2.193645084366124376 0.1942898775057651795 95.83088269347229016 
	2.193332022975073681 0.1977926941351736412 95.83705806449739839 
	2.193114545618070732 0.200196322629623169 95.83986318031735152 
	2.192285146101661475 0.2091741859417235727 95.84873598864160726 
	2.191472378910388041 0.21760195900118115 95.85414797251171137 
	2.189661647300123359 0.2351248103647680388 95.8640521651466031 
	2.18865894832565111 0.2442702227531228509 95.86845418562606369 
	2.185235390328922112 0.2739108587175962395 95.88185651178817182 
	2.182287454054350651 0.2966578425010096276 95.89047970414232225 
	2.175407497486851582 0.3434918217425306786 95.9070351064810751 
	2.171473083056976616 0.3676038350764707641 95.91489546034624425 
	2.158359194233431033 0.4401418944403998057 95.93730051451140639 
	2.147794979723081088 0.4887480239960298456 95.95062446918822729 
	2.121301057547924529 0.5949745686057811289 95.97711839136339051 
	2.10129859445990208 0.662903028223711277 95.99168444769138375 
	2.054077634317814205 0.7972836997749043197 96.01249576127695207 
	2.026841754754010072 0.8637504607433361681 96.01860741240675168 
	1.979597384645771507 0.9660309435308715997 96.01860741240675168 
	1.956583225873775644 1.011978876605945432 96.0155728931826502 
	1.908688878283145929 1.099648089535900652 95.99811087202175486 
	1.883819310859729423 1.141384513492134989 95.98373030640111381 
	1.853731188610794112 1.189003504536294331 95.95364218415218716 
	1.845179994047159155 1.202221301024693156 95.94363945698388818 
	1.829546705603686041 1.225880955096946945 95.9201562310466187 
	1.822492804007032507 1.236297937604648345 95.9066319375747014 
	1.813578796341707156 1.249318553879955163 95.8828912250557579 
	1.810289179646016988 1.254070276175537346 95.87166798628757647 
	1.805874374238070956 1.260419340997273041 95.8480503313179355 
	1.804770469663422805 1.261993570767388162 95.83564573472393988 
	1.804770469663422805 1.261993570767388384 95.81244257819933807 
	1.805839234730137521 1.260468858399056202 95.80074643998118233 
	1.809935322964352666 1.25458009365707901 95.77814315974023884 
	1.81296011472294083 1.25021747025173946 95.76723518680056202 
	1.824193264429758932 1.233822802518933281 95.7366650226754814 
	1.834629147097334156 1.218327845009179677 95.7191771126146449 
	1.868645475832488634 1.166130260297318033 95.67489742877090464 
	1.896580519372289775 1.120670137241287279 95.65635582527802683 
	1.950746040571552209 1.023478930445388402 95.63350654987013399 
	1.976998644735608046 0.9716570185963611106 95.62963989836367773 
	2.035534610459054594 0.8449310865771155754 95.62963989836367773 
	2.069952064962265137 0.7574631689611973639 95.64000524716092855 
	2.126383271067567637 0.5804705479705233317 95.67333871713294968 
	2.148424058097470279 0.4909004352915445901 95.69601931591387256 
	2.169362105275328467 0.3802263678874455155 95.7292849370999761 
	2.174757529587381555 0.3482433468133067089 95.73944580360580403 
	2.183939216736225486 0.2850492845285847454 95.7619678576374298 
	2.187741375486892181 0.253654436580312892 95.77380338103800739 
	2.191519684317488448 0.2171627124410494825 95.79431925533275205 
	2.192596081500418848 0.2059008412913466424 95.80136244921212096 
	2.193365521802389306 0.1974191369465191082 95.81193888086339427 
	2.193499822712637215 0.1959180103919432592 95.81420044157009386 
	2.193686958048969515 0.1938114265652095547 95.81905070979721017 
	2.193737983706494088 0.1932301210304806782 95.82164994082087617 
	2.193737983706494088 0.1932301210304805672 95.82412365538522181 
	0.0002024424956406179821 
	
	cone 1.999254226684948232 -2.202231645587729325 95.82412365538526444 3.552713678800500929e-15 1 -1.382799582304305996e-14 -0.1944837570215376399 6.909451038749297421e-16 0 1 I I 0 1 0.1944837570215376399 forward I I I I 
	cone -1.033079221127221387e-12 -1.655081670673472609e-12 87.67738729414880083 -0 0 -1 -2.202231645589369347 7.823898491172689328e-15 0 1 I I 0 1 2.202231645589369347 forward I I I I 
	nullbs 
	nullbs 
	I I 
	0 
	0 
	0 
	} F 0 F 1.909427244935927748 #
point $-1 -1 $-1 2.193737983706494088 0.1932301210304330497 95.82412365538522181 #
coedge $-1 -1 $-1 $2299 $1066 $2300 $2301 forward $1068 $-1 #
edge $2302 -1 $-1 $1070 -2.708878690653270027 $2303 -1.570796326794575926 $1066 $2304 forward @7 unknown #
coedge $-1 -1 $-1 $1067 $2305 $2306 $2307 forward $1068 $-1 #
face $2308 -1 $-1 $1074 $1068 $73 $-1 $2309 forward single #
point $-1 -1 $-1 1.999254226684967106 0.9234753694118771339 96.01860741240675168 #
coedge $-1 -1 $-1 $2306 $2283 $1072 $1652 reversed $2310 $-1 #
edge $2311 -1 $-1 $1654 -6.103816906728117216e-18 $2287 0.447576642036645822 $1072 $2312 forward @7 unknown #
DXID-attrib $-1 -1 $-1 $-1 $1073 @10 Revit:Edge @8 Edge:122 #
vertex $-1 -1 $-1 $1073 $2313 #
ellipse-curve $-1 -1 $-1 -1.03307922112720927e-12 1.655081670673481899e-12 96.0186074124067801 0 0 1 -2.202231645589369347 7.823898491172689328e-15 0 1 F 1.570796326794802411 F 2.708878690653270471 #
DXID-attrib $-1 -1 $-1 $-1 $1074 @10 Revit:Face @8 Face:128 #
face $2314 -1 $-1 $2315 $1642 $73 $-1 $2316 forward single #
cone-surface $-1 -1 $-1 -1.03307922112720927e-12 1.655081670673481899e-12 87.67738729414880083 -0 0 -1 -2.202231645589369347 7.823898491172689328e-15 0 1 I I 0 1 2.202231645589369347 forward I I I I #
DXID-attrib $-1 -1 $-1 $-1 $1078 @10 Revit:Face @7 Face:38 #
face $2317 -1 $-1 $2318 $2319 $74 $-1 $2320 forward single #
loop $-1 -1 $-1 $-1 $1683 $1078 #
plane-surface $-1 -1 $-1 -29.52599430083936838 0.9550000000017755397 91.89965498907002939 1.027219051166876118e-14 3.487611595681218857e-15 -1 12 -4.263256414560601115e-14 1.2326628614002497e-13 forward_v I I I I #
coedge $-1 -1 $-1 $2321 $1081 $2322 $2323 forward $246 $-1 #
coedge $-1 -1 $-1 $2324 $2325 $1081 $1665 reversed $2326 $-1 #
edge $2327 -1 $-1 $1670 1.019889917634657948e-16 $2328 0.2052723666032171268 $1081 $2329 forward @7 unknown #
coedge $-1 -1 $-1 $1103 $1082 $1088 $1678 forward $1668 $-1 #
coedge $-1 -1 $-1 $1082 $1103 $2324 $2330 reversed $1668 $-1 #
loop $-1 -1 $-1 $-1 $1103 $2331 #
DXID-attrib $-1 -1 $-1 $-1 $1083 @10 Revit:Edge @7 Edge:20 #
vertex $-1 -1 $-1 $1083 $2332 #
ellipse-curve $-1 -1 $-1 -4.753954008651762209 -0.954999999998332294 94.61292338830887161 1 -3.552713678800500929e-15 1.027528214424255903e-14 8.881784197001007777e-16 0.2499999999999931166 0 1 F 1.570796326794905662 F 3.141592653589791784 #
coedge $-1 -1 $-1 $1084 $2321 $2333 $2334 forward $246 $-1 #
coedge $-1 -1 $-1 $1098 $1097 $1084 $1674 reversed $647 $-1 #
edge $2335 -1 $-1 $2336 5.827942386483705819e-17 $1676 0.205272366603216877 $1084 $2337 forward @7 unknown #
DXID-attrib $-1 -1 $-1 $-1 $1086 @10 Revit:Edge @7 Edge:26 #
vertex $-1 -1 $-1 $1674 $2338 #
ellipse-curve $-1 -1 $-1 -4.753954008651755103 0.955000000001677507 94.61292338830888582 1 -3.552713678800500929e-15 1.027528214424255903e-14 -8.881784197001007777e-16 -0.2499999999999931166 0 1 F 3.141592653589796669 F 4.712388980384692339 #
edge $2339 -1 $-1 $1092 -2.06433669101563666 $1106 0 $1666 $2340 forward @14 tangent_not_g2 #
face $2341 -1 $-1 $-1 $1089 $74 $-1 $2342 forward single #
point $-1 -1 $-1 -4.753954008651757768 0.9550000000016767299 94.86292338830887161 #
point $-1 -1 $-1 -4.753954008651764873 -0.9549999999983346255 94.86292338830887161 #
coedge $-1 -1 $-1 $1102 $1094 $2343 $2344 forward $144 $-1 #
coedge $-1 -1 $-1 $2345 $2346 $1094 $1684 reversed $1661 $-1 #
edge $2347 -1 $-1 $1688 2.032559944606210019e-31 $2348 0.159166666666667983 $1094 $2349 forward @7 unknown #
coedge $-1 -1 $-1 $2333 $1095 $1098 $1690 reversed $1079 $-1 #
coedge $-1 -1 $-1 $1095 $2333 $2345 $2350 forward $1079 $-1 #
DXID-attrib $-1 -1 $-1 $-1 $1096 @10 Revit:Edge @7 Edge:12 #
vertex $-1 -1 $-1 $1096 $2351 #
ellipse-curve $-1 -1 $-1 -29.52599430083937548 0.9550000000017730972 92.14965498907052677 -1 3.552713678800440187e-15 1.027528214424255903e-14 -8.881784197001007777e-16 -0.2499999999999931166 -1.482269979994081105e-15 1 F 3.141592653591827045 F 4.712388980384686121 #
edge $2352 -1 $-1 $2336 -0.1365818265361148642 $1100 1.927754864479522379 $1098 $2353 forward @14 tangent_not_g2 #
point $-1 -1 $-1 -29.52599430083936838 1.205000000001765992 92.14965498907002939 #
coedge $-1 -1 $-1 $2325 $2324 $1102 $1693 reversed $2326 $-1 #
edge $2354 -1 $-1 $2355 0 $1695 0.2052723666032170435 $1102 $2356 forward @7 unknown #
DXID-attrib $-1 -1 $-1 $-1 $1104 @10 Revit:Edge @7 Edge:16 #
vertex $-1 -1 $-1 $1693 $2357 #
ellipse-curve $-1 -1 $-1 -29.52599430083940035 -0.9549999999982443644 94.61292338830861581 -1 3.552713678800500929e-15 -1.027528214424255903e-14 8.881784197001007777e-16 0.2499999999999931166 0 1 F 3.141592653589794448 F 4.712388980384680792 #
point $-1 -1 $-1 -29.52599430083940035 -0.9549999999982466958 94.86292338830861581 #
DXID-attrib $-1 -1 $-1 $-1 $1108 @10 Revit:Edge @7 Edge:28 #
straight-curve $-1 -1 $-1 -29.52599430083938969 0.9550000000017646595 94.86292338830861581 12 -4.263256414560601115e-14 1.232662861400249953e-13 F 0 F 2.06433669101563666 #
DXID-attrib $-1 -1 $2358 $-1 $1109 @10 Revit:Edge @7 Edge:31 #
straight-curve $-1 -1 $-1 -6.392935927085115821 1.205000000001676286 94.6129233883088574 -12 4.263256414560601115e-14 -1.231487325191381146e-13 F -0.1365818265361133377 F 1.927754864479523489 #
DXID-attrib $-1 -1 $-1 $-1 $1113 @10 Revit:Face @8 Face:297 #
face $2359 -1 $-1 $2360 $2361 $75 $-1 $2362 reversed single #
loop $-1 -1 $-1 $-1 $2363 $1113 #
cone-surface $-1 -1 $-1 -84.70972378171100559 -0.2352961613711024025 84.78358188862098643 -2.835344429367673977e-15 -3.374098775379942199e-16 1 8.475537986654677169 -11.48601493500476778 2.015557452373592005e-14 1 I I -0.06277286645776206098 -0.9980278389086528756 14.27456770800359465 forward I I I I #
coedge $-1 -1 $-1 $2364 $2364 $1118 $1708 reversed $1114 $-1 #
coedge $-1 -1 $-1 $1116 $1116 $2364 $2365 forward $668 $-1 #
edge $2366 -1 $-1 $1711 2.524240588287857538e-15 $1710 3.141592653589795336 $1118 $2367 forward @7 unknown #
DXID-attrib $-1 -1 $-1 $-1 $1119 @10 Revit:Edge @8 Edge:288 #
vertex $-1 -1 $-1 $1119 $2368 #
vertex $-1 -1 $-1 $1119 $2369 #
ellipse-curve $-1 -1 $-1 -81.90260529230093312 -0.7389022009027882421 84.4535663697958654 0 0 1 -2.82899862781027906e-13 -10.11707327439294701 0 1 F 3.141592653589795336 F 6.283185307179588897 #
DXID-attrib $-1 -1 $2370 $-1 $1120 @10 Revit:Edge @8 Edge:282 #
vertex $-1 -1 $-1 $1120 $2371 #
ellipse-curve $-1 -1 $-1 -81.90260529230093312 -0.7389022009027882421 84.28292760425591723 0 0 1 -2.841321498240887146e-13 -10.16114236013648053 0 1 I I #
coedge $-1 -1 $-1 $2372 $2373 $1121 $1717 reversed $2374 $-1 #
edge $2375 -1 $-1 $1722 5.292190553485275117 $1728 6.283185307179615542 $1121 $2376 forward @7 unknown #
coedge $-1 -1 $-1 $2377 $1122 $1127 $1732 reversed $1720 $-1 #
coedge $-1 -1 $-1 $1122 $2377 $2372 $2378 reversed $1720 $-1 #
loop $-1 -1 $-1 $-1 $1718 $2379 #
DXID-attrib $-1 -1 $-1 $-1 $1123 @10 Revit:Edge @8 Edge:284 #
vertex $-1 -1 $-1 $1123 $2380 #
straight-curve $-1 -1 $-1 -77.48950701227367688 -12.18443595349031305 84.28292760425586039 -12 3.04322988487200901e-13 3.804037356090011263e-14 F -1.398706172756081705e-15 F 0.7354717528145119365 #
coedge $-1 -1 $-1 $2381 $1124 $2373 $2382 forward $1726 $-1 #
coedge $-1 -1 $-1 $1124 $2381 $1126 $1731 reversed $1726 $-1 #
loop $-1 -1 $-1 $-1 $1725 $2383 #
DXID-attrib $-1 -1 $-1 $-1 $1125 @10 Revit:Edge @8 Edge:286 #
vertex $-1 -1 $-1 $1717 $2384 #
ellipse-curve $-1 -1 $-1 -81.90233752916043386 -0.7415007051264852489 84.2829276042558746 -3.27836223788815455e-15 8.127811549786921165e-29 -1 11.14457521991456623 3.281834834927339884e-13 -3.653595455827198832e-14 1 F 3.141592653589866391 F 6.283185307179553369 #
coedge $-1 -1 $-1 $1127 $1126 $2385 $2386 reversed $1128 $-1 #
edge $2387 -1 $-1 $1130 1.375771777774169369 $2388 2.455679037523104125 $1126 $2389 forward @7 unknown #
edge $2390 -1 $-1 $2391 -1.339022628393598646 $1131 -0.1348963850267443365 $1127 $2392 forward @7 unknown #
face $2393 -1 $-1 $2394 $1128 $75 $-1 $2395 reversed single #
point $-1 -1 $-1 -70.75776230924583388 -0.7415007051257924697 84.28292760425584618 #
point $-1 -1 $-1 -77.48950701227366267 -12.18443595349030417 84.2829276042558746 #
coedge $-1 -1 $-1 $2396 $1133 $1136 $1742 reversed $1738 $-1 #
coedge $-1 -1 $-1 $1133 $2396 $1141 $1746 forward $1738 $-1 #
loop $-1 -1 $-1 $-1 $1736 $2397 #
DXID-attrib $-1 -1 $-1 $-1 $1134 @10 Revit:Edge @8 Edge:278 #
ellipse-curve $-1 -1 $-1 -79.09495127660986213 -0.2352961613712610256 86.79418090728242419 3.27836223788815455e-15 -8.130197704434056283e-29 1 -14.57324152915264648 -0.5287458035099322773 4.777636471279741348e-14 1 F -0.0007710467480505833401 F 1.002993988098128675 #
coedge $-1 -1 $-1 $1136 $1135 $2398 $2399 reversed $1137 $-1 #
edge $2400 -1 $-1 $2401 -0.01214721005520254075 $1139 -1.536372140321107374e-15 $1136 $2402 forward @7 unknown #
face $2403 -1 $-1 $2383 $1137 $75 $-1 $2404 reversed single #
point $-1 -1 $-1 -93.66859616146327028 -0.752805158331831259 86.79418090728245261 #
coedge $-1 -1 $-1 $1142 $1141 $2405 $2406 reversed $1143 $-1 #
edge $2407 -1 $-1 $2408 6.282948598930813588 $1145 6.283185307179586232 $1737 $2409 forward @7 unknown #
face $2410 -1 $-1 $2379 $1143 $75 $-1 $2411 forward single #
point $-1 -1 $-1 -86.48637929992995055 -12.8061247962635214 86.79418090728242419 #
coedge $-1 -1 $-1 $2412 $2413 $1147 $1750 forward $2414 $-1 #
edge $2415 -1 $-1 $1755 5.291349796768565206 $1752 6.296284669936119904 $1749 $2416 forward @7 unknown #
DXID-attrib $-1 -1 $-1 $-1 $1148 @10 Revit:Edge @8 Edge:308 #
vertex $-1 -1 $-1 $1750 $2417 #
ellipse-curve $-1 -1 $-1 -693.001036772557427 -40.37592559146204962 24.66191368602189016 2.324529457808920875e-14 0.9140545703600653216 -0.405591225748137163 615.6988164854769821 27.51068061697563749 61.99903192011407782 1 F 6.282948560153565509 F 6.283185307179586232 #
DXID-attrib $-1 -1 $-1 $-1 $1149 @10 Revit:Edge @8 Edge:321 #
vertex $-1 -1 $-1 $2418 $2419 #
straight-curve $-1 -1 $-1 -70.13607889685758323 -0.7528051583314786521 86.79418090728239576 -4.866889225890520976 0.08874320321260699418 10.9683870239335679 F -0.0121472100552008147 F -1.764318452902590158e-15 #
DXID-attrib $-1 -1 $-1 $-1 $1150 @10 Revit:Face @8 Face:306 #
cone-surface $-1 -1 $-1 -84.70972378171100559 -0.2352961613710981836 86.67426913625060081 -2.635247581239567134e-15 -3.366958523023770664e-16 1 8.633735888503611733 -11.81830054024415588 1.877285884407724152e-14 1 I I 0.405591225748131945 -0.9140545703600677641 14.63603850268133755 forward I I I I #
DXID-attrib $-1 -1 $-1 $-1 $1154 @10 Revit:Face @8 Face:374 #
face $2420 -1 $-1 $2421 $1169 $76 $-1 $2422 forward single #
loop $-1 -1 $-1 $-1 $2423 $1154 #
spline-surface $-1 -1 $-1 forward { exactsur full nubs 3 3 open open none none 3 2 
	0 3 0.3960726710248129168 1 0.9241695657245633244 3 
	0.01460984884324015819 3 0.9085997203934093047 3 
	-76.56672974278532706 -9.589746831277626171 87.03810983397349332 
	-76.7496693279763349 -7.404460529924611123 87.03810983397349332 
	-77.40633304489051625 -2.324587721243233318 87.03810983397349332 
	-78.59331726089654069 2.662394446240663015 87.03810983397349332 
	-79.43991056540039608 5.46118980257144937 87.03810983397349332 
	-76.86476837698629083 -9.567139861049168914 87.9471903944476594 
	-76.99613890369278124 -7.395040849395542182 87.9471903944476594 
	-77.55808659426172369 -2.340694408678348548 87.9471903944476594 
	-78.71008310037436217 2.619721329556132794 87.9471903944476594 
	-79.55519064573832111 5.397344040622879646 87.9471903944476594 
	-77.16280701118724039 -9.544532890820709881 88.85627095492182548 
	-77.24261827082752063 -7.385614994553543866 88.85627095492182548 
	-77.70979142945797946 -2.356792331753882586 88.85627095492182548 
	-78.82696801537923648 2.577021766166094352 88.85627095492182548 
	-79.67047072607627456 5.333498278674309923 88.85627095492182548 
	-77.46084564538820416 -9.521925920592252623 89.76535151539599156 
	-77.48908784654396698 -7.376195314024475813 89.76535151539599156 
	-77.8615449788291869 -2.372899019188997816 89.76535151539599156 
	-78.94373385485707217 2.534348649481564131 89.76535151539599156 
	-79.78575080641419959 5.269652516725739311 89.76535151539599156 
	0 
	
	0 
	0 
	1 0.3960726710248129168 
	0 
	0 
	0 
	F 1 F 0 F 1 F 0 } I I I I #
tedge-edge $2424 -1 $-1 $1766 8.526512829120906881e-14 $1172 8.736160657593536882 $1157 $2425 forward @7 unknown 0.0002522788498258647758 #
pcurve $-1 -1 $-1 0 forward { exppc nubs 3 open 7 
	0 3 1.138921210184470123 3 2.270760375586062807 3 4.368504232676125199 3 6.47277475036811456 3 
	7.601827420060497609 3 8.736160657593536882 3 
	1 0.8443931575815035728 
	0.9567210032691068067 0.8443931575815033508 
	0.9134106265104520173 0.8448547753581879816 
	0.8698325082925816298 0.8457651231032797812 
	0.8265253677174249081 0.8466698101200955673 
	0.7832375924887126084 0.8480114100677542677 
	0.7397328072378602792 0.8497321457048583326 
	0.659101301628477354 0.8529213467174688867 
	0.579203893907371925 0.8573581189680767878 
	0.4985754575665432564 0.8623793510498539705 
	0.4176961638881602212 0.8674162055716591047 
	0.3378421514776958068 0.8729078255537484621 
	0.257591521983598748 0.8781384934098250827 
	0.2145328055718968285 0.8809450239663881854 
	0.1716820581196300821 0.8836575577019454286 
	0.128826826761131441 0.8861965621880132371 
	0.08577116192190134547 0.8887474415722114163 
	0.042899869692159108 0.8911117079764565574 
	8.254109834942795635e-14 0.893241922388868681 
	8.571216709523920091e-06 
	spline forward { ref 1 } I I I I 
	} 0 0 #
DXID-attrib $-1 -1 $-1 $-1 $1158 @10 Revit:Edge @8 Edge:361 #
tvertex-vertex $-1 -1 $-1 $1158 $2426 1.00748813949810695e-11 #
straight-curve $-1 -1 $-1 -85.27974848306180888 -11.73875724255260522 86.99354043783986867 4.511330796408399735 -8.627839969214855614e-14 11.11970748020725352 F 2.965528341135062565e-16 F 0.2316553689225552548 #
tcoedge-coedge $-1 -1 $-1 $2427 $1788 $1160 $1769 reversed $1790 $2428 -39.26648999308679322 -9.999999514584407955e-07 #
tedge-edge $2429 -1 $-1 $1776 9.999999514584407955e-07 $1780 39.26648999308679322 $1160 $2430 forward @7 unknown 0.0003809922724843996548 #
pcurve $-1 -1 $-1 0 forward { exppc nubs 3 open 6 
	9.999999514584407955e-07 3 6.531885017680907346 3 12.64617656564296766 3 19.57835424035528149 3 28.71792916454248612 3 
	39.26648999308679322 3 
	0.0758293492336087338 0.3151648699795264186 
	0.1269715537858169818 0.3572552914204573105 
	0.1785521173433700093 0.3899325020645492135 
	0.2304083260128800825 0.4129663214497481527 
	0.2789492948235772207 0.4345275565854276878 
	0.3276542307797292719 0.4476001617030166968 
	0.3765153342700133243 0.4518145842156324754 
	0.4319124065424421177 0.4565927544132079019 
	0.4870487124214174512 0.4499256850892647819 
	0.5421978769648179153 0.4320187944424411786 
	0.6149080619892741684 0.4084098541634164636 
	0.6873509590348123588 0.3653631865724112915 
	0.7585955605603060814 0.303634190356638467 
	0.8408234561824762254 0.2323888559873303616 
	0.9216946948642916748 0.1360576113122158037 
	1 0.01460800996565420756 
	0.0003937007874015747977 
	spline forward { ref 0 } I I I I 
	} 0 0 #
coedge $-1 -1 $-1 $2431 $1161 $1168 $1785 reversed $1773 $-1 #
coedge $-1 -1 $-1 $1161 $2431 $2427 $2432 forward $1773 $-1 #
loop $-1 -1 $-1 $-1 $1771 $2421 #
pcurve $-1 -1 $-1 0 forward { exppc nubs 3 open 4 
	-18.87210556325940303 3 -9.436223720728605713 3 -1.916654216891847007 3 -1.000000004743183713e-06 3 
	-0.1109852737491646424 1.853629835812213855 
	-0.10431847226954713 1.827049240161845001 
	-0.09810198886810786445 1.8004061150963937 
	-0.09258865344709507617 1.773528549186407011 
	-0.08819500910222785595 1.752109488591229836 
	-0.0842750489907870548 1.730684056097005152 
	-0.08087471086946734777 1.709116579298399108 
	-0.08000800314166163496 1.70361927340007635 
	-0.079174873597842782 1.698112807656665835 
	-0.07837562179655442607 1.692595085648557429 
	7.231837808754233417e-05 
	cone -89.25613055765680315 -7.193703559787073765 44.63273393762356278 -1 2.479229249243265764e-14 0 -1.118497736014974962e-12 -45.11473621716804416 0 1 I I 0 1 45.11473621716804416 forward I I I I 
	} 0 0 #
DXID-attrib $-1 -1 $-1 $-1 $1162 @10 Revit:Edge @8 Edge:357 #
tvertex-vertex $-1 -1 $-1 $1162 $2433 1.165926943150269048e-11 #
intcurve-curve $-1 -1 $-1 forward { parcur full nubs 3 open 4 
	1.000000004743183713e-06 3 1.916654216891847007 3 9.436223720728605713 3 18.87210556325940303 3 
	-85.7202350544485796 -1.712360756439466503 89.41324634708188057 
	-85.68417702026235361 -1.465274331114035489 89.38300187411438458 
	-85.64659060065822871 -1.218940705030900684 89.35078692786159138 
	-85.6074893101408918 -0.9732980907027840578 89.31660376269321944 
	-85.45408395274834845 -0.009573043696186412169 89.1824935939473562 
	-85.2772359863388516 0.9434582791828785009 89.01808833343987715 
	-85.07901788068809878 1.889983456126253625 88.82352411731717723 
	-84.83028520749229529 3.077724287042327589 88.57937650312442202 
	-84.54983019863793459 4.245281542329560232 88.28965866503303062 
	-84.24905920847274388 5.396813023995704839 87.9549951447459506 
	7.713568358659725257e-05 
	
	spline forward { ref 0 } I I I I 
	null_surface 
	nubs 3 open 3 
	1.000000004743183713e-06 3 9.436223720728605713 3 18.87210556325940303 3 
	0.5177666015269123401 0.7931796399738786363 
	0.4423066739160508853 0.7443695470769834399 
	0.3678214098601477189 0.6799031660594320181 
	0.2939213243063829029 0.5998686825956361934 
	0.2200239083513257921 0.5198370903321959391 
	0.1473227640288565787 0.4248675778663915659 
	0.0758293492336087338 0.3151648699795279729 
	
	nullbs 
	I I 
	0 
	1 9.436223720728605713 
	1 1.916654216891847007 
	surf1 } I I #
pcurve $-1 -1 $-1 0 forward { exppc nubs 1 open 2 
	-0.2351297201701358364 1 1.145986375348686156e-16 1 
	0 0.8932419223888731219 
	0 0.01460800996550898692 
	4.719640508191102715e-15 
	spline forward { ref 1 } I I I I 
	} 0 0 #
DXID-attrib $-1 -1 $-1 $-1 $1165 @10 Revit:Edge @8 Edge:359 #
tvertex-vertex $-1 -1 $-1 $1769 $2434 1.050268387740608428e-11 #
straight-curve $-1 -1 $-1 -87.23851687611343664 -9.58974697078008198 87.03810422421868509 3.737331792934264207 0.2834858937100949716 11.3996485392133966 F -1.145986375348686156e-16 F 0.2351297201701358364 #
coedge $-1 -1 $-1 $2435 $1167 $1188 $1802 reversed $1169 $-1 #
pcurve $-1 -1 $-1 0 forward { exppc nubs 3 open 7 
	-8.736160657593536882 3 -7.601827420060497609 3 -6.47277475036811456 3 -4.368504232676125199 3 -2.270760375586062807 3 
	-1.138921210184470123 3 -0 3 
	-0.06124446952038149067 -1.614472139933334605 
	-0.06115618932436939909 -1.617619337800793256 
	-0.06138179030874788694 -1.620768797977781173 
	-0.06192090494131066714 -1.623870595614723467 
	-0.06245750987804779553 -1.626957953709291527 
	-0.06330238561153207766 -1.629984576893231951 
	-0.06444707539416788533 -1.632901499234467035 
	-0.06658048956178155842 -1.638337909642787693 
	-0.06972566393798976248 -1.643317594405693249 
	-0.07374272446245327961 -1.64755464963527376 
	-0.07774732556668535743 -1.651778563103278197 
	-0.08252984725557099832 -1.655170455043933453 
	-0.08784412896426761763 -1.657544931553549983 
	-0.09071145337737487879 -1.65882608201518833 
	-0.09370479943173339044 -1.659798205363323786 
	-0.09677706366902946722 -1.660450007573081699 
	-0.09986855140872628878 -1.66110588818247451 
	-0.1030194261222415475 -1.661433095775030733 
	-0.1061798936127248405 -1.661433095775030733 
	3.422260760585224273e-07 
	cone -89.25613055765680315 -7.458232503248883205 42.47163228315327643 -1 2.479229249243265764e-14 0 1.17247629002796265e-12 47.29196746875413737 0 1 I I 0 1 47.29196746875413737 forward I I I I 
	} 0 0 #
tcoedge-coedge $-1 -1 $-1 $1168 $2435 $2423 $2436 reversed $1169 $2437 -19.98875614790357957 -9.999999554375832589e-07 #
edge $2438 -1 $-1 $2439 -0.6362695561168341118 $1173 1.083013682794517904e-29 $1168 $2440 forward @14 tangent_not_g2 #
point $-1 -1 $-1 -86.35975909745785373 -9.523091011919856186 89.71850039528182208 #
point $-1 -1 $-1 -85.7202350544485796 -1.712360756439473164 89.41324634708186636 #
tcoedge-coedge $-1 -1 $-1 $1768 $1175 $1177 $1793 reversed $1790 $2441 -0.4233326177851776118 -0 #
tcoedge-coedge $-1 -1 $-1 $1175 $2442 $1182 $1797 reversed $1790 $2443 -0.4233847203213056964 -0 #
loop $-1 -1 $-1 $-1 $1175 $2444 #
DXID-attrib $-1 -1 $2445 $-1 $1176 @10 Revit:Edge @8 Edge:387 #
ellipse-curve $-1 -1 $-1 -81.90260529230093312 -0.7388793128652056952 86.99354043783944235 -4.104860994884170407e-29 -1.655700454541304186e-15 -1 2.931184084827203214e-13 10.48250920852691159 -1.735589526129141454e-14 1 F 3.678054398433168171 F 8.888320000452518244 #
tedge-edge $2446 -1 $-1 $1780 0 $1180 0.4233326177851776118 $1177 $2447 forward @7 unknown 1.263970958380620512e-05 #
pcurve $-1 -1 $-1 0 forward { exppc nubs 3 open 3 
	0 3 0.2116656259153410491 3 0.4233326177851776118 3 
	0 0.01460800996557203545 
	0.008000280276160735143 0.0121568070711066227 
	0.01602014786878468156 0.009712620788901581148 
	0.02406095556598691898 0.007277254725176798313 
	0.03210181515341636871 0.004841872945157936828 
	0.04016298434179008808 0.00241550247085838693 
	0.04824583792836476676 2.06687513343944327e-15 
	0.0003937007874015747977 
	spline forward { ref 1 } I I I I 
	} 0 0 #
point $-1 -1 $-1 -87.26019465299691547 -9.748831340982745175 86.99354043783988288 #
coedge $-1 -1 $-1 $1799 $1182 $2448 $2449 forward $1155 $2450 #
tedge-edge $2451 -1 $-1 $1186 0 $2452 0.4233847203213056964 $1182 $2453 forward @7 unknown 7.840901903338577268e-06 #
pcurve $-1 -1 $-1 0 forward { exppc nubs 3 open 3 
	0 3 0.2116930434701655706 3 0.4233847203213167987 3 
	0.9517479775915258511 1.300607480530774121e-15 
	0.9598318727242513004 0.002415803690770254586 
	0.9678940777759896807 0.004842478510316964788 
	0.9759359680740727905 0.007278167045671459119 
	0.9839778064564197457 0.009713839857040834289 
	0.9919986993273557374 0.01215833522034142494 
	0.9999999999999739098 0.01460984884332392798 
	0.0003937007874015747977 
	spline forward { ref 9 } I I I I 
	} 0 0 #
tcoedge-coedge $-1 -1 $-1 $1183 $1796 $2435 $2454 forward $1155 $2455 0 8.73810371689185672 #
pcurve $-1 -1 $-1 0 forward { exppc nubs 1 open 2 
	-0.231655368922552285 1 -2.292826852432344232e-16 1 
	0 0.8443931575815029067 
	0 5.068037102771667662e-16 
	5.709506989836143837e-15 
	spline forward { ref 9 } I I I I 
	} 0 0 #
point $-1 -1 $-1 -76.54505003004612718 -9.748851616857594493 86.99354043783985446 #
edge $2456 -1 $-1 $1804 1.237513669864396552e-05 $1766 0.3886877240045745752 $1188 $2457 forward @7 unknown #
DXID-attrib $-1 -1 $-1 $-1 $1189 @10 Revit:Edge @8 Edge:367 #
tvertex-vertex $-1 -1 $-1 $1189 $2458 1.006998034366600388e-11 #
straight-curve $-1 -1 $-1 -78.52549629670014042 -11.7387572425527491 86.99354043783985446 -4.511330796407868604 1.207897595690116641e-13 11.11970748020746846 F 2.292826852432344232e-16 F 0.231655368922552285 #
DXID-attrib $-1 -1 $-1 $1192 $713 @10 Revit:Face @8 Face:399 #
DXID-attrib $-1 -1 $2459 $-1 $1193 @10 Revit:Face @8 Face:409 #
face $2460 -1 $-1 $2461 $2462 $77 $-1 $2463 reversed single #
loop $-1 -1 $-1 $2464 $2465 $1193 #
cone-surface $-1 -1 $-1 -81.88122913574319739 -0.7576933599002954045 81.1534155778656725 -1.721987116349235082e-15 2.486964551901075577e-18 1 -0.6736420328116502487 -0.2188795646710170184 -1.15945855581449807e-15 1 I I -0.01845919797482103997 -0.9998296144894520676 0.7083091501605682794 forward I I I I #
loop $-1 -1 $-1 $-1 $1814 $713 #
coedge $-1 -1 $-1 $1812 $1812 $2466 $2467 forward $1194 $-1 #
coedge $-1 -1 $-1 $1196 $1196 $1197 $1816 reversed $714 $-1 #
coedge $-1 -1 $-1 $1198 $1198 $1196 $1815 reversed $1811 $-1 #
edge $2468 -1 $-1 $1819 1.804616265326514664e-15 $1818 3.141592653589796225 $1196 $2469 forward @7 unknown #
edge $2470 -1 $-1 $1819 -1.995282961459732932e-30 $1818 0.09586545629453306627 $1197 $2471 forward @2 g2 #
DXID-attrib $-1 -1 $-1 $-1 $1199 @10 Revit:Edge @8 Edge:401 #
vertex $-1 -1 $-1 $1199 $2472 #
vertex $-1 -1 $-1 $1199 $2473 #
ellipse-curve $-1 -1 $-1 -81.88122913574318318 -0.7576933599002950714 80.10255974417171387 1.727558790417912113e-15 -4.283014282991404232e-29 -1 -0.5751927377671981478 1.426034659424749504e-14 -9.936792703142683204e-16 1 F 3.141592653589796225 F 6.283185307179588008 #
DXID-attrib $-1 -1 $-1 $-1 $1201 @10 Revit:Edge @8 Edge:394 #
ellipse-curve $-1 -1 $-1 -81.88122913574319739 -0.7576933599002950714 84.45356636979579434 -1.727558790417912113e-15 4.283014282991404232e-29 1 -1.835459803934978762 4.550525631725910167e-14 -3.170864718746610417e-15 1 F 3.141592653589790007 F 6.283185307179584456 #
loop $-1 -1 $-1 $-1 $2474 $1824 #
face $2475 -1 $-1 $-1 $1202 $77 $-1 $2476 reversed single #
DXID-attrib $-1 -1 $-1 $1205 $426 @10 Revit:Edge @8 Edge:390 #
DXID-attrib $-1 -1 $-1 $-1 $1209 @10 Revit:Edge @8 Edge:435 #
ellipse-curve $-1 -1 $-1 -81.94089161913097996 -11.74013011277645369 86.73849059906763159 2.479229249243265764e-14 1 0 2.843750000000003109 -7.05030817753554393e-14 -9.014456908753415093e-15 1 F -3.141592653589788231 F 1.748789533081418501e-14 #
point $-1 -1 $-1 -79.09714161913097996 -11.74013011277652296 86.73849059906757475 #
point $-1 -1 $-1 -84.78464161913097996 -11.74013011277638263 86.73849059906766001 #
DXID-attrib $-1 -1 $-1 $-1 $1218 @10 Revit:Edge @8 Edge:437 #
straight-curve $-1 -1 $-1 -79.09714161913100838 -12.8220774394366579 86.73849059906756054 2.955266150331584504e-13 12 0 F 1.148208057390542395e-29 F 0.0901622772216779389 #
DXID-attrib $-1 -1 $-1 $-1 $1219 @10 Revit:Edge @8 Edge:439 #
straight-curve $-1 -1 $-1 -84.78464161913102259 -12.82207743943652112 86.73849059906767422 -3.546319380397892519e-13 -12 -0 F -0.09016227722167828584 F -2.755699337737295023e-29 #
DXID-attrib $-1 -1 $-1 $1222 $741 @10 Revit:Edge @8 Edge:160 #
point $-1 -1 $-1 -64.61996427740069748 -1.187500000001822098 86.73849059906751791 #
DXID-attrib $-1 -1 $-1 $-1 $1228 @10 Revit:Face @8 Face:191 #
face $2477 -1 $-1 $2478 $2479 $80 $-1 $2480 forward single #
loop $-1 -1 $-1 $-1 $2481 $1228 #
plane-surface $-1 -1 $-1 -67.07308895686580286 -1.867483755435252525e-12 86.73849059906751791 -1 -1.993994566947377939e-14 -3.169918912968230602e-15 -2.392793480336853527e-13 12 5.365932710646091654e-28 forward_v I I I I #
coedge $-1 -1 $-1 $2482 $2482 $2483 $2484 forward $1229 $-1 #
DXID-attrib $-1 -1 $2485 $-1 $1233 @10 Revit:Edge @8 Edge:185 #
straight-curve $-1 -1 $-1 -67.48959413384247341 -2.169181823732343251 86.73849059906751791 -12 -2.638420992835288743e-13 0 F 4.662353909187041569e-16 F 0.1035145129603797787 #
coedge $-1 -1 $-1 $2486 $2487 $1234 $1844 reversed $2488 $-1 #
edge $2489 -1 $-1 $1851 -3.220247612994993069 $2490 0.002168802795041407331 $1234 $2491 forward @7 unknown #
coedge $-1 -1 $-1 $2492 $2486 $1235 $1846 reversed $2488 $-1 #
edge $2493 -1 $-1 $2490 -13.70248675087494483 $1850 -10.94615899483955168 $1235 $2494 forward @7 unknown #
coedge $-1 -1 $-1 $1236 $1236 $2486 $2495 reversed $1848 $-1 #
loop $-1 -1 $-1 $-1 $1847 $2496 #
DXID-attrib $-1 -1 $2497 $-1 $1237 @10 Revit:Edge @8 Edge:176 #
vertex $-1 -1 $-1 $1846 $2498 #
vertex $-1 -1 $-1 $1237 $2499 #
intcurve-curve $-1 -1 $-1 forward { surfintcur full nubs 3 periodic 33 
	0 3 0.3950827993991788967 2 0.7901655987983577933 2 1.185248398197536801 2 1.580331197596715587 2 
	1.971146774437012139 2 2.361962351277308692 2 2.752777928117605466 2 3.14359350495790224 2 3.534409081798200791 2 
	3.925224658638499342 2 4.316040235478798337 2 4.706855812319096444 2 5.101938611718271233 2 5.497021411117445133 2 
	5.892104210516619034 2 6.287187009915793823 2 6.682269809314968612 2 7.077352608714144289 2 7.472435408113319966 2 
	7.867518207512494754 2 8.258333784352792861 2 8.649149361193092744 2 9.039964938033390851 2 9.430780514873688958 2 
	9.821596091713988841 2 10.2124116685542905 2 10.60322724539459216 2 10.99404282223489204 2 11.38912562163406328 2 
	11.78420842103323452 2 12.17929122043240753 2 12.57437401983157876 3 
	-68.11068121160479905 -0.887588594724395219 87.52737762299329916 
	-68.05883307520070957 -0.8875885947243939977 87.52737762299329916 
	-68.00616375875029007 -0.8922724760706044478 87.52219650896476821 
	-67.90287133986582546 -0.9101709798045608535 87.5013365274176067 
	-67.85223606368130334 -0.9233298541487919842 87.48567014804851283 
	-67.75597673450064917 -0.9547560109322715816 87.44507116902151722 
	-67.71025023819814237 -0.9730016321224098652 87.420104197335462 
	-67.62584611792095757 -1.010669223509317316 87.36289190750318312 
	-67.58716746168497025 -1.030066073954716943 87.33063157756369321 
	-67.51891084865854964 -1.066386312313271079 87.2623749645372726 
	-67.48671881762214753 -1.084716149766534965 87.22389532619017416 
	-67.4293823507978658 -1.118681453299527284 87.13946276854082384 
	-67.40423441380343661 -1.134297624948794825 87.09350446635063747 
	-67.36340236381985846 -1.160167956963100711 86.99670808571109148 
	-67.34768474637647273 -1.17043393211152047 86.94576708398132325 
	-67.3268764074854289 -1.184103861341602615 86.84230377842814619 
	-67.32179418767900358 -1.187500000001856737 86.78977873251113806 
	-67.32179418767900358 -1.187500000001857181 86.68720246562391196 
	-67.3268764074854289 -1.184103861341603503 86.63467741970688962 
	-67.34768474637647273 -1.170433932111522246 86.53121411415371256 
	-67.36340236381985846 -1.160167956963102931 86.48027311242394433 
	-67.40423441380343661 -1.1342976249487986 86.38347673178441255 
	-67.4293823507978658 -1.118681453299529949 86.33751842959421197 
	-67.48671881762214753 -1.084716149766538296 86.25308587194486165 
	-67.51891084865854964 -1.066386312313276408 86.21460623359776321 
	-67.58716746168497025 -1.03006607395472316 86.14634962057135681 
	-67.62584611792095757 -1.010669223509320425 86.11408929063185269 
	-67.71025023819814237 -0.9730016321224127518 86.05687700079957381 
	-67.75597673450064917 -0.9547560109322750233 86.03191002911350438 
	-67.85223606368128912 -0.9233298541487968691 85.99131105008652298 
	-67.90287133986582546 -0.9101709798045655164 85.97564467071742911 
	-68.00616375875029007 -0.8922724760706102209 85.9547846891702676 
	-68.05883307520070957 -0.887588594724400437 85.94960357514173666 
	-68.16252934800888852 -0.8875885947244022134 85.94960357514173666 
	-68.21519866445930802 -0.8922724760706147729 85.9547846891702676 
	-68.31849108334375842 -0.9101709798045737321 85.9756446707174149 
	-68.36912635952828055 -0.9233298541488080824 85.99131105008652298 
	-68.46538568870894892 -0.9547560109322911215 86.03191002911350438 
	-68.51111218501145572 -0.9730016321224319586 86.05687700079957381 
	-68.59551630528864052 -1.010669223509341519 86.11408929063185269 
	-68.63419496152461363 -1.030066073954741368 86.1463496205713426 
	-68.70245157455102003 -1.06638631231329728 86.21460623359776321 
	-68.73464360558742214 -1.084716149766562721 86.25308587194484744 
	-68.79198007241170387 -1.118681453299557038 86.33751842959421197 
	-68.81712800940613306 -1.134297624948825467 86.38347673178439834 
	-68.8579600593897112 -1.160167956963132019 86.48027311242394433 
	-68.87367767683309694 -1.170433932111552 86.53121411415371256 
	-68.89448601572414077 -1.184103861341634589 86.63467741970687541 
	-68.8995682355305803 -1.187500000001888711 86.68720246562389775 
	-68.8995682355305803 -1.187500000001888267 86.78977873251112385 
	-68.89448601572414077 -1.184103861341634367 86.84230377842814619 
	-68.87367767683309694 -1.170433932111551556 86.94576708398130904 
	-68.8579600593897112 -1.160167956963131353 86.99670808571107727 
	-68.81712800940613306 -1.134297624948824135 87.09350446635062326 
	-68.79198007241171808 -1.118681453299554152 87.13946276854082384 
	-68.73464360558743635 -1.084716149766559612 87.22389532619017416 
	-68.70245157455102003 -1.066386312313295948 87.2623749645372726 
	-68.63419496152461363 -1.030066073954739814 87.330631577563679 
	-68.59551630528864052 -1.010669223509336856 87.36289190750318312 
	-68.51111218501145572 -0.9730016321224247422 87.420104197335462 
	-68.46538568870894892 -0.9547560109322859034 87.44507116902151722 
	-68.36912635952828055 -0.9233298541488024203 87.48567014804849862 
	-68.31849108334375842 -0.9101709798045675148 87.5013365274176067 
	-68.21519866445929381 -0.8922724760706083336 87.522196508964754 
	-68.16252934800888852 -0.8875885947243964402 87.52737762299329916 
	-68.11068121160479905 -0.887588594724395219 87.52737762299329916 
	6.61609522390166322e-05 
	
	cone -68.11068121160477062 -2.169181823732357017 86.73849059906751791 -2.190747307372565795e-14 1 4.471610592205076565e-29 -0.7888870239257854688 -1.728252123486571814e-14 -2.500707897337568754e-15 1 I I 0 1 0.7888870239257854688 forward I I I I 
	cone -67.32308895686580286 -1.872468741852620824e-12 86.73849059906751791 1 1.993994566947377939e-14 4.290614063747059892e-15 -2.367868548249980538e-14 1.187499999999984457 5.310037578243459162e-29 1 I I 0 1 1.187499999999984457 forward I I I I 
	nullbs 
	nullbs 
	I I 
	0 
	0 
	0 
	} F 12.47591963856226016 F 18.96001541101670895 #
DXID-attrib $-1 -1 $-1 $-1 $1238 @10 Revit:Edge @8 Edge:169 #
ellipse-curve $-1 -1 $-1 -68.11068121160477062 -2.169181823732359238 86.73849059906751791 -2.190747307372565795e-14 1 4.471610592205076005e-29 -0.6210870777622722327 -1.360644843251593335e-14 -1.968795674398796831e-15 1 F 3.141592653589796225 F 6.283185307179588008 #
point $-1 -1 $-1 -68.73176828936703942 -2.16918182373237256 86.73849059906751791 #
point $-1 -1 $-1 -67.48959413384248762 -2.169181823732345027 86.73849059906751791 #
DXID-attrib $-1 -1 $-1 $1245 $760 @10 Revit:Edge @8 Edge:213 #
point $-1 -1 $-1 -67.52010738078165275 -2.169181823732370784 86.73849059906707737 #
DXID-attrib $-1 -1 $2500 $-1 $1251 @10 Revit:Face @8 Face:240 #
torus-surface $-1 -1 $-1 -79.81379667901606467 -13.57088815749077426 86.73849059906703474 -1 -8.232756540238825195e-15 4.194798976743628363e-15 0.4325685064752674558 -0.356177787936972079 4.194798976743628363e-15 0 1 forward_v I I I I #
coedge $-1 -1 $-1 $2501 $2501 $1254 $1863 reversed $1252 $-1 #
coedge $-1 -1 $-1 $1254 $1254 $2502 $2503 forward $766 $-1 #
edge $2504 -1 $-1 $2505 2.331176954593664752e-16 $2506 0.1033329021892514382 $1254 $2507 forward @2 g2 #
no_merge_attribute-st-attrib $-1 -1 $2508 $1255 $769 #
loop $-1 -1 $-1 $-1 $2509 $1251 #
DXID-attrib $-1 -1 $-1 $1258 $771 @10 Revit:Edge @8 Edge:222 #
point $-1 -1 $-1 -79.81379667901606467 -14.35963445190300192 86.73849059906703474 #
DXID-attrib $-1 -1 $2510 $-1 $1268 @10 Revit:Edge @8 Edge:255 #
vertex $-1 -1 $-1 $1268 $2511 #
ellipse-curve $-1 -1 $-1 -81.68019623276103403 -14.08995635292901483 86.73849059906758896 2.12509629364432482e-14 -1 4.1460322886868949e-15 7.414565716928942174e-14 -2.462229846601722317e-15 -0.593876186956353691 1 I I #
DXID-attrib $-1 -1 $-1 $-1 $1270 @10 Revit:Edge @8 Edge:248 #
ellipse-curve $-1 -1 $-1 -81.68019623276107666 -12.58489253316378331 86.73849059906757475 -2.12509629364432482e-14 1 -4.1460322886868949e-15 2.383834996247053601e-13 -7.916242031184429542e-15 -1.909353685640657217 1 F -1.149060075063108641e-15 F 3.141592653589794892 #
DXID-attrib $-1 -1 $-1 $1273 $471 @10 Revit:Edge @8 Edge:244 #
DXID-attrib $-1 -1 $-1 $-1 $1276 @10 Revit:Edge @8 Edge:263 #
straight-curve $-1 -1 $-1 -84.52394623276110508 -11.69696833882800924 86.73849059906750369 8.698841661749410648 -8.26620552271795006 5.457257688489379695e-13 F 1.855267364808179961e-29 F 0.1074161768535336625 #
pcurve $-1 -1 $-1 0 forward { exppc nubs 1 open 2 
	-6.072873345600054762 1 -3.351904615169299717 1 
	0.9999999999999993339 0 
	0 0 
	5.764559256509259011e-15 
	spline forward { ref 7 } I I I I 
	} 0 0 #
DXID-attrib $-1 -1 $-1 $-1 $1278 @10 Revit:Edge @8 Edge:269 #
ellipse-curve $-1 -1 $-1 -81.68019623276110508 -11.69696833882794529 87.34554193026362157 -2.137326094149961626e-14 1 3.236368059376708974e-33 -2.907821414944002925 -6.214962587287881068e-14 -3.4407870808914143e-30 1 F 3.351904615169297053 F 6.072873345600051209 #
point $-1 -1 $-1 -84.52394623276110508 -11.69696833882800924 86.73849059906751791 #
point $-1 -1 $-1 -78.83644623276110508 -11.69696833882787779 86.73849059906760317 #
DXID-attrib $-1 -1 $-1 $-1 $1288 @10 Revit:Edge @8 Edge:265 #
straight-curve $-1 -1 $-1 -79.77084254712040945 -12.58489253316383838 86.73849059906760317 8.698841661748961229 8.266205522718422571 9.922286706344496538e-14 F -3.379756535587874777e-16 F 0.1074161768535321498 #
DXID-attrib $-1 -1 $-1 $-1 $1293 @10 Revit:Face @8 Face:128 #
face $2512 -1 $-1 $2513 $2514 $85 $-1 $2515 forward single #
loop $-1 -1 $-1 $-1 $1907 $1293 #
plane-surface $-1 -1 $-1 -66.78095672562713503 -1.42492103576295448 85.32247310874413415 -0.5735773370063191878 -1.15308854559580577e-15 -0.8191514136426424342 0 12 -1.689194734538556679e-14 forward_v I I I I #
coedge $-1 -1 $-1 $2516 $1296 $2517 $2518 forward $305 $-1 #
coedge $-1 -1 $-1 $2519 $2520 $1296 $1889 reversed $2521 $-1 #
edge $2522 -1 $-1 $1894 -1.764839088005867085 $2523 0.717634279968340616 $1296 $2524 forward @7 unknown #
coedge $-1 -1 $-1 $1318 $1297 $1303 $1902 forward $1892 $-1 #
coedge $-1 -1 $-1 $1297 $1318 $2519 $2525 reversed $1892 $-1 #
loop $-1 -1 $-1 $-1 $1318 $2526 #
DXID-attrib $-1 -1 $-1 $-1 $1298 @10 Revit:Edge @8 Edge:109 #
vertex $-1 -1 $-1 $1298 $2527 #
straight-curve $-1 -1 $-1 -62.30997040286893451 1.4143984152835678 89.09656286792458957 11.85219864254560029 4.187590901491719907e-15 -1.877601485310507412 F 5.084383023345279236e-33 F 0.03976831968816474383 #
coedge $-1 -1 $-1 $1299 $2528 $2529 $2530 forward $305 $-1 #
coedge $-1 -1 $-1 $1313 $1312 $1299 $1898 reversed $808 $-1 #
edge $2531 -1 $-1 $2532 2.617992778494006245 $1900 4.18879130428392088 $1299 $2533 forward @7 unknown #
DXID-attrib $-1 -1 $-1 $-1 $1301 @10 Revit:Edge @8 Edge:120 #
vertex $-1 -1 $-1 $1898 $2534 #
straight-curve $-1 -1 $-1 -65.3223544908526037 1.414398415283565358 89.10057108835553663 11.99999999997098499 9.065396335944489767e-15 -2.63879402160321089e-05 F -1.281561627308441731e-22 F 0.1837023418749650916 #
edge $2535 -1 $-1 $1307 -0.2366099542538761535 $1321 1.456985596620940322e-17 $1890 $2536 forward @7 unknown #
face $2537 -1 $-1 $-1 $1304 $85 $-1 $2538 forward single #
point $-1 -1 $-1 -63.11792638835834879 1.414398415283566912 89.10056624082912435 #
point $-1 -1 $-1 -62.30997040286893451 1.414398415283568022 89.09656286792458957 #
coedge $-1 -1 $-1 $2539 $1309 $2540 $2541 forward $188 $-1 #
coedge $-1 -1 $-1 $2542 $2543 $1309 $1908 reversed $1885 $-1 #
edge $2544 -1 $-1 $1912 0 $2545 0.03460057225678733056 $1309 $2546 forward @7 unknown #
coedge $-1 -1 $-1 $2529 $1310 $1313 $1914 reversed $1294 $-1 #
coedge $-1 -1 $-1 $1310 $2529 $2542 $2547 forward $1294 $-1 #
DXID-attrib $-1 -1 $-1 $-1 $1311 @10 Revit:Edge @7 Edge:96 #
vertex $-1 -1 $-1 $1311 $2548 #
straight-curve $-1 -1 $-1 -66.78095672562714924 -1.424921035762951371 87.64197206103654025 1.102804485515409556e-13 -1.636975408186936434e-14 -12 F -2.913971193241880643e-17 F 0.1932915793577006103 #
edge $2549 -1 $-1 $2532 -0.2366099542538761535 $1315 4.101887330184350052e-32 $1313 $2550 forward @14 tangent_not_g2 #
point $-1 -1 $-1 -66.78095672562714924 -1.424921035762951371 87.64197206103654025 #
coedge $-1 -1 $-1 $1317 $2551 $2552 $2553 forward $188 $-1 #
coedge $-1 -1 $-1 $2520 $2519 $1317 $1918 reversed $2521 $-1 #
edge $2554 -1 $-1 $2555 5.565551027211249391 $1920 8.048024395185453983 $1317 $2556 forward @7 unknown #
DXID-attrib $-1 -1 $-1 $-1 $1319 @10 Revit:Edge @8 Edge:105 #
vertex $-1 -1 $-1 $1918 $2557 #
straight-curve $-1 -1 $-1 -61.83862837824455028 -1.42492103576294582 89.02189381180980376 -11.85219864254560029 -4.187590901491719907e-15 1.877601485310507412 F 0 F 0.03976831968816474383 #
point $-1 -1 $-1 -62.30997040286893451 -1.42492103576294582 89.09656286792460378 #
DXID-attrib $-1 -1 $-1 $-1 $1323 @10 Revit:Edge @8 Edge:122 #
straight-curve $-1 -1 $-1 -63.11792638835834879 -1.424921035762946486 89.10056624082912435 0 12 -1.618811620599450032e-14 F 1.456985596620940322e-17 F 0.2366099542538761258 #
DXID-attrib $-1 -1 $-1 $-1 $1324 @10 Revit:Edge @8 Edge:123 #
straight-curve $-1 -1 $-1 -65.3223544908526037 -1.424921035762948263 89.10057108835555084 0 -12 1.618811620599450032e-14 F -0.2366099542538761535 F -3.930975358093335056e-32 #
DXID-attrib $-1 -1 $-1 $-1 $1328 @10 Revit:Face @7 Face:66 #
face $2558 -1 $-1 $1965 $1949 $86 $-1 $2559 forward single #
plane-surface $-1 -1 $-1 -37.14305430233837058 -1.495794101253474118 90.41663734685393194 2.954143335718331325e-15 -1.382647208048913206e-14 1 0 12 1.659176649658695595e-13 forward_v I I I I #
coedge $-1 -1 $-1 $2560 $1330 $1331 $1934 reversed $828 $-1 #
coedge $-1 -1 $-1 $2561 $2562 $1330 $1932 reversed $2563 $-1 #
edge $2564 -1 $-1 $1362 4.71238898038468168 $2565 5.673970865196499069 $1330 $2566 forward @7 unknown #
coedge $-1 -1 $-1 $1332 $1331 $2562 $2567 forward $492 $-1 #
edge $2568 -1 $-1 $1942 -0.1423935714987997481 $2565 5.099449588173291341e-16 $1331 $2569 forward @7 unknown #
coedge $-1 -1 $-1 $2570 $2571 $1332 $1936 reversed $2572 $-1 #
edge $2573 -1 $-1 $2574 -2.331176954593471974e-16 $1941 0.09720583051306709577 $1332 $2575 forward @7 unknown #
coedge $-1 -1 $-1 $2576 $1333 $2571 $2577 reversed $1939 $-1 #
coedge $-1 -1 $-1 $1333 $1954 $2560 $2578 reversed $1939 $-1 #
loop $-1 -1 $-1 $-1 $1954 $2579 #
DXID-attrib $-1 -1 $-1 $-1 $1334 @10 Revit:Edge @7 Edge:55 #
vertex $-1 -1 $-1 $1334 $2580 #
vertex $-1 -1 $-1 $1334 $2581 #
ellipse-curve $-1 -1 $-1 -35.85572075152111182 0.00196512422550286156 91.51001052175170969 0.6427876096865412503 -1.059169210519837442e-14 0.7660444431189765702 1.515016464752539482 0 -1.271249756801368758 0.7660444431189764591 F 0.4006963880081752527 F 0.6059904023462675537 #
coedge $-1 -1 $-1 $1953 $1335 $1364 $1983 forward $310 $-1 #
coedge $-1 -1 $-1 $1352 $1351 $1335 $1946 reversed $1353 $-1 #
edge $2582 -1 $-1 $1951 7.28492798310470093e-16 $1988 0.1174434195526257996 $1335 $2583 forward @7 unknown #
coedge $-1 -1 $-1 $1349 $1336 $1342 $1964 forward $1949 $-1 #
coedge $-1 -1 $-1 $1336 $1349 $1352 $1972 reversed $1949 $-1 #
loop $-1 -1 $-1 $-1 $1349 $1928 #
DXID-attrib $-1 -1 $-1 $-1 $1337 @10 Revit:Edge @7 Edge:46 #
vertex $-1 -1 $-1 $1337 $2584 #
ellipse-curve $-1 -1 $-1 -38.49136377939451847 1.516845700329369606 88.19522568930577222 0 1 1.382799582304305996e-14 2.222249347496556116 0 0 1 F 0.5584802019862235012 F 4.684930664322223492 #
coedge $-1 -1 $-1 $1338 $1944 $1981 $2585 forward $310 $-1 #
coedge $-1 -1 $-1 $1938 $2586 $1338 $1955 reversed $1939 $-1 #
edge $2587 -1 $-1 $2588 8.573118060898306905e-18 $1960 0.2859378840934581056 $1338 $2589 forward @14 tangent_not_g2 #
coedge $-1 -1 $-1 $2590 $1339 $2586 $2591 forward $1958 $-1 #
coedge $-1 -1 $-1 $1339 $1974 $1341 $1963 reversed $1958 $-1 #
loop $-1 -1 $-1 $-1 $1974 $2592 #
DXID-attrib $-1 -1 $2593 $-1 $1340 @10 Revit:Edge @7 Edge:53 #
vertex $-1 -1 $-1 $1955 $2594 #
straight-curve $-1 -1 $-1 -35.83542965459533036 1.516845700329385815 87.03386693292144116 -12 0 0 F 3.343155895746509906e-14 F 0.05661817912005016884 #
coedge $-1 -1 $-1 $1342 $1341 $1348 $1968 reversed $1343 $-1 #
edge $2595 -1 $-1 $1345 -0.2510533167985677938 $2596 -0 $1341 $2597 forward @7 unknown #
edge $2598 -1 $-1 $1346 -0.2510533167985677938 $1970 4.053558716601374032e-30 $1947 $2599 forward @7 unknown #
face $2600 -1 $-1 $2592 $1343 $86 $-1 $2601 forward single #
point $-1 -1 $-1 -36.51484780403593078 1.516845700329385815 87.03386693292145537 #
point $-1 -1 $-1 -36.60675982451259358 1.516845700329386037 87.01766036385998859 #
edge $2602 -1 $-1 $1970 -3.808038427591525014e-19 $2596 0.007777492628682395638 $1348 $2603 forward @7 unknown #
DXID-attrib $-1 -1 $-1 $-1 $1350 @10 Revit:Edge @7 Edge:39 #
vertex $-1 -1 $-1 $1350 $2604 #
ellipse-curve $-1 -1 $-1 -38.49136377939451847 -1.495794101253443253 88.19522568930572959 0 -1 -1.382799582304305996e-14 2.222249347496556116 0 0 1 F 1.59825464285736274 F 5.72470510519336262 #
edge $2605 -1 $-1 $1951 -0.2510533167985677938 $1355 2.913971193241902214e-17 $1352 $2606 forward @7 unknown #
point $-1 -1 $-1 -38.55237533696987384 -1.495794101253474118 90.41663734685393194 #
coedge $-1 -1 $-1 $1957 $2607 $1357 $1975 reversed $1958 $-1 #
edge $2608 -1 $-1 $2596 0 $1979 0.05623730428745558202 $1357 $2609 forward @7 unknown #
coedge $-1 -1 $-1 $1358 $1358 $2561 $2610 forward $1977 $-1 #
loop $-1 -1 $-1 $-1 $1976 $2611 #
DXID-attrib $-1 -1 $-1 $-1 $1359 @10 Revit:Edge @7 Edge:42 #
tvertex-vertex $-1 -1 $-1 $1975 $2612 0.005305491447914922019 #
straight-curve $-1 -1 $-1 -35.84000015258646243 -1.495794101253427266 87.03386693292139853 0 -1.659872194032623471e-13 12 F 5.216384211937035285e-17 F 0.2859378840934584942 #
coedge $-1 -1 $-1 $1360 $2560 $1953 $2585 reversed $828 $-1 #
point $-1 -1 $-1 -35.84000015258646243 -1.490488609815536325 90.46512154204290823 #
edge $2613 -1 $-1 $1988 1.248880411017429437e-17 $1985 0.007844759049680651714 $1944 $2614 forward @7 unknown #
DXID-attrib $-1 -1 $-1 $-1 $1365 @10 Revit:Edge @7 Edge:60 #
vertex $-1 -1 $-1 $1983 $2615 #
straight-curve $-1 -1 $-1 -37.06236305106709494 -1.495794101253475006 90.46512154204290823 -0 -12 -1.659359498765167953e-13 F -0.2510533167985677938 F 6.396733061338398736e-32 #
DXID-attrib $-1 -1 $-1 $-1 $1366 @10 Revit:Edge @7 Edge:65 #
vertex $-1 -1 $-1 $1946 $2616 #
straight-curve $-1 -1 $-1 -37.14305430233837058 -1.495794101253474118 90.41663734685393194 -0 -12 -1.659176649658695595e-13 F -0.2510533167985677938 F -0 #
DXID-attrib $-1 -1 $-1 $-1 $1370 @10 Revit:Face @7 Face:31 #
face $2617 -1 $-1 $2618 $1381 $87 $-1 $2619 forward single #
loop $-1 -1 $-1 $-1 $1394 $1370 #
cone-surface $-1 -1 $-1 -37.83586898656159292 1.132776459034209982 87.9840322467964171 4.759169397620497493e-29 1 1.382799582304305839e-14 2.222249347496675576 0 -7.64829641535202199e-15 1 I I 0 1 2.222249347496675576 forward I I I I #
coedge $-1 -1 $-1 $2620 $2621 $1386 $2011 reversed $1371 $-1 #
coedge $-1 -1 $-1 $1376 $1373 $2622 $2623 forward $315 $-1 #
coedge $-1 -1 $-1 $2621 $2620 $1373 $1997 reversed $1371 $-1 #
edge $2624 -1 $-1 $2001 2.913971193241880643e-17 $2625 1.898642540453406413 $1373 $2626 forward @7 unknown #
coedge $-1 -1 $-1 $1394 $1374 $1380 $2008 forward $1992 $-1 #
coedge $-1 -1 $-1 $1374 $1394 $2621 $2627 reversed $1992 $-1 #
DXID-attrib $-1 -1 $-1 $-1 $1375 @10 Revit:Edge @7 Edge:18 #
vertex $-1 -1 $-1 $1375 $2628 #
ellipse-curve $-1 -1 $-1 -37.83586898656159292 1.132776459034209759 87.9840322467964171 -4.759169397620497493e-29 -1 -1.382799582304305839e-14 2.222249347496675576 0 -7.64829641535202199e-15 1 F 2.373313018309680889 F 4.245124018318566783 #
coedge $-1 -1 $-1 $1390 $1389 $1376 $2004 reversed $850 $-1 #
edge $2629 -1 $-1 $2630 -2.240936588129620652e-30 $2006 1.739072903795479963 $1376 $2631 forward @7 unknown #
DXID-attrib $-1 -1 $-1 $-1 $1378 @10 Revit:Edge @7 Edge:22 #
vertex $-1 -1 $-1 $2004 $2632 #
straight-curve $-1 -1 $-1 -40.84107223775573914 1.132776459034197325 88.9080806786417952 11.69244077742283316 -3.839780851268805075e-14 2.699412652126340184 F 5.678572600682805429e-17 F 0.06939289929059148931 #
edge $2633 -1 $-1 $1384 -0.1916400713566312475 $1397 -2.01522037114150288e-31 $1998 $2634 forward @7 unknown #
point $-1 -1 $-1 -40.02969987242683203 1.13277645903419466 89.09540074895454609 #
point $-1 -1 $-1 -39.43390452174519822 1.132776459034188443 89.52827140921260707 #
edge $2635 -1 $-1 $2016 -4.038319003012456822e-31 $2021 1.898642540453406413 $1386 $2636 forward @7 unknown #
coedge $-1 -1 $-1 $2622 $1387 $1390 $2018 reversed $2014 $-1 #
coedge $-1 -1 $-1 $1387 $2622 $2620 $2637 reversed $2014 $-1 #
loop $-1 -1 $-1 $-1 $1387 $2618 #
DXID-attrib $-1 -1 $-1 $-1 $1388 @10 Revit:Edge @7 Edge:12 #
vertex $-1 -1 $-1 $1388 $2638 #
ellipse-curve $-1 -1 $-1 -62.3420464854255485 -1.166904397245349667 87.43324315091558674 6.892419360523686302e-15 1 1.198782815362209993e-14 1.391054663232463628 -1.265794956987569991e-30 -0.7997889166865703725 1 F 4.595497957083738427 F 6.865837283262698598 #
edge $2639 -1 $-1 $2630 -0.1916400713566312475 $1392 4.389171070130184743e-30 $1390 $2640 forward @7 unknown #
point $-1 -1 $-1 -61.70994708330149336 -1.166904397245377645 88.90808067864189468 #
DXID-attrib $-1 -1 $-1 $-1 $1395 @10 Revit:Edge @7 Edge:14 #
vertex $-1 -1 $-1 $2011 $2641 #
ellipse-curve $-1 -1 $-1 -37.83586898656159292 -1.166904397245364766 87.98403224679638868 4.759169397620497493e-29 1 1.382799582304305839e-14 2.222249347496675576 0 -7.64829641535202199e-15 1 F 2.038061288861019005 F 3.909872288869905343 #
point $-1 -1 $-1 -39.43390452174519822 -1.166904397245386082 89.52827140921257865 #
DXID-attrib $-1 -1 $-1 $-1 $1399 @10 Revit:Edge @7 Edge:24 #
straight-curve $-1 -1 $-1 -40.02969987242683203 -1.166904397245380309 89.09540074895450346 0 12 1.659772375909736472e-13 F 0 F 0.1916400713566312475 #
DXID-attrib $-1 -1 $-1 $-1 $1400 @10 Revit:Edge @7 Edge:25 #
straight-curve $-1 -1 $-1 -40.84107223775573914 -1.166904397245377645 88.90808067864175257 -0 -12 -1.651082468182460527e-13 F -0.1916400713566312475 F -0 #
DXID-attrib $-1 -1 $-1 $1403 $869 @10 Revit:Face @7 Face:35 #
DXID-attrib $-1 -1 $2642 $-1 $1404 @10 Revit:Face @7 Face:45 #
face $2643 -1 $-1 $2644 $2645 $66 $-1 $2646 reversed single #
loop $-1 -1 $-1 $2647 $2648 $1404 #
cone-surface $-1 -1 $-1 4.182302992207293186e-12 -5.628348447769697166e-12 143.0256109269755029 -1.027528214424255746e-14 1.382799582304305839e-14 -1 -2.456566488270734094 -3.490450782196654021e-28 2.524191377307291546e-14 1 I I 0 1 2.456566488270734094 forward I I I I #
loop $-1 -1 $-1 $-1 $2037 $869 #
coedge $-1 -1 $-1 $2034 $2034 $2649 $2650 forward $1405 $-1 #
coedge $-1 -1 $-1 $1412 $1407 $1409 $2040 reversed $870 $-1 #
coedge $-1 -1 $-1 $1407 $1412 $1408 $2039 reversed $870 $-1 #
coedge $-1 -1 $-1 $1410 $1410 $1407 $2038 reversed $2033 $-1 #
edge $2651 -1 $-1 $2043 1.615544574432676464e-15 $2042 3.141592653589796225 $1407 $2652 forward @14 tangent_not_g2 #
edge $2653 -1 $-1 $2043 0 $1416 0.03389597914084516161 $1408 $2654 forward @2 g2 #
edge $2655 -1 $-1 $1415 -7.415543909060106842e-32 $2042 0.03389597914084513386 $1409 $2656 forward @2 g2 #
DXID-attrib $-1 -1 $-1 $-1 $1411 @10 Revit:Edge @7 Edge:30 #
vertex $-1 -1 $-1 $1411 $2657 #
vertex $-1 -1 $-1 $1411 $2658 #
ellipse-curve $-1 -1 $-1 3.878231069620596827e-12 -5.219069323459263734e-12 113.4277480444594062 1.027528214424255746e-14 -1.382799582304305839e-14 1 -2.499382461923325582 -3.551286525678362006e-28 2.568185998263375134e-14 1 F 3.141592653589796225 F 6.283185307179588008 #
DXID-attrib $-1 -1 $-1 $-1 $1413 @10 Revit:Edge @7 Edge:28 #
ellipse-curve $-1 -1 $-1 3.878231069620596827e-12 -5.219069323459263734e-12 113.427748044459392 1.027528214424255746e-14 -1.382799582304305839e-14 1 -2.906134211613466967 -4.129226088741124636e-28 2.986134897336427735e-14 1 F 1.704797468606794013e-15 F 3.141592653589796225 #
point $-1 -1 $-1 2.906134211617345198 -5.209403937526369056e-12 113.427748044459392 #
point $-1 -1 $-1 -2.90613421160958918 -5.224023693706654303e-12 113.4277480444594062 #
coedge $-1 -1 $-1 $2659 $2659 $2660 $2661 reversed $1420 $-1 #
DXID-attrib $-1 -1 $2662 $-1 $1421 @10 Revit:Face @7 Face:78 #
torus-surface $-1 -1 $-1 3.901778288038945511e-12 -5.22836367376231147e-12 116.0892114923167497 -1.105864105286255296e-14 2.071564660805418494e-14 -1 10.64641441420748968 -2.360089680701741521 -1 0 1.105864105286255296e-14 forward_v I I I I #
DXID-attrib $-1 -1 $-1 $-1 $1425 @10 Revit:Face @7 Face:75 #
face $2663 -1 $-1 $2664 $2665 $67 $-1 $2666 forward single #
loop $-1 -1 $-1 $-1 $2080 $1425 #
cone-surface $-1 -1 $-1 -2.758436926808190304 -4.763505090873628944 119.6534908707976115 0 0 1 1.686272150952881154e-15 0.9492868288345800432 0 1 I I 0 1 0.9492868288345800432 forward I I I I #
coedge $-1 -1 $-1 $2667 $1428 $2668 $2669 forward $207 $-1 #
coedge $-1 -1 $-1 $2670 $2671 $1428 $2058 reversed $2672 $-1 #
edge $2673 -1 $-1 $2063 5.133535490472840282e-15 $2674 1.046256402187221379 $1428 $2675 forward @7 unknown #
coedge $-1 -1 $-1 $1458 $1429 $1432 $2065 forward $2061 $-1 #
coedge $-1 -1 $-1 $1429 $1458 $2670 $2676 reversed $2061 $-1 #
loop $-1 -1 $-1 $-1 $1458 $2677 #
DXID-attrib $-1 -1 $-1 $-1 $1430 @10 Revit:Edge @7 Edge:52 #
vertex $-1 -1 $-1 $1430 $2678 #
straight-curve $-1 -1 $-1 -2.758436858657542956 5.712791919708299027 119.6534908707976115 12 -1.840987726332213997e-14 0 F 5.536545267159573653e-16 F 0.4583902508020398781 #
edge $2679 -1 $-1 $1435 -0.04920007288455963135 $1461 0 $2059 $2680 forward @14 tangent_not_g2 #
face $2681 -1 $-1 $1444 $1433 $67 $-1 $2682 forward single #
point $-1 -1 $-1 -2.758436858657536295 5.712791919708299027 119.6534908707976115 #
coedge $-1 -1 $-1 $1437 $2683 $2684 $2685 forward $207 $-1 #
coedge $-1 -1 $-1 $1451 $1450 $1437 $2070 reversed $887 $-1 #
edge $2686 -1 $-1 $2687 0 $2072 0.2741553776318405578 $1437 $2688 forward @7 unknown #
DXID-attrib $-1 -1 $-1 $-1 $1439 @10 Revit:Edge @7 Edge:64 #
vertex $-1 -1 $-1 $2070 $2689 #
ellipse-curve $-1 -1 $-1 -5.495940490967961445 0.003806676941033741539 119.6534908707976115 0 0 -1 1.691341476414070563e-15 0.9521406053668340919 0 1 F 4.18894007105724242 F 5.238156337251285599 #
point $-1 -1 $-1 -6.319484107969679521 0.4816640231062340738 119.6534908707976115 #
DXID-attrib $-1 -1 $-1 $-1 $1443 @10 Revit:Edge @7 Edge:96 #
straight-curve $-1 -1 $-1 -3.58259274391659055 5.234580454958176254 120.2438917454123271 0 0 12 F -0.04920007288455963135 F 0 #
DXID-attrib $-1 -1 $-1 $-1 $1444 @10 Revit:Face @7 Face:97 #
plane-surface $-1 -1 $-1 -3.58259274391659055 5.234580454958176254 120.2438917454123271 -0.8681847993270729313 0.4962410243192414971 0 0 0 -12 forward_v I I I I #
coedge $-1 -1 $-1 $2690 $1447 $2691 $2692 forward $116 $-1 #
coedge $-1 -1 $-1 $2693 $2694 $1447 $2081 reversed $2054 $-1 #
edge $2695 -1 $-1 $2085 2.09006002261201429 $2696 3.141592653589792228 $1447 $2697 forward @7 unknown #
coedge $-1 -1 $-1 $2684 $1448 $1451 $2087 reversed $1426 $-1 #
coedge $-1 -1 $-1 $1448 $2684 $2693 $2698 forward $1426 $-1 #
DXID-attrib $-1 -1 $-1 $-1 $1449 @10 Revit:Edge @7 Edge:36 #
vertex $-1 -1 $-1 $1449 $2699 #
straight-curve $-1 -1 $-1 -4.67608451842136752 -3.321492791201659411 120.2438917454123271 5.954892291830844009 -10.41821759192490759 0 F 0 F 0.1836290470136106578 #
edge $2700 -1 $-1 $2687 -0.04920007288455963135 $1453 0 $1451 $2701 forward @2 g2 #
point $-1 -1 $-1 -4.67608451842136752 -3.321492791201659411 120.2438917454123271 #
DXID-attrib $-1 -1 $-1 $-1 $1455 @10 Revit:Edge @7 Edge:70 #
straight-curve $-1 -1 $-1 -6.320589780811024738 -0.4721400439738746568 120.2438917454123271 0 0 12 F -0.04920007288455963135 F 0 #
coedge $-1 -1 $-1 $1457 $2702 $2703 $2704 forward $116 $-1 #
coedge $-1 -1 $-1 $2671 $2670 $1457 $2093 reversed $2672 $-1 #
edge $2705 -1 $-1 $2706 5.236928904992364409 $2095 6.283185307179580903 $1457 $2707 forward @7 unknown #
DXID-attrib $-1 -1 $-1 $-1 $1459 @10 Revit:Edge @7 Edge:46 #
vertex $-1 -1 $-1 $2093 $2708 #
straight-curve $-1 -1 $-1 2.742246150966932472 5.712791919708291033 120.2438917454123271 -12 1.840987726332213997e-14 0 F -2.039779835269316142e-16 F 0.4583902508020391009 #
point $-1 -1 $-1 -2.758436858657536295 5.712791919708299027 120.2438917454123271 #
no_merge_attribute-st-attrib $-1 -1 $2709 $1470 $925 #
DXID-attrib $-1 -1 $2710 $-1 $1479 @10 Revit:Edge @7 Edge:29 #
straight-curve $-1 -1 $-1 1.864944898463944514e-13 -2.169185627631525115 119.6534908708001126 2.131628207279965134e-14 12 -1.233033857309107841e-13 F -7.739507489250433548e-14 F 0.3615309379386649757 #
DXID-attrib $-1 -1 $-1 $1483 $944 @10 Revit:Face @8 Face:389 #
DXID-attrib $-1 -1 $-1 $-1 $1484 @10 Revit:Face @8 Face:395 #
face $2711 -1 $-1 $-1 $2712 $69 $-1 $2713 forward single #
loop $-1 -1 $-1 $-1 $2714 $1484 #
plane-surface $-1 -1 $-1 -0.4595800976235812074 0.3369679524368407453 89.4792407620811332 1.666280438343681266e-15 -1.382799582304306628e-14 -1 12 -4.263256414560572716e-14 1.999536526012476447e-14 forward_v I I I I #
loop $-1 -1 $-1 $-1 $2108 $944 #
coedge $-1 -1 $-1 $2715 $2715 $2716 $2717 forward $1485 $-1 #
coedge $-1 -1 $-1 $2108 $2108 $1488 $2109 reversed $2106 $-1 #
edge $2718 -1 $-1 $2719 3.141592653589796225 $2719 9.424777960769382901 $1488 $2720 forward @7 unknown #
DXID-attrib $-1 -1 $2721 $-1 $1490 @10 Revit:Edge @8 Edge:382 #
vertex $-1 -1 $-1 $1490 $2722 #
ellipse-curve $-1 -1 $-1 -0.459580097623581374 0.3369679524368435208 89.68391459011134259 -1.666280438343681266e-15 1.382799582304341811e-14 1 1.90436353626922017 -6.76565838471250898e-15 3.173203707980492509e-15 1 I I #
DXID-attrib $-1 -1 $-1 $1491 $950 @10 Revit:Edge @8 Edge:372 #
point $-1 -1 $-1 -2.501402529722596135 0.3369679524368481283 89.96574709229045652 #
DXID-attrib $-1 -1 $-1 $1494 $566 @10 Revit:Edge @8 Edge:367 #
DXID-attrib $-1 -1 $-1 $-1 $1496 @10 Revit:Face @8 Face:351 #
face $2723 -1 $-1 $2131 $2126 $70 $-1 $2724 forward single #
loop $-1 -1 $-1 $-1 $2725 $1496 #
plane-surface $-1 -1 $-1 -31.951828956601112 1.59560045803680528 95.21821248242062552 0.01333240620114979277 1.372733862300340466e-14 0.9999111195225741655 -4.263256414560601115e-14 -12 1.653111510726578057e-13 forward_v I I I I #
coedge $-1 -1 $-1 $2726 $1519 $1522 $2150 reversed $1497 $-1 #
coedge $-1 -1 $-1 $1508 $1499 $2726 $2727 forward $224 $-1 #
coedge $-1 -1 $-1 $2728 $2729 $1499 $2123 reversed $2730 $-1 #
edge $2731 -1 $-1 $2128 -4.662353909187010015e-16 $2732 0.1913630222136671333 $1499 $2733 forward @7 unknown #
coedge $-1 -1 $-1 $1528 $1500 $1503 $2130 forward $2126 $-1 #
coedge $-1 -1 $-1 $1500 $2734 $2728 $2735 forward $2126 $-1 #
loop $-1 -1 $-1 $-1 $2124 $2117 #
DXID-attrib $-1 -1 $-1 $-1 $1501 @10 Revit:Edge @8 Edge:334 #
vertex $-1 -1 $-1 $1501 $2736 #
straight-curve $-1 -1 $-1 -29.30907321466139948 -1.595823580079016146 95.09666016241213526 -11.85226008714165324 6.489984353072709117e-14 1.877213580482766098 F 4.764498529497273422e-16 F 0.02922644903409742437 #
edge $2737 -1 $-1 $1506 -0.265952003176317564 $1531 1.007367913660480396e-30 $2124 $2738 forward @7 unknown #
face $2739 -1 $-1 $1515 $1504 $70 $-1 $2740 forward single #
point $-1 -1 $-1 -29.30907321466140658 -1.595823580079016146 95.09666016241213526 #
coedge $-1 -1 $-1 $1522 $1521 $1508 $2134 reversed $959 $-1 #
edge $2741 -1 $-1 $2742 0 $2136 0.1707025927914017083 $1508 $2743 forward @7 unknown #
DXID-attrib $-1 -1 $-1 $-1 $1510 @10 Revit:Edge @8 Edge:338 #
vertex $-1 -1 $-1 $2134 $2744 #
straight-curve $-1 -1 $-1 -29.90374279021928672 -1.595823580079064108 91.48675993544505047 11.9069448615460427 -2.22306405293732912e-14 1.491530778798168422 F 0 F 0.03318833226310605178 #
point $-1 -1 $-1 -29.50857114791581282 -1.595823580079064774 91.5362613545124475 #
DXID-attrib $-1 -1 $-1 $-1 $1514 @10 Revit:Edge @8 Edge:360 #
straight-curve $-1 -1 $-1 -28.80122113227555047 1.595600458036788405 94.81515315634646868 4.263256414560601115e-14 12 -1.659373296752057314e-13 F -0.265952003176317564 F -1.611788661856768564e-30 #
DXID-attrib $-1 -1 $-1 $-1 $1515 @10 Revit:Face @8 Face:361 #
face $2745 -1 $-1 $2746 $2730 $70 $-1 $2747 forward single #
cone-surface $-1 -1 $-1 -29.96432666885213791 -1.595823580079038129 93.35269295691331592 3.552713678800500929e-15 1 -1.382799582304305996e-14 -1.868583507403752897 6.63854218673433002e-15 0 1 I I 0 1 1.868583507403752897 forward I I I I #
coedge $-1 -1 $-1 $2748 $2749 $1518 $2145 reversed $2750 $-1 #
edge $2751 -1 $-1 $2148 -7.354560401920341948e-31 $2156 0.1913498040316974624 $1518 $2752 forward @7 unknown #
coedge $-1 -1 $-1 $1519 $2753 $2748 $2754 forward $1497 $-1 #
DXID-attrib $-1 -1 $-1 $-1 $1520 @10 Revit:Edge @8 Edge:326 #
vertex $-1 -1 $-1 $1520 $2755 #
straight-curve $-1 -1 $-1 -31.95182895660110844 1.5956004580367531 91.44916895491520847 -1.727235874171818946e-14 1.662464528890433181e-13 12 F 0 F 0.3085317180987667829 #
edge $2756 -1 $-1 $2742 -0.265952003176317564 $1524 -0 $1522 $2757 forward @7 unknown #
point $-1 -1 $-1 -31.95182895660110844 1.5956004580367531 91.44916895491520847 #
DXID-attrib $-1 -1 $-1 $-1 $1526 @10 Revit:Edge @8 Edge:344 #
straight-curve $-1 -1 $-1 -29.90374279021927606 1.595600458036746438 91.48675993544500784 4.263256414560601115e-14 12 -1.653111510726578057e-13 F -0.265952003176317564 F -0 #
coedge $-1 -1 $-1 $2734 $1528 $2749 $2758 forward $2126 $-1 #
DXID-attrib $-1 -1 $-1 $-1 $1529 @10 Revit:Edge @8 Edge:328 #
vertex $-1 -1 $-1 $2145 $2759 #
straight-curve $-1 -1 $-1 -29.65563130822074811 1.595600458036795732 95.15154957210042141 11.85226008714165147 -6.488941165621321239e-14 -1.877213580482782085 F 4.924044463162376549e-16 F 0.02923983198236853112 #
point $-1 -1 $-1 -29.30907321466139592 1.595600458036794178 95.09666016241209263 #
DXID-attrib $-1 -1 $-1 $1538 $993 @10 Revit:Face @8 Face:288 #
DXID-attrib $-1 -1 $2760 $-1 $1539 @10 Revit:Face @8 Face:300 #
face $2761 -1 $-1 $2762 $2763 $71 $-1 $2764 reversed single #
loop $-1 -1 $-1 $2765 $2766 $1539 #
cone-surface $-1 -1 $-1 -35.28073358535477411 5.001926335970177702e-14 90.60868402237356634 5.67655600860564976e-17 1.385241711256861562e-14 1 -1.691025762608780791 -0.5494475771088545013 7.707169044136498986e-15 1 I I -0.2588190451025247918 -0.965925826289067313 1.778049709596837502 forward I I I I #
loop $-1 -1 $-1 $-1 $2767 $993 #
coedge $-1 -1 $-1 $1542 $1542 $2167 $2768 forward $994 $-1 #
edge $2769 -1 $-1 $2170 -0 $2169 0.2730308954816930145 $1543 $2770 forward @2 g2 #
coedge $-1 -1 $-1 $1544 $1544 $2165 $2768 reversed $1540 $-1 #
DXID-attrib $-1 -1 $-1 $-1 $1545 @10 Revit:Edge @8 Edge:283 #
vertex $-1 -1 $-1 $1545 $2771 #
vertex $-1 -1 $-1 $1545 $2772 #
ellipse-curve $-1 -1 $-1 -35.28073358535478121 4.854876538807073837e-14 90.46512154204292244 -4.912690991092002587e-29 -1.382799582304270971e-14 -1 -1.638185372890155866 5.820003582677756052e-15 0 1 F 3.141592653589796225 F 6.283185307179588008 #
point $-1 -1 $-1 -35.28073358535478121 1.147887573119828245e-13 95.25540299508840292 #
coedge $-1 -1 $-1 $2773 $2773 $2774 $2775 reversed $1549 $-1 #
DXID-attrib $-1 -1 $2776 $-1 $1550 @10 Revit:Face @8 Face:318 #
face $2777 -1 $-1 $2778 $2779 $71 $-1 $2780 forward single #
torus-surface $-1 -1 $-1 -35.28073358535478121 1.057926719983510107e-13 93.33593736396638008 2.802005468073051007e-18 1.393617668589161299e-14 1 -12.33231462698843472 -14.45650651155217403 -1 3.552713678800500929e-15 2.802005468023539586e-18 forward_v I I I I #
DXID-attrib $-1 -1 $2781 $1551 $601 @10 Revit:Edge @8 Edge:270 #
DXID-attrib $-1 -1 $-1 $1553 $373 @10 Revit:Edge @8 Edge:265 #
DXID-attrib $-1 -1 $-1 $-1 $1555 @10 Revit:Face @8 Face:188 #
face $2782 -1 $-1 $2783 $2784 $72 $-1 $2785 reversed single #
loop $-1 -1 $-1 $-1 $2786 $1555 #
cone-surface $-1 -1 $-1 -21.88162144713802704 -55.76032794043628371 90.54683155168059727 3.215343167861849829e-15 -1.14231936545005291e-29 -1 -55.13106410285956116 1.958648855650564299e-13 -1.772652903000831561e-13 1 I I 0 1 55.13106410285956116 forward I I I I #
coedge $-1 -1 $-1 $2787 $2788 $2789 $2790 reversed $1556 $-1 #
coedge $-1 -1 $-1 $2789 $1558 $2791 $2792 forward $1009 $-1 #
coedge $-1 -1 $-1 $1558 $2789 $2793 $2794 forward $1009 $-1 #
coedge $-1 -1 $-1 $2795 $2226 $1558 $2187 forward $607 $-1 #
edge $2796 -1 $-1 $2797 -0.005558961812748863286 $2798 -2.506015226188017538e-15 $2186 $2799 forward @7 unknown #
coedge $-1 -1 $-1 $1563 $2800 $1559 $2189 reversed $2198 $-1 #
edge $2801 -1 $-1 $2194 3.144176953225942039 $2802 3.225377208838711596 $1559 $2803 forward @7 unknown #
coedge $-1 -1 $-1 $1560 $1599 $2804 $2805 forward $607 $-1 #
coedge $-1 -1 $-1 $2806 $1565 $1560 $2192 reversed $2202 $-1 #
edge $2807 -1 $-1 $2808 3.057808098340857761 $2195 3.139008353953644637 $1560 $2809 forward @7 unknown #
DXID-attrib $-1 -1 $-1 $-1 $1562 @10 Revit:Edge @8 Edge:160 #
vertex $-1 -1 $-1 $1564 $2810 #
vertex $-1 -1 $-1 $1562 $2811 #
straight-curve $-1 -1 $-1 -35.2736181291230082 2.125820338722518521 93.37202392078182811 0 0 12 F -0.006014426135896736372 F -2.447735802323179765e-15 #
coedge $-1 -1 $-1 $2800 $1563 $1568 $2208 reversed $2198 $-1 #
loop $-1 -1 $-1 $-1 $2800 $2812 #
DXID-attrib $-1 -1 $-1 $-1 $1564 @10 Revit:Edge @8 Edge:159 #
intcurve-curve $-1 -1 $-1 forward { surfintcur full nubs 3 open 19 
	0 3 1.619494771070372874 2 3.238989542140745748 2 3.669941943101624471 2 4.100894344062503194 2 
	4.282410357255757916 2 4.373168363852386165 2 4.418547367150699401 2 4.441236868799856907 2 4.463926370449013525 2 
	4.486615872098170144 2 4.509305373747325874 2 4.55468437704563911 2 4.645442383642263806 2 4.826958396835513199 2 
	5.257910797796393254 2 5.688863198757272421 2 7.308357969827978806 2 8.927852740898686079 3 
	-34.33851183319126932 2.033707773183643486 91.73428555690045982 
	-34.44664621207264332 2.054694146645981601 91.91604482404920873 
	-34.56602552441540865 2.073932312331314254 92.11610125935283122 
	-34.80547780208983255 2.103246049692766739 92.51647147518380621 
	-34.92554491446911413 2.113324992150098058 92.71678850939611038 
	-35.06385838194326254 2.120547400216821199 92.94749467316269431 
	-35.09584070043962356 2.121947532630741762 93.00083620650443095 
	-35.1597835656193709 2.124101035079273725 93.10754526437398226 
	-35.19176230067144218 2.124854423993188579 93.16090188852001575 
	-35.23290250247630695 2.125479717422879222 93.22994871084698332 
	-35.24618714006801667 2.125632506300858537 93.25224674573820494 
	-35.26485496635675787 2.125775521572531801 93.28428546635279872 
	-35.27088746728534119 2.125809751857216767 93.29470329608889756 
	-35.27904745423759891 2.125843568077570023 93.30987805151360703 
	-35.28162064453872659 2.125851918800355289 93.31482535761647057 
	-35.28489276035381295 2.125860620678766466 93.32238709408269983 
	-35.2858821925805799 2.125862877207919333 93.32492691093865744 
	-35.28739403858765655 2.125866044564718393 93.33021256208922978 
	-35.28791175412326453 2.125866967986294931 93.33295973907809184 
	-35.28791175412326453 2.125866967986294931 93.33891498885476778 
	-35.28739403858765655 2.125866044564718393 93.34166216584362985 
	-35.2858821925805799 2.125862877207919333 93.34694781699420219 
	-35.28489276035381295 2.125860620678766466 93.3494876338501598 
	-35.28162064453872659 2.125851918800355289 93.35704937031638906 
	-35.27904745423759891 2.125843568077570023 93.36199667641925259 
	-35.27088746728534119 2.125809751857216767 93.37717143184397628 
	-35.26485496635675787 2.125775521572531801 93.38758926158006091 
	-35.24618714006801667 2.125632506300858537 93.41962798219465469 
	-35.23290250247631406 2.125479717422879222 93.44192601708587631 
	-35.19176230067144928 2.124854423993188579 93.51097283941284388 
	-35.15978356561938512 2.124101035079273281 93.56432946355889158 
	-35.09584070043963777 2.121947532630741318 93.67103852142844289 
	-35.06385838194326254 2.120547400216821199 93.72438005477016532 
	-34.92554491446909992 2.113324992150096726 93.95508621853679188 
	-34.80547780208978992 2.103246049692763187 94.15540325274913869 
	-34.56602552441531628 2.073932312331300931 94.55577346858019894 
	-34.44664621207253674 2.054694146645963393 94.75582990388386406 
	-34.33851183319114142 2.033707773183617284 94.9375891710326556 
	8.637147011809595857e-05 
	
	cone -35.29717978639761355 -2.905924310438654956 90.54683155168055464 -3.215343167861849829e-15 1.14231936545005291e-29 1 -5.031799813789856302 1.787654402743703593e-14 -1.617896315331774301e-14 1 I I 0 1 5.031799813789856302 forward I I I I 
	cone -28.12317800264676038 -11.8379151254661501 93.33593736396643692 1 -3.552713678800500929e-15 1.74491262210625557e-15 -4.960931965119790474e-14 -13.96378209345241928 0 1 I I 0 1 13.96378209345241928 forward I I I I 
	nullbs 
	nullbs 
	I I 
	0 
	0 
	0 
	} F 1.944884539632997678 F 4.358374338779441359 #
coedge $-1 -1 $-1 $1565 $2806 $1567 $2206 reversed $2202 $-1 #
loop $-1 -1 $-1 $-1 $2806 $2813 #
DXID-attrib $-1 -1 $-1 $-1 $1566 @10 Revit:Edge @8 Edge:161 #
intcurve-curve $-1 -1 $-1 forward { surfintcur full nubs 3 open 19 
	0 3 1.619494771070372874 2 3.238989542140745748 2 3.669941943101624471 2 4.100894344062503194 2 
	4.282410357255757916 2 4.373168363852386165 2 4.418547367150699401 2 4.441236868799856907 2 4.463926370449013525 2 
	4.486615872098170144 2 4.509305373747325874 2 4.55468437704563911 2 4.645442383642263806 2 4.826958396835513199 2 
	5.257910797796393254 2 5.688863198757272421 2 7.308357969827978806 2 8.927852740898686079 3 
	-34.33851183319126932 2.033707773183643486 91.73428555690045982 
	-34.44664621207264332 2.054694146645981601 91.91604482404920873 
	-34.56602552441540865 2.073932312331314254 92.11610125935283122 
	-34.80547780208983255 2.103246049692766739 92.51647147518380621 
	-34.92554491446911413 2.113324992150098058 92.71678850939611038 
	-35.06385838194326254 2.120547400216821199 92.94749467316269431 
	-35.09584070043962356 2.121947532630741762 93.00083620650443095 
	-35.1597835656193709 2.124101035079273725 93.10754526437398226 
	-35.19176230067144218 2.124854423993188579 93.16090188852001575 
	-35.23290250247630695 2.125479717422879222 93.22994871084698332 
	-35.24618714006801667 2.125632506300858537 93.25224674573820494 
	-35.26485496635675787 2.125775521572531801 93.28428546635279872 
	-35.27088746728534119 2.125809751857216767 93.29470329608889756 
	-35.27904745423759891 2.125843568077570023 93.30987805151360703 
	-35.28162064453872659 2.125851918800355289 93.31482535761647057 
	-35.28489276035381295 2.125860620678766466 93.32238709408269983 
	-35.2858821925805799 2.125862877207919333 93.32492691093865744 
	-35.28739403858765655 2.125866044564718393 93.33021256208922978 
	-35.28791175412326453 2.125866967986294931 93.33295973907809184 
	-35.28791175412326453 2.125866967986294931 93.33891498885476778 
	-35.28739403858765655 2.125866044564718393 93.34166216584362985 
	-35.2858821925805799 2.125862877207919333 93.34694781699420219 
	-35.28489276035381295 2.125860620678766466 93.3494876338501598 
	-35.28162064453872659 2.125851918800355289 93.35704937031638906 
	-35.27904745423759891 2.125843568077570023 93.36199667641925259 
	-35.27088746728534119 2.125809751857216767 93.37717143184397628 
	-35.26485496635675787 2.125775521572531801 93.38758926158006091 
	-35.24618714006801667 2.125632506300858537 93.41962798219465469 
	-35.23290250247631406 2.125479717422879222 93.44192601708587631 
	-35.19176230067144928 2.124854423993188579 93.51097283941284388 
	-35.15978356561938512 2.124101035079273281 93.56432946355889158 
	-35.09584070043963777 2.121947532630741318 93.67103852142844289 
	-35.06385838194326254 2.120547400216821199 93.72438005477016532 
	-34.92554491446909992 2.113324992150096726 93.95508621853679188 
	-34.80547780208978992 2.103246049692763187 94.15540325274913869 
	-34.56602552441531628 2.073932312331300931 94.55577346858019894 
	-34.44664621207253674 2.054694146645963393 94.75582990388386406 
	-34.33851183319114142 2.033707773183617284 94.9375891710326556 
	8.637147011809595857e-05 
	
	cone -35.29717978639761355 -2.905924310438654956 90.54683155168055464 -3.215343167861849829e-15 1.14231936545005291e-29 1 -5.031799813789856302 1.787654402743703593e-14 -1.617896315331774301e-14 1 I I 0 1 5.031799813789856302 forward I I I I 
	cone -28.12317800264676038 -11.8379151254661501 93.33593736396643692 1 -3.552713678800500929e-15 1.74491262210625557e-15 -4.960931965119790474e-14 -13.96378209345241928 0 1 I I 0 1 13.96378209345241928 forward I I I I 
	nullbs 
	nullbs 
	I I 
	0 
	0 
	0 
	} F 4.569478402118570592 F 6.982968201265010499 #
coedge $-1 -1 $-1 $2814 $1567 $2815 $2816 forward $1569 $-1 #
edge $2817 -1 $-1 $1571 9.633860824368346343 $2818 10.40360301624919792 $1567 $2819 forward @7 unknown #
coedge $-1 -1 $-1 $1568 $2814 $2820 $2821 forward $1569 $-1 #
edge $2822 -1 $-1 $2823 3.781255777620600167 $1572 4.578420732395987791 $1568 $2824 forward @7 unknown #
face $2825 -1 $-1 $2812 $1569 $72 $-1 $2826 forward single #
point $-1 -1 $-1 -34.75786724411308626 2.096890032287868522 94.23505669356343617 #
point $-1 -1 $-1 -34.75786724411307915 2.096890032287868522 92.43681803436942346 #
coedge $-1 -1 $-1 $2827 $1574 $1577 $2219 reversed $2214 $-1 #
coedge $-1 -1 $-1 $1574 $2828 $1582 $2222 reversed $2214 $-1 #
loop $-1 -1 $-1 $-1 $2829 $2830 #
DXID-attrib $-1 -1 $-1 $-1 $1575 @10 Revit:Edge @8 Edge:155 #
straight-curve $-1 -1 $-1 -33.4977594272713759 1.761476390024835803 90.54683155168055464 -4.263256414560601115e-14 -12 0 F 8.741913579725641313e-17 F 0.293579398337139641 #
coedge $-1 -1 $-1 $2218 $1576 $2831 $2832 reversed $1578 $-1 #
coedge $-1 -1 $-1 $1577 $2217 $2833 $2834 reversed $1578 $-1 #
edge $2835 -1 $-1 $2836 0.8948024144934405566 $1580 1.09695741622563947 $1577 $2837 forward @7 unknown #
point $-1 -1 $-1 -33.49775942727136169 1.761476390024834915 90.54683155168055464 #
coedge $-1 -1 $-1 $2223 $1582 $2838 $2839 reversed $1584 $-1 #
edge $2840 -1 $-1 $1586 -1.096957416225669446 $2841 -0.8947884238616515828 $1582 $2842 forward @7 unknown #
coedge $-1 -1 $-1 $1583 $2221 $2843 $2844 reversed $1584 $-1 #
face $2845 -1 $-1 $2846 $1584 $72 $-1 $2847 reversed single #
point $-1 -1 $-1 -33.497759427271383 -1.761476390020839666 90.54683155168055464 #
coedge $-1 -1 $-1 $2186 $1588 $2848 $2849 forward $607 $-1 #
coedge $-1 -1 $-1 $2843 $2850 $1588 $2228 reversed $2851 $-1 #
edge $2852 -1 $-1 $2230 2.848525756617655169 $2853 3.112193537131657806 $1588 $2854 forward @7 unknown #
DXID-attrib $-1 -1 $-1 $-1 $1589 @10 Revit:Edge @8 Edge:166 #
vertex $-1 -1 $-1 $1589 $2855 #
straight-curve $-1 -1 $-1 -35.27361812912297978 -1.761476390020833227 90.54683155168055464 -1.365155811254939765e-13 -3.105828541230215567 11.59110991546882907 F -1.508382483382216544e-17 F 0.04246898666121707439 #
coedge $-1 -1 $-1 $2856 $2831 $1590 $2233 reversed $2857 $-1 #
edge $2858 -1 $-1 $2802 3.170991770047959513 $2235 3.434659550561942609 $1590 $2859 forward @7 unknown #
DXID-attrib $-1 -1 $-1 $-1 $1591 @10 Revit:Edge @8 Edge:165 #
vertex $-1 -1 $-1 $2233 $2860 #
straight-curve $-1 -1 $-1 -35.2736181291230011 1.893377780914358821 91.039094244069247 -1.103411954243760663e-14 -3.105828541230219564 -11.59110991546882552 F -7.644017019832287044e-16 F 0.04246898666121212695 #
coedge $-1 -1 $-1 $2861 $1594 $2862 $2863 reversed $1596 $-1 #
coedge $-1 -1 $-1 $1595 $2861 $2864 $2865 reversed $1596 $-1 #
face $2866 -1 $-1 $2224 $1596 $72 $-1 $2867 forward single #
coedge $-1 -1 $-1 $1613 $2868 $1599 $2241 reversed $2266 $-1 #
edge $2869 -1 $-1 $1616 1.638990919815035197 $2870 2.65027400822391046 $1599 $2871 forward @7 unknown #
coedge $-1 -1 $-1 $1600 $2795 $2872 $2873 forward $607 $-1 #
coedge $-1 -1 $-1 $2874 $2862 $1600 $2244 reversed $2875 $-1 #
edge $2876 -1 $-1 $2877 3.632911298955681545 $2246 4.644194387365599752 $1600 $2878 forward @7 unknown #
DXID-attrib $-1 -1 $-1 $-1 $1601 @10 Revit:Edge @8 Edge:173 #
vertex $-1 -1 $-1 $2244 $2879 #
ellipse-curve $-1 -1 $-1 -35.27361812912297978 0.3182195443966809312 78.15331869422720956 -1 3.552713678800500929e-15 -1.74491262210625557e-15 6.077140384558017712e-14 17.10562948210855083 0 1 F 4.594604073274838107 F 4.643335091360385469 #
coedge $-1 -1 $-1 $1605 $1603 $2880 $2881 forward $1036 $-1 #
coedge $-1 -1 $-1 $2864 $2882 $1603 $2250 forward $2883 $-1 #
edge $2884 -1 $-1 $2885 -0.3117781088694627778 $2252 -5.827942386483761286e-17 $2249 $2886 forward @7 unknown #
DXID-attrib $-1 -1 $-1 $-1 $1604 @10 Revit:Edge @8 Edge:208 #
vertex $-1 -1 $-1 $2865 $2887 #
ellipse-curve $-1 -1 $-1 -31.94945278488471274 0.3182195443966691073 78.15331869422720956 1 -3.552713678800500929e-15 1.74491262210625557e-15 6.077140384558017712e-14 17.10562948210855083 0 1 F 1.639850215819197654 F 1.682926661597088813 #
coedge $-1 -1 $-1 $2888 $1608 $1605 $2255 reversed $2260 $-1 #
edge $2889 -1 $-1 $2890 -0.3117802024238156555 $1611 -1.602684156282934729e-16 $1605 $2891 forward @7 unknown #
DXID-attrib $-1 -1 $-1 $-1 $1606 @10 Revit:Face @8 Face:206 #
face $2892 -1 $-1 $2893 $2260 $72 $-1 $2894 reversed single #
plane-surface $-1 -1 $-1 -31.94945278488474827 -1.595823580079002602 95.21818079951812308 1 -5.222523285595028028e-15 3.422396979203173087e-15 4.106876375043807547e-14 -1.459055587476075128e-28 -12 forward_v I I I I #
coedge $-1 -1 $-1 $1608 $2895 $2265 $2896 forward $2260 $-1 #
loop $-1 -1 $-1 $-1 $2259 $2257 #
DXID-attrib $-1 -1 $-1 $-1 $1609 @10 Revit:Edge @8 Edge:213 #
vertex $-1 -1 $-1 $2896 $2897 #
intcurve-curve $-1 -1 $-1 reversed { surfintcur full nubs 3 open 3 
	35.20789740087667496 3 37.22140033333248965 2 39.23490326578830434 3 
	-31.47936812070918933 1.577440506759869576 95.15358436714085144 
	-31.74360735069026518 1.577440506759870686 95.15358436714085144 
	-32.01907635005650832 1.59491007594176204 95.15166952188558014 
	-32.57505150129627225 1.670200216916178038 95.14302683349609424 
	-32.85555738666580083 1.728022448919906084 95.13629630953379035 
	-33.13032544100416033 1.805362318022887713 95.12662008355042076 
	9.180991971170813311e-05 
	
	cone -31.47936812070915025 7.670776660270189673 90.54683155168056885 3.215343167861849829e-15 -1.14231936545005291e-29 -1 -6.093336153510319875 2.164787870210574239e-14 -1.959216677067500737e-14 1 I I 0 1 6.093336153510319875 forward I I I I 
	cone -28.12317800264668932 -0.3182195443927002265 78.15331869422722377 1 -3.552713678800500929e-15 1.74491262210625557e-15 -6.077140384558017712e-14 -17.10562948210855083 0 1 I I 0 1 17.10562948210855083 forward I I I I 
	nullbs 
	nullbs 
	I I 
	0 
	0 
	0 
	} F -38.08357429469312194 F -36.37737095430242817 #
point $-1 -1 $-1 -31.94945278488468787 1.595600458036796843 95.15154957210042141 #
coedge $-1 -1 $-1 $2898 $1613 $2259 $2896 reversed $2266 $-1 #
loop $-1 -1 $-1 $-1 $2868 $2899 #
DXID-attrib $-1 -1 $-1 $-1 $1614 @10 Revit:Edge @8 Edge:238 #
straight-curve $-1 -1 $-1 -32.65491035912712903 1.691910051508021207 95.14042966068838325 12 -4.263256414560601115e-14 2.442000094516442449e-14 F -0.2182256474996568107 F 2.331176954593504613e-15 #
point $-1 -1 $-1 -35.2736181291230082 1.691910051508029422 95.14042966068836904 #
DXID-attrib $-1 -1 $-1 $-1 $1619 @10 Revit:Face @8 Face:240 #
face $2900 -1 $-1 $2901 $2902 $72 $-1 $2903 forward single #
plane-surface $-1 -1 $-1 -43.95182895660110489 1.761476390024874217 90.54683155168055464 -3.878236246151200861e-15 -0.9659258262890689783 0.2588190451025183525 12 -4.263256414560601115e-14 2.070535498083423084e-14 forward_v I I I I #
DXID-attrib $-1 -1 $-1 $-1 $1622 @10 Revit:Face @7 Face:83 #
face $2904 -1 $-1 $2905 $2906 $73 $-1 $2907 forward single #
loop $-1 -1 $-1 $-1 $2908 $1622 #
plane-surface $-1 -1 $-1 -4.745535492894149776 2.20222753285995454 91.29275969130441126 -0.222708803290038726 -1.262603449955213819e-14 -0.9748850131872573987 -4.263256414560601115e-14 -12 1.651549251026930278e-13 forward_v I I I I #
coedge $-1 -1 $-1 $2909 $2910 $2911 $2912 forward $1623 $-1 #
coedge $-1 -1 $-1 $2913 $1625 $2914 $2915 forward $1049 $-1 #
coedge $-1 -1 $-1 $1625 $2916 $2917 $2918 reversed $1049 $-1 #
coedge $-1 -1 $-1 $2919 $2920 $1625 $2281 reversed $2921 $-1 #
edge $2922 -1 $-1 $2923 -28.56916762104109608 $2924 -25.60905811715142733 $1625 $2925 forward @7 unknown #
coedge $-1 -1 $-1 $2917 $1626 $2919 $2926 forward $628 $-1 #
coedge $-1 -1 $-1 $1651 $2927 $1626 $2284 reversed $2310 $-1 #
edge $2928 -1 $-1 $2287 4.820794033108597887 $2929 5.005512466244264047 $1626 $2930 forward @7 unknown #
coedge $-1 -1 $-1 $1627 $2931 $2932 $2933 forward $628 $-1 #
DXID-attrib $-1 -1 $-1 $-1 $1629 @10 Revit:Edge @7 Edge:66 #
vertex $-1 -1 $-1 $1629 $2934 #
ellipse-curve $-1 -1 $-1 -1.03307922112720927e-12 1.655081670673481899e-12 90.64768770796703734 -0 0 -1 -2.202231645589369347 7.823898491172689328e-15 0 1 F 3.574305067468909414 F 4.712388980384783821 #
coedge $-1 -1 $-1 $2932 $1635 $1630 $2290 reversed $1642 $-1 #
edge $2935 -1 $-1 $2292 4.223114105116206218 $1638 6.135316952685442082 $1630 $2936 forward @7 unknown #
DXID-attrib $-1 -1 $-1 $-1 $1631 @10 Revit:Edge @7 Edge:63 #
vertex $-1 -1 $-1 $1631 $2937 #
straight-curve $-1 -1 $-1 1.999255657198921732 0.9234722724511992276 90.64768770796700892 4.263256414560601115e-14 12 -1.687926289802144402e-13 F -0.153912045408534065 F 1.019889917634658194e-16 #
point $-1 -1 $-1 1.999255657198908187 -0.9234722724512093306 90.64768770796703734 #
DXID-attrib $-1 -1 $-1 $-1 $1636 @10 Revit:Edge @7 Edge:60 #
straight-curve $-1 -1 $-1 2.193737983706502082 0.1932301210303346839 90.8421700344746057 -1.925414739410604583e-14 6.84044728206815685e-29 12 F -5.827942386483761286e-17 F 0.4151628017425522121 #
point $-1 -1 $-1 2.193737983706502082 0.1932301210303726258 90.8421700344746057 #
coedge $-1 -1 $-1 $1641 $2932 $2938 $2939 forward $1642 $-1 #
coedge $-1 -1 $-1 $2940 $1646 $2941 $2942 forward $1068 $-1 #
coedge $-1 -1 $-1 $2938 $2943 $1646 $2301 reversed $2944 $-1 #
edge $2945 -1 $-1 $2303 -1.462391274070940383 $2946 -1.27767284093530531 $1646 $2947 forward @7 unknown #
DXID-attrib $-1 -1 $-1 $-1 $1647 @10 Revit:Edge @8 Edge:123 #
vertex $-1 -1 $-1 $1647 $2948 #
ellipse-curve $-1 -1 $-1 -1.033079221127221387e-12 -1.655081670673472609e-12 96.01860741240673747 0 0 1 -2.202231645589369347 7.823898491172689328e-15 0 1 F -2.708878690653270027 F -1.570796326794575926 #
coedge $-1 -1 $-1 $1648 $2940 $2949 $2950 forward $1068 $-1 #
coedge $-1 -1 $-1 $2927 $1651 $1648 $2307 reversed $2310 $-1 #
edge $2951 -1 $-1 $2952 1.277672840935321963 $1654 1.462391274070989455 $1648 $2953 forward @7 unknown #
DXID-attrib $-1 -1 $-1 $-1 $1649 @10 Revit:Face @8 Face:121 #
plane-surface $-1 -1 $-1 -2.701248566924715711 2.202227532860012715 96.01860741240672326 -3.231089148865137963e-15 1.382907826380723817e-14 1 -4.263256414560601115e-14 -12 1.659489391656867002e-13 forward_v I I I I #
loop $-1 -1 $-1 $-1 $2927 $2954 #
DXID-attrib $-1 -1 $-1 $-1 $1652 @10 Revit:Edge @8 Edge:129 #
straight-curve $-1 -1 $-1 -1.727045668828422741e-12 -2.202231645587714226 96.01860741240679431 -0 0 -12 F -6.103816906728117216e-18 F 0.447576642036645822 #
point $-1 -1 $-1 -1.24824550946436175e-12 -2.202231645587679587 96.01860741240679431 #
DXID-attrib $-1 -1 $-1 $-1 $1657 @10 Revit:Face @8 Face:130 #
face $2955 -1 $-1 $2956 $2921 $73 $-1 $2957 reversed single #
cone-surface $-1 -1 $-1 -1.033079221127221387e-12 -1.655081670673472609e-12 87.67738729414880083 -0 0 -1 -2.202231645589369347 7.823898491172689328e-15 0 1 I I 0 1 2.202231645589369347 forward I I I I #
DXID-attrib $-1 -1 $-1 $-1 $1660 @10 Revit:Face @7 Face:40 #
face $2958 -1 $-1 $2331 $2326 $74 $-1 $2959 forward single #
loop $-1 -1 $-1 $-1 $2343 $1660 #
cone-surface $-1 -1 $-1 -4.753954008651762209 -0.9549999999983285193 92.14965498907027097 -1 3.552713678800440187e-15 1.027528214424255903e-14 8.881784197001007777e-16 0.2499999999999931166 1.482269979994081105e-15 1 I I 0 1 0.2499999999999931166 forward I I I I #
coedge $-1 -1 $-1 $1672 $1663 $2960 $2961 forward $246 $-1 #
coedge $-1 -1 $-1 $2962 $2963 $1663 $2323 reversed $2319 $-1 #
edge $2964 -1 $-1 $2328 3.141592653589793116 $2965 4.712388980384686121 $1663 $2966 forward @7 unknown #
coedge $-1 -1 $-1 $1692 $1664 $1667 $2330 forward $2326 $-1 #
coedge $-1 -1 $-1 $1664 $1692 $2962 $2967 reversed $2326 $-1 #
loop $-1 -1 $-1 $-1 $1692 $2318 #
DXID-attrib $-1 -1 $-1 $-1 $1665 @10 Revit:Edge @7 Edge:21 #
vertex $-1 -1 $-1 $1665 $2968 #
straight-curve $-1 -1 $-1 -4.753954008651763097 -1.204999999998325411 94.61292338830887161 1.233146252480379127e-13 1.784816944379451796e-14 -12 F 1.019889917634657948e-16 F 0.2052723666032171268 #
edge $2969 -1 $-1 $1670 -0.1365818265361133932 $1695 1.927754864479523489 $2324 $2970 forward @14 tangent_not_g2 #
face $2971 -1 $-1 $1679 $1668 $74 $-1 $2972 forward single #
point $-1 -1 $-1 -4.753954008651763097 -1.204999999998325633 94.61292338830887161 #
coedge $-1 -1 $-1 $1686 $1685 $1672 $2334 reversed $1079 $-1 #
edge $2973 -1 $-1 $2974 1.570796326794900555 $2336 3.141592653589793116 $1672 $2975 forward @7 unknown #
DXID-attrib $-1 -1 $-1 $-1 $1674 @10 Revit:Edge @7 Edge:25 #
vertex $-1 -1 $-1 $2334 $2976 #
straight-curve $-1 -1 $-1 -4.753954008651729346 1.205000000001678284 92.14965498907028518 -1.233146252480381904e-13 -3.731889974611634613e-14 12 F 5.827942386483705819e-17 F 0.205272366603216877 #
point $-1 -1 $-1 -4.753954008651755103 1.205000000001670513 94.61292338830888582 #
DXID-attrib $-1 -1 $-1 $-1 $1678 @10 Revit:Edge @7 Edge:49 #
straight-curve $-1 -1 $-1 -29.52599430083940035 -0.9549999999982466958 94.86292338830861581 -12 4.263256414560601115e-14 -1.232662861400249953e-13 F -2.06433669101563666 F 0 #
DXID-attrib $-1 -1 $-1 $-1 $1679 @10 Revit:Face @7 Face:50 #
plane-surface $-1 -1 $-1 -29.52599430083940035 -0.9549999999982466958 94.86292338830861581 -1.027219051166876433e-14 -3.400421305789034755e-15 1 12 -4.263256414560601115e-14 1.232662861400249953e-13 forward_v I I I I #
coedge $-1 -1 $-1 $2963 $2962 $1682 $2344 reversed $2319 $-1 #
edge $2977 -1 $-1 $2348 1.570796326794900555 $2355 3.141592653587756967 $1682 $2978 forward @7 unknown #
coedge $-1 -1 $-1 $2960 $1683 $1686 $2350 reversed $1661 $-1 #
coedge $-1 -1 $-1 $1683 $2960 $2963 $2979 forward $1661 $-1 #
DXID-attrib $-1 -1 $-1 $-1 $1684 @10 Revit:Edge @7 Edge:13 #
vertex $-1 -1 $-1 $1684 $2980 #
straight-curve $-1 -1 $-1 -29.52599430083936838 0.9550000000017755397 91.89965498907002939 -4.263256414560601115e-14 -12 -4.185133914817309905e-14 F 2.032559944606210019e-31 F 0.159166666666667983 #
edge $2981 -1 $-1 $2974 -2.064336691015637548 $1688 5.986573448499061801e-31 $1686 $2982 forward @14 tangent_not_g2 #
point $-1 -1 $-1 -29.52599430083936838 0.9550000000017755397 91.89965498907002939 #
DXID-attrib $-1 -1 $2983 $-1 $1690 @10 Revit:Edge @7 Edge:35 #
straight-curve $-1 -1 $-1 -6.39293592708510694 1.205000000001684057 92.14965498907025676 -12 4.263256414560601115e-14 -1.219294381377589987e-13 F -0.1365818265361148642 F 1.927754864479522379 #
DXID-attrib $-1 -1 $-1 $-1 $1693 @10 Revit:Edge @7 Edge:15 #
vertex $-1 -1 $-1 $2344 $2984 #
straight-curve $-1 -1 $-1 -29.52599430083937904 -1.204999999998233706 92.14965498907001518 -1.298048686821451846e-13 -1.784816944379449272e-14 12 F 0 F 0.2052723666032170435 #
point $-1 -1 $-1 -29.52599430083940035 -1.204999999998237703 94.61292338830861581 #
DXID-attrib $-1 -1 $2985 $1700 $1109 @10 Revit:Edge @7 Edge:30 #
DXID-attrib $-1 -1 $-1 $-1 $1703 @10 Revit:Face @8 Face:300 #
face $2986 -1 $-1 $1150 $2414 $75 $-1 $2987 reversed single #
loop $-1 -1 $-1 $-1 $2988 $1703 #
cone-surface $-1 -1 $-1 -84.70972378171106243 -0.2352961613710506383 86.11031837927120591 -3.839631167306461577e-16 -2.527668323174294061e-15 1 8.51475520552934384 -11.56963602864516538 -2.597485055334888289e-14 1 I I -0.8671574603145602023 -0.4980340741563793472 14.36514998339430349 forward I I I I #
coedge $-1 -1 $-1 $2989 $2990 $2988 $2991 forward $1704 $-1 #
coedge $-1 -1 $-1 $1706 $1706 $1707 $2365 reversed $1114 $-1 #
edge $2992 -1 $-1 $1710 -1.154249423902482383e-29 $1711 1.686178879065491243 $1707 $2993 forward @2 g2 #
DXID-attrib $-1 -1 $-1 $-1 $1708 @10 Revit:Edge @8 Edge:292 #
ellipse-curve $-1 -1 $-1 -81.90260529230093312 -0.7389022009027882421 84.4535663697958654 0 0 1 -2.82899862781027906e-13 -10.11707327439294701 0 1 F 2.524240588287857538e-15 F 3.141592653589795336 #
point $-1 -1 $-1 -81.90260529230067732 9.378171073490157994 84.45356636979585119 #
point $-1 -1 $-1 -81.90260529230118891 -10.85597547529573603 84.45356636979585119 #
DXID-attrib $-1 -1 $-1 $1713 $1120 @10 Revit:Edge @8 Edge:281 #
point $-1 -1 $-1 -81.9026052923006489 9.422240159233696843 84.2829276042558746 #
coedge $-1 -1 $-1 $2994 $1716 $1719 $2378 forward $2374 $-1 #
coedge $-1 -1 $-1 $1716 $2994 $1724 $2382 reversed $2374 $-1 #
loop $-1 -1 $-1 $-1 $2373 $2995 #
DXID-attrib $-1 -1 $-1 $-1 $1717 @10 Revit:Edge @8 Edge:285 #
ellipse-curve $-1 -1 $-1 -79.09495127660987634 -0.2352961613712603595 84.28292760425586039 -3.27836223788815455e-15 8.130197704434056283e-29 -1 -13.95196147246512197 -0.5062045437551411231 4.573958363580002424e-14 1 F 5.292190553485275117 F 6.283185307179615542 #
coedge $-1 -1 $-1 $1719 $1718 $2996 $2997 reversed $1720 $-1 #
edge $2998 -1 $-1 $1722 -1.337431998045629067 $2999 -0.1333057656530426127 $2372 $3000 forward @7 unknown #
face $3001 -1 $-1 $-1 $1720 $75 $-1 $3002 forward single #
point $-1 -1 $-1 -86.31516804604781612 -12.18443595349006792 84.28292760425588881 #
coedge $-1 -1 $-1 $1725 $1724 $3003 $3004 reversed $1726 $-1 #
edge $3005 -1 $-1 $1728 1.375900021078429569 $3006 2.455806930751792461 $1724 $3007 forward @7 unknown #
face $3008 -1 $-1 $3009 $1726 $75 $-1 $3010 reversed single #
point $-1 -1 $-1 -93.04691274907501963 -0.7415007051259958626 84.28292760425591723 #
coedge $-1 -1 $-1 $2990 $2989 $1730 $2386 forward $1704 $-1 #
edge $3011 -1 $-1 $2391 -0.005971543892644178356 $2388 0.9913809311533657853 $2385 $3012 forward @7 unknown #
DXID-attrib $-1 -1 $-1 $-1 $1731 @10 Revit:Edge @8 Edge:324 #
vertex $-1 -1 $-1 $2386 $3013 #
intcurve-curve $-1 -1 $-1 forward { surfintcur full nubs 3 open 2 
	0 3 3.831441019725299491 3 
	-71.13019568096387957 -0.7347583607278368456 83.84985673811405604 
	-70.80236683808445264 -0.7406825528955907068 84.2310585917421264 
	-70.40897627075770515 -0.7478279429305706438 84.68850372746814514 
	-70.08115349289897722 -0.753806655852287677 85.06970994566869138 
	4.077410574053107005e-05 
	
	cone -84.70972378171103401 -0.2352961613710814193 84.31829875178300426 -1.277146933431865429e-15 -1.527331986088451688e-15 1 8.325355676227133017 -11.24509676142350401 -6.542293498758720479e-15 1 I I -0.652029523577479786 -0.7581935771182216621 13.99155989550360246 forward I I I I 
	cone -81.90233752916043386 -0.7415007051264920213 84.31829875178297584 3.396939678602826749e-15 4.990811425612432239e-16 1 10.62938260416988889 3.449160444197291397 -3.782878246252236982e-14 1 I I -0.6520295235774760112 -0.7581935771182248818 11.17499361591069018 forward I I I I 
	nullbs 
	nullbs 
	I I 
	0 
	0 
	0 
	} F 1.375771777774169369 F 2.455679037523104125 #
DXID-attrib $-1 -1 $-1 $-1 $1732 @10 Revit:Edge @8 Edge:310 #
vertex $-1 -1 $-1 $3014 $3015 #
intcurve-curve $-1 -1 $-1 reversed { exactcur full nurbs 2 open 2 
	0 2 1.472190565666640527 2 
	-77.49894795971752615 -12.15057856606459552 84.24355752551565502 1 
	-77.44743110937747588 -12.33520885613504703 84.45824949115677782 1 
	-77.3959142590421294 -12.52247730087698763 84.67600915826697872 1 
	0 
	
	null_surface 
	null_surface 
	nullbs 
	nullbs 
	I I 
	0 
	0 
	0 
	F 1 F 0 } F -1.339022628393598646 F -0.1348963850267443365 #
DXID-attrib $-1 -1 $-1 $-1 $1733 @10 Revit:Face @8 Face:309 #
face $3016 -1 $-1 $3017 $3018 $75 $-1 $3019 reversed single #
cone-surface $-1 -1 $-1 -84.70972378171103401 -0.2352961613710814193 84.31829875178300426 -1.277146933431865429e-15 -1.527331986088451688e-15 1 8.325355676227133017 -11.24509676142350401 -6.542293498758720479e-15 1 I I -0.652029523577479786 -0.7581935771182216621 13.99155989550360246 forward I I I I #
coedge $-1 -1 $-1 $1737 $1736 $3020 $3021 reversed $1738 $-1 #
face $3022 -1 $-1 $2995 $1738 $75 $-1 $3023 reversed single #
coedge $-1 -1 $-1 $3024 $3025 $1741 $2399 forward $3026 $-1 #
edge $3027 -1 $-1 $2401 3.140545546997238979 $1755 6.284232413772169679 $2398 $3028 forward @7 unknown #
DXID-attrib $-1 -1 $-1 $-1 $1742 @10 Revit:Edge @8 Edge:338 #
vertex $-1 -1 $-1 $3029 $3030 #
straight-curve $-1 -1 $-1 -93.66859616146325607 -0.7528051583318535744 86.79418090728246682 4.866889225891336324 0.08874320321246872978 10.9683870239332073 F -0.01214721005520254075 F -1.536372140321107374e-15 #
DXID-attrib $-1 -1 $-1 $-1 $1743 @10 Revit:Face @8 Face:320 #
cone-surface $-1 -1 $-1 -81.90233752916043386 -0.741500705126480808 86.67426913625061502 3.264426496174640232e-15 9.084077422901165952e-17 1 11.24404170917701862 3.643000092594824935 -3.703628062845792353e-14 1 I I 0.405591225748137163 -0.9140545703600653216 11.81947222308840573 forward I I I I #
coedge $-1 -1 $-1 $3031 $3032 $1745 $2406 forward $3033 $-1 #
edge $3034 -1 $-1 $1752 -0.7666862070133655394 $2408 3.544517458485008012e-31 $2405 $3035 forward @7 unknown #
DXID-attrib $-1 -1 $-1 $-1 $1746 @10 Revit:Edge @8 Edge:340 #
vertex $-1 -1 $-1 $3036 $3037 #
ellipse-curve $-1 -1 $-1 529.2972234036785721 -40.38043719908491624 24.65174616937667906 2.323835568418530784e-14 0.9140545703600653216 -0.405591225748137274 -615.7836027036084943 27.57431240282139839 62.14243473790576644 1 F 6.282948598930813588 F 6.283185307179586232 #
DXID-attrib $-1 -1 $-1 $-1 $1747 @10 Revit:Face @8 Face:350 #
plane-surface $-1 -1 $-1 -86.50245477124096283 -12.8652449744861741 86.66094560613596798 -2.323969358734202204e-14 -0.9140545703600653216 0.405591225748137163 12 -3.214591189806521463e-13 -3.687173905820017051e-14 forward_v I I I I #
coedge $-1 -1 $-1 $3038 $1749 $3032 $3039 forward $2414 $-1 #
coedge $-1 -1 $-1 $1749 $3038 $3024 $2418 forward $2414 $-1 #
loop $-1 -1 $-1 $-1 $3038 $2360 #
DXID-attrib $-1 -1 $-1 $-1 $1750 @10 Revit:Edge @8 Edge:307 #
ellipse-curve $-1 -1 $-1 -84.70972378171100559 -0.2352961613711064548 86.66094560613593956 3.27836223788815455e-15 -9.998811973676326876e-29 -1 7.572307514334625012 -12.53183442091486022 2.482476700867260291e-14 1 F 5.291349796768565206 F 6.296284669936119904 #
point $-1 -1 $-1 -77.30222028708055859 -12.86524497448642634 86.66094560613596798 #
edge $3040 -1 $-1 $3041 1.132105873365198079 $1755 2.416005277308350685 $2413 $3042 forward @7 unknown #
point $-1 -1 $-1 -70.07695977111529828 -0.7538831406618746733 86.66094560613593956 #
DXID-attrib $-1 -1 $-1 $-1 $1760 @10 Revit:Face @8 Face:378 #
face $3043 -1 $-1 $2444 $1773 $76 $-1 $3044 forward single #
cone-surface $-1 -1 $-1 -89.25613055765680315 -7.458232503248883205 42.47163228315327643 -1 2.479229249243265764e-14 0 1.17247629002796265e-12 47.29196746875413737 0 1 I I 0 1 47.29196746875413737 forward I I I I #
tcoedge-coedge $-1 -1 $-1 $2448 $3045 $1784 $2436 forward $1761 $3046 9.999999554375832589e-07 19.98875614790357957 #
DXID-attrib $-1 -1 $-1 $-1 $1763 @10 Revit:Edge @8 Edge:362 #
intcurve-curve $-1 -1 $-1 forward { exactcur full nubs 3 open 7 
	0 3 1.138921210184470123 2 2.270760375586062807 2 4.368504232676125199 2 6.47277475036811456 2 
	7.601827420060497609 2 8.736160657593536882 3 
	-84.23467448308815619 -11.73875724255262298 89.5694803764781966 
	-84.38413920883414221 -11.73875724255261765 89.5694803764781966 
	-84.53315027328383735 -11.72334715314388731 89.57088860634915761 
	-84.82464623126524828 -11.66175263323219369 89.57642562484728899 
	-84.96620745549068943 -11.61596147638222121 89.58051836394140821 
	-85.35313170604518973 -11.44372977218952059 89.59549681538743471 
	-85.57930656617457998 -11.28389004400263929 89.60903181236884052 
	-85.95866672696419641 -10.88493237720358131 89.63971541840687962 
	-86.10740821124738886 -10.65002346833418301 89.65646837656703383 
	-86.26243619662176343 -10.25573953852552478 89.6809869793055725 
	-86.30239203232484613 -10.11284252053823529 89.68926194449399247 
	-86.35326492720167835 -9.82055731862968706 89.70478935021338884 
	-86.36393404161582055 -9.671786254486756107 89.71200187698671868 
	-86.35975909745786794 -9.523091011920168825 89.71850039528180787 
	0 
	
	null_surface 
	null_surface 
	nullbs 
	nullbs 
	I I 
	0 
	5 1.138921210184470123 2.270760375586062807 4.368504232676125199 6.47277475036811456 7.601827420060497609 
	0 
	F 1 F 0 } I I #
point $-1 -1 $-1 -84.23467448308815619 -11.73875724255268871 89.5694803764781966 #
coedge $-1 -1 $-1 $2442 $1768 $1772 $2432 reversed $1790 $-1 #
pcurve $-1 -1 $-1 0 forward { exppc nubs 3 open 13 
	-39.26648999308679322 3 -34.34582599042776963 3 -29.92298193575335574 3 -28.71792916454248612 3 -24.87241861890508687 3 
	-19.57835424035528149 3 -16.63359521582691158 3 -13.6254388664313435 3 -12.64617656564296766 3 -9.452810617639840984 3 
	-6.531885017680907346 3 -1.607421110897024441 3 -9.999999514584407955e-07 3 
	1.279703697962298437 -2.11332253781672863 
	1.295936572101184403 -2.134852394725040625 
	1.311928000781976467 -2.160609346439324785 
	1.327538916581090245 -2.193017796057291413 
	1.341570487542411927 -2.222147506729789779 
	1.355298640614691852 -2.256609055552830423 
	1.368510587285234337 -2.299703767167389667 
	1.372110328255436773 -2.311445397894969389 
	1.375670834013953403 -2.323839639532609525 
	1.379185324456174921 -2.336982913184077582 
	1.390400609281024824 -2.37892514064365157 
	1.401175383283809195 -2.428415259058049003 
	1.411159756009631172 -2.489697256657992686 
	1.424905112149638109 -2.574063386119864294 
	1.437212393385920217 -2.681721993344957866 
	1.44626584598512653 -2.823181191675982138 
	1.451301719056990347 -2.901866153002791826 
	1.455292922943564271 -2.990903958848370348 
	1.457872755576182122 -3.087459512580682741 
	1.460508129081975248 -3.18609379797039427 
	1.461648840615695777 -3.29240679543859649 
	1.461143537286311744 -3.397591075245623315 
	1.460979043010265377 -3.431832314026743269 
	1.460643321443932718 -3.465928568110286712 
	1.460140723173070754 -3.499563479627429086 
	1.458501754530650452 -3.609246637057740514 
	1.455074577245240253 -3.712924140470624579 
	1.450298671020469943 -3.804465945442583763 
	1.445930218740937745 -3.888197909133198404 
	1.44045186818004689 -3.962080798802070536 
	1.434230219758777736 -4.026677977297209665 
	1.423740982000831989 -4.135584028852871796 
	1.411205830769568292 -4.218517053669357253 
	1.397727387837263358 -4.285878056340197695 
	1.393327818535289309 -4.307865714780366062 
	1.38882107210098571 -4.328183857722070371 
	1.38422898549111606 -4.347122990055288128 
	0.0003883438704652594753 
	torus -81.90260529229820463 -0.7388793128663374565 51.50150271944777103 -1.593767800674822391e-12 6.066535264864000007e-13 1 -0.3119928748779940419 37.09725079614911181 1 0 1.593767800674822391e-12 forward_v I I I I 
	} 0 0 #
DXID-attrib $-1 -1 $-1 $-1 $1769 @10 Revit:Edge @8 Edge:358 #
intcurve-curve $-1 -1 $-1 forward { parcur full nubs 3 open 7 
	9.999999514584407955e-07 3 6.531885017680907346 3 12.64617656564296766 3 16.63359521582691158 3 19.57835424035528149 3 
	28.71792916454248612 3 39.26648999308679322 3 
	-84.24905920847274388 5.396813023995705727 87.9549951447459506 
	-84.47828851478314505 4.580870187174242325 88.08339788776953583 
	-84.6971418608957265 3.757768978867880527 88.18308430898889583 
	-84.90313531175314665 2.928573648806760854 88.25335221057120805 
	-85.09595931354249387 2.152389934509531422 88.31912778704726463 
	-85.27723609231271951 1.372133010009830789 88.35900760526001818 
	-85.44734864008616171 0.5871664630661961315 88.37186429313233305 
	-85.55828707674743328 0.07525265841669646905 88.38024874725911673 
	-85.66398993883609592 -0.4362025973294150205 88.37708112068564503 
	-85.76520292625936293 -0.9481783382481908662 88.3624806738486086 
	-85.83994999554448668 -1.326278887921000793 88.35169805949144006 
	-85.91225219807458302 -1.704662582316089692 88.33467997466081556 
	-85.98248586390496939 -2.083719500032455763 88.31147445572567278 
	-86.20046833571689149 -3.260188973813948454 88.23945206706983413 
	-86.39690683385859415 -4.43846973104487752 88.10813216084207511 
	-86.58496744710240023 -5.604699682542684691 87.91981918684818709 
	-86.80202008190336471 -6.950719348171596756 87.70247528656221903 
	-87.00854608822427849 -8.284411295862515345 87.40860329308456755 
	-87.23851687611329453 -9.589746970780071322 87.03810422421911142 
	0.000178925918043657125 
	
	spline forward { ref 0 } I I I I 
	null_surface 
	nubs 3 open 6 
	9.999999514584407955e-07 3 6.531885017680907346 3 12.64617656564296766 3 19.57835424035528149 3 28.71792916454248612 3 
	39.26648999308679322 3 
	0.0758293492336087338 0.3151648699795264186 
	0.1269715537858169818 0.3572552914204573105 
	0.1785521173433700093 0.3899325020645492135 
	0.2304083260128800825 0.4129663214497481527 
	0.2789492948235772207 0.4345275565854276878 
	0.3276542307797292719 0.4476001617030166968 
	0.3765153342700133243 0.4518145842156324754 
	0.4319124065424421177 0.4565927544132079019 
	0.4870487124214174512 0.4499256850892647819 
	0.5421978769648179153 0.4320187944424411786 
	0.6149080619892741684 0.4084098541634164636 
	0.6873509590348123588 0.3653631865724112915 
	0.7585955605603060814 0.303634190356638467 
	0.8408234561824762254 0.2323888559873303616 
	0.9216946948642916748 0.1360576113122158037 
	1 0.01460800996565420756 
	
	nullbs 
	I I 
	0 
	4 6.531885017680907346 12.64617656564296766 19.57835424035528149 28.71792916454248612 
	1 16.63359521582691158 
	surf1 } I I #
tcoedge-coedge $-1 -1 $-1 $1772 $1771 $3045 $3047 reversed $1773 $3048 -18.84181713957871906 -9.999999122595163428e-07 #
edge $3049 -1 $-1 $3050 -6.316867692935932865 $1776 6.34424038761002862 $1772 $3051 forward @7 unknown #
point $-1 -1 $-1 -84.24905920847274388 5.396813023995703062 87.95499514474593639 #
point $-1 -1 $-1 -87.23851687611345085 -9.589746970780216984 87.03810422421868509 #
tcoedge-coedge $-1 -1 $-1 $1784 $1782 $1799 $2454 reversed $1169 $3052 -8.73810371689185672 -0 #
tedge-edge $3053 -1 $-1 $2439 9.999999554375832589e-07 $3054 19.98875614790357957 $2423 $3055 forward @7 unknown 7.669337336282167669e-05 #
pcurve $-1 -1 $-1 0 forward { exppc nubs 3 open 5 
	-19.98875614790357957 3 -15.08673185772398817 3 -10.00249788119785244 3 -3.589823068576712295 3 -9.999999554375832589e-07 3 
	-0.2497389198949341582 -1.614472139933330386 
	-0.249349156912389569 -1.600882608669462304 
	-0.2488326495066112698 -1.587312772814744033 
	-0.2481444753467101361 -1.573731945199905891 
	-0.247430721550641386 -1.559646314223529284 
	-0.2465345565383764981 -1.545593319737815996 
	-0.2454192085831900516 -1.53153198842944982 
	-0.2440124354542280438 -1.513796623469969571 
	-0.2422654196615081912 -1.496168940275815151 
	-0.2401409009657783367 -1.478562224656385427 
	-0.238951593177392646 -1.468705966833770304 
	-0.2376443281643548788 -1.458856267598105161 
	-0.2362155529523620179 -1.448997665875600749 
	1.303457774195409636e-05 
	cone -89.25613055765680315 -7.458232503248883205 42.47163228315327643 -1 2.479229249243265764e-14 0 1.17247629002796265e-12 47.29196746875413737 0 1 I I 0 1 47.29196746875413737 forward I I I I 
	} 0 0 #
DXID-attrib $-1 -1 $-1 $-1 $1785 @10 Revit:Edge @8 Edge:380 #
tvertex-vertex $-1 -1 $-1 $2436 $3056 2.789916953593430421e-05 #
straight-curve $-1 -1 $-1 -85.72023972658166713 -1.712359537469020587 89.41324634708188057 -12 2.973299627137720509e-13 0 F -0.6362695561168341118 F 1.083013682794517904e-29 #
pcurve $-1 -1 $-1 0 forward { exppc nubs 3 open 3 
	-0.4233326177851776118 3 -0.2116656259153410491 3 -0 3 
	1.275548021795805065 -2.107251175015111944 
	1.27623037303519693 -2.108341885297704277 
	1.276918112207405143 -2.109393782421137953 
	1.277610873830984595 -2.110406016872339308 
	1.278303630983952832 -2.111418244791269494 
	1.279001356293362202 -2.112390731234190522 
	1.279703697962286224 -2.113322537816717972 
	1.739295906099059328e-08 
	torus -81.90260529229820463 -0.7388793128663374565 51.50150271944777103 -1.593767800674822391e-12 6.066535264864000007e-13 1 -0.3119928748779940419 37.09725079614911181 1 0 1.593767800674822391e-12 forward_v I I I I 
	} 0 0 #
tcoedge-coedge $-1 -1 $-1 $1789 $2427 $3057 $3058 reversed $1790 $3059 -39.0373085174773351 -0 #
pcurve $-1 -1 $-1 0 forward { exppc nubs 3 open 3 
	-0.4233847203213167987 3 -0.2116930434701655706 3 -0 3 
	1.27970422485328017 -1.028273094806920973 
	1.279001793464580983 -1.029205004006720658 
	1.278303778948191693 -1.030176580740790104 
	1.277610606694274287 -1.031187224648560052 
	1.276917429965441331 -1.032197875080749006 
	1.276229149845703015 -1.033247513847397769 
	1.275546206571691821 -1.034335633877371929 
	1.834950363657520307e-08 
	torus -81.90260529229820463 -0.7388793128663374565 51.50150271944777103 -1.593767800674822391e-12 6.066535264864000007e-13 1 -0.3119928748779940419 37.09725079614911181 1 0 1.593767800674822391e-12 forward_v I I I I 
	} 0 0 #
face $3060 -1 $-1 $-1 $1790 $76 $-1 $3061 reversed single #
DXID-attrib $-1 -1 $-1 $1791 $1176 @10 Revit:Edge @8 Edge:384 #
DXID-attrib $-1 -1 $-1 $-1 $1793 @10 Revit:Edge @8 Edge:363 #
intcurve-curve $-1 -1 $-1 forward { parcur full nubs 3 open 3 
	0 3 0.2116656259153410491 3 0.4233326177851776118 3 
	-87.23851687611340822 -9.589746970780481661 87.03810422421886983 
	-87.24315585482507629 -9.616093934959550893 87.03062648547020785 
	-87.24727905131510397 -9.642534895948598361 87.02317015188285154 
	-87.25088025168157913 -9.669054914930539368 87.01574072561093942 
	-87.25448147528788923 -9.695575105055711518 87.00831125139427513 
	-87.25756041463989732 -9.722172277545283237 87.00090926743152409 
	-87.26011031349021607 -9.748830953307805913 86.99354043783988288 
	1.523744247635701402e-08 
	
	spline forward { ref 1 } I I I I 
	null_surface 
	nubs 3 open 3 
	0 3 0.2116656259153410491 3 0.4233326177851776118 3 
	0 0.01460800996557203545 
	0.008000280276160735143 0.0121568070711066227 
	0.01602014786878468156 0.009712620788901581148 
	0.02406095556598691898 0.007277254725176798313 
	0.03210181515341636871 0.004841872945157936828 
	0.04016298434179008808 0.00241550247085838693 
	0.04824583792836476676 2.06687513343944327e-15 
	
	nullbs 
	I I 
	0 
	1 0.2116656259153410491 
	0 
	surf1 } I I #
coedge $-1 -1 $-1 $3057 $2423 $1796 $2449 reversed $1761 $3062 #
edge $3063 -1 $-1 $2452 2.506005551478046457e-16 $3054 0.2351292280712083682 $1796 $3064 forward @14 tangent_not_g2 #
pcurve $-1 -1 $-1 0 forward { exppc nubs 1 open 2 
	2.506005551478046457e-16 1 0.2351292280712083682 1 
	0.9999999999999991118 0.01460984884324345069 
	1 0.8932419223888823367 
	2.560322289051314042e-15 
	spline forward { ref 9 } I I I I 
	} 0 0 #
DXID-attrib $-1 -1 $-1 $-1 $1797 @10 Revit:Edge @8 Edge:371 #
tvertex-vertex $-1 -1 $-1 $1797 $3065 1.083759887078272541e-11 #
intcurve-curve $-1 -1 $-1 forward { parcur full nubs 3 open 3 
	0 3 0.2116930434701655706 3 0.4233847203213167987 3 
	-76.54501163708991385 -9.748860138041962387 86.99354043783985446 
	-76.54759656135647106 -9.722195811762562201 87.00091018634513773 
	-76.5507063671675354 -9.695592948677321132 87.00831309875582065 
	-76.55432983292158156 -9.669067661034006278 87.01574350877272934 
	-76.55795327528376504 -9.642542544629016277 87.02317387082140954 
	-76.56209008860770382 -9.616097080216654547 87.03063114730406369 
	-76.56672974278542654 -9.589746831277707884 87.0381098339737207 
	1.7192921846109296e-08 
	
	spline forward { ref 9 } I I I I 
	null_surface 
	nubs 3 open 3 
	0 3 0.2116930434701655706 3 0.4233847203213167987 3 
	0.9517479775915258511 1.300607480530774121e-15 
	0.9598318727242513004 0.002415803690770254586 
	0.9678940777759896807 0.004842478510316964788 
	0.9759359680740727905 0.007278167045671459119 
	0.9839778064564197457 0.009713839857040834289 
	0.9919986993273557374 0.01215833522034142494 
	0.9999999999999739098 0.01460984884332392798 
	
	nullbs 
	I I 
	0 
	1 0.2116930434701655706 
	0 
	surf1 } I I #
tedge-edge $3066 -1 $-1 $3054 0 $1804 8.73810371689185672 $1799 $3067 forward @7 unknown 0.0002510281164615989734 #
pcurve $-1 -1 $-1 0 forward { exppc nubs 3 open 7 
	0 3 1.133340597533871952 3 2.261411683753251189 3 4.366214669280747529 3 6.464469491947720137 3 
	7.597738791443621409 3 8.738103716891899353 3 
	0.9999999999999146238 0.8932419223888775628 
	0.9571471976926537728 0.8911140451309186306 
	0.9143228075738500937 0.8887526294297467544 
	0.8713145809309247314 0.8862049394167759164 
	0.8285063227153232068 0.8836690949878938106 
	0.7857024395340969081 0.8809600134765844803 
	0.7426911805918441356 0.8781569185987193604 
	0.6624389453037708986 0.8729267850196197331 
	0.5825831505810782351 0.8674348187593088344 
	0.5017018482675409397 0.8623966226875704466 
	0.4210721723264298499 0.8573741007329003239 
	0.3411730712419019929 0.8529350507418109739 
	0.2605393585254531796 0.8497429154253723915 
	0.2169890184338831018 0.8480188402964238259 
	0.1736561627461619128 0.8466745168687814793 
	0.1303036750704895386 0.8457679694106675639 
	0.0866797487907815245 0.8448557458774373918 
	0.04332422605910384722 0.8443931575815087909 
	0 0.8443931575815085688 
	8.58737397788242207e-06 
	spline forward { ref 9 } I I I I 
	} 0 0 #
DXID-attrib $-1 -1 $-1 $-1 $1802 @10 Revit:Edge @8 Edge:368 #
straight-curve $-1 -1 $-1 -79.57042179503326906 -11.73875724255272068 89.5694803764781966 -12 2.570621217669118997e-13 0 F 1.237513669864396552e-05 F 0.3886877240045745752 #
point $-1 -1 $-1 -79.570570296673651 -11.73875724255278463 89.56948037647818239 #
DXID-attrib $-1 -1 $-1 $1807 $1193 @10 Revit:Face @8 Face:405 #
DXID-attrib $-1 -1 $3068 $-1 $1808 @10 Revit:Face @8 Face:415 #
face $3069 -1 $-1 $3070 $3071 $77 $-1 $3072 reversed single #
loop $-1 -1 $-1 $3073 $3074 $1808 #
cone-surface $-1 -1 $-1 -81.88122913574319739 -0.7576933599002956266 83.94079419151150034 -1.724632662305324803e-15 4.078244850058715109e-16 1 -0.7366600344125868727 -0.239355354608391302 -1.172852982136347126e-15 1 I I -0.7148599275450358004 -0.699267676923727266 0.7745701982909376504 forward I I I I #
loop $-1 -1 $-1 $-1 $2466 $1193 #
coedge $-1 -1 $-1 $2465 $2465 $3075 $3076 forward $1809 $-1 #
coedge $-1 -1 $-1 $2466 $2466 $1812 $2467 reversed $2464 $-1 #
edge $3077 -1 $-1 $3078 3.141592653589796225 $3078 9.424777960769382901 $1812 $3079 forward @7 unknown #
DXID-attrib $-1 -1 $-1 $-1 $1815 @10 Revit:Edge @8 Edge:404 #
ellipse-curve $-1 -1 $-1 -81.88122913574318318 -0.7576933599002950714 80.10255974417171387 1.727558790417912113e-15 -4.283014282991404232e-29 -1 -0.5751927377671992581 1.426034659424752028e-14 -9.936792703142698981e-16 1 F 1.804616265326514664e-15 F 3.141592653589796225 #
DXID-attrib $-1 -1 $3080 $-1 $1816 @10 Revit:Edge @8 Edge:397 #
straight-curve $-1 -1 $-1 -82.45642187351037933 -0.7576933599002807496 80.10255974417171387 12 -2.987911928080279983e-13 2.779452956353749145e-14 F -1.995282961459732932e-30 F 0.09586545629453306627 #
point $-1 -1 $-1 -81.30603639797598703 -0.7576933599003112807 80.10255974417171387 #
point $-1 -1 $-1 -82.45642187351037933 -0.7576933599002798614 80.10255974417171387 #
coedge $-1 -1 $-1 $3081 $3081 $3082 $3083 reversed $1823 $-1 #
DXID-attrib $-1 -1 $3084 $-1 $1824 @10 Revit:Face @8 Face:427 #
cone-surface $-1 -1 $-1 -81.8812291357432116 -0.7576933599002974029 84.11148936649175312 -1.674208491007359716e-15 1.267078984158028345e-17 1 -1.479283588310515984 -0.4806483741562899703 -2.470538949620669823e-15 1 I I -0.6334651332301484139 -0.7737712355610736337 1.555410812044175417 forward I I I I #
DXID-attrib $-1 -1 $-1 $-1 $1837 @10 Revit:Face @8 Face:193 #
face $3085 -1 $-1 $3086 $3087 $80 $-1 $3088 forward single #
loop $-1 -1 $-1 $-1 $3089 $1837 #
plane-surface $-1 -1 $-1 -68.89956823553060872 -1.903903653018247237e-12 86.73849059906751791 -1 -1.993994566947377939e-14 -3.169918912968230602e-15 -2.392793480336853527e-13 12 5.365932710646091654e-28 forward_v I I I I #
coedge $-1 -1 $-1 $2483 $2483 $3090 $3091 forward $1838 $-1 #
coedge $-1 -1 $-1 $1840 $1840 $3092 $3093 forward $1229 $-1 #
coedge $-1 -1 $-1 $2481 $2481 $1840 $2484 reversed $1838 $-1 #
edge $3094 -1 $-1 $3095 -0.09895833333333256543 $3096 0.09895833333333166337 $1840 $3097 forward @2 g2 #
no_merge_attribute-st-attrib $-1 -1 $3098 $1841 $1233 #
coedge $-1 -1 $-1 $1845 $1843 $1847 $2495 forward $2488 $-1 #
coedge $-1 -1 $-1 $1843 $2492 $3099 $3100 reversed $2488 $-1 #
loop $-1 -1 $-1 $-1 $2486 $3086 #
DXID-attrib $-1 -1 $-1 $-1 $1844 @10 Revit:Edge @8 Edge:181 #
vertex $-1 -1 $-1 $1844 $3101 #
intcurve-curve $-1 -1 $-1 forward { surfintcur full nubs 3 open 28 
	-16.01991236547913999 3 -16.01737682313860844 2 -15.76850426832966257 2 -14.70139079357543999 2 -13.83133497195512618 2 
	-13.02368034617706094 2 -12.23981913264903199 2 -11.46198233012217926 2 -10.65818605436264654 2 -9.771772597213628231 2 
	-9.164764239404512125 2 -8.784504915491604393 2 -8.423333014037819311 2 -7.887298661758038065 2 -7.05185601804958484 2 
	-6.518361081901364429 2 -6.120093359710096159 2 -5.687973949415126462 2 -5.235645034298461731 2 -4.585971324217599232 2 
	-3.87150358175457221 2 -3.189626557886638736 2 -2.521412141060604739 2 -1.83130701860203704 2 -1.086727384623788595 2 
	-0.1931392786721120303 2 -0 2 0.002168802795053787619 3 
	-68.89956823553060872 0.4374999999980655474 86.73849059906750369 
	-68.89956823553060872 0.43769869747664647 86.7386943826208352 
	-68.89956815656620392 0.4378973276033651385 86.73889824313501151 
	-68.89955248142064193 0.457584425524911409 86.75911820263506513 
	-68.89877203590042143 0.4763695236879706973 86.77981254419431423 
	-68.8898644460156504 0.5723192635196274747 86.89186833602543913 
	-68.86567421073968376 0.6396977816003817097 86.99299396263039341 
	-68.77475824598218423 0.7447594840174857067 87.17394051323118731 
	-68.71844076358513576 0.7836014712491304879 87.25083400323197225 
	-68.58039765831918544 0.8427048062867925626 87.37873793419961999 
	-68.50238195014608777 0.8633852508041123253 87.42968568878407609 
	-68.33154192151070561 0.8881834923675067106 87.50130619974554236 
	-68.24138093970580599 0.8924586876950413306 87.52188732024021078 
	-68.05846116323969852 0.8844522884321073253 87.53091505590698773 
	-67.96811245101363852 0.8724177889944528808 87.5194731996897417 
	-67.79489276635460726 0.8306724714439626123 87.46723924471585576 
	-67.71451381430347283 0.8009642112838005756 87.42601893330335372 
	-67.56939932771877011 0.71787636091857987 87.32007097708169852 
	-67.51429498424599274 0.6662859387065885874 87.2588285985423795 
	-67.45028221494229115 0.5683777600259067864 87.17223213528581027 
	-67.43056120996722314 0.5227989969012137861 87.13908442873099602 
	-67.41003385151080352 0.4362958829143688266 87.10140809536939344 
	-67.40527280917363839 0.4020857737890323191 87.09173280073088108 
	-67.3999525178372636 0.3301885753075761709 87.08089684843567113 
	-67.39937898996916488 0.2947718888229569068 87.07965358977949677 
	-67.3999684735516098 0.2070560477739640803 87.08088043796310274 
	-67.40218480586817407 0.1515913196376675598 87.08545531215800395 
	-67.40557398727425209 -0.009390138355207003698 87.09231009671033519 
	-67.40424153270168972 -0.06766287710887287921 87.08964803214706762 
	-67.400583046632633 -0.2000318434487431407 87.08216757541356401 
	-67.3991712227856965 -0.2473268573479159294 87.0792215801457985 
	-67.40004354943461351 -0.3263530367536313648 87.08103634835224227 
	-67.40146337139985633 -0.3594709530721030277 87.08405548655655082 
	-67.40881947386172612 -0.4280368996167498996 87.09877684380089136 
	-67.41537936646632545 -0.4678173889372138627 87.11222037830815168 
	-67.44412651633462019 -0.5547281326901898346 87.1614536128510764 
	-67.46456335955724626 -0.5934753124490396159 87.19297437025045383 
	-67.52619560304813717 -0.676732074795589833 87.27158267172715966 
	-67.57548303732605177 -0.7205397048926731607 87.32366747194629397 
	-67.71166569370947741 -0.8001696783324803164 87.42480129547715251 
	-67.79546543944006487 -0.8311821267560965953 87.4680054771984743 
	-67.9753660489673166 -0.8737925789183476066 87.5210643384163518 
	-68.06852572981904359 -0.8856180879528641192 87.53182201654583139 
	-68.25396218476305421 -0.8921949176961616601 87.51969026037696153 
	-68.34376198573895067 -0.8871739812592379648 87.497652424941748 
	-68.51349725940826829 -0.8608672707813443958 87.42328690866489183 
	-68.59073506521670538 -0.8394071403057152825 87.3710257902490639 
	-68.7268090500401172 -0.7786228322994913631 87.24077160391169627 
	-68.78188287000260459 -0.7388759642478042178 87.16287221269725194 
	-68.86873210722367844 -0.6329451643796327742 86.98264413146873153 
	-68.89115883347051295 -0.5661220677252780664 86.88368336017208549 
	-68.8989105065336247 -0.4728804532532856486 86.77598196227792471 
	-68.89955392006271495 -0.4557775722640726723 86.75726244410834909 
	-68.8995681565661755 -0.4378973276072997134 86.73889824313513941 
	-68.8995682355305803 -0.437698697480345067 86.7386943826207073 
	-68.8995682355305803 -0.4375000000018810509 86.73849059906750369 
	0.0001348112055116467973 
	
	cone -68.11068121160477062 -2.169181823732357017 86.73849059906751791 -2.190747307372565795e-14 1 4.471610592205076565e-29 -0.7888870239257854688 -1.728252123486571814e-14 -2.500707897337568754e-15 1 I I 0 1 0.7888870239257854688 forward I I I I 
	torus -68.14956823553060872 -1.891369803215714849e-12 86.73849059906748948 1 2.44198710911037122e-14 1.244254579428584124e-14 0.4374999999999733546 -0.7499999999999917843 1.244254579428584124e-14 0 -1 forward_v I I I I 
	nullbs 
	nullbs 
	F -16.01737682313860844 F -0 
	0 
	2 -16.01737682313860844 -0 
	0 
	} F -3.220247612994993069 F 0.002168802795041407331 #
coedge $-1 -1 $-1 $2487 $1845 $3102 $3103 reversed $2488 $-1 #
DXID-attrib $-1 -1 $-1 $-1 $1846 @10 Revit:Edge @8 Edge:175 #
intcurve-curve $-1 -1 $-1 forward { surfintcur full nubs 3 open 28 
	-13.70248675087494483 3 -13.70063164258852062 2 -13.53542793025479796 2 -12.77108795023150023 2 -12.13420393311587198 2 
	-11.54391526207724006 2 -10.97235103622155172 2 -10.38910035580809499 2 -9.777972861643211999 2 -9.2222676242060313 2 
	-8.835363331675539555 2 -8.465745451566538904 2 -8.125082968765287461 2 -7.668752466985454319 2 -6.95414781945184135 2 
	-6.495645201392487245 2 -6.186713018814668175 2 -5.86145420878832013 2 -5.342243229014596473 2 -4.584040160390554952 2 
	-3.89650456634689446 2 -3.23117368061882182 2 -2.560689751611819442 2 -1.869853877320869273 2 -1.125642484199815829 2 
	-0.2128757559978140534 2 -0 2 0.002168802812715956655 3 
	-68.8995682355305803 -0.4375000000018810509 86.73849059906750369 
	-68.8995682355305803 -0.4376986974821431842 86.73828681551245268 
	-68.8995681565661755 -0.4378973276055030395 86.7380829550017296 
	-68.89955392006271495 -0.4557775722643778726 86.71971875402634566 
	-68.89891050653361049 -0.4728804532534165439 86.7009992358569832 
	-68.89115883347041347 -0.5661220677261689094 86.59329783796188451 
	-68.86873210722320948 -0.6329451643802667116 86.49433706666525268 
	-68.78188287000246248 -0.7388759642479457712 86.3141089854375565 
	-68.72680905003994667 -0.7786228322996179285 86.23620959422312637 
	-68.59073506521649222 -0.8394071403058119829 86.10595540788581559 
	-68.51349725940805513 -0.8608672707814323255 86.05369428947001609 
	-68.3437619857387233 -0.8871739812592996932 85.97932877319321676 
	-68.25396218476282684 -0.8921949176962103989 85.95729093775803165 
	-68.0685257298187878 -0.8856180879528846583 85.94515918158921863 
	-67.97536604896706081 -0.873792578918354601 85.95591685971872664 
	-67.7954654394398375 -0.8311821267560702831 86.00897572093666099 
	-67.71166569370925004 -0.8001696783324377948 86.0521799026580112 
	-67.57548303732586703 -0.72053970489258512 86.15331372618891237 
	-67.52619560304799506 -0.6767320747954866933 86.20539852640803247 
	-67.46456335955720363 -0.5934753124490049769 86.28400682788463882 
	-67.44412651633456335 -0.5547281326901445375 86.31552758528404468 
	-67.41537936646724916 -0.4678173889400482066 86.36476081982532094 
	-67.4088194738620814 -0.4280368996202097986 86.3782043543334197 
	-67.40146337139984212 -0.3594709530720959778 86.39292571157848499 
	-67.4000435494345993 -0.3263530367536857102 86.39594484978280775 
	-67.3991712227856965 -0.2473268573477395704 86.39775961798925152 
	-67.400583046632633 -0.2000318434482149521 86.39481362272145759 
	-67.40424153270164709 -0.06766287711051126308 86.38733316598806766 
	-67.4055739872742663 -0.009390138355152214192 86.38467110142468641 
	-67.40218480586815986 0.1515913196381007133 86.39152588597704607 
	-67.3999684735516098 0.2070560477739542826 86.39610076017194729 
	-67.39937898996916488 0.2947718888231582457 86.39732760835556746 
	-67.39995251783724939 0.3301885753076573837 86.39608434969936468 
	-67.40527280917362418 0.4020857737889891315 86.38524839740418315 
	-67.41003385151077509 0.4362958829143850914 86.37557310276568501 
	-67.43056120996720892 0.5227989969012890592 86.33789676940403979 
	-67.45028221494231957 0.5683777600260012663 86.30474906284919712 
	-67.51429498424597853 0.6662859387066198957 86.21815259959267053 
	-67.5693993277187559 0.7178763609186277206 86.15691022105335151 
	-67.71451381430347283 0.8009642112838556427 86.05096226483168209 
	-67.79489276635460726 0.8306724714440120172 86.00974195341918005 
	-67.96811245101392274 0.8724177889945672337 85.95750799844520884 
	-68.05846116323985484 0.8844522884322877365 85.9460661422282044 
	-68.24138093970560703 0.8924586876952040893 85.95509387789495293 
	-68.33154192151036455 0.88818349236759353 85.97567499838935134 
	-68.50238195014603093 0.8633852508041585105 86.04729550935091709 
	-68.5803976583191286 0.8427048062868415235 86.09824326393537319 
	-68.71844076358510733 0.7836014712491696788 86.22614719490302093 
	-68.77475824598217002 0.7447594840175132402 86.30304068490382008 
	-68.86567421073891637 0.6396977816012877627 86.48398723550309342 
	-68.88986444601553671 0.5723192635210331281 86.58511286210793401 
	-68.89877203590106092 0.4763695236811347766 86.69716865394877914 
	-68.89955248142064193 0.457584425517922444 86.71786299550714716 
	-68.89956815656620392 0.4378973276018648386 86.73808295500154486 
	-68.89956823553060872 0.4376986974781477691 86.73828681551263742 
	-68.89956823553060872 0.4374999999980655474 86.73849059906750369 
	0.0001348112054880730437 
	
	cone -68.11068121160477062 -2.169181823732357017 86.73849059906751791 -2.190747307372565795e-14 1 4.471610592205076565e-29 -0.7888870239257854688 -1.728252123486571814e-14 -2.500707897337568754e-15 1 I I 0 1 0.7888870239257854688 forward I I I I 
	torus -68.14956823553060872 -1.891369803215714849e-12 86.73849059906748948 1 2.44198710911037122e-14 1.244254579428584124e-14 0.4374999999999733546 -0.7499999999999917843 1.244254579428584124e-14 0 -1 forward_v I I I I 
	nullbs 
	nullbs 
	F -13.70063164258852062 F -0 
	0 
	2 -13.70063164258852062 -0 
	0 
	} F -13.70248675087494483 F -10.94615899483955168 #
edge $3104 -1 $-1 $1851 -2.416081014738995947 $1850 2.41608101473900172 $2486 $3105 forward @14 tangent_not_g2 #
face $3106 -1 $-1 $-1 $3107 $80 $-1 $3108 forward single #
DXID-attrib $-1 -1 $-1 $1849 $1237 @10 Revit:Edge @8 Edge:180 #
point $-1 -1 $-1 -68.1495682355305803 -0.888440045312370863 85.95056259735119397 #
point $-1 -1 $-1 -68.1495682355305803 -0.8884400453123665331 87.52641860078384184 #
DXID-attrib $-1 -1 $-1 $1859 $1251 @10 Revit:Face @8 Face:236 #
coedge $-1 -1 $-1 $1861 $1861 $2509 $3109 forward $1252 $-1 #
coedge $-1 -1 $-1 $2509 $2509 $1862 $2503 reversed $1865 $-1 #
edge $3110 -1 $-1 $2506 -1.145148621265067768e-15 $2505 3.141592653589790007 $1862 $3111 forward @7 unknown #
DXID-attrib $-1 -1 $3112 $-1 $1863 @10 Revit:Edge @8 Edge:234 #
vertex $-1 -1 $-1 $1863 $3113 #
vertex $-1 -1 $-1 $1863 $3114 #
straight-curve $-1 -1 $-1 -79.5109220819172009 -12.95089074435525589 86.73849059906703474 2.062874614105276266e-13 -12 1.289296633815797666e-14 F 2.331176954593664752e-16 F 0.1033329021892514382 #
DXID-attrib $-1 -1 $-1 $1864 $769 @10 Revit:Edge @8 Edge:227 #
coedge $-1 -1 $-1 $2502 $2502 $2501 $3109 reversed $1865 $-1 #
DXID-attrib $-1 -1 $-1 $1868 $1268 @10 Revit:Edge @8 Edge:258 #
point $-1 -1 $-1 -81.68019623276097718 -14.08995635292901838 86.14461441211122406 #
DXID-attrib $-1 -1 $-1 $-1 $1884 @10 Revit:Face @8 Face:130 #
face $3115 -1 $-1 $3116 $3117 $85 $-1 $3118 forward single #
loop $-1 -1 $-1 $-1 $2540 $1884 #
plane-surface $-1 -1 $-1 -66.44083943350322841 -1.42492103576295448 85.08431985961681221 4.21075690934398522e-15 -1.407662278782130565e-15 -1 0 12 -1.689194734538556679e-14 forward_v I I I I #
coedge $-1 -1 $-1 $3119 $1887 $3120 $3121 forward $305 $-1 #
coedge $-1 -1 $-1 $3122 $3123 $1887 $2518 reversed $3124 $-1 #
edge $3125 -1 $-1 $2523 9.483413804012776583e-16 $3126 0.03984287606060815667 $1887 $3127 forward @7 unknown #
coedge $-1 -1 $-1 $1917 $1888 $1891 $2525 forward $2521 $-1 #
coedge $-1 -1 $-1 $1888 $1917 $3122 $3128 reversed $2521 $-1 #
loop $-1 -1 $-1 $-1 $1917 $3129 #
DXID-attrib $-1 -1 $-1 $-1 $1889 @10 Revit:Edge @8 Edge:110 #
vertex $-1 -1 $-1 $1889 $3130 #
ellipse-curve $-1 -1 $-1 -62.36513919226030112 1.414398415283565358 87.48252397034966066 -7.789836553898600108e-16 1 -1.349235843445184707e-15 1.408954342489266542 0 -0.8134622344357367307 1 F -1.764839088005867085 F 0.717634279968340616 #
edge $3131 -1 $-1 $1894 -0.2366099542538761535 $1920 0 $2519 $3132 forward @7 unknown #
face $3133 -1 $-1 $1903 $1892 $85 $-1 $3134 forward single #
point $-1 -1 $-1 -61.83862837824455028 1.414398415283568022 89.02189381180978955 #
coedge $-1 -1 $-1 $1896 $3135 $3136 $3137 forward $305 $-1 #
coedge $-1 -1 $-1 $1910 $1909 $1896 $2530 reversed $1294 $-1 #
edge $3138 -1 $-1 $3139 -1.987541326459208868e-32 $2532 0.193291579357700638 $1896 $3140 forward @7 unknown #
DXID-attrib $-1 -1 $-1 $-1 $1898 @10 Revit:Edge @8 Edge:119 #
vertex $-1 -1 $-1 $2530 $3141 #
ellipse-curve $-1 -1 $-1 -65.32235769830460015 1.414398415283563581 87.64197206103652604 -7.789836553898600108e-16 1 -1.349235843445184707e-15 1.263183009732846251 0 -0.7293009025282647384 1 F 2.617992778494006245 F 4.18879130428392088 #
point $-1 -1 $-1 -65.3223544908526037 1.414398415283565358 89.10057108835553663 #
DXID-attrib $-1 -1 $-1 $-1 $1902 @10 Revit:Edge @8 Edge:145 #
straight-curve $-1 -1 $-1 -62.30997040286893451 -1.42492103576294582 89.09656286792460378 0 -12 1.618811620599450032e-14 F -0.2366099542538761535 F 1.456985596620940322e-17 #
DXID-attrib $-1 -1 $-1 $-1 $1903 @10 Revit:Face @8 Face:146 #
plane-surface $-1 -1 $-1 -62.30997040286893451 -1.42492103576294582 89.09656286792460378 0.00495487852442662649 1.348993124083468747e-15 0.9999877245140603721 0 12 -1.618811620599450032e-14 forward_v I I I I #
coedge $-1 -1 $-1 $3142 $1906 $3143 $3144 forward $188 $-1 #
coedge $-1 -1 $-1 $3145 $3146 $1906 $2541 reversed $2514 $-1 #
edge $3147 -1 $-1 $2545 1.095537887104694989e-32 $3148 0.2768467049877809116 $1906 $3149 forward @7 unknown #
coedge $-1 -1 $-1 $3136 $1907 $1910 $2547 reversed $1885 $-1 #
coedge $-1 -1 $-1 $1907 $3136 $3145 $3150 forward $1885 $-1 #
DXID-attrib $-1 -1 $-1 $-1 $1908 @10 Revit:Edge @7 Edge:97 #
vertex $-1 -1 $-1 $1908 $3151 #
straight-curve $-1 -1 $-1 -66.78095672562713503 -1.42492103576295448 85.32247310874413415 9.829816963711698108 0 -6.88292804407583958 F 0 F 0.03460057225678733056 #
edge $3152 -1 $-1 $3139 -0.2366099542538761258 $1912 -1.456985596620940322e-17 $1910 $3153 forward @7 unknown #
point $-1 -1 $-1 -66.78095672562713503 -1.424921035762954258 85.32247310874413415 #
DXID-attrib $-1 -1 $-1 $-1 $1914 @10 Revit:Edge @8 Edge:125 #
straight-curve $-1 -1 $-1 -66.78095672562714924 -1.424921035762951371 87.64197206103654025 0 -12 1.689194734538556679e-14 F -0.2366099542538761535 F 4.101887330184350052e-32 #
coedge $-1 -1 $-1 $1916 $3154 $3155 $3156 forward $188 $-1 #
coedge $-1 -1 $-1 $3123 $3122 $1916 $2553 reversed $3124 $-1 #
edge $3157 -1 $-1 $3158 0 $2555 0.03984287606060767095 $1916 $3159 forward @7 unknown #
DXID-attrib $-1 -1 $-1 $-1 $1918 @10 Revit:Edge @8 Edge:104 #
vertex $-1 -1 $-1 $2553 $3160 #
ellipse-curve $-1 -1 $-1 -62.36513919226030112 -1.424921035762947819 87.48252397034966066 7.789836553898600108e-16 -1 1.349235843445184707e-15 1.408954342489266542 0 -0.8134622344357367307 1 F 5.565551027211249391 F 8.048024395185453983 #
point $-1 -1 $-1 -61.83862837824455028 -1.42492103576294582 89.02189381180980376 #
DXID-attrib $-1 -1 $-1 $-1 $1928 @10 Revit:Face @7 Face:68 #
cone-surface $-1 -1 $-1 -38.49136377939451847 1.51684570032937005 88.19522568930577222 0 -1 -1.382799582304305996e-14 2.222249347496556116 0 0 1 I I 0 1 2.222249347496556116 forward I I I I #
coedge $-1 -1 $-1 $1981 $1930 $1938 $2578 forward $828 $-1 #
coedge $-1 -1 $-1 $3161 $1931 $1976 $2610 reversed $2563 $-1 #
coedge $-1 -1 $-1 $1931 $3162 $1933 $2567 reversed $2563 $-1 #
loop $-1 -1 $-1 $-1 $2561 $3163 #
DXID-attrib $-1 -1 $-1 $-1 $1932 @10 Revit:Edge @7 Edge:62 #
vertex $-1 -1 $-1 $1934 $3164 #
ellipse-curve $-1 -1 $-1 -35.84000015258645533 0.01406443258676520237 90.46512154204290823 0 0 1 1.499247550964363018 0 0 1 F 4.71238898038468168 F 5.673970865196499069 #
edge $3165 -1 $-1 $2565 -0.6092144419830857194 $2574 -0.4027447128763379514 $1933 $3166 forward @7 unknown #
DXID-attrib $-1 -1 $-1 $-1 $1934 @10 Revit:Edge @7 Edge:56 #
straight-curve $-1 -1 $-1 -34.61047055609107304 -0.843840101970867118 90.46512154204290823 -0 -12 -1.659359498765167953e-13 F -0.1423935714987997481 F 5.099449588173291341e-16 #
coedge $-1 -1 $-1 $2571 $1935 $3162 $3167 forward $2572 $-1 #
coedge $-1 -1 $-1 $1935 $2570 $1937 $2577 forward $2572 $-1 #
loop $-1 -1 $-1 $-1 $2571 $3168 #
DXID-attrib $-1 -1 $-1 $-1 $1936 @10 Revit:Edge @7 Edge:58 #
vertex $-1 -1 $-1 $2567 $3169 #
straight-curve $-1 -1 $-1 -34.46070937054622618 -0.5735580292469274477 90.33945698648756206 0 12 1.657525228664829638e-13 F -2.331176954593471974e-16 F 0.09720583051306709577 #
tcoedge-coedge $-1 -1 $-1 $3170 $1937 $3171 $3172 reversed $1939 $3173 -0.111431600796901023 -2.426184737315960722e-08 #
edge $3174 -1 $-1 $3175 0.003346825370077456414 $1941 0.4006963880081749751 $2571 $3176 forward @7 unknown #
edge $3177 -1 $-1 $1942 0.6059904023462671097 $2588 1.557402608582446168 $2560 $3178 forward @7 unknown #
face $3179 -1 $-1 $2611 $1939 $86 $-1 $3180 forward single #
point $-1 -1 $-1 -34.46070937054622618 0.592911936909877646 90.33945698648757627 #
point $-1 -1 $-1 -34.61047055609108725 0.8648827560147298588 90.46512154204293665 #
DXID-attrib $-1 -1 $-1 $-1 $1946 @10 Revit:Edge @7 Edge:47 #
straight-curve $-1 -1 $-1 -38.55237533696988095 1.516845700329339186 90.41663734685397458 12 0 -3.403173122747517206e-14 F 7.28492798310470093e-16 F 0.1174434195526257996 #
point $-1 -1 $-1 -38.55237533696987384 1.516845700329339186 90.41663734685397458 #
edge $3181 -1 $-1 $1985 4.370956789862821889e-17 $2588 0.102244449706143048 $1953 $3182 forward @7 unknown #
coedge $-1 -1 $-1 $1954 $3183 $1956 $2591 reversed $1939 $-1 #
DXID-attrib $-1 -1 $-1 $-1 $1955 @10 Revit:Edge @7 Edge:51 #
vertex $-1 -1 $-1 $2585 $3184 #
straight-curve $-1 -1 $-1 -35.83542965459652407 1.51684570032933852 90.46512154204295086 5.82411296151797659e-16 1.654048081071105489e-13 -12 F 8.573118060898306905e-18 F 0.2859378840934581056 #
coedge $-1 -1 $-1 $2607 $1956 $3185 $3186 forward $1958 $-1 #
edge $3187 -1 $-1 $1960 4.725782698595586417 $3188 5.713660897733707777 $1956 $3189 forward @7 unknown #
face $3190 -1 $-1 $3191 $1958 $86 $-1 $3192 forward single #
DXID-attrib $-1 -1 $-1 $1959 $1340 @10 Revit:Edge @7 Edge:52 #
point $-1 -1 $-1 -35.83542965459572827 1.516845700329380264 87.03386693292144116 #
DXID-attrib $-1 -1 $-1 $-1 $1963 @10 Revit:Edge @7 Edge:71 #
vertex $-1 -1 $-1 $1968 $3193 #
straight-curve $-1 -1 $-1 -36.51484780403593078 -1.495794101253427266 87.03386693292141274 -0 -12 -1.671614255728101354e-13 F -0.2510533167985677938 F -0 #
DXID-attrib $-1 -1 $-1 $-1 $1964 @10 Revit:Edge @7 Edge:69 #
straight-curve $-1 -1 $-1 -36.60675982451259358 -1.495794101253427266 87.01766036385994596 -1.326677980736588283e-15 -12 -1.671614255728101354e-13 F -0.2510533167985677938 F 4.053558716601374032e-30 #
DXID-attrib $-1 -1 $-1 $-1 $1965 @10 Revit:Face @7 Face:70 #
plane-surface $-1 -1 $-1 -36.60675982451259358 -1.495794101253427266 87.01766036385994596 0.1736481776669330235 1.369929105791423205e-14 -0.9848077530122075762 1.326677980736588283e-15 12 1.671614255728101354e-13 forward_v I I I I #
DXID-attrib $-1 -1 $-1 $-1 $1968 @10 Revit:Edge @7 Edge:40 #
straight-curve $-1 -1 $-1 -36.60675982451259358 -1.495794101253427266 87.01766036385994596 11.81769303614649225 -2.141222906205266323e-14 2.083778132003185402 F -3.808038427591525014e-19 F 0.007777492628682395638 #
point $-1 -1 $-1 -36.60675982451259358 -1.495794101253427266 87.01766036385993175 #
DXID-attrib $-1 -1 $-1 $-1 $1972 @10 Revit:Edge @7 Edge:67 #
straight-curve $-1 -1 $-1 -38.55237533696986674 -1.495794101253473896 90.41663734685393194 -0 -12 -1.658347475920735278e-13 F -0.2510533167985677938 F 2.913971193241902214e-17 #
coedge $-1 -1 $-1 $1974 $2590 $3161 $3194 forward $1958 $-1 #
DXID-attrib $-1 -1 $-1 $-1 $1975 @10 Revit:Edge @7 Edge:41 #
straight-curve $-1 -1 $-1 -36.51484780403593078 -1.495794101253427266 87.03386693292141274 12 0 -3.553515712827382589e-14 F 0 F 0.05623730428745558202 #
edge $3195 -1 $-1 $1979 0 $1362 0.2859378840934584387 $1976 $3196 forward @7 unknown #
face $3197 -1 $-1 $3163 $1977 $86 $-1 $3198 reversed single #
point $-1 -1 $-1 -35.84000015258646243 -1.490488609815512566 87.03386693292139853 #
DXID-attrib $-1 -1 $-1 $-1 $1983 @10 Revit:Edge @7 Edge:48 #
straight-curve $-1 -1 $-1 -37.14305430233837058 1.516845700329339186 90.41663734685397458 10.28600760842535777 -8.491450286190886813e-14 6.180456898920631659 F 1.248880411017429437e-17 F 0.007844759049680651714 #
point $-1 -1 $-1 -37.06236305106709494 1.51684570032933852 90.46512154204293665 #
point $-1 -1 $-1 -37.14305430233837058 1.516845700329339186 90.41663734685397458 #
DXID-attrib $-1 -1 $-1 $-1 $1991 @10 Revit:Face @7 Face:33 #
face $3199 -1 $-1 $-1 $2014 $87 $-1 $3200 reversed single #
plane-surface $-1 -1 $-1 -39.43390452174519822 -1.166904397245386082 89.52827140921257865 -0.5877852522924673639 -1.118986715754223073e-14 0.8090169943749516701 0 12 1.659772375909736472e-13 forward_v I I I I #
coedge $-1 -1 $-1 $1996 $1994 $2013 $2637 forward $1371 $-1 #
coedge $-1 -1 $-1 $1994 $1996 $1999 $2627 forward $1371 $-1 #
coedge $-1 -1 $-1 $2013 $2012 $1995 $2623 reversed $2014 $-1 #
edge $3201 -1 $-1 $2625 -0.5826519760831200268 $2630 1.687687350095859573 $1995 $3202 forward @7 unknown #
DXID-attrib $-1 -1 $-1 $-1 $1997 @10 Revit:Edge @7 Edge:19 #
vertex $-1 -1 $-1 $1997 $3203 #
straight-curve $-1 -1 $-1 -38.83687258601129599 1.132776459034237293 85.99999999999745626 -12 0 8.31508357881816634e-14 F 2.913971193241880643e-17 F 1.898642540453406413 #
edge $3204 -1 $-1 $2001 -0.1916400713566312475 $2021 1.586854156123989815e-30 $2621 $3205 forward @7 unknown #
point $-1 -1 $-1 -38.83687258601129599 1.132776459034237293 85.99999999999745626 #
DXID-attrib $-1 -1 $-1 $-1 $2004 @10 Revit:Edge @7 Edge:21 #
vertex $-1 -1 $-1 $2623 $3206 #
straight-curve $-1 -1 $-1 -61.70994708330149336 1.132776459034197325 88.9080806786419231 12 0 -8.024679925195032214e-14 F -2.240936588129620652e-30 F 1.739072903795479963 #
point $-1 -1 $-1 -40.84107223775573914 1.132776459034197325 88.9080806786417952 #
DXID-attrib $-1 -1 $-1 $-1 $2008 @10 Revit:Edge @7 Edge:32 #
straight-curve $-1 -1 $-1 -39.43390452174519822 -1.166904397245386082 89.52827140921257865 -0 -12 -1.659772375909736472e-13 F -0.1916400713566312475 F -2.01522037114150288e-31 #
DXID-attrib $-1 -1 $-1 $-1 $2011 @10 Revit:Edge @7 Edge:13 #
straight-curve $-1 -1 $-1 -61.62058307145217384 -1.166904397245337455 85.99999999999758415 12 0 -8.31508357881816634e-14 F -4.038319003012456822e-31 F 1.898642540453406413 #
edge $3207 -1 $-1 $2016 8.103085052548033506e-31 $2625 0.1916400713566312475 $2620 $3208 forward @7 unknown #
point $-1 -1 $-1 -61.62058307145217384 -1.166904397245337455 85.99999999999758415 #
DXID-attrib $-1 -1 $-1 $-1 $2018 @10 Revit:Edge @7 Edge:27 #
straight-curve $-1 -1 $-1 -61.70994708330150047 -1.166904397245377645 88.90808067864190889 -0 -12 -1.807500807273430812e-13 F -0.1916400713566312475 F 4.389171070130184743e-30 #
point $-1 -1 $-1 -38.83687258601129599 -1.166904397245337455 85.99999999999742784 #
DXID-attrib $-1 -1 $-1 $2029 $1404 @10 Revit:Face @7 Face:41 #
DXID-attrib $-1 -1 $3209 $-1 $2030 @10 Revit:Face @7 Face:51 #
face $3210 -1 $-1 $3211 $3212 $66 $-1 $3213 forward single #
loop $-1 -1 $-1 $3214 $3215 $2030 #
torus-surface $-1 -1 $-1 3.88218001053239817e-12 -5.262107460180052652e-12 113.128036228897372 -1.201629531056636751e-14 6.122608269376877019e-15 -1 2.370934540967136961 -0.08563194730334862392 -1 0 1.201629531056636751e-14 forward_v I I I I #
loop $-1 -1 $-1 $-1 $2649 $1404 #
coedge $-1 -1 $-1 $2648 $2648 $3216 $3217 forward $2031 $-1 #
coedge $-1 -1 $-1 $2649 $2649 $2034 $2650 reversed $2647 $-1 #
edge $3218 -1 $-1 $3219 3.141592653589796225 $3219 9.424777960769382901 $2034 $3220 forward @14 tangent_not_g2 #
DXID-attrib $-1 -1 $-1 $-1 $2038 @10 Revit:Edge @7 Edge:34 #
ellipse-curve $-1 -1 $-1 3.878231069620596827e-12 -5.219069323459263734e-12 113.4277480444594062 1.027528214424255746e-14 -1.382799582304305839e-14 1 -2.499382461923325582 -3.551286525678362006e-28 2.568185998263375134e-14 1 F 1.615544574432676464e-15 F 3.141592653589796225 #
no_merge_attribute-st-attrib $-1 -1 $3221 $-1 $2039 #
straight-curve $-1 -1 $-1 -2.499382461919447351 -5.219069323459263734e-12 113.4277480444594062 -12 0 0 F 0 F 0.03389597914084516161 #
no_merge_attribute-st-attrib $-1 -1 $3222 $-1 $2040 #
straight-curve $-1 -1 $-1 2.906134211617345198 -5.209679344742972867e-12 113.4277480444593635 -12 -3.877306978638969878e-14 0 F -7.415543909060106842e-32 F 0.03389597914084513386 #
point $-1 -1 $-1 2.499382461927203813 -5.210993595907678865e-12 113.427748044459392 #
point $-1 -1 $-1 -2.499382461919447351 -5.223107187235056572e-12 113.4277480444594346 #
coedge $-1 -1 $-1 $2049 $2049 $3223 $3224 reversed $1420 $-1 #
coedge $-1 -1 $-1 $3225 $3226 $2049 $2661 forward $3227 $-1 #
edge $3228 -1 $-1 $3229 5.05321549807429993e-16 $3230 3.141592653589796225 $2660 $3231 forward @7 unknown #
DXID-attrib $-1 -1 $-1 $2050 $1421 @10 Revit:Face @7 Face:75 #
DXID-attrib $-1 -1 $-1 $-1 $2053 @10 Revit:Face @7 Face:77 #
face $3232 -1 $-1 $3233 $3234 $67 $-1 $3235 forward single #
loop $-1 -1 $-1 $-1 $2691 $2053 #
plane-surface $-1 -1 $-1 -2.758436926808190748 -5.712791919708205768 120.2438917454123271 -1.219097331650966083e-14 -1 0 0 0 -12 forward_v I I I I #
coedge $-1 -1 $-1 $3236 $2056 $3237 $3238 forward $207 $-1 #
coedge $-1 -1 $-1 $3239 $3240 $2056 $2669 reversed $3241 $-1 #
edge $3242 -1 $-1 $2674 4.406697015336490633e-16 $3243 0.20888186954578572 $2056 $3244 forward @7 unknown #
coedge $-1 -1 $-1 $2092 $2057 $2060 $2676 forward $2672 $-1 #
coedge $-1 -1 $-1 $2057 $2092 $3239 $3245 reversed $2672 $-1 #
loop $-1 -1 $-1 $-1 $2092 $3246 #
DXID-attrib $-1 -1 $-1 $-1 $2058 @10 Revit:Edge @7 Edge:53 #
vertex $-1 -1 $-1 $2058 $3247 #
ellipse-curve $-1 -1 $-1 2.742246150966928475 4.759166175086146922 119.6534908707976115 0 0 -1 1.693979613687699155e-15 0.9536257446221423351 0 1 F 5.133535490472840282e-15 F 1.046256402187221379 #
edge $3248 -1 $-1 $2063 -0.04920007288455963135 $2095 0 $2670 $3249 forward @14 tangent_not_g2 #
face $3250 -1 $-1 $2066 $2061 $67 $-1 $3251 forward single #
point $-1 -1 $-1 2.742246150966935136 5.712791919708290145 119.6534908707976115 #
DXID-attrib $-1 -1 $-1 $-1 $2065 @10 Revit:Edge @7 Edge:94 #
straight-curve $-1 -1 $-1 -2.758436858657529633 5.712791919708298138 120.2438917454123271 0 0 12 F -0.04920007288455963135 F 0 #
DXID-attrib $-1 -1 $-1 $-1 $2066 @10 Revit:Face @7 Face:95 #
cone-surface $-1 -1 $-1 -2.758436858657538071 4.763505678002069033 119.6534908707976115 0 0 1 1.686271108003419163e-15 0.9492862417062289948 0 1 I I 0 1 0.9492862417062289948 forward I I I I #
coedge $-1 -1 $-1 $2068 $3252 $3253 $3254 forward $207 $-1 #
coedge $-1 -1 $-1 $2083 $2082 $2068 $2685 reversed $1426 $-1 #
edge $3255 -1 $-1 $3256 3.686691135466461984e-16 $2687 0.1836290470136109909 $2068 $3257 forward @7 unknown #
DXID-attrib $-1 -1 $-1 $-1 $2070 @10 Revit:Edge @7 Edge:63 #
vertex $-1 -1 $-1 $2685 $3258 #
straight-curve $-1 -1 $-1 -4.67608451842136752 -3.321492791201659411 119.6534908707976115 -5.998442476652933841 10.39320392633021584 0 F 0 F 0.2741553776318405578 #
point $-1 -1 $-1 -6.320589780811026515 -0.4721400439738726584 119.6534908707976115 #
coedge $-1 -1 $-1 $3259 $2079 $3260 $3261 forward $116 $-1 #
coedge $-1 -1 $-1 $3262 $3263 $2079 $2692 reversed $2665 $-1 #
edge $3264 -1 $-1 $2696 -2.039779835269298393e-16 $3265 0.4583902841147334817 $2079 $3266 forward @7 unknown #
coedge $-1 -1 $-1 $3253 $2080 $2083 $2698 reversed $2054 $-1 #
coedge $-1 -1 $-1 $2080 $3253 $3262 $3267 forward $2054 $-1 #
DXID-attrib $-1 -1 $-1 $-1 $2081 @10 Revit:Edge @7 Edge:37 #
vertex $-1 -1 $-1 $2081 $3268 #
ellipse-curve $-1 -1 $-1 -2.758436926808190304 -4.763505090873628944 120.2438917454123271 0 0 1 1.686272150952881154e-15 0.9492868288345800432 0 1 F 2.09006002261201429 F 3.141592653589792228 #
edge $3269 -1 $-1 $3256 -0.04920007288455963135 $2085 0 $2083 $3270 forward @14 tangent_not_g2 #
point $-1 -1 $-1 -3.582593321803774877 -5.234580159187264492 120.2438917454123271 #
DXID-attrib $-1 -1 $-1 $-1 $2087 @10 Revit:Edge @7 Edge:72 #
straight-curve $-1 -1 $-1 -4.67608451842136752 -3.321492791201659411 120.2438917454123271 0 0 12 F -0.04920007288455963135 F 0 #
coedge $-1 -1 $-1 $2091 $3271 $3272 $3273 forward $116 $-1 #
coedge $-1 -1 $-1 $3240 $3239 $2091 $2704 reversed $3241 $-1 #
edge $3274 -1 $-1 $3275 -2.918720018605313243e-17 $2706 0.2088818695457852481 $2091 $3276 forward @7 unknown #
DXID-attrib $-1 -1 $-1 $-1 $2093 @10 Revit:Edge @7 Edge:45 #
vertex $-1 -1 $-1 $2704 $3277 #
ellipse-curve $-1 -1 $-1 2.742246150966928475 4.759166175086146922 120.2438917454123271 0 0 1 1.693979613687699155e-15 0.9536257446221423351 0 1 F 5.236928904992364409 F 6.283185307179580903 #
point $-1 -1 $-1 2.742246150966935136 5.712791919708290145 120.2438917454123271 #
DXID-attrib $-1 -1 $-1 $2098 $925 @10 Revit:Edge @7 Edge:24 #
no_merge_attribute-st-attrib $-1 -1 $3278 $2099 $1479 #
DXID-attrib $-1 -1 $-1 $-1 $2103 @10 Revit:Face @8 Face:398 #
loop $-1 -1 $-1 $-1 $3279 $2103 #
plane-surface $-1 -1 $-1 -0.4595800976235812074 0.3369679524368407453 89.4792407620811332 1.666280438343681266e-15 -1.382799582304306628e-14 -1 12 -4.263256414560572716e-14 1.999536526012476447e-14 forward_v I I I I #
coedge $-1 -1 $-1 $2716 $2716 $3279 $3280 forward $2104 $-1 #
coedge $-1 -1 $-1 $2107 $2107 $3281 $3282 forward $1485 $-1 #
coedge $-1 -1 $-1 $2714 $2714 $2107 $2717 reversed $2104 $-1 #
edge $3283 -1 $-1 $3284 3.141592653589796225 $3285 6.283185307179588008 $2107 $3286 forward @14 tangent_not_g2 #
DXID-attrib $-1 -1 $3287 $-1 $2109 @10 Revit:Edge @8 Edge:388 #
vertex $-1 -1 $-1 $2109 $3288 #
ellipse-curve $-1 -1 $-1 -0.459580097623581374 0.336967952436841689 89.54903638258545584 -1.666280438343681266e-15 1.382799582304341811e-14 1 1.809920798619377269 -6.430130378800545822e-15 3.015835621690930167e-15 1 I I #
DXID-attrib $-1 -1 $-1 $2110 $1490 @10 Revit:Edge @8 Edge:378 #
point $-1 -1 $-1 -2.36394363389280171 0.3369679524368441315 89.68391459011134259 #
DXID-attrib $-1 -1 $-1 $-1 $2117 @10 Revit:Face @8 Face:355 #
plane-surface $-1 -1 $-1 -29.90413967325959987 1.595600458036797509 95.19090943041307185 0.1564344650402306747 1.315363606076232009e-14 0.9876883405951377704 -4.263256414560601115e-14 -12 1.665635082777536824e-13 forward_v I I I I #
coedge $-1 -1 $-1 $3289 $3290 $3291 $3292 forward $2118 $-1 #
coedge $-1 -1 $-1 $3293 $2120 $2121 $2727 reversed $1497 $-1 #
edge $3294 -1 $-1 $2732 1.456985596625340686e-17 $2742 0.3085296245444134611 $2121 $3295 forward @7 unknown #
coedge $-1 -1 $-1 $3291 $2122 $2125 $2735 reversed $2730 $-1 #
coedge $-1 -1 $-1 $2122 $3291 $3293 $3296 reversed $2730 $-1 #
loop $-1 -1 $-1 $-1 $2122 $2142 #
DXID-attrib $-1 -1 $-1 $-1 $2123 @10 Revit:Edge @8 Edge:335 #
vertex $-1 -1 $-1 $2123 $3297 #
straight-curve $-1 -1 $-1 -29.65547269003711861 -1.59582358007901437 95.15152444944823174 -12 4.263256414560601115e-14 -2.088597286150672347e-14 F -4.662353909187010015e-16 F 0.1913630222136671333 #
coedge $-1 -1 $-1 $2125 $2154 $3289 $3298 reversed $2126 $-1 #
edge $3299 -1 $-1 $3300 0.0892211209937628924 $2128 0.1121303348021924773 $2125 $3301 forward @7 unknown #
point $-1 -1 $-1 -29.65547269003711506 -1.595823580079014148 95.15152444944823174 #
DXID-attrib $-1 -1 $-1 $-1 $2130 @10 Revit:Edge @8 Edge:356 #
straight-curve $-1 -1 $-1 -29.30907321466139948 1.595600458036794178 95.09666016241209263 4.263256414560601115e-14 12 -1.659373296752057314e-13 F -0.265952003176317564 F 1.007367913660480396e-30 #
DXID-attrib $-1 -1 $-1 $-1 $2131 @10 Revit:Face @8 Face:359 #
cone-surface $-1 -1 $-1 -29.6531751176328946 -1.595823580079031911 93.87703568911994978 3.552713678800500929e-15 1 -1.382799582304305996e-14 -1.267237142559292318 4.502130730654458254e-15 0 1 I I 0 1 1.267237142559292318 forward I I I I #
DXID-attrib $-1 -1 $-1 $-1 $2134 @10 Revit:Edge @8 Edge:337 #
vertex $-1 -1 $-1 $2727 $3302 #
straight-curve $-1 -1 $-1 -31.9518289566011191 -1.595823580079057447 91.44916895491525111 11.99797925087518102 -3.872307863518681799e-14 0.2202132956218726123 F 0 F 0.1707025927914017083 #
point $-1 -1 $-1 -29.90374279021928672 -1.595823580079064108 91.48675993544505047 #
DXID-attrib $-1 -1 $-1 $-1 $2142 @10 Revit:Face @8 Face:362 #
face $3303 -1 $-1 $-1 $2750 $70 $-1 $3304 forward single #
cone-surface $-1 -1 $-1 -27.83135345737354882 0.3182195443966545079 78.15331869422722377 1 -3.552713678800500929e-15 1.74491262210625557e-15 6.077140384558017712e-14 17.10562948210855083 0 1 I I 0 1 17.10562948210855083 forward I I I I #
coedge $-1 -1 $-1 $3305 $2144 $2146 $2754 reversed $2750 $-1 #
coedge $-1 -1 $-1 $2144 $3305 $2154 $2758 reversed $2750 $-1 #
loop $-1 -1 $-1 $-1 $2144 $2746 #
DXID-attrib $-1 -1 $-1 $-1 $2145 @10 Revit:Edge @8 Edge:327 #
straight-curve $-1 -1 $-1 -31.951828956601112 1.59560045803680417 95.15154957210042141 12 -4.263256414560601115e-14 2.08874156358607787e-14 F -7.354560401920341948e-31 F 0.1913498040316974624 #
coedge $-1 -1 $-1 $2146 $3293 $3290 $3306 forward $1497 $-1 #
edge $3307 -1 $-1 $3308 1.639823366871608235 $2148 1.682913535395154758 $2146 $3309 forward @7 unknown #
point $-1 -1 $-1 -31.951828956601112 1.595600458036838809 95.1515495721004072 #
DXID-attrib $-1 -1 $-1 $-1 $2150 @10 Revit:Edge @8 Edge:346 #
straight-curve $-1 -1 $-1 -31.95182895660110844 1.5956004580367531 91.44916895491520847 4.263256414560601115e-14 12 -1.653111510726578057e-13 F -0.265952003176317564 F -0 #
edge $3310 -1 $-1 $2156 3.029475444989537358 $3311 3.052371532596007686 $2154 $3312 forward @7 unknown #
point $-1 -1 $-1 -29.65563130822074456 1.595600458036795732 95.15154957210042141 #
DXID-attrib $-1 -1 $-1 $2160 $1539 @10 Revit:Face @8 Face:295 #
DXID-attrib $-1 -1 $3313 $-1 $2161 @10 Revit:Face @8 Face:310 #
face $3314 -1 $-1 $1550 $3315 $71 $-1 $3316 reversed single #
loop $-1 -1 $-1 $-1 $2774 $2161 #
torus-surface $-1 -1 $-1 -35.28073358535478121 6.802760533393593814e-14 92.29343927868961828 -5.464285283729049927e-17 1.44120984663801456e-14 1 -2.25855737004405821 -4.337274139784145888 -1 3.552713678800500929e-15 -5.464285283734170127e-17 forward_v I I I I #
loop $-1 -1 $-1 $-1 $3317 $1539 #
coedge $-1 -1 $-1 $3318 $3318 $3319 $3320 forward $2162 $-1 #
coedge $-1 -1 $-1 $2767 $2767 $3317 $3321 forward $2164 $-1 #
edge $3322 -1 $-1 $2170 1.615544574432964989e-15 $2169 3.141592653589796225 $2165 $3323 forward @7 unknown #
DXID-attrib $-1 -1 $3324 $-1 $2166 @10 Revit:Edge @8 Edge:285 #
straight-curve $-1 -1 $-1 -36.9189189582449302 5.436876897074836899e-14 90.46512154204293665 12 -4.263256414560601115e-14 0 F -0 F 0.2730308954816930145 #
point $-1 -1 $-1 -33.64254821246461802 3.743563882321735544e-14 90.46512154204292244 #
point $-1 -1 $-1 -36.9189189582449302 5.701533046183584124e-14 90.46512154204292244 #
coedge $-1 -1 $-1 $2173 $2173 $3325 $3326 reversed $1549 $-1 #
coedge $-1 -1 $-1 $3327 $3328 $2173 $2775 forward $2763 $-1 #
edge $3329 -1 $-1 $3330 1.570796326794902109 $3331 4.712388980384689674 $2774 $3332 forward @7 unknown #
DXID-attrib $-1 -1 $-1 $2174 $1550 @10 Revit:Face @8 Face:315 #
DXID-attrib $-1 -1 $-1 $-1 $2175 @10 Revit:Face @8 Face:319 #
face $3333 -1 $-1 $-1 $3334 $71 $-1 $3335 forward single #
loop $-1 -1 $-1 $-1 $3336 $2175 #
cone-surface $-1 -1 $-1 -28.1231780026467213 -2.269155140667325821 92.2951629513067644 1 -3.552713678800500929e-15 1.74491262210625557e-15 -1.544690693000618126e-14 -4.347917768375160641 0 1 I I 0 1 4.347917768375160641 forward I I I I #
DXID-attrib $-1 -1 $-1 $2177 $601 @10 Revit:Edge @8 Edge:263 #
DXID-attrib $-1 -1 $-1 $-1 $2180 @10 Revit:Face @8 Face:196 #
face $3337 -1 $-1 $1606 $2883 $72 $-1 $3338 reversed single #
loop $-1 -1 $-1 $-1 $3339 $2180 #
cone-surface $-1 -1 $-1 -31.29081562094060232 -8.865374298618561966 90.54683155168058306 3.215343167861849829e-15 -1.14231936545005291e-29 -1 -7.301474808484954337 2.59400494275217651e-14 -2.34767471407775045e-14 1 I I 0 1 7.301474808484954337 forward I I I I #
coedge $-1 -1 $-1 $3340 $3341 $3342 $3343 reversed $2181 $-1 #
coedge $-1 -1 $-1 $3344 $2183 $3345 $3346 forward $1556 $-1 #
coedge $-1 -1 $-1 $2183 $3347 $3348 $3349 forward $1556 $-1 #
coedge $-1 -1 $-1 $2185 $2184 $2183 $2790 forward $1009 $-1 #
edge $3350 -1 $-1 $3351 -0.1498361308545457515 $3352 0 $2789 $3353 forward @14 tangent_not_g2 #
coedge $-1 -1 $-1 $2848 $3345 $2184 $2792 reversed $2902 $-1 #
edge $3354 -1 $-1 $2797 4.554262536027523289 $3351 6.974162894958708669 $2184 $3355 forward @7 unknown #
coedge $-1 -1 $-1 $3348 $3356 $2185 $2794 reversed $3357 $-1 #
edge $3358 -1 $-1 $3352 1.944965895120668975 $2798 4.364866254051835703 $2185 $3359 forward @7 unknown #
coedge $-1 -1 $-1 $2242 $2186 $3356 $3360 forward $607 $-1 #
DXID-attrib $-1 -1 $-1 $-1 $2187 @10 Revit:Edge @8 Edge:169 #
vertex $-1 -1 $-1 $2849 $3361 #
vertex $-1 -1 $-1 $2187 $3362 #
straight-curve $-1 -1 $-1 -35.27361812912302952 -2.125827133659072832 93.36929113484293907 0 0 12 F -0.005558961812748863286 F -2.506015226188017538e-15 #
coedge $-1 -1 $-1 $2188 $2197 $2856 $3363 forward $2198 $-1 #
DXID-attrib $-1 -1 $-1 $-1 $2189 @10 Revit:Edge @8 Edge:163 #
vertex $-1 -1 $-1 $2189 $3364 #
ellipse-curve $-1 -1 $-1 -35.27361812912305794 -11.83791512546612346 93.33593736396643692 -1 3.552713678800500929e-15 -1.74491262210625557e-15 -4.960931965119790474e-14 -13.96378209345241928 0 1 F 3.144176953225942039 F 3.225377208838711596 #
coedge $-1 -1 $-1 $3365 $3366 $2190 $2805 reversed $3367 $-1 #
edge $3368 -1 $-1 $2870 2.103052176810827081e-16 $2808 0.04469133652321215233 $2190 $3369 forward @7 unknown #
coedge $-1 -1 $-1 $2201 $2191 $3366 $3370 forward $2202 $-1 #
DXID-attrib $-1 -1 $-1 $-1 $2192 @10 Revit:Edge @8 Edge:177 #
vertex $-1 -1 $-1 $2805 $3371 #
ellipse-curve $-1 -1 $-1 -35.27361812912305794 -11.83791512546612346 93.33593736396643692 -1 3.552713678800500929e-15 -1.74491262210625557e-15 -4.960931965119790474e-14 -13.96378209345241928 0 1 F 3.057808098340857761 F 3.139008353953644637 #
point $-1 -1 $-1 -35.2736181291230011 2.125820338722503422 93.29985080715105994 #
point $-1 -1 $-1 -35.2736181291230011 2.125820338722503422 93.37202392078179969 #
face $3372 -1 $-1 $2813 $2198 $72 $-1 $3373 forward single #
face $3374 -1 $-1 $3375 $2202 $72 $-1 $3376 forward single #
coedge $-1 -1 $-1 $2207 $2205 $3377 $3378 reversed $1569 $-1 #
coedge $-1 -1 $-1 $3366 $3379 $2205 $2816 reversed $3367 $-1 #
edge $3380 -1 $-1 $2818 -3.012454125307181041 $3381 -2.932042241584694064 $2205 $3382 forward @7 unknown #
DXID-attrib $-1 -1 $-1 $-1 $2206 @10 Revit:Edge @8 Edge:226 #
vertex $-1 -1 $-1 $2206 $3383 #
intcurve-curve $-1 -1 $-1 forward { surfintcur full nubs 3 open 14 
	0 3 1.785959724489090572 2 3.571919448978181144 2 4.464899311222726652 2 5.357879173467271272 2 
	5.804369104589543582 2 6.25085903571181678 2 7.143838897956362288 2 7.819732694099054804 2 8.495626490241747319 2 
	9.171520286384440723 2 9.847414082527134127 2 11.19920167481252093 2 12.55098926709790597 3 
	-33.71447295541488387 1.911974045483217921 90.90123858587656969 
	-33.84914725976321392 1.945419841210755951 91.09012272572431357 
	-33.98944684645650227 1.976339754957206152 91.28785093881788271 
	-34.26998113856738115 2.029966173393447981 91.68967973836311103 
	-34.4103772308954774 2.0526740579193965 91.89366744526067521 
	-34.60966677209200526 2.079767919843254376 92.19766719985939574 
	-34.67396746764704574 2.087628227122623414 92.2983594874418003 
	-34.79581346357653615 2.101129032214952286 92.4990541722893056 
	-34.85343939009371184 2.106771787514146954 92.59900745674414679 
	-34.93113589688890386 2.113657459380074322 92.74995965805921116 
	-34.9555180207566849 2.115686538180084231 92.80039596355989318 
	-35.00014673283703814 2.119221655279527994 92.90218990008338551 
	-35.02040173619864305 2.120728168866250485 92.95354382500478607 
	-35.07231675477625288 2.124438321052324774 93.11044988183854798 
	-35.09530637756770943 2.125866967986294043 93.21874840566661646 
	-35.09530637756770943 2.125866967986294043 93.42463733721351105 
	-35.08197557051410342 2.125033526976050524 93.50945092512972678 
	-35.03777182026693993 2.122001095527339398 93.674731009021869 
	-35.00708778621287109 2.119798551316270263 93.75524790523829211 
	-34.93573041031933002 2.114086701532162493 93.91493634981425487 
	-34.8950382209231762 2.11057558291248748 93.99402258769350738 
	-34.80769308481151114 2.102223524905704188 94.15202780953126194 
	-34.76099864157531272 2.097381006526408243 94.23092376722071606 
	-34.61533551393078767 2.080813843125855822 94.46786874844129045 
	-34.51135865062812513 2.067058672959595889 94.62554506669891907 
	-34.30250268793523105 2.034896538965637269 94.93483726779355436 
	-34.1974797640386754 2.01648837052815999 95.0863558805230582 
	-34.09638633440316369 1.996706866557979909 95.23078424200836878 
	0.0001071677000968769951 
	
	cone -35.59340947434260727 -5.653833946130039756 90.54683155168058306 -3.215343167861849829e-15 1.14231936545005291e-29 1 -7.795630379136717636 2.769564268283175194e-14 -2.506562687873352403e-14 1 I I 0 1 7.795630379136717636 forward I I I I 
	cone -28.12317800264676038 -11.8379151254661501 93.33593736396643692 1 -3.552713678800500929e-15 1.74491262210625557e-15 -4.960931965119790474e-14 -13.96378209345241928 0 1 I I 0 1 13.96378209345241928 forward I I I I 
	nullbs 
	nullbs 
	I I 
	0 
	0 
	0 
	} F 9.633860824368346343 F 10.40360301624919792 #
coedge $-1 -1 $-1 $3384 $2856 $2207 $2821 reversed $2857 $-1 #
edge $3385 -1 $-1 $3386 2.617745025148949356 $2823 5.54567724358107661 $2207 $3387 forward @7 unknown #
DXID-attrib $-1 -1 $-1 $-1 $2208 @10 Revit:Edge @8 Edge:229 #
vertex $-1 -1 $-1 $2821 $3388 #
intcurve-curve $-1 -1 $-1 forward { surfintcur full nubs 3 open 14 
	0 3 1.786072195269495566 2 3.572144390538991132 2 4.465180488173738915 2 5.358216585808486698 2 
	5.804734634625861034 2 6.251252683443234481 2 7.144288781077982264 2 7.820182577220705866 2 8.496076373363429468 2 
	9.17197016950615307 2 9.847863965648874895 2 11.19965155793432032 2 12.55143915021976753 3 
	-33.71437425004355504 1.911949531736787611 90.90110014927948612 
	-33.84905713356351953 1.945399323550751625 91.08999577954145366 
	-33.98936574932552901 1.976322886431575387 91.28773594970806471 
	-34.2699183882812406 2.029955543612108837 91.68958868540887863 
	-34.41032380018010173 2.052666017937322174 91.89358836944411735 
	-34.60962705917449256 2.079762908568607127 92.19760540755356715 
	-34.67393225998835504 2.087624080948593974 92.29830330772493596 
	-34.79578710661694174 2.101126356769967618 92.49900894876088842 
	-34.85341738790062038 2.106769717823205657 92.59896757025083502 
	-34.93112017561843174 2.11365612598715602 92.74992768465043014 
	-34.95550434099061476 2.11568542069817811 92.80036659790933129 
	-35.00013696676127495 2.119220915558166496 92.90216578891711663 
	-35.0203938455907533 2.120727591097637088 92.95352235898788251 
	-35.0723139543793252 2.124438148634568702 93.11043665500369571 
	-35.09530637756770943 2.125866967986294043 93.21874102569415754 
	-35.09530637756770943 2.125866967986294043 93.42463733721351105 
	-35.08197557051410342 2.125033526976050524 93.50945092512972678 
	-35.03777182026693993 2.122001095527339398 93.67473100902188321 
	-35.00708778621286399 2.119798551316270263 93.75524790523832053 
	-34.93573041031933002 2.114086701532162493 93.91493634981428329 
	-34.89503822092316909 2.11057558291248748 93.9940225876935358 
	-34.80769308481149693 2.102223524905702856 94.15202780953130457 
	-34.7609986415752914 2.097381006526406466 94.23092376722075869 
	-34.61533551393075214 2.080813843125852269 94.46786874844133308 
	-34.51135865062811092 2.067058672959593668 94.62554506669897592 
	-34.30250268793520974 2.034896538965632828 94.93483726779362541 
	-34.19747976403863277 2.016488370528150664 95.08635588052311505 
	-34.09638633440310684 1.996706866557969029 95.23078424200843983 
	0.0001071689087679639446 
	
	cone -35.59340947434260727 -5.653833946130039756 90.54683155168058306 -3.215343167861849829e-15 1.14231936545005291e-29 1 -7.795630379136717636 2.769564268283175194e-14 -2.506562687873352403e-14 1 I I 0 1 7.795630379136717636 forward I I I I 
	cone -28.12317800264676038 -11.8379151254661501 93.33593736396643692 1 -3.552713678800500929e-15 1.74491262210625557e-15 -4.960931965119790474e-14 -13.96378209345241928 0 1 I I 0 1 13.96378209345241928 forward I I I I 
	nullbs 
	nullbs 
	I I 
	0 
	0 
	0 
	} F 3.781255777620600167 F 4.578420732395987791 #
DXID-attrib $-1 -1 $-1 $-1 $2209 @10 Revit:Face @8 Face:225 #
cone-surface $-1 -1 $-1 -35.59340947434260727 -5.653833946130039756 90.54683155168058306 -3.215343167861849829e-15 1.14231936545005291e-29 1 -7.795630379136717636 2.769564268283175194e-14 -2.506562687873352403e-14 1 I I 0 1 7.795630379136717636 forward I I I I #
coedge $-1 -1 $-1 $2829 $2212 $3389 $3390 reversed $2214 $-1 #
coedge $-1 -1 $-1 $2213 $2829 $3391 $3392 reversed $2214 $-1 #
coedge $-1 -1 $-1 $2828 $2827 $3393 $3394 forward $2214 $-1 #
face $3395 -1 $-1 $3396 $2214 $72 $-1 $3397 reversed single #
coedge $-1 -1 $-1 $2232 $3384 $2217 $2832 forward $2857 $-1 #
edge $3398 -1 $-1 $3399 -2.844035884604074492e-14 $2235 0.1378115038218813704 $2831 $3400 forward @7 unknown #
coedge $-1 -1 $-1 $3401 $3389 $2218 $2834 forward $3402 $-1 #
edge $3403 -1 $-1 $2836 -2.932419950207756365 $3399 -2.92703395804335198 $2833 $3404 forward @7 unknown #
DXID-attrib $-1 -1 $-1 $-1 $2219 @10 Revit:Edge @8 Edge:241 #
vertex $-1 -1 $-1 $3390 $3405 #
ellipse-curve $-1 -1 $-1 -32.1352227323116395 1.574256167286498531 89.84811616821673397 -3.878236246151200861e-15 -0.9659258262890689783 0.2588190451025183525 1.457663153259230628e-15 0.4102957021156233286 1.531244406422667348 0.96592582628907242 F 0.8948024144934405566 F 1.09695741622563947 #
coedge $-1 -1 $-1 $3391 $3340 $2221 $2839 forward $2181 $-1 #
edge $3406 -1 $-1 $3407 -0.2145572869674595429 $2841 -0.2091742788233636463 $2838 $3408 forward @7 unknown #
DXID-attrib $-1 -1 $-1 $-1 $2222 @10 Revit:Edge @8 Edge:253 #
vertex $-1 -1 $-1 $2839 $3409 #
ellipse-curve $-1 -1 $-1 -32.13522273231165371 -1.574256167282523045 89.8481161682167766 2.982468853537912118e-15 0.9659258262890685343 0.2588190451025197403 -1.457663153259250152e-15 -0.4102957021156288242 1.53124440642267845 0.9659258262890650926 F -1.096957416225669446 F -0.8947884238616515828 #
coedge $-1 -1 $-1 $3410 $2227 $2223 $2844 forward $2851 $-1 #
edge $3411 -1 $-1 $2230 -0.1378143654932250106 $3407 4.662353909187013959e-16 $2843 $3412 forward @7 unknown #
DXID-attrib $-1 -1 $-1 $-1 $2224 @10 Revit:Face @8 Face:252 #
face $3413 -1 $-1 $2830 $3414 $72 $-1 $3415 reversed single #
plane-surface $-1 -1 $-1 -43.951828956601112 -1.893377780910333597 91.03909424406927542 2.982468853537912118e-15 0.9659258262890685343 0.2588190451025197403 12 -4.263256414560601115e-14 2.082639824506013533e-14 forward_v I I I I #
coedge $-1 -1 $-1 $3416 $2791 $2226 $2849 reversed $2902 $-1 #
edge $3417 -1 $-1 $2853 3.057808098340884406 $2797 3.139204059842822581 $2226 $3418 forward @7 unknown #
coedge $-1 -1 $-1 $2227 $3419 $3416 $3420 reversed $2851 $-1 #
loop $-1 -1 $-1 $-1 $2850 $3421 #
DXID-attrib $-1 -1 $-1 $-1 $2228 @10 Revit:Edge @8 Edge:167 #
vertex $-1 -1 $-1 $2228 $3422 #
ellipse-curve $-1 -1 $-1 -35.27361812912297978 2.269155140671306636 92.29516295130675019 -1 3.552713678800500929e-15 -1.74491262210625557e-15 1.544690693000618126e-14 4.347917768375160641 0 1 F 2.848525756617655169 F 3.112193537131657806 #
point $-1 -1 $-1 -35.27361812912298689 -1.893377780910382668 91.03909424406928963 #
coedge $-1 -1 $-1 $2820 $2232 $2800 $3363 reversed $2857 $-1 #
loop $-1 -1 $-1 $-1 $2856 $3375 #
DXID-attrib $-1 -1 $-1 $-1 $2233 @10 Revit:Edge @8 Edge:164 #
ellipse-curve $-1 -1 $-1 -35.27361812912301531 -2.269155140667300508 92.29516295130675019 -1 3.552713678800500929e-15 -1.74491262210625557e-15 -1.544690693000618126e-14 -4.347917768375160641 0 1 F 3.170991770047959513 F 3.434659550561942609 #
point $-1 -1 $-1 -35.2736181291230011 1.893377780914347275 91.03909424406926121 #
coedge $-1 -1 $-1 $2238 $2237 $3423 $3424 reversed $1596 $-1 #
coedge $-1 -1 $-1 $2243 $3425 $2237 $2863 forward $2875 $-1 #
edge $3426 -1 $-1 $3427 4.662353909187009029e-16 $2246 0.2184644380823633214 $2862 $3428 forward @7 unknown #
coedge $-1 -1 $-1 $3429 $2249 $2238 $2865 forward $2883 $-1 #
edge $3430 -1 $-1 $2252 -33.57792846413436649 $3431 -32.55836724158014306 $2864 $3432 forward @7 unknown #
DXID-attrib $-1 -1 $-1 $-1 $2239 @10 Revit:Face @8 Face:251 #
cone-surface $-1 -1 $-1 -27.83135345737354882 0.3182195443966545079 78.15331869422722377 1 -3.552713678800500929e-15 1.74491262210625557e-15 6.077140384558017712e-14 17.10562948210855083 0 1 I I 0 1 17.10562948210855083 forward I I I I #
coedge $-1 -1 $-1 $2240 $2898 $3365 $3433 reversed $2266 $-1 #
DXID-attrib $-1 -1 $-1 $-1 $2241 @10 Revit:Edge @8 Edge:175 #
vertex $-1 -1 $-1 $2241 $3434 #
ellipse-curve $-1 -1 $-1 -35.2736181291230082 1.67488964735802548 94.89123084981136458 -1 3.552713678800500929e-15 -1.74491262210625557e-15 -8.873946401114446105e-16 -0.2497793856585298344 0 1 F 1.638990919815035197 F 2.65027400822391046 #
coedge $-1 -1 $-1 $3435 $3436 $2242 $2873 reversed $3437 $-1 #
edge $3438 -1 $-1 $3439 -2.696883491881711644e-15 $2877 0.0446913365232102025 $2242 $3440 forward @7 unknown #
coedge $-1 -1 $-1 $3441 $2243 $3436 $3442 reversed $2875 $-1 #
loop $-1 -1 $-1 $-1 $2874 $3443 #
DXID-attrib $-1 -1 $-1 $-1 $2244 @10 Revit:Edge @8 Edge:172 #
vertex $-1 -1 $-1 $2873 $3444 #
ellipse-curve $-1 -1 $-1 -35.2736181291230011 -1.674889647354019573 94.89123084981136458 -1 3.552713678800500929e-15 -1.74491262210625557e-15 8.873946401114446105e-16 0.2497793856585298344 0 1 F 3.632911298955681545 F 4.644194387365599752 #
point $-1 -1 $-1 -35.2736181291230011 -1.691910051503763501 95.14042966068839746 #
coedge $-1 -1 $-1 $3445 $3446 $2248 $2881 reversed $3414 $-1 #
edge $3447 -1 $-1 $2885 -8.028532202456385798e-31 $2890 0.2659520031763166203 $2248 $3448 forward @7 unknown #
coedge $-1 -1 $-1 $2249 $3429 $3445 $3449 forward $2883 $-1 #
loop $-1 -1 $-1 $-1 $2864 $2783 #
DXID-attrib $-1 -1 $-1 $-1 $2250 @10 Revit:Edge @8 Edge:205 #
vertex $-1 -1 $-1 $3449 $3450 #
straight-curve $-1 -1 $-1 -31.94945278488474827 -1.595823580079002602 95.15152444944821752 -3.41850204783425695e-14 1.214495898634828901e-28 12 F -0.3117781088694627778 F -5.827942386483761286e-17 #
point $-1 -1 $-1 -31.94945278488474827 -1.595823580079002824 95.15152444944821752 #
coedge $-1 -1 $-1 $3451 $2254 $3446 $3452 forward $2260 $-1 #
DXID-attrib $-1 -1 $-1 $-1 $2255 @10 Revit:Edge @8 Edge:210 #
vertex $-1 -1 $-1 $2881 $3453 #
straight-curve $-1 -1 $-1 -31.94945278488465945 1.595600458036796621 95.15154957210042141 -5.127718639707016937e-14 1.821731615232741652e-28 12 F -0.3117802024238156555 F -1.602684156282934729e-16 #
DXID-attrib $-1 -1 $-1 $-1 $2257 @10 Revit:Face @8 Face:211 #
face $3454 -1 $-1 $2209 $3402 $72 $-1 $3455 reversed single #
cone-surface $-1 -1 $-1 -31.47936812070915025 7.670776660270189673 90.54683155168056885 3.215343167861849829e-15 -1.14231936545005291e-29 -1 -6.093336153510319875 2.164787870210574239e-14 -1.959216677067500737e-14 1 I I 0 1 6.093336153510319875 forward I I I I #
coedge $-1 -1 $-1 $2259 $3451 $3456 $3457 forward $2260 $-1 #
edge $3458 -1 $-1 $3459 -8.126673128613742136 $2262 -7.948409901240160558 $2259 $3460 forward @7 unknown #
point $-1 -1 $-1 -32.65491035912710061 1.691910051508015878 95.14042966068838325 #
coedge $-1 -1 $-1 $2868 $2265 $3461 $3462 reversed $2266 $-1 #
face $3463 -1 $-1 $1044 $2266 $72 $-1 $3464 forward single #
DXID-attrib $-1 -1 $-1 $-1 $2271 @10 Revit:Face @8 Face:242 #
face $3465 -1 $-1 $3421 $3357 $72 $-1 $3466 forward single #
loop $-1 -1 $-1 $-1 $3416 $2271 #
cone-surface $-1 -1 $-1 -27.8313534573735275 11.83791512547010605 93.33593736396645113 1 -3.552713678800500929e-15 1.74491262210625557e-15 4.960931965119790474e-14 13.96378209345241928 0 1 I I 0 1 13.96378209345241928 forward I I I I #
DXID-attrib $-1 -1 $-1 $-1 $2274 @10 Revit:Face @7 Face:87 #
face $3467 -1 $-1 $3468 $3469 $73 $-1 $3470 forward single #
loop $-1 -1 $-1 $-1 $3471 $2274 #
cone-surface $-1 -1 $-1 -4.950060119340306208 -2.202231645587750197 92.54518276464452242 3.552713678800500929e-15 1 -1.382799582304305996e-14 -1.178036953488827088 4.185227998792225491e-15 0 1 I I 0 1 1.178036953488827088 forward I I I I #
coedge $-1 -1 $-1 $3472 $3473 $3474 $3475 forward $2275 $-1 #
coedge $-1 -1 $-1 $3476 $2277 $3473 $3477 forward $1623 $-1 #
coedge $-1 -1 $-1 $2277 $3476 $2913 $3478 reversed $1623 $-1 #
coedge $-1 -1 $-1 $2914 $3474 $2277 $2912 reversed $3479 $-1 #
edge $3480 -1 $-1 $3481 9.843229547978843641 $3482 11.95865525270586538 $2277 $3483 forward @7 unknown #
coedge $-1 -1 $-1 $3484 $2278 $2910 $3478 forward $1049 $-1 #
coedge $-1 -1 $-1 $3485 $2911 $2278 $2915 reversed $3479 $-1 #
edge $3486 -1 $-1 $2924 -7.45909619430760884 $3481 -7.268771474188480575 $2278 $3487 forward @7 unknown #
coedge $-1 -1 $-1 $2279 $3484 $3488 $3489 forward $1049 $-1 #
coedge $-1 -1 $-1 $3490 $2282 $2279 $2918 forward $628 $-1 #
edge $3491 -1 $-1 $2923 -0.2810406595910626693 $3492 -2.014486570713023782e-32 $2917 $3493 forward @14 tangent_not_g2 #
coedge $-1 -1 $-1 $3494 $2280 $2282 $2926 reversed $2921 $-1 #
coedge $-1 -1 $-1 $2280 $3495 $3485 $3496 forward $2921 $-1 #
loop $-1 -1 $-1 $-1 $3494 $2315 #
DXID-attrib $-1 -1 $-1 $-1 $2281 @10 Revit:Edge @7 Edge:74 #
vertex $-1 -1 $-1 $2926 $3497 #
vertex $-1 -1 $-1 $2281 $3498 #
intcurve-curve $-1 -1 $-1 reversed { surfintcur full nubs 3 open 7 
	24.98644011486653582 3 26.11471854261871073 2 27.24299697037088208 2 28.38295736510039191 2 29.52291775982990174 2 
	30.66287815455940802 2 31.80283854928891785 3 
	-4.095173988108609109 -1.587724439556737144 91.03431981837299247 
	-3.959308129120834963 -1.589535792716783913 90.95281541043181051 
	-3.816161626416828323 -1.593755236324120084 90.88334525704603095 
	-3.525059208563815272 -1.607734776085381956 90.77173892126467081 
	-3.377102245144769643 -1.617508632197276919 90.72960719707833732 
	-3.086222760825487299 -1.64194585955429817 90.67130743267368587 
	-2.932359623500422785 -1.657572850864111214 90.65320679062450893 
	-2.619498621268726346 -1.69569559556299243 90.64434478121673067 
	-2.460501717864366 -1.718196694676092928 90.65357246988719453 
	-2.147537394695092416 -1.768747745204066746 90.69962231086823579 
	-1.993368551449666626 -1.796823304503333496 90.73646803491867274 
	-1.698960265206883591 -1.855921475551083333 90.83393405625257344 
	-1.558718540119961027 -1.886927232245483754 90.89455767943049125 
	-1.42931578980534213 -1.917624461131067992 90.96306386871874849 
	7.727441664303095429e-05 
	
	cone -2.699087536516783015 -2.202231645587737319 93.36156184391472834 3.552713678800500929e-15 1 -1.382799582304305996e-14 -2.713874135947693222 9.641617765324259972e-15 0 1 I I 0 1 2.713874135947693222 forward I I I I 
	cone -4.258576968770183768 -13.84424426388344287 90.6476877079669805 -3.200379088609883824e-15 1.13700305654514147e-29 1 -12.25760901392284552 4.354777521315201312e-14 -3.922899556451469973e-14 1 I I 0 1 12.25760901392284552 forward I I I I 
	nullbs 
	nullbs 
	I I 
	0 
	0 
	0 
	} F -28.56916762104109608 F -25.60905811715142733 #
edge $3499 -1 $-1 $2929 4.505993381042106449 $2923 4.584816997155086504 $2282 $3500 forward @7 unknown #
coedge $-1 -1 $-1 $2283 $2306 $3494 $3501 reversed $2310 $-1 #
DXID-attrib $-1 -1 $-1 $-1 $2284 @10 Revit:Edge @7 Edge:67 #
vertex $-1 -1 $-1 $2284 $3502 #
ellipse-curve $-1 -1 $-1 1.04545977702091375 7.403974379535428696 90.64768770796703734 3.200379088609883824e-15 -1.13700305654514147e-29 -1 -9.662928145364865884 3.432961699930411429e-14 -3.092503317116560524e-14 1 F 4.820794033108597887 F 5.005512466244264047 #
coedge $-1 -1 $-1 $2285 $3490 $3503 $3504 forward $628 $-1 #
coedge $-1 -1 $-1 $2298 $2289 $2285 $2933 reversed $1642 $-1 #
edge $3505 -1 $-1 $3506 1.570796326794585251 $2292 2.708880239710676374 $2285 $3507 forward @7 unknown #
point $-1 -1 $-1 -1.24824550946436175e-12 -2.202231645587728881 90.64768770796703734 #
DXID-attrib $-1 -1 $-1 $-1 $2290 @10 Revit:Edge @7 Edge:64 #
intcurve-curve $-1 -1 $-1 forward { surfintcur full nubs 3 periodic 28 
	0 3 0.02565150073442428943 2 0.05130300146884857887 2 0.1220420566070567897 2 0.1927811117452649936 2 
	0.3712869699002835366 2 0.5497928280553020519 2 0.9068045443653390825 2 1.40811139395926932 2 1.909418243553199446 2 
	2.266612566761242675 2 2.623806889969285905 2 2.753227114956538379 2 2.88264733994379041 2 2.970444912866953224 2 
	3.058242485790116483 2 3.147251643025778201 2 3.236260800261439918 2 3.414279114732763798 2 3.818696609924479901 2 
	4.22311410511619556 2 4.882383429434450584 2 5.541652753752705607 2 5.777324083520992914 2 6.012995413289279334 2 
	6.097617842737638405 2 6.116467397711541132 2 6.135316952685443859 3 
	2.193737983706502082 0.1932301210303893624 90.8421700344746057 
	2.193737983706502082 0.1932301210303893901 90.84553637315366359 
	2.193645085066159073 0.1942898694832399242 90.84892902220590827 
	2.193332026044506389 0.1977926599814681108 90.85510434711368077 
	2.19311455034039593 0.2001962706859125585 90.85790944187500884 
	2.192285156917843647 0.2091740711414475928 90.86678218613019453 
	2.191472395762664505 0.2176017868630064356 90.87219412925510653 
	2.189661678287844637 0.2351245195447847214 90.88209824552693306 
	2.188658987442775317 0.2442698702815598866 90.88650023085578766 
	2.185235452888139918 0.2739103519157682354 90.89990246843589716 
	2.182287535899229969 0.2966572317260118274 90.90852560216576705 
	2.175407626466048239 0.3434909973717898413 90.92508088850834724 
	2.171473239889539997 0.3676029010631867711 90.93294118488596212 
	2.158359446571982421 0.4401406316810907993 90.95534607207761724 
	2.147795312378114829 0.4887465422817023897 90.96866992308430611 
	2.121301586863574506 0.5949726540645244866 90.99516364859883311 
	2.101299268631409145 0.6629008602654641313 91.00972959777915605 
	2.054078655438334344 0.7972810432890368171 91.03054075657063038 
	2.026842978205335211 0.863747569030956952 91.03665236098217406 
	1.979598964967422159 0.9660276954107660519 91.03665236098217406 
	1.956584981454754013 1.011975472273411114 91.0336178662478801 
	1.908690989536993454 1.09964441572369509 91.01615597859333207 
	1.883821602191275035 1.141380726413161684 91.00177552325584429 
	1.853733690804783452 1.188999602650833154 90.97168761186935626 
	1.845182558330716649 1.202217364715014059 90.96168495835794943 
	1.829549378428148909 1.225876965469509194 90.93820189416949518 
	1.822495522981022686 1.236293929179755891 90.92467768897196834 
	1.813581582578573492 1.249314509024649134 90.90093713822487587 
	1.810291994557863049 1.254066212691228976 90.88971399171147425 
	1.805877226555757886 1.26041525424782308 90.86609652566397699 
	1.804773330691336497 1.261989479216311105 90.85369202567184743 
	1.804773330691336497 1.261989479216311105 90.83048904271137758 
	1.805842087901291748 1.260464770678962454 90.81879299398497096 
	1.809938142779150105 1.254576025556744856 90.79618989183428823 
	1.812962909057041383 1.250213417938170757 90.78528200749551047 
	1.82419595971566495 1.233818816765446469 90.75471209612894086 
	1.834631744926282337 1.218323931058203469 90.73722433675510501 
	1.868647820790494185 1.166126497528854555 90.69294492842035993 
	1.896582676059591854 1.120666477193529964 90.67440345391663925 
	1.950747819924591342 1.02347552789406615 90.65155433109677574 
	1.977000235655205662 0.9716537704256449359 90.64768770796700892 
	2.035535780828554575 0.8449282332048448918 90.64768770796700892 
	2.069952990975965079 0.7574605966044343219 90.65805298436229975 
	2.126383797834235256 0.5804685637749333882 90.69138622915049552 
	2.148424429676060399 0.4908987583232392038 90.71406667526881051 
	2.169362315801063534 0.3802251524530499416 90.74733207154096704 
	2.174757690230505691 0.3482423255545576413 90.75749285078197204 
	2.183939296750090797 0.2850486494405103377 90.78001471973841774 
	2.187741424683505631 0.2536539942657217717 90.79185014644680507 
	2.19151970348259173 0.217162515549359586 90.8123658732218928 
	2.192596091206522324 0.2059007359684546512 90.81940900912526615 
	2.193365524937835431 0.1974191020119311912 90.82998535603343271 
	2.193499824723201375 0.1959179878340218672 90.83224689901732063 
	2.19368695848447004 0.1938114215877825008 90.83709712909886491 
	2.193737983706502082 0.1932301210303893069 90.83969633959613077 
	2.193737983706502082 0.1932301210303893624 90.8421700344746057 
	0.0002024421539804678052 
	
	cone 1.999255657198908853 -2.202231645587780395 90.84217003447463412 3.552713678800500929e-15 1 -1.382799582304305996e-14 -0.194482326507584985 6.909400216684424299e-16 0 1 I I 0 1 0.194482326507584985 forward I I I I 
	cone -1.033079221127221387e-12 -1.655081670673472609e-12 87.67738729414880083 -0 0 -1 -2.202231645589369347 7.823898491172689328e-15 0 1 I I 0 1 2.202231645589369347 forward I I I I 
	nullbs 
	nullbs 
	I I 
	0 
	0 
	0 
	} F 4.223114105116206218 F 6.135316952685442082 #
point $-1 -1 $-1 1.999255657198925062 0.9234722724512004488 90.64768770796700892 #
coedge $-1 -1 $-1 $3503 $2300 $2298 $2939 reversed $2944 $-1 #
edge $3508 -1 $-1 $3506 -5.827942386483761286e-17 $2303 0.4475766420366449339 $2298 $3509 forward @7 unknown #
coedge $-1 -1 $-1 $2305 $2299 $3510 $3511 reversed $1068 $-1 #
coedge $-1 -1 $-1 $3512 $3513 $2299 $2942 reversed $3514 $-1 #
edge $3515 -1 $-1 $2946 4.505993381042119772 $3516 4.584994740676274994 $2299 $3517 forward @7 unknown #
coedge $-1 -1 $-1 $2300 $3503 $3512 $3518 reversed $2944 $-1 #
loop $-1 -1 $-1 $-1 $2943 $3519 #
DXID-attrib $-1 -1 $-1 $-1 $2301 @10 Revit:Edge @8 Edge:124 #
vertex $-1 -1 $-1 $2301 $3520 #
ellipse-curve $-1 -1 $-1 1.04545977702084425 -7.40397437953543669 96.01860741240673747 -3.200379088609883824e-15 1.13700305654514147e-29 1 -9.662928145364865884 3.432961699930411429e-14 -3.092503317116560524e-14 1 F -1.462391274070940383 F -1.27767284093530531 #
point $-1 -1 $-1 -1.73157492590446634e-12 2.20223164558787543 96.01860741240673747 #
coedge $-1 -1 $-1 $3495 $3494 $2305 $2950 reversed $2921 $-1 #
edge $3521 -1 $-1 $3522 1.698190566503310794 $2952 1.777191926137480005 $2305 $3523 forward @7 unknown #
DXID-attrib $-1 -1 $-1 $-1 $2307 @10 Revit:Edge @8 Edge:127 #
vertex $-1 -1 $-1 $2950 $3524 #
ellipse-curve $-1 -1 $-1 1.045459777020896652 7.403974379535428696 96.01860741240679431 -3.200379088609883824e-15 1.13700305654514147e-29 1 -9.662928145364865884 3.432961699930411429e-14 -3.092503317116560524e-14 1 F 1.277672840935321963 F 1.462391274070989455 #
face $3525 -1 $-1 $3526 $2310 $73 $-1 $3527 forward single #
DXID-attrib $-1 -1 $-1 $-1 $2315 @10 Revit:Face @8 Face:132 #
face $3528 -1 $-1 $3529 $3479 $73 $-1 $3530 reversed single #
cone-surface $-1 -1 $-1 -4.258576968770183768 -13.84424426388344287 90.6476877079669805 -3.200379088609883824e-15 1.13700305654514147e-29 1 -12.25760901392284552 4.354777521315201312e-14 -3.922899556451469973e-14 1 I I 0 1 12.25760901392284552 forward I I I I #
DXID-attrib $-1 -1 $-1 $-1 $2318 @10 Revit:Face @7 Face:44 #
plane-surface $-1 -1 $-1 -29.52599430083937904 -1.204999999998233706 92.14965498907001518 -3.552713678800485152e-15 -1 -1.554954156088196932e-15 12 -4.263256414560601115e-14 1.232662861400249953e-13 forward_v I I I I #
coedge $-1 -1 $-1 $2346 $2345 $2321 $2961 reversed $1661 $-1 #
edge $3531 -1 $-1 $2965 2.032559944606210019e-31 $2974 0.159166666666667983 $2321 $3532 forward @7 unknown #
coedge $-1 -1 $-1 $2343 $2322 $2325 $2967 forward $2319 $-1 #
coedge $-1 -1 $-1 $2322 $2343 $2346 $2979 reversed $2319 $-1 #
DXID-attrib $-1 -1 $-1 $-1 $2323 @10 Revit:Edge @7 Edge:22 #
vertex $-1 -1 $-1 $2323 $3533 #
ellipse-curve $-1 -1 $-1 -4.753954008651732011 -0.9549999999983285193 92.14965498907027097 1 -3.552713678800440187e-15 -1.027528214424255903e-14 8.881784197001007777e-16 0.2499999999999931166 1.482269979994081105e-15 1 F 3.141592653589793116 F 4.712388980384686121 #
edge $3534 -1 $-1 $2328 -0.1365818265361149753 $2355 1.927754864479521935 $2962 $3535 forward @14 tangent_not_g2 #
point $-1 -1 $-1 -4.753954008651738228 -1.204999999998321636 92.14965498907027097 #
DXID-attrib $-1 -1 $3536 $-1 $2330 @10 Revit:Edge @7 Edge:47 #
straight-curve $-1 -1 $-1 -6.392935927085123815 -1.204999999998319637 94.6129233883088574 -12 4.263256414560601115e-14 -1.231487325191379127e-13 F -0.1365818265361133932 F 1.927754864479523489 #
DXID-attrib $-1 -1 $-1 $-1 $2331 @10 Revit:Face @7 Face:48 #
cone-surface $-1 -1 $-1 -4.753954008651762209 -0.954999999998332294 94.61292338830887161 -1 3.552713678800500929e-15 -1.027528214424255903e-14 8.881784197001007777e-16 0.2499999999999931166 0 1 I I 0 1 0.2499999999999931166 forward I I I I #
DXID-attrib $-1 -1 $-1 $-1 $2334 @10 Revit:Edge @7 Edge:24 #
vertex $-1 -1 $-1 $2961 $3537 #
ellipse-curve $-1 -1 $-1 -4.753954008651730234 0.9550000000016851676 92.14965498907027097 1 -3.552713678800440187e-15 -1.027528214424255903e-14 -8.881784197001007777e-16 -0.2499999999999931166 -1.482269979994081105e-15 1 F 1.570796326794900555 F 3.141592653589793116 #
point $-1 -1 $-1 -4.753954008651728458 1.205000000001678062 92.14965498907028518 #
DXID-attrib $-1 -1 $-1 $-1 $2344 @10 Revit:Edge @7 Edge:14 #
ellipse-curve $-1 -1 $-1 -29.52599430083938614 -0.9549999999982404786 92.14965498907052677 -1 3.552713678800440187e-15 1.027528214424255903e-14 8.881784197001007777e-16 0.2499999999999931166 1.482269979994081105e-15 1 F 1.570796326794900555 F 3.141592653587756967 #
edge $3538 -1 $-1 $2965 -2.064336691015637548 $2348 -4.662353909189913023e-16 $2346 $3539 forward @14 tangent_not_g2 #
point $-1 -1 $-1 -29.52599430083937904 -0.9549999999982400345 91.89965498907019992 #
DXID-attrib $-1 -1 $-1 $-1 $2350 @10 Revit:Edge @7 Edge:37 #
straight-curve $-1 -1 $-1 -29.52599430083936838 0.9550000000017755397 91.89965498907002939 -12 4.263256414560601115e-14 -1.2326628614002497e-13 F -2.064336691015637548 F 5.986573448499061801e-31 #
DXID-attrib $-1 -1 $3540 $2352 $1690 @10 Revit:Edge @7 Edge:34 #
point $-1 -1 $-1 -29.52599430083937904 -1.204999999998233706 92.14965498907001518 #
DXID-attrib $-1 -1 $-1 $2358 $1109 @10 Revit:Edge @7 Edge:29 #
DXID-attrib $-1 -1 $-1 $-1 $2360 @10 Revit:Face @8 Face:303 #
cone-surface $-1 -1 $-1 -84.70972378171099137 -0.2352961613711107847 86.19981589325543325 -3.019872711082846692e-15 -2.753440988991041823e-16 1 8.525636352960308528 -11.67032835116981104 2.253298052321120295e-14 1 I I -0.3795263897072385095 -0.9251809117766045532 14.45278654955632369 forward I I I I #
coedge $-1 -1 $-1 $3541 $3542 $2363 $2991 reversed $2361 $-1 #
coedge $-1 -1 $-1 $2385 $2363 $3543 $3014 forward $1704 $-1 #
coedge $-1 -1 $-1 $2363 $2385 $3544 $3545 forward $1704 $-1 #
edge $3546 -1 $-1 $3547 5.291690480752301973 $3548 6.290932582741617374 $2363 $3549 forward @7 unknown #
DXID-attrib $-1 -1 $3550 $-1 $2365 @10 Revit:Edge @8 Edge:295 #
straight-curve $-1 -1 $-1 -81.90260529230067732 9.378171073490157994 84.45356636979582277 -2.970815462879572467e-13 -12 0 F -1.154249423902482383e-29 F 1.686178879065491243 #
coedge $-1 -1 $-1 $2373 $2372 $3551 $3552 reversed $2374 $-1 #
face $3553 -1 $-1 $3554 $2374 $75 $-1 $3555 reversed single #
coedge $-1 -1 $-1 $3543 $3556 $2377 $2997 forward $3557 $-1 #
edge $3558 -1 $-1 $2999 -3.073221517309400493e-30 $2391 0.7495172151601803279 $2996 $3559 forward @7 unknown #
DXID-attrib $-1 -1 $-1 $-1 $2378 @10 Revit:Edge @8 Edge:343 #
vertex $-1 -1 $-1 $3552 $3560 #
intcurve-curve $-1 -1 $-1 reversed { exactcur full nurbs 2 open 2 
	0 2 1.47246818112107869 2 
	-86.4087704455127863 -12.52251236583710359 84.676049932536813 1 
	-86.35724388001631269 -12.33520835856322151 84.45824891257012723 1 
	-86.30571731451925643 -12.15054350108728087 84.2435167512264087 1 
	0 
	
	null_surface 
	null_surface 
	nullbs 
	nullbs 
	I I 
	0 
	0 
	0 
	F 1 F 0 } F -1.337431998045629067 F -0.1333057656530426127 #
DXID-attrib $-1 -1 $-1 $-1 $2379 @10 Revit:Face @8 Face:352 #
plane-surface $-1 -1 $-1 -86.31516804604777349 -12.18443595349009279 84.28292760425590302 -2.155327846766787327e-14 -0.7581935771182247708 -0.6520295235774763443 12 -3.099696681192937172e-13 -3.622892720085757197e-14 forward_v I I I I #
coedge $-1 -1 $-1 $3561 $3544 $2381 $3004 forward $3018 $-1 #
edge $3562 -1 $-1 $2388 -0.0004824777150049182643 $3006 3.142075131304768121 $3003 $3563 forward @7 unknown #
DXID-attrib $-1 -1 $-1 $-1 $2382 @10 Revit:Edge @8 Edge:342 #
vertex $-1 -1 $-1 $3004 $3564 #
intcurve-curve $-1 -1 $-1 forward { surfintcur full nubs 3 open 2 
	0 3 3.831697154775369096 3 
	-92.67444431213428402 -0.7347577270662426496 83.84981596400841397 
	-93.00229507087675529 -0.7406823132068148796 84.23104330113521598 
	-93.39571193666947124 -0.7478281811314173577 84.68851901746991473 
	-93.72355662957750155 -0.7538072953413165189 85.06975071975482194 
	4.077428930407251914e-05 
	
	cone -81.90233752916043386 -0.7415007051264920213 84.31829875178297584 3.396939678602826749e-15 4.990811425612432239e-16 1 10.62938260416988889 3.449160444197291397 -3.782878246252236982e-14 1 I I -0.6520295235774760112 -0.7581935771182248818 11.17499361591069018 forward I I I I 
	cone -79.09495127660990477 -0.2352961613712789835 84.318298751782919 6.450951616748102492e-15 1.626903602621816899e-15 1 -13.86309434407019126 -1.891656289306147487 9.250769330400545428e-14 1 I I -0.6520295235774785647 -0.7581935771182226613 13.9915598955035172 forward I I I I 
	nullbs 
	nullbs 
	I I 
	0 
	0 
	0 
	} F 1.375900021078429569 F 2.455806930751792461 #
DXID-attrib $-1 -1 $-1 $-1 $2383 @10 Revit:Face @8 Face:323 #
face $3565 -1 $-1 $3566 $3567 $75 $-1 $3568 reversed single #
cone-surface $-1 -1 $-1 -81.90233752916043386 -0.7415007051264920213 84.31829875178297584 3.396939678602826749e-15 4.990811425612432239e-16 1 10.62938260416988889 3.449160444197291397 -3.782878246252236982e-14 1 I I -0.6520295235774760112 -0.7581935771182248818 11.17499361591069018 forward I I I I #
DXID-attrib $-1 -1 $-1 $-1 $2386 @10 Revit:Edge @8 Edge:299 #
ellipse-curve $-1 -1 $-1 -84.70972378171100559 -0.2352961613711064548 84.63663907952675913 -3.27836223788815455e-15 9.998811973676326876e-29 1 7.377530133017180525 -12.20948645934715238 2.418621619696672123e-14 1 F -0.005971543892644178356 F 0.9913809311533657853 #
point $-1 -1 $-1 -70.45357968183313346 -0.7470244760805877515 84.63663907952675913 #
edge $3569 -1 $-1 $3548 -3.840670630892174753 $2391 -0.1003915218954282706 $2989 $3570 forward @7 unknown #
point $-1 -1 $-1 -77.4052342381996823 -12.48861991345125766 84.63663907952678755 #
DXID-attrib $-1 -1 $-1 $-1 $2394 @10 Revit:Face @8 Face:311 #
face $3571 -1 $-1 $3572 $3573 $75 $-1 $3574 reversed single #
loop $-1 -1 $-1 $-1 $3544 $2394 #
cone-surface $-1 -1 $-1 -81.90233752916043386 -0.7415007051264885796 84.78358188862100064 3.270027271811304813e-15 -5.651783068996684986e-17 1 10.89897388421698565 3.535274388872391427 -3.544013579679586711e-14 1 I I -0.06277286645775607965 -0.9980278389086533197 11.45800142841067171 forward I I I I #
coedge $-1 -1 $-1 $3575 $3576 $2396 $3021 forward $3577 $-1 #
edge $3578 -1 $-1 $2408 5.279091190728729899 $2401 6.284026063896218872 $3020 $3579 forward @7 unknown #
DXID-attrib $-1 -1 $-1 $-1 $2397 @10 Revit:Face @8 Face:337 #
cone-surface $-1 -1 $-1 -79.09495127660986213 -0.235296161371259388 86.6742691362505866 3.989959972485080529e-15 1.723722745041703409e-16 1 -14.50105402779571229 -1.983193166315056821 5.820047264660730722e-14 1 I I 0.4055912257481362748 -0.9140545703600657657 14.63603850268128426 forward I I I I #
coedge $-1 -1 $-1 $3580 $2398 $2413 $2418 reversed $3026 $-1 #
coedge $-1 -1 $-1 $2398 $3580 $3575 $3029 forward $3026 $-1 #
loop $-1 -1 $-1 $-1 $3024 $3572 #
DXID-attrib $-1 -1 $-1 $-1 $2399 @10 Revit:Edge @8 Edge:322 #
ellipse-curve $-1 -1 $-1 -81.90233752916043386 -0.7415007051264852489 86.66094560613596798 -3.27836223788815455e-15 8.127811549786921165e-29 -1 11.82538424091066709 3.482318273456718835e-13 -3.87678931439192053e-14 1 F 3.140545546997238979 F 6.284232413772169679 #
edge $3581 -1 $-1 $3582 1.132208475993070174 $2401 2.416107285359006873 $3025 $3583 forward @7 unknown #
point $-1 -1 $-1 -93.72771528720556944 -0.7538831406622282794 86.6609456061359964 #
coedge $-1 -1 $-1 $3584 $2405 $3576 $3036 reversed $3033 $-1 #
coedge $-1 -1 $-1 $2405 $3584 $2412 $3039 reversed $3033 $-1 #
loop $-1 -1 $-1 $-1 $3032 $3585 #
DXID-attrib $-1 -1 $-1 $-1 $2406 @10 Revit:Edge @8 Edge:351 #
straight-curve $-1 -1 $-1 -86.50245477124096283 -12.8652449744861741 86.66094560613596798 -12 3.197360818478388488e-13 3.649161803698160665e-14 F -0.7666862070133655394 F 3.544517458485008012e-31 #
edge $3586 -1 $-1 $3587 6.282390062142969356 $2408 6.283185307179586232 $3576 $3588 forward @7 unknown #
point $-1 -1 $-1 -86.50245477124096283 -12.8652449744861741 86.66094560613596798 #
coedge $-1 -1 $-1 $2413 $2412 $3589 $3590 reversed $2414 $-1 #
edge $3591 -1 $-1 $1752 6.282390062142852116 $3592 6.283185307179586232 $2412 $3593 forward @7 unknown #
DXID-attrib $-1 -1 $-1 $-1 $2418 @10 Revit:Edge @8 Edge:318 #
vertex $-1 -1 $-1 $3594 $3595 #
intcurve-curve $-1 -1 $-1 forward { surfintcur full nubs 3 open 2 
	0 3 3.548109735293257572 3 
	-70.4647904264084417 -0.7468206386842694 85.71550839234909347 
	-70.28807656838921503 -0.7500335558921489287 86.14629175193525157 
	-70.07602136236567958 -0.7538981300410060316 86.6632322996658786 
	-69.89930974673896458 -0.7571253391761650908 87.09401647227807075 
	3.974753189352696857e-05 
	
	cone -84.70972378171099137 -0.2352961613711107847 86.19981589325543325 -3.019872711082846692e-15 -2.753440988991041823e-16 1 8.525636352960308528 -11.67032835116981104 2.253298052321120295e-14 1 I I -0.3795263897072385095 -0.9251809117766045532 14.45278654955632369 forward I I I I 
	cone -81.90233752916043386 -0.7415007051264829174 86.19981589325544746 3.180811125478743023e-15 -1.665398434303656839e-16 1 11.0697113697731524 3.586518138950701484 -3.46133629114919623e-14 1 I I -0.3795263897072331249 -0.9251809117766067736 11.63622026996341319 forward I I I I 
	nullbs 
	nullbs 
	I I 
	0 
	0 
	0 
	} F 1.132105873365198079 F 2.416005277308350685 #
DXID-attrib $-1 -1 $-1 $-1 $2421 @10 Revit:Face @8 Face:379 #
cone-surface $-1 -1 $-1 -89.25613055765680315 -7.193703559787073765 44.63273393762356278 -1 2.479229249243265764e-14 0 -1.118497736014974962e-12 -45.11473621716804416 0 1 I I 0 1 45.11473621716804416 forward I I I I #
tcoedge-coedge $-1 -1 $-1 $2423 $3057 $2431 $3047 forward $1761 $3596 9.999999122595163428e-07 18.84181713957871906 #
pcurve $-1 -1 $-1 0 forward { exppc nubs 3 open 4 
	9.999999554375832589e-07 3 10.00249788119785244 3 15.08673185772398817 3 19.98875614790357957 3 
	0.4822333984731085321 0.7931796399738730852 
	0.4022450691693373326 0.8449188598436374598 
	0.3222374784564139838 0.8792431620138911885 
	0.2415264503826934361 0.8960772549127993258 
	0.2005013187493986104 0.9046339651119806868 
	0.1595156049028462752 0.9085997203934093047 
	0.1184867531591135836 0.9079586920130976457 
	0.07892830074041203015 0.907340636922499777 
	0.03944992108726735197 0.9024401410016810177 
	1.23895815389907765e-14 0.8932419223888828919 
	0.0003937007874015747977 
	spline forward { ref 22 } I I I I 
	} 0 0 #
tedge-edge $3597 -1 $-1 $3050 9.999999122595163428e-07 $2439 18.84181713957871906 $3045 $3598 forward @7 unknown 8.767398096325469009e-05 #
pcurve $-1 -1 $-1 0 forward { exppc nubs 3 open 3 
	-18.84181713957871906 3 -9.420738910818162282 3 -9.999999122595163428e-07 3 
	-0.2476152845505458777 1.692594981693602785 
	-0.2436783606200169927 1.719759902209018421 
	-0.2389138580764516573 1.746649477241425608 
	-0.233401082609156818 1.773528067259741992 
	-0.227888506280045311 1.800405686341799871 
	-0.2216730863341062896 1.827048912272035253 
	-0.2150062344244428325 1.85362943240353073 
	7.366668729810839573e-05 
	cone -89.25613055765680315 -7.193703559787073765 44.63273393762356278 -1 2.479229249243265764e-14 0 -1.118497736014974962e-12 -45.11473621716804416 0 1 I I 0 1 45.11473621716804416 forward I I I I 
	} 0 0 #
DXID-attrib $-1 -1 $3599 $-1 $2432 @10 Revit:Edge @8 Edge:382 #
tvertex-vertex $-1 -1 $-1 $3058 $3600 1.002952441871179155e-11 #
intcurve-curve $-1 -1 $-1 forward { surfintcur full nubs 3 periodic 29 
	-232.7697413433109261 3 -229.7655146179018288 2 -225.0893904098642224 2 -221.5667451757725246 2 -217.0054465309011675 2 
	-209.3004002257740694 2 -193.0888703419158787 2 -181.334465242780368 2 -168.9033787703988878 2 -157.2697653670778379 2 
	-139.658407744514875 2 -127.8490940529863735 2 -120.208166683039039 2 -114.4958937601955 2 -111.0734925633282444 2 
	-107.8892790924095237 2 -103.563150101696607 2 -94.62614464166377104 2 -83.27420443276672302 2 -68.228365512721453 2 
	-58.1614357649821514 2 -46.88331907861874015 2 -36.75901007892251471 2 -27.99649280239976079 2 -16.61647597694616607 2 
	-11.71661143415167317 2 -8.284677548878180531 2 -4.240786806258069142 2 -0 3 
	-81.90260529234683418 4.710041457349031901 88.14871121622385886 
	-82.29686076812231477 4.710041457353499439 88.14871121622263672 
	-82.68353415171188203 4.767892905595148001 88.13299114135465118 
	-83.6490876064022757 5.045962407496607405 88.05577935763442099 
	-84.19151238281283156 5.331432045011777809 87.97544213993423057 
	-85.05190164854076329 5.937219821626536387 87.79512524065400214 
	-85.39456762672793388 6.233209115647872167 87.70436360889826233 
	-86.1179105104479703 6.951024579257506275 87.4748499306020193 
	-86.48861293672990769 7.392646407902392802 87.32709165245420024 
	-87.38895973005405438 8.609543128394694378 86.89683394837427954 
	-87.87370136990048763 9.433113166577486552 86.58132685386080141 
	-89.16333287932357621 11.98703483033015615 85.51014518937100206 
	-89.87454404766478433 14.00516624442940561 84.53499263434585487 
	-90.74134188107724697 17.69390285284386266 82.3053829364075682 
	-90.97452138782526276 19.21060611371796867 81.25953529893973837 
	-91.22298870772942792 22.18258779175779338 78.92767406660337315 
	-91.22521236133538025 23.6359123513103988 77.62646763172845965 
	-90.99223836141889876 26.25003399506532986 74.96600086334929358 
	-90.77186181501539863 27.42890709782695069 73.61029302846151268 
	-89.91567008659262683 30.12876736554241219 70.11688032826099004 
	-89.16875040193569646 31.3707111992803398 68.12409202273607889 
	-87.63996710102387055 32.9275666951469077 65.30385167017458059 
	-86.94967267059183769 33.41439876831552169 64.3077688765263531 
	-85.71443003366567837 34.02497559543860461 62.98181503548538274 
	-85.16201563518974638 34.2362454486454979 62.49531602802618835 
	-84.08427263732554025 34.51793718872576022 61.82503419263249356 
	-83.58614589064130485 34.61096037029221151 61.59540858924173534 
	-82.73814927884029657 34.70106424002202772 61.37119418010941274 
	-82.41491592941886779 34.72103546556401454 61.32088233635719376 
	-81.78292120639389395 34.73163234810211719 61.29424118982005609 
	-81.48120110340639144 34.72409818455935948 61.3132644721977087 
	-80.7785844816120715 34.67799918491219557 61.42871741712086475 
	-80.39085029709579544 34.62994049176162292 61.54877300154385011 
	-79.25941895722996833 34.42842113784337243 62.04154927056877966 
	-78.53199010254400037 34.21015541734187337 62.566546693436635 
	-76.98356615025551264 33.5080200027630184 64.11645757141631918 
	-76.19942997828286479 32.97118918836672208 65.22954108735555678 
	-74.6132737532402075 31.33489837783618626 68.1824414416155804 
	-73.88240461942781678 30.10204101481650341 70.15000947974658629 
	-73.03871410606998893 27.4486316088942246 73.58573585910960446 
	-72.82120211853865044 26.290498446978944 74.91869827015061389 
	-72.57936687753851857 23.68370895792715558 77.58429825081600484 
	-72.5808948379874721 22.20946713907842351 78.90536829793552442 
	-72.82303686707408019 19.29237396489858725 81.19645758093730592 
	-73.03965108934997374 17.8564053668112237 82.19277476998465204 
	-73.65475052603468953 15.1368403621049179 83.8612622718455043 
	-74.02683107169949039 13.84969450074331121 84.5640411704980437 
	-75.12141336041804607 10.93176171191119472 85.9869470016766968 
	-75.86572121457901119 9.452560558406137403 86.5841712912088326 
	-77.06560619097658105 7.709195440845536318 87.21858614098786688 
	-77.46727607687975592 7.1991312278313071 87.39280557435914432 
	-78.22016710470583689 6.410114371411844481 87.64892062944703355 
	-78.55506273442530585 6.102983692492060186 87.74443253547934773 
	-79.33550701108816838 5.509333546759680011 87.92343464226932781 
	-79.79591890337997029 5.231953101324184452 88.00305747952472757 
	-80.80655431029524038 4.825490721565059538 88.11750269829110493 
	-81.34607159073816263 4.710041457342725835 88.14871121622557837 
	-81.90260529234683418 4.710041457349031901 88.14871121622385886 
	0.0004302840544216516628 
	
	cone -89.25613055765680315 -7.193703559787073765 44.63273393762356278 -1 2.479229249243265764e-14 0 -1.118497736014974962e-12 -45.11473621716804416 0 1 I I 0 1 45.11473621716804416 forward I I I I 
	torus -81.90260529229820463 -0.7388793128663374565 51.50150271944777103 -1.593767800674822391e-12 6.066535264864000007e-13 1 -0.3119928748779940419 -37.09725079614911181 1 0 1.593767800674822391e-12 forward_v I I I I 
	nullbs 
	nullbs 
	I I 
	0 
	0 
	0 
	} F -6.316867692935932865 F 6.34424038761002862 #
pcurve $-1 -1 $-1 0 forward { exppc nubs 3 open 7 
	-8.738103716891899353 3 -7.597738791443621409 3 -6.464469491947720137 3 -4.366214669280747529 3 -2.261411683753251189 3 
	-1.133340597533871952 3 -0 3 
	-0.2048034958025911068 -1.661433095775030511 
	-0.2079672661843663117 -1.661433095775030511 
	-0.2111214130541072265 -1.661105203919920115 
	-0.2142159865132792218 -1.660447956863203567 
	-0.2172913047890809857 -1.659794799356392181 
	-0.2202874564199724383 -1.658820667938447624 
	-0.223157196588200768 -1.657536912734016266 
	-0.2284705375129612859 -1.655160032366728373 
	-0.233251640475258093 -1.65176591607926504 
	-0.2372544347872685144 -1.647540119178588558 
	-0.2412697208847232322 -1.643301134553512899 
	-0.2444127690435601019 -1.638319876224685778 
	-0.2465438252689418075 -1.632882346361572035 
	-0.2476859668030856609 -1.629968097255499071 
	-0.2485289146921217385 -1.626944515146616865 
	-0.2490642539688742718 -1.623860408163201097 
	-0.2496020939536144345 -1.62076189451974173 
	-0.2498271032347555431 -1.61761588486785457 
	-0.2497389198949340472 -1.614472139933334605 
	3.424592284752426212e-07 
	cone -89.25613055765680315 -7.458232503248883205 42.47163228315327643 -1 2.479229249243265764e-14 0 1.17247629002796265e-12 47.29196746875413737 0 1 I I 0 1 47.29196746875413737 forward I I I I 
	} 0 0 #
DXID-attrib $-1 -1 $-1 $-1 $2436 @10 Revit:Edge @8 Edge:375 #
tvertex-vertex $-1 -1 $-1 $2449 $3601 1.019971971062365096e-11 #
intcurve-curve $-1 -1 $-1 forward { parcur full nubs 3 open 5 
	9.999999554375832589e-07 3 3.589823068576712295 3 10.00249788119785244 3 15.08673185772398817 3 19.98875614790357957 3 
	-78.08503231181978776 -1.712365481343448126 89.41324634708186636 
	-78.01746272097406631 -2.175144086620665718 89.46989314973768614 
	-77.95563958650447489 -2.638336896943181742 89.51969703258572508 
	-77.89939488126580613 -3.102476335629650972 89.56264737791532582 
	-77.79892221222061721 -3.931591325495674027 89.63937168135629463 
	-77.71630239818392738 -4.763727906113151001 89.69422605529211978 
	-77.64977332913315422 -5.601821766662228974 89.72714997542365722 
	-77.59702632992015481 -6.26629726336684012 89.75325342184257238 
	-77.55464492331350357 -6.930929142520816377 89.76535151539599156 
	-77.52089010200913322 -7.597063473937214262 89.76339596827695289 
	-77.48834499202627057 -8.239324764074938301 89.76151050440523704 
	-77.46391834059484438 -8.881028220533227824 89.7465608532288428 
	-77.44548568230383978 -9.523091011920191917 89.71850039528186471 
	1.386502215973056151e-05 
	
	spline forward { ref 22 } I I I I 
	null_surface 
	nubs 3 open 4 
	9.999999554375832589e-07 3 10.00249788119785244 3 15.08673185772398817 3 19.98875614790357957 3 
	0.4822333984731085321 0.7931796399738730852 
	0.4022450691693373326 0.8449188598436374598 
	0.3222374784564139838 0.8792431620138911885 
	0.2415264503826934361 0.8960772549127993258 
	0.2005013187493986104 0.9046339651119806868 
	0.1595156049028462752 0.9085997203934093047 
	0.1184867531591135836 0.9079586920130976457 
	0.07892830074041203015 0.907340636922499777 
	0.03944992108726735197 0.9024401410016810177 
	1.23895815389907765e-14 0.8932419223888828919 
	
	nullbs 
	I I 
	0 
	2 10.00249788119785244 15.08673185772398817 
	1 3.589823068576712295 
	surf1 } I I #
point $-1 -1 $-1 -78.08503231181978776 -1.712365481343453677 89.41324634708188057 #
tcoedge-coedge $-1 -1 $-1 $3045 $2448 $2442 $3058 forward $1761 $3602 0 39.0373085174773351 #
tedge-edge $3603 -1 $-1 $2452 0 $3050 39.0373085174773351 $3057 $3604 forward @7 unknown 0.0003184032610960905833 #
pcurve $-1 -1 $-1 0 forward { exppc nubs 3 open 14 
	-39.0373085174773351 3 -35.08057706252778019 3 -32.54355012092199928 3 -29.02338706452632877 3 -26.4649477814605163 3 
	-23.47858395291536127 3 -20.5457265372944704 3 -19.57322626859905768 3 -16.99833817588856277 3 -12.65813657581549379 3 
	-10.48698068810799633 3 -6.189625376245607491 3 -1.108211926417761894 3 -0 3 
	1.384229723622589781 1.205533599193030936 
	1.395599693399207863 1.158640337824722977 
	1.406465484626013396 1.103421431431407918 
	1.416416171443848571 1.034914912766963901 
	1.422796478227810413 0.9909890397310517907 
	1.428795937893089008 0.9415294882183903313 
	1.434231820697182691 0.8850938326122299582 
	1.44177418988217676 0.8067885112652937174 
	1.448227387308183456 0.714614366000974055 
	1.452928172321852784 0.6082980715567497532 
	1.456344682536732771 0.5310278486215080918 
	1.458822889259421052 0.4463688190249759935 
	1.460143748603490721 0.3579752630264607105 
	1.461685534876799641 0.2547970011627976872 
	1.461625227784804748 0.147246132989696632 
	1.459980347479437945 0.04471721115958220139 
	1.458364938347003426 -0.05597470917202622409 
	1.455237738322062713 -0.1514220659293049331 
	1.450927074180435206 -0.2367507040868601365 
	1.449497709761401243 -0.2650446549259494744 
	1.447939529023376082 -0.2922779318066047738 
	1.446266506888607584 -0.3184153398519362077 
	1.441836847676856825 -0.3876193317855549103 
	1.436611163604032848 -0.4489510980493028325 
	1.430836079700255059 -0.5031862238171292967 
	1.421101665039403716 -0.5946043247839548629 
	1.409836100396703706 -0.6661509375258001242 
	1.397798772523349609 -0.7250429558628876947 
	1.391777182354805742 -0.7545032814729683013 
	1.385554082989577385 -0.7807872122115276925 
	1.379184916683982909 -0.8046072534245483077 
	1.366578465525663422 -0.8517541124847880507 
	1.353394160895255771 -0.8894312339557280955 
	1.339876098365021306 -0.9212861729459083104 
	1.323891647517511982 -0.9589530875203975402 
	1.307435506634114342 -0.988442602620991817 
	1.290696732165308891 -1.012950567462752804 
	1.287046151537870387 -1.018295540706523505 
	1.283381588927402728 -1.023395792963147644 
	1.279704224853288386 -1.028273094806929411 
	0.000323982825170622264 
	torus -81.90260529229820463 -0.7388793128663374565 51.50150271944777103 -1.593767800674822391e-12 6.066535264864000007e-13 1 -0.3119928748779940419 37.09725079614911181 1 0 1.593767800674822391e-12 forward_v I I I I 
	} 0 0 #
DXID-attrib $-1 -1 $3605 $-1 $2444 @10 Revit:Face @8 Face:386 #
torus-surface $-1 -1 $-1 -81.90260529229820463 -0.7388793128663374565 51.50150271944777103 -1.593767800674822391e-12 6.066535264864000007e-13 1 -0.3119928748779940419 -37.09725079614911181 1 0 1.593767800674822391e-12 forward_v I I I I #
pcurve $-1 -1 $-1 0 forward { exppc nubs 1 open 2 
	-0.2351292280712083682 1 -2.506005551478046457e-16 1 
	1.870827620904759191e-14 0.8932419223888740101 
	0 0.01460984884324015819 
	1.616560432821953447e-14 
	spline forward { ref 22 } I I I I 
	} 0 0 #
DXID-attrib $-1 -1 $-1 $-1 $2449 @10 Revit:Edge @8 Edge:372 #
straight-curve $-1 -1 $-1 -76.56672974278535548 -9.5897468312776315 87.03810983397347911 -3.737331792933761498 0.2834858937118375222 11.39964853921351917 F 2.506005551478046457e-16 F 0.2351292280712083682 #
point $-1 -1 $-1 -76.56672974278535548 -9.589746831277627948 87.03810983397347911 #
DXID-attrib $-1 -1 $-1 $-1 $2454 @10 Revit:Edge @8 Edge:373 #
intcurve-curve $-1 -1 $-1 forward { exactcur full nubs 3 open 7 
	0 3 1.133340597533871952 2 2.261411683753251189 2 4.366214669280747529 2 6.464469491947720137 2 
	7.597738791443621409 2 8.738103716891899353 3 
	-77.44548568230385399 -9.523091011920387317 89.71850039528180787 
	-77.44131531866571549 -9.671623114219826789 89.71200900680467782 
	-77.45195645026961984 -9.820231220917936099 89.70480517650150887 
	-77.50270920899228599 -10.11220795806030814 89.68929714060539027 
	-77.54257387313843708 -10.2549615222124757 89.68103270691197793 
	-77.69736983510071582 -10.64917258179761994 89.6565262150808735 
	-77.84601076638116979 -10.8841560267107571 89.6397722005503681 
	-78.22520156426746496 -11.2832939247248305 89.60908056698735891 
	-78.45130933002516826 -11.44323863854129009 89.59553862143866354 
	-78.83830333486898212 -11.6157064388830662 89.58054103089766329 
	-78.97999724032855795 -11.66159219769954092 89.57643998344528313 
	-79.27178355954467293 -11.72331492868428882 89.57089156705444566 
	-79.42094937070012861 -11.73875724255272424 89.5694803764781966 
	-79.570570296673651 -11.73875724255272424 89.5694803764781966 
	0 
	
	null_surface 
	null_surface 
	nullbs 
	nullbs 
	I I 
	0 
	5 1.133340597533871952 2.261411683753251189 4.366214669280747529 6.464469491947720137 7.597738791443621409 
	0 
	F 1 F 0 } I I #
DXID-attrib $-1 -1 $-1 $2460 $1808 @10 Revit:Face @8 Face:411 #
DXID-attrib $-1 -1 $-1 $-1 $2461 @10 Revit:Face @8 Face:417 #
face $3606 -1 $-1 $1824 $3607 $77 $-1 $3608 reversed single #
loop $-1 -1 $-1 $-1 $3609 $2461 #
plane-surface $-1 -1 $-1 -81.88122913574319739 -0.7576933599002950714 84.07348081056908029 -1.727558790417912113e-15 4.283014282991404232e-29 1 -12 2.975075099091918539e-13 -2.073070548501494299e-14 forward_v I I I I #
loop $-1 -1 $-1 $-1 $3075 $1808 #
coedge $-1 -1 $-1 $3610 $3610 $3611 $3612 forward $2462 $-1 #
coedge $-1 -1 $-1 $3075 $3075 $2465 $3076 reversed $3073 $-1 #
edge $3613 -1 $-1 $3614 3.141592653589796225 $3614 9.424777960769382901 $2465 $3615 forward @7 unknown #
DXID-attrib $-1 -1 $3616 $-1 $2467 @10 Revit:Edge @8 Edge:410 #
vertex $-1 -1 $-1 $2467 $3617 #
ellipse-curve $-1 -1 $-1 -81.88122913574318318 -0.7576933599002950714 80.84534494942424487 1.727558790417912113e-15 -4.283014282991404232e-29 -1 -0.7026214443372972296 1.741959635946576442e-14 -1.213819852501027587e-15 1 I I #
no_merge_attribute-st-attrib $-1 -1 $3618 $2470 $1816 #
coedge $-1 -1 $-1 $2474 $2474 $3609 $3619 reversed $1823 $-1 #
coedge $-1 -1 $-1 $3620 $3621 $2474 $3083 forward $3607 $-1 #
edge $3622 -1 $-1 $3623 1.646317642823590278e-15 $3624 3.141592653589796225 $3082 $3625 forward @7 unknown #
DXID-attrib $-1 -1 $-1 $2475 $1824 @10 Revit:Face @8 Face:423 #
DXID-attrib $-1 -1 $-1 $-1 $2478 @10 Revit:Face @8 Face:196 #
face $3626 -1 $-1 $2496 $2488 $80 $-1 $3627 reversed single #
loop $-1 -1 $-1 $-1 $3628 $2478 #
plane-surface $-1 -1 $-1 -68.89956823553060872 -1.903903653018247237e-12 86.73849059906751791 -1 -1.993994566947377939e-14 -3.169918912968230602e-15 -2.392793480336853527e-13 12 5.365932710646091654e-28 forward_v I I I I #
coedge $-1 -1 $-1 $3102 $3102 $3628 $3629 forward $2479 $-1 #
coedge $-1 -1 $-1 $3092 $3092 $2481 $3091 reversed $3107 $-1 #
edge $3630 -1 $-1 $3095 1.766786744533999801e-15 $3096 3.141592653589796669 $2481 $3631 forward @7 unknown #
coedge $-1 -1 $-1 $3090 $3090 $2482 $3093 reversed $3107 $-1 #
edge $3632 -1 $-1 $3096 3.141592653589796669 $3095 6.283185307179588008 $2482 $3633 forward @7 unknown #
DXID-attrib $-1 -1 $3634 $-1 $2484 @10 Revit:Edge @8 Edge:190 #
vertex $-1 -1 $-1 $3093 $3635 #
vertex $-1 -1 $-1 $2484 $3636 #
straight-curve $-1 -1 $-1 -67.07308895686580286 -1.872919707803808791e-12 86.73849059906751791 2.154066398935918647e-13 -12 -4.038874498004846833e-14 F -0.09895833333333256543 F 0.09895833333333166337 #
DXID-attrib $-1 -1 $-1 $2485 $1233 @10 Revit:Edge @8 Edge:184 #
coedge $-1 -1 $-1 $3628 $3628 $2487 $3100 forward $3087 $-1 #
edge $3637 -1 $-1 $2490 3.141592653589798001 $3638 6.283185307179584456 $3099 $3639 forward @14 tangent_not_g2 #
point $-1 -1 $-1 -68.8995682355305803 -0.4375000000018779978 86.73849059906751791 #
coedge $-1 -1 $-1 $3089 $3089 $2492 $3103 forward $2479 $-1 #
edge $3640 -1 $-1 $3638 -1.598521340292768316e-15 $2490 3.141592653589798001 $3102 $3641 forward @14 tangent_not_g2 #
DXID-attrib $-1 -1 $3642 $-1 $2495 @10 Revit:Edge @8 Edge:207 #
ellipse-curve $-1 -1 $-1 -68.14956823553060872 -1.888948693766143146e-12 86.73849059906751791 -1 -1.993994566947377939e-14 -3.169918912968230602e-15 -2.367868548249980538e-14 1.187499999999984457 5.310037578243459162e-29 1 F -2.416081014738995947 F 2.41608101473900172 #
DXID-attrib $-1 -1 $3643 $-1 $2496 @10 Revit:Face @8 Face:206 #
loop $-1 -1 $-1 $1848 $3092 $2496 #
cone-surface $-1 -1 $-1 -67.32308895686580286 -1.872468741852620824e-12 86.73849059906751791 1 1.993994566947377939e-14 4.290614063747059892e-15 -2.367868548249980538e-14 1.187499999999984457 5.310037578243459162e-29 1 I I 0 1 1.187499999999984457 forward I I I I #
edge $3644 -1 $-1 $2505 3.141592653589790007 $2506 6.283185307179585344 $2501 $3645 forward @7 unknown #
DXID-attrib $-1 -1 $-1 $-1 $2503 @10 Revit:Edge @8 Edge:238 #
ellipse-curve $-1 -1 $-1 -79.51092208191718669 -13.57088815749076716 86.73849059906703474 1 2.125096293644325136e-14 1.385846518804283483e-33 1.31755420472333543e-14 -0.6199974131355069362 -1.409342269218087111e-15 1 F -1.145148621265067768e-15 F 3.141592653589790007 #
no_merge_attribute-st-attrib $-1 -1 $3646 $2504 $1863 #
point $-1 -1 $-1 -79.51092208191718669 -12.95089074435525944 86.73849059906703474 #
point $-1 -1 $-1 -79.51092208191717248 -14.19088557062627309 86.73849059906703474 #
DXID-attrib $-1 -1 $-1 $-1 $2513 @10 Revit:Face @8 Face:132 #
face $3647 -1 $-1 $3648 $3649 $85 $-1 $3650 forward single #
loop $-1 -1 $-1 $-1 $3143 $2513 #
plane-surface $-1 -1 $-1 -63.1186789736498568 -1.424921035762952037 85.08431985961682642 0.5547584671974976622 -1.171191125340200802e-15 -0.8320114440755506102 0 12 -1.689194734538556679e-14 forward_v I I I I #
coedge $-1 -1 $-1 $3651 $2516 $3652 $3653 forward $305 $-1 #
coedge $-1 -1 $-1 $3654 $3655 $2516 $3121 reversed $3656 $-1 #
edge $3657 -1 $-1 $3126 -0 $3658 0.02844858998738716144 $2516 $3659 forward @7 unknown #
coedge $-1 -1 $-1 $2552 $2517 $2520 $3128 forward $3124 $-1 #
coedge $-1 -1 $-1 $2517 $2552 $3654 $3660 reversed $3124 $-1 #
loop $-1 -1 $-1 $-1 $2552 $3661 #
DXID-attrib $-1 -1 $-1 $-1 $2518 @10 Revit:Edge @8 Edge:111 #
vertex $-1 -1 $-1 $2518 $3662 #
straight-curve $-1 -1 $-1 -61.8386205923557668 1.414398415283563804 85.9431567919198045 -11.85225100302855594 -8.359509661925352391e-15 -1.877270934417450965 F 9.483413804012776583e-16 F 0.03984287606060815667 #
edge $3663 -1 $-1 $2523 -0.2366099542538761535 $2555 1.456985596621156334e-17 $3122 $3664 forward @7 unknown #
face $3665 -1 $-1 $2526 $2521 $85 $-1 $3666 forward single #
point $-1 -1 $-1 -61.83862059235577391 1.414398415283564026 85.94315679191979029 #
DXID-attrib $-1 -1 $-1 $-1 $2525 @10 Revit:Edge @8 Edge:143 #
straight-curve $-1 -1 $-1 -61.83862837824455028 -1.42492103576294582 89.02189381180980376 0 -12 1.618811620599450032e-14 F -0.2366099542538761535 F 0 #
DXID-attrib $-1 -1 $-1 $-1 $2526 @10 Revit:Face @8 Face:144 #
plane-surface $-1 -1 $-1 -61.83862837824455028 -1.42492103576294582 89.02189381180980376 0.1564667904425423028 1.332394228625405899e-15 0.9876832202121333948 0 12 -1.618811620599450032e-14 forward_v I I I I #
coedge $-1 -1 $-1 $2528 $3667 $3668 $3669 forward $305 $-1 #
coedge $-1 -1 $-1 $2543 $2542 $2528 $3137 reversed $1885 $-1 #
edge $3670 -1 $-1 $3671 0 $3139 0.03460057225678733056 $2528 $3672 forward @7 unknown #
DXID-attrib $-1 -1 $-1 $-1 $2530 @10 Revit:Edge @8 Edge:118 #
vertex $-1 -1 $-1 $3137 $3673 #
straight-curve $-1 -1 $-1 -66.78095672562713503 1.414398415283559141 85.32247310874411994 -1.102804485515409556e-13 1.636975408186936434e-14 12 F -1.987541326459208868e-32 F 0.193291579357700638 #
point $-1 -1 $-1 -66.78095672562714924 1.414398415283562249 87.64197206103652604 #
coedge $-1 -1 $-1 $3154 $2539 $3674 $3675 forward $188 $-1 #
coedge $-1 -1 $-1 $3676 $3677 $2539 $3144 reversed $3117 $-1 #
edge $3678 -1 $-1 $3148 3.233100385241057993e-17 $3679 0.03555921960975692159 $2539 $3680 forward @7 unknown #
coedge $-1 -1 $-1 $3668 $2540 $2543 $3150 reversed $2514 $-1 #
coedge $-1 -1 $-1 $2540 $3668 $3676 $3681 forward $2514 $-1 #
DXID-attrib $-1 -1 $-1 $-1 $2541 @10 Revit:Edge @7 Edge:98 #
vertex $-1 -1 $-1 $2541 $3682 #
straight-curve $-1 -1 $-1 -66.44083943350322841 -1.42492103576295448 85.08431985961681221 12 9.023050520022823781e-15 5.052908291212780686e-14 F 1.095537887104694989e-32 F 0.2768467049877809116 #
edge $3683 -1 $-1 $3671 -0.2366099542538761258 $2545 -1.456985596620940322e-17 $2543 $3684 forward @7 unknown #
point $-1 -1 $-1 -66.44083943350322841 -1.424921035762954258 85.08431985961681221 #
DXID-attrib $-1 -1 $-1 $-1 $2547 @10 Revit:Edge @8 Edge:127 #
straight-curve $-1 -1 $-1 -66.78095672562713503 -1.42492103576295448 85.32247310874413415 0 -12 1.689194734538556679e-14 F -0.2366099542538761258 F -1.456985596620940322e-17 #
coedge $-1 -1 $-1 $2551 $3142 $3685 $3686 forward $188 $-1 #
coedge $-1 -1 $-1 $3655 $3654 $2551 $3156 reversed $3656 $-1 #
edge $3687 -1 $-1 $3688 1.421493083341687828e-32 $3158 0.02844858998738716144 $2551 $3689 forward @7 unknown #
DXID-attrib $-1 -1 $-1 $-1 $2553 @10 Revit:Edge @8 Edge:103 #
vertex $-1 -1 $-1 $3156 $3690 #
straight-curve $-1 -1 $-1 -62.31084836010865047 -1.424921035762950039 85.86836091874762644 11.85225100302855594 8.359509661925352391e-15 1.877270934417450965 F 0 F 0.03984287606060767095 #
point $-1 -1 $-1 -61.8386205923557668 -1.424921035762950039 85.9431567919198045 #
coedge $-1 -1 $-1 $3691 $2561 $2607 $3194 reversed $2563 $-1 #
coedge $-1 -1 $-1 $2562 $3171 $2570 $3167 reversed $2563 $-1 #
face $3692 -1 $-1 $-1 $2563 $86 $-1 $3693 forward single #
point $-1 -1 $-1 -34.61047055609106593 -0.8438401019708732242 90.46512154204290823 #
DXID-attrib $-1 -1 $-1 $-1 $2567 @10 Revit:Edge @7 Edge:57 #
ellipse-curve $-1 -1 $-1 -35.84000015258645533 0.01406443258676520237 91.4968193729837509 0.6427876096865412503 -1.059169210519837442e-14 0.7660444431189765702 1.499247550964363018 0 -1.258018067057643519 0.7660444431189764591 F -0.6092144419830857194 F -0.4027447128763379514 #
edge $3694 -1 $-1 $2574 -0.4027447128763380069 $3175 -0.004687213402363638037 $2570 $3695 forward @7 unknown #
face $3696 -1 $-1 $2579 $2572 $86 $-1 $3697 forward single #
point $-1 -1 $-1 -34.46070937054622618 -0.5735580292469302233 90.33945698648756206 #
coedge $-1 -1 $-1 $3183 $2576 $3698 $3699 reversed $1939 $-1 #
tcoedge-coedge $-1 -1 $-1 $3162 $3700 $2576 $3172 forward $2563 $3701 2.426184737315960722e-08 0.111431600796901023 #
tedge-edge $3702 -1 $-1 $3703 2.426184737315960722e-08 $3175 0.111431600796901023 $2576 $3704 forward @7 unknown 3.99424515228251017e-05 #
pcurve $-1 -1 $-1 0 forward { exppc nubs 1 open 2 
	-0.111431600796901023 1 -2.426184737315960722e-08 1 
	-2.749160603180697215 -0.003324583787191874498 
	-1.866556157742683464 -0.007986339241156487426 
	1.21908716717267738e-18 
	cone -35.85572075152111182 0.00196512422550286156 85.89779805352088715 0 0 -1 1.515016464752539482 0 0 1 I I 0 1 1.515016464752539482 forward I I I I 
	} 0 0 #
DXID-attrib $-1 -1 $-1 $-1 $2577 @10 Revit:Edge @7 Edge:86 #
tvertex-vertex $-1 -1 $-1 $3172 $3705 0.0002160621637443281746 #
ellipse-curve $-1 -1 $-1 -35.85572075152111182 0.00196512422550286156 93.55449828909516441 0.9173653522897339263 -5.500824833226671482e-15 0.3980462415578527868 1.515016464752539482 0 -3.491613455444374292 0.3980462415578528423 F 0.003346825370077456414 F 0.4006963880081749751 #
DXID-attrib $-1 -1 $-1 $-1 $2578 @10 Revit:Edge @7 Edge:63 #
ellipse-curve $-1 -1 $-1 -35.85572075152111182 0.00196512422550286156 90.46512154204295086 0 0 1 1.515016464752539482 0 0 1 F 0.6059904023462671097 F 1.557402608582446168 #
DXID-attrib $-1 -1 $-1 $-1 $2579 @10 Revit:Face @7 Face:88 #
cone-surface $-1 -1 $-1 -35.85572075152111182 0.00196512422550286156 85.89779805352088715 0 0 -1 1.515016464752539482 0 0 1 I I 0 1 1.515016464752539482 forward I I I I #
DXID-attrib $-1 -1 $3706 $-1 $2585 @10 Revit:Edge @7 Edge:50 #
straight-curve $-1 -1 $-1 -37.06236305106709494 1.51684570032933852 90.46512154204293665 12 0 5.053481902958148602e-15 F 4.370956789862821889e-17 F 0.102244449706143048 #
coedge $-1 -1 $-1 $2586 $3170 $3707 $3708 reversed $1939 $-1 #
point $-1 -1 $-1 -35.83542965459337637 1.516845700329317426 90.46512154204295086 #
coedge $-1 -1 $-1 $3707 $3709 $2590 $3186 reversed $3710 $-1 #
edge $3711 -1 $-1 $3188 -0.1347571879068396594 $3712 1.165588477296760392e-16 $2590 $3713 forward @7 unknown #
DXID-attrib $-1 -1 $-1 $-1 $2591 @10 Revit:Edge @7 Edge:73 #
vertex $-1 -1 $-1 $2591 $3714 #
ellipse-curve $-1 -1 $-1 -35.85572075152111182 0.00196512422550286156 87.03386693292142695 0 0 -1 1.515016464752539482 0 0 1 F 4.725782698595586417 F 5.713660897733707777 #
DXID-attrib $-1 -1 $-1 $-1 $2592 @10 Revit:Face @7 Face:72 #
face $3715 -1 $-1 $3716 $3710 $86 $-1 $3717 forward single #
plane-surface $-1 -1 $-1 -36.51484780403593078 -1.495794101253427266 87.03386693292141274 -3.098281494340284751e-15 1.393011879773417953e-14 -1 0 12 1.671614255728101354e-13 forward_v I I I I #
point $-1 -1 $-1 -36.51484780403593078 -1.495794101253427266 87.03386693292141274 #
edge $3718 -1 $-1 $3712 0.572536335285697473 $1979 1.57079632679490433 $2607 $3719 forward @7 unknown #
DXID-attrib $-1 -1 $-1 $-1 $2610 @10 Revit:Edge @7 Edge:90 #
straight-curve $-1 -1 $-1 -35.84000015258646243 -1.485183118377597866 87.03386693292139853 0 0 12 F 0 F 0.2859378840934584387 #
DXID-attrib $-1 -1 $-1 $-1 $2611 @10 Revit:Face @7 Face:89 #
plane-surface $-1 -1 $-1 -35.84000015258646243 -1.485183118377597866 102.4651215420416577 -1 -1.803181502554269264e-14 -0 0 0 -12 forward_v I I I I #
DXID-attrib $-1 -1 $-1 $-1 $2618 @10 Revit:Face @7 Face:34 #
cone-surface $-1 -1 $-1 -62.34204648542552718 1.132776459034385397 87.43324315091561516 6.892419360523686302e-15 1 1.198782815362209993e-14 1.391054663232463628 -1.265794956987569991e-30 -0.7997889166865703725 1 I I 0 1 1.604585736991158917 forward I I I I #
DXID-attrib $-1 -1 $-1 $-1 $2623 @10 Revit:Edge @7 Edge:20 #
ellipse-curve $-1 -1 $-1 -62.34204648542552718 1.132776459034219307 87.43324315091561516 -6.892419360523686302e-15 -1 -1.198782815362209993e-14 1.391054663232463628 -1.265794956987569991e-30 -0.7997889166865703725 1 F -0.5826519760831200268 F 1.687687350095859573 #
point $-1 -1 $-1 -61.62058307145217384 1.132776459034237293 85.99999999999761258 #
DXID-attrib $-1 -1 $-1 $-1 $2627 @10 Revit:Edge @7 Edge:30 #
straight-curve $-1 -1 $-1 -38.83687258601129599 -1.166904397245337455 85.99999999999742784 -0 -12 -1.633702652727908385e-13 F -0.1916400713566312475 F 1.586854156123989815e-30 #
point $-1 -1 $-1 -61.70994708330149336 1.132776459034197325 88.90808067864193731 #
DXID-attrib $-1 -1 $-1 $-1 $2637 @10 Revit:Edge @7 Edge:29 #
straight-curve $-1 -1 $-1 -61.62058307145217384 -1.166904397245337455 85.99999999999758415 0 12 1.668462283637012921e-13 F 8.103085052548033506e-31 F 0.1916400713566312475 #
DXID-attrib $-1 -1 $-1 $2643 $2030 @10 Revit:Face @7 Face:47 #
DXID-attrib $-1 -1 $-1 $-1 $2644 @10 Revit:Face @7 Face:53 #
face $3720 -1 $-1 $3721 $3722 $66 $-1 $3723 forward single #
loop $-1 -1 $-1 $-1 $3724 $2644 #
plane-surface $-1 -1 $-1 3.874217084336869779e-12 -5.213740791515925126e-12 113.0424042815940027 -1.027528214424255746e-14 1.382799582304305996e-14 -1 -12 -1.705038702854100159e-27 1.233033857309106832e-13 forward_v I I I I #
loop $-1 -1 $-1 $-1 $3216 $2030 #
coedge $-1 -1 $-1 $3725 $3725 $3726 $3727 forward $2645 $-1 #
coedge $-1 -1 $-1 $3216 $3216 $2648 $3217 reversed $3214 $-1 #
edge $3728 -1 $-1 $3729 3.141592653589796225 $3729 9.424777960769382901 $2648 $3730 forward @14 tangent_not_g2 #
DXID-attrib $-1 -1 $3731 $-1 $2650 @10 Revit:Edge @7 Edge:40 #
vertex $-1 -1 $-1 $2650 $3732 #
ellipse-curve $-1 -1 $-1 3.877736654013272809e-12 -5.218477264354432536e-12 113.384932070806542 1.027528214424255746e-14 -1.382799582304305996e-14 1 -2.456566488270734094 -3.490450782196654021e-28 2.524191377307291546e-14 1 I I #
DXID-attrib $-1 -1 $-1 $2653 $2039 @10 Revit:Edge @7 Edge:31 #
DXID-attrib $-1 -1 $-1 $2655 $2040 @10 Revit:Edge @7 Edge:32 #
coedge $-1 -1 $-1 $3733 $3734 $2659 $3224 forward $3735 $-1 #
edge $3736 -1 $-1 $3230 3.141592653589796225 $3229 6.28318530717958712 $3223 $3737 forward @7 unknown #
coedge $-1 -1 $-1 $3738 $2660 $3734 $3739 reversed $3227 $-1 #
coedge $-1 -1 $-1 $2660 $3738 $3733 $3740 reversed $3227 $-1 #
loop $-1 -1 $-1 $-1 $2660 $3741 #
DXID-attrib $-1 -1 $-1 $-1 $2661 @10 Revit:Edge @7 Edge:74 #
vertex $-1 -1 $-1 $3224 $3742 #
vertex $-1 -1 $-1 $3224 $3743 #
ellipse-curve $-1 -1 $-1 3.908873225100251148e-12 -5.258293239153278433e-12 116.2643062988849749 1.027528214424255746e-14 -1.382799582304305839e-14 1 -13.00000000000371436 -1.847125261425803256e-27 1.335786678751914105e-13 1 F 5.05321549807429993e-16 F 3.141592653589796225 #
DXID-attrib $-1 -1 $-1 $-1 $2664 @10 Revit:Face @7 Face:79 #
face $3744 -1 $-1 $3745 $3746 $67 $-1 $3747 forward single #
loop $-1 -1 $-1 $-1 $3260 $2664 #
cone-surface $-1 -1 $-1 2.742246482568611476 -4.759166032472046837 119.6534908707976115 0 0 1 1.693979867021199484e-15 0.9536258872362245453 0 1 I I 0 1 0.9536258872362245453 forward I I I I #
coedge $-1 -1 $-1 $3748 $2667 $3749 $3750 forward $207 $-1 #
coedge $-1 -1 $-1 $3751 $3752 $2667 $3238 reversed $3753 $-1 #
edge $3754 -1 $-1 $3243 2.924785223203279348e-17 $3755 0.249292468010113788 $2667 $3756 forward @7 unknown #
coedge $-1 -1 $-1 $2703 $2668 $2671 $3245 forward $3241 $-1 #
coedge $-1 -1 $-1 $2668 $2703 $3751 $3757 reversed $3241 $-1 #
loop $-1 -1 $-1 $-1 $2703 $3758 #
DXID-attrib $-1 -1 $-1 $-1 $2669 @10 Revit:Edge @7 Edge:54 #
vertex $-1 -1 $-1 $2669 $3759 #
straight-curve $-1 -1 $-1 3.567661153857092149 5.236756097310191649 119.6534908707976115 6.009778048680309404 -10.38665334964059817 0 F 4.406697015336490633e-16 F 0.20888186954578572 #
edge $3760 -1 $-1 $2674 -0.04920007288455963135 $2706 0 $3239 $3761 forward @14 tangent_not_g2 #
face $3762 -1 $-1 $2677 $2672 $67 $-1 $3763 forward single #
point $-1 -1 $-1 3.567661153857094369 5.236756097310187208 119.6534908707976115 #
DXID-attrib $-1 -1 $-1 $-1 $2676 @10 Revit:Edge @7 Edge:92 #
straight-curve $-1 -1 $-1 2.742246150966932472 5.712791919708291033 120.2438917454123271 0 0 12 F -0.04920007288455963135 F 0 #
DXID-attrib $-1 -1 $-1 $-1 $2677 @10 Revit:Face @7 Face:93 #
plane-surface $-1 -1 $-1 2.742246150966932472 5.712791919708291033 120.2438917454123271 1.776356839400250465e-15 1 0 0 0 -12 forward_v I I I I #
coedge $-1 -1 $-1 $2683 $3764 $3765 $3766 forward $207 $-1 #
coedge $-1 -1 $-1 $2694 $2693 $2683 $3254 reversed $2054 $-1 #
edge $3767 -1 $-1 $3768 3.141592653589794004 $3256 4.193125284567571498 $2683 $3769 forward @7 unknown #
DXID-attrib $-1 -1 $-1 $-1 $2685 @10 Revit:Edge @7 Edge:62 #
vertex $-1 -1 $-1 $3254 $3770 #
straight-curve $-1 -1 $-1 -3.582593321803771769 -5.234580159187268045 119.6534908707976115 -5.954892291830844009 10.41821759192490759 0 F 3.686691135466461984e-16 F 0.1836290470136109909 #
point $-1 -1 $-1 -4.67608451842136752 -3.321492791201659411 119.6534908707976115 #
coedge $-1 -1 $-1 $3771 $2690 $3772 $3773 forward $116 $-1 #
coedge $-1 -1 $-1 $3774 $3775 $2690 $3261 reversed $3234 $-1 #
edge $3776 -1 $-1 $3265 3.141592653589794004 $3777 4.187849127231018542 $2690 $3778 forward @7 unknown #
coedge $-1 -1 $-1 $3765 $2691 $2694 $3267 reversed $2665 $-1 #
coedge $-1 -1 $-1 $2691 $3765 $3774 $3779 forward $2665 $-1 #
DXID-attrib $-1 -1 $-1 $-1 $2692 @10 Revit:Edge @7 Edge:38 #
vertex $-1 -1 $-1 $2692 $3780 #
straight-curve $-1 -1 $-1 -2.758436926808190748 -5.712791919708205768 120.2438917454123271 12 -1.462916797981159047e-13 0 F -2.039779835269298393e-16 F 0.4583902841147334817 #
edge $3781 -1 $-1 $3768 -0.04920007288455963135 $2696 0 $2694 $3782 forward @14 tangent_not_g2 #
point $-1 -1 $-1 -2.758436926808193412 -5.712791919708207544 120.2438917454123271 #
DXID-attrib $-1 -1 $-1 $-1 $2698 @10 Revit:Edge @7 Edge:74 #
straight-curve $-1 -1 $-1 -3.58259332180377621 -5.234580159187261827 120.2438917454123271 0 0 12 F -0.04920007288455963135 F 0 #
coedge $-1 -1 $-1 $2702 $3771 $3783 $3784 forward $116 $-1 #
coedge $-1 -1 $-1 $3752 $3751 $2702 $3273 reversed $3753 $-1 #
edge $3785 -1 $-1 $3786 7.739903149946931088e-17 $3275 0.2492924680101138712 $2702 $3787 forward @7 unknown #
DXID-attrib $-1 -1 $-1 $-1 $2704 @10 Revit:Edge @7 Edge:44 #
vertex $-1 -1 $-1 $3273 $3788 #
straight-curve $-1 -1 $-1 4.822994828220658725 3.067172527313266173 120.2438917454123271 -6.009778048680309404 10.38665334964059817 0 F -2.918720018605313243e-17 F 0.2088818695457852481 #
point $-1 -1 $-1 3.567661153857094369 5.236756097310187208 120.2438917454123271 #
DXID-attrib $-1 -1 $-1 $2710 $1479 @10 Revit:Edge @7 Edge:28 #
coedge $-1 -1 $-1 $3281 $3281 $2714 $3280 reversed $2712 $-1 #
edge $3789 -1 $-1 $3284 -0.1394115983816078819 $3285 0.1394115983816074378 $2714 $3790 forward @2 g2 #
coedge $-1 -1 $-1 $3279 $3279 $2715 $3282 reversed $2712 $-1 #
edge $3791 -1 $-1 $3285 1.593772010822905474e-15 $3284 3.141592653589796225 $2715 $3792 forward @14 tangent_not_g2 #
DXID-attrib $-1 -1 $-1 $-1 $2717 @10 Revit:Edge @8 Edge:390 #
vertex $-1 -1 $-1 $2717 $3793 #
vertex $-1 -1 $-1 $2717 $3794 #
ellipse-curve $-1 -1 $-1 -0.4595800976235810409 0.3369679524368407453 89.4792407620811332 -1.666280438343681266e-15 1.382799582304341811e-14 1 1.67293918057929214 -5.943473910645313864e-15 2.787585831138064348e-15 1 F 3.141592653589796225 F 6.283185307179588008 #
DXID-attrib $-1 -1 $-1 $2718 $2109 @10 Revit:Edge @8 Edge:384 #
point $-1 -1 $-1 -2.26950089624295881 0.3369679524368422441 89.54903638258545584 #
coedge $-1 -1 $-1 $3795 $2725 $2734 $3298 forward $2118 $-1 #
coedge $-1 -1 $-1 $2725 $3795 $2753 $3306 reversed $2118 $-1 #
coedge $-1 -1 $-1 $2729 $2728 $2725 $3292 reversed $2730 $-1 #
edge $3796 -1 $-1 $3797 0.06902704007669828445 $3300 0.08922112099377539629 $2725 $3798 forward @7 unknown #
coedge $-1 -1 $-1 $2753 $2726 $2729 $3296 forward $1497 $-1 #
DXID-attrib $-1 -1 $-1 $-1 $2727 @10 Revit:Edge @8 Edge:336 #
straight-curve $-1 -1 $-1 -31.95182895660112266 -1.595823580079005932 95.15152444944821752 1.727247594479679586e-14 -1.662475809686748999e-13 -12 F 1.456985596625340686e-17 F 0.3085296245444134611 #
edge $3799 -1 $-1 $2732 4.600258645582495198 $3797 4.643361940307998204 $3293 $3800 forward @7 unknown #
point $-1 -1 $-1 -31.95182895660112266 -1.595823580079044124 95.15152444944821752 #
edge $3801 -1 $-1 $3300 -0.2009899764156956037 $3311 -2.913971193241882738e-15 $3289 $3802 forward @7 unknown #
DXID-attrib $-1 -1 $-1 $-1 $2735 @10 Revit:Edge @8 Edge:358 #
vertex $-1 -1 $-1 $3292 $3803 #
ellipse-curve $-1 -1 $-1 77.6669746437463715 0.3182195443962796966 78.15331869422740851 0.1564344650402306747 1.315363606076232009e-14 0.9876883405951377704 -108.0006940521318626 3.836955430789567692e-13 17.10562948210836254 0.1564344650402324233 F 0.0892211209937628924 F 0.1121303348021924773 #
point $-1 -1 $-1 -31.9518289566011191 -1.595823580079057447 91.44916895491525111 #
DXID-attrib $-1 -1 $-1 $-1 $2746 @10 Revit:Face @8 Face:363 #
cone-surface $-1 -1 $-1 -28.12317800264668932 -0.3182195443927002265 78.15331869422722377 1 -3.552713678800500929e-15 1.74491262210625557e-15 -6.077140384558017712e-14 -17.10562948210855083 0 1 I I 0 1 17.10562948210855083 forward I I I I #
coedge $-1 -1 $-1 $2749 $2748 $3795 $3804 reversed $2750 $-1 #
edge $3805 -1 $-1 $3797 -0.1435989983981647844 $3308 2.913971193241960762e-17 $2753 $3806 forward @7 unknown #
DXID-attrib $-1 -1 $-1 $-1 $2754 @10 Revit:Edge @8 Edge:350 #
vertex $-1 -1 $-1 $3306 $3807 #
ellipse-curve $-1 -1 $-1 -31.95182895660109779 -0.3182195443926866263 78.15331869422720956 -1 3.552713678800500929e-15 -1.74491262210625557e-15 -6.077140384558017712e-14 -17.10562948210855083 0 1 F 1.639823366871608235 F 1.682913535395154758 #
DXID-attrib $-1 -1 $-1 $-1 $2758 @10 Revit:Edge @8 Edge:357 #
vertex $-1 -1 $-1 $3298 $3808 #
ellipse-curve $-1 -1 $-1 77.66697464374639992 -0.3182195443930760925 78.15331869422740851 0.1564344650402306747 1.315363606076232009e-14 0.9876883405951377704 108.0006940521318626 -3.836955430789567692e-13 -17.10562948210836254 0.1564344650402324233 F 3.029475444989537358 F 3.052371532596007686 #
DXID-attrib $-1 -1 $-1 $2761 $2161 @10 Revit:Face @8 Face:303 #
DXID-attrib $-1 -1 $3809 $-1 $2762 @10 Revit:Face @8 Face:303 #
loop $-1 -1 $-1 $-1 $3810 $2762 #
torus-surface $-1 -1 $-1 -35.28073358535478121 6.802760533393593814e-14 92.29343927868961828 -5.464285283729049927e-17 1.44120984663801456e-14 1 -2.25855737004405821 -4.337274139784145888 -1 3.552713678800500929e-15 -5.464285283734170127e-17 forward_v I I I I #
coedge $-1 -1 $-1 $3317 $3317 $2767 $3321 reversed $2765 $-1 #
coedge $-1 -1 $-1 $2766 $2766 $3810 $3811 forward $2162 $-1 #
coedge $-1 -1 $-1 $3328 $3327 $2766 $3320 reversed $2763 $-1 #
edge $3812 -1 $-1 $3813 1.570796326794902553 $3814 4.712388980384689674 $2766 $3815 forward @7 unknown #
edge $3816 -1 $-1 $3817 4.712388980376093883 $3817 10.99557428755568012 $2767 $3818 forward @14 tangent_not_g2 #
DXID-attrib $-1 -1 $-1 $-1 $2768 @10 Revit:Edge @8 Edge:287 #
ellipse-curve $-1 -1 $-1 -35.28073358535478121 4.854876538807073837e-14 90.46512154204292244 -4.912690991092002587e-29 -1.382799582304270971e-14 -1 -1.638185372890155866 5.820003582677756052e-15 0 1 F 1.615544574432964989e-15 F 3.141592653589796225 #
no_merge_attribute-st-attrib $-1 -1 $3819 $2769 $2166 #
coedge $-1 -1 $-1 $3820 $3821 $2773 $3326 forward $3315 $-1 #
edge $3822 -1 $-1 $3331 -1.570796326794896558 $3330 1.570796326794902109 $3325 $3823 forward @7 unknown #
tcoedge-coedge $-1 -1 $-1 $3319 $2774 $3824 $3825 forward $2763 $3826 -1 0 #
tcoedge-coedge $-1 -1 $-1 $2774 $3319 $3336 $3827 forward $2763 $3828 -1 0 #
DXID-attrib $-1 -1 $3829 $-1 $2775 @10 Revit:Edge @8 Edge:314 #
tvertex-vertex $-1 -1 $-1 $3326 $3830 1.029965493256896883e-11 #
tvertex-vertex $-1 -1 $-1 $3831 $3832 1.385029637266226803e-11 #
ellipse-curve $-1 -1 $-1 -35.28073358535478121 7.220711421640310472e-14 92.16735642304173837 -4.912690991092002587e-29 -1.382799582304270971e-14 -1 -2.07688379287717817 7.378573460233817264e-15 0 1 F 1.570796326794902109 F 4.712388980384689674 #
DXID-attrib $-1 -1 $-1 $-1 $2778 @10 Revit:Face @8 Face:320 #
loop $-1 -1 $-1 $-1 $3833 $2778 #
cone-surface $-1 -1 $-1 -27.83135345737356658 2.269155140671280435 92.2951629513067644 1 -3.552713678800500929e-15 1.74491262210625557e-15 1.544690693000618126e-14 4.347917768375160641 0 1 I I 0 1 4.347917768375160641 forward I I I I #
tcoedge-coedge $-1 -1 $-1 $3834 $3834 $3328 $3827 reversed $2779 $3835 -0 1 #
DXID-attrib $-1 -1 $-1 $-1 $2783 @10 Revit:Face @8 Face:202 #
cone-surface $-1 -1 $-1 -31.45120507843176583 -7.79287607322692466 90.54683155168058306 3.215343167861849829e-15 -1.14231936545005291e-29 -1 -6.217049974048504346 2.208739848458842071e-14 -1.998994915831254911e-14 1 I I 0 1 6.217049974048504346 forward I I I I #
coedge $-1 -1 $-1 $3836 $3423 $3425 $3837 forward $2784 $-1 #
coedge $-1 -1 $-1 $2838 $2786 $3410 $3838 forward $2181 $-1 #
coedge $-1 -1 $-1 $2786 $3839 $3840 $3841 forward $2181 $-1 #
coedge $-1 -1 $-1 $3347 $3344 $2786 $3343 forward $1556 $-1 #
edge $3842 -1 $-1 $3843 -0.2886130299424388146 $3844 -9.324707818374031863e-16 $3342 $3845 forward @14 tangent_not_g2 #
coedge $-1 -1 $-1 $3342 $2787 $3419 $3846 forward $1556 $-1 #
coedge $-1 -1 $-1 $2791 $3416 $2787 $3346 reversed $2902 $-1 #
edge $3847 -1 $-1 $3351 7.972558218764948634 $3848 8.770007377025601514 $2787 $3849 forward @7 unknown #
coedge $-1 -1 $-1 $2788 $3342 $3850 $3851 forward $1556 $-1 #
coedge $-1 -1 $-1 $3852 $2793 $2788 $3349 reversed $3357 $-1 #
edge $3853 -1 $-1 $3854 2.147303802057261457 $3352 2.917328639376952637 $2788 $3855 forward @7 unknown #
DXID-attrib $-1 -1 $-1 $-1 $2790 @10 Revit:Edge @8 Edge:180 #
vertex $-1 -1 $-1 $2792 $3856 #
vertex $-1 -1 $-1 $2790 $3857 #
straight-curve $-1 -1 $-1 -34.75786724411303652 -2.09689664841048673 94.23495414909370993 -3.556599124528899296e-14 1.263557835972370674e-28 12 F -0.1498361308545457515 F 0 #
DXID-attrib $-1 -1 $-1 $-1 $2792 @10 Revit:Edge @8 Edge:179 #
intcurve-curve $-1 -1 $-1 forward { surfintcur full nubs 3 open 19 
	0 3 1.612480740935692047 2 3.224961481871384095 2 3.653601491729959072 2 4.082241501588534049 2 
	4.270902948314116543 2 4.318068309995512166 2 4.36523367167690779 2 4.412399033358303413 2 4.459564395039698148 2 
	4.50672975672109466 2 4.553895118402492059 2 4.601060480083889459 2 4.648225841765286859 2 4.836887288490874681 2 
	5.265527298349445218 2 5.694167308208016642 2 7.306648049143204204 2 8.919128790078390878 3 
	-34.33845890365564912 -2.033707773179616485 94.93758917103262718 
	-34.44612573696281288 -2.054603201513522936 94.75661756354907084 
	-34.56498644887365401 -2.073774688412395761 94.55742799251535757 
	-34.80338886178461877 -2.103034252864055986 94.15878805767356141 
	-34.92292977896430983 -2.11312566635474397 93.95933746997008029 
	-35.06056752195713955 -2.1203987168587628 93.72965536140034715 
	-35.09236522301394245 -2.121812063672892545 93.67659281837696028 
	-35.15591446166456535 -2.123998921360475745 93.5704271983889555 
	-35.1876923081003099 -2.124772452929578836 93.5173398721653939 
	-35.22901592285819561 -2.125436222975217504 93.44766455271086159 
	-35.24276738604235248 -2.125604302039699522 93.4244678826365913 
	-35.25880805779097216 -2.125736935787918114 93.39645880867740857 
	-35.26194770078256369 -2.12575981691783511 93.39091365440137338 
	-35.26801828721661991 -2.125798672972672776 93.37995366168468081 
	-35.27095080649014847 -2.12581464987587232 93.37453969615577876 
	-35.27641331846672301 -2.125840216180150843 93.36379144123620222 
	-35.27896816282418513 -2.125849794861077058 93.35849804682291619 
	-35.28310883293476508 -2.125863100670567274 93.34765809940692805 
	-35.28473511633161053 -2.125866967982288358 93.34212704397711491 
	-35.28473511633160342 -2.125866967982288358 93.32974768395574472 
	-35.28310883293476508 -2.125863100670567274 93.32421662852593158 
	-35.27896816282418513 -2.125849794861077058 93.31337668110994343 
	-35.27641331846672301 -2.125840216180150843 93.30808328669665741 
	-35.27095080649014847 -2.12581464987587232 93.29733503177708087 
	-35.26801828721661991 -2.125798672972672776 93.29192106624819303 
	-35.26194770078256369 -2.12575981691783511 93.28096107353148625 
	-35.25880805779097216 -2.125736935787918114 93.27541591925546527 
	-35.24276738604235248 -2.125604302039699522 93.24740684529626833 
	-35.2290159228581885 -2.125436222975217504 93.22421017522201225 
	-35.1876923081003099 -2.124772452929578392 93.15453485576746573 
	-35.15591446166455114 -2.123998921360475745 93.10144752954391834 
	-35.09236522301393535 -2.121812063672892545 92.99528190955589935 
	-35.06056752195713955 -2.120398716858762356 92.94221936653252669 
	-34.92292977896434536 -2.113125666354745746 92.71253725796283618 
	-34.80338886178466851 -2.103034252864059539 92.51308667025944033 
	-34.56498644887378902 -2.073774688412414413 92.11444673541775785 
	-34.44612573696300473 -2.054603201513555799 91.91525716438410143 
	-34.33845890365586229 -2.033707773179660006 91.73428555690060193 
	8.595921131285121791e-05 
	
	cone -35.29720811044201412 2.906391533755554146 90.54683155168055464 -3.215343167861849829e-15 1.14231936545005291e-29 1 -5.032273959543029029 1.787822853154007784e-14 -1.618048769462577857e-14 1 I I 0 1 5.032273959543029029 forward I I I I 
	cone -27.8313534573735275 11.83791512547010605 93.33593736396645113 1 -3.552713678800500929e-15 1.74491262210625557e-15 4.960931965119790474e-14 13.96378209345241928 0 1 I I 0 1 13.96378209345241928 forward I I I I 
	nullbs 
	nullbs 
	I I 
	0 
	0 
	0 
	} F 4.554262536027523289 F 6.974162894958708669 #
coedge $-1 -1 $-1 $2793 $3852 $2795 $3360 reversed $3357 $-1 #
loop $-1 -1 $-1 $-1 $3852 $2901 #
DXID-attrib $-1 -1 $-1 $-1 $2794 @10 Revit:Edge @8 Edge:181 #
intcurve-curve $-1 -1 $-1 forward { surfintcur full nubs 3 open 19 
	0 3 1.612480740935692047 2 3.224961481871384095 2 3.653601491729959072 2 4.082241501588534049 2 
	4.270902948314116543 2 4.318068309995512166 2 4.36523367167690779 2 4.412399033358303413 2 4.459564395039698148 2 
	4.50672975672109466 2 4.553895118402492059 2 4.601060480083889459 2 4.648225841765286859 2 4.836887288490874681 2 
	5.265527298349445218 2 5.694167308208016642 2 7.306648049143204204 2 8.919128790078390878 3 
	-34.33845890365564912 -2.033707773179616485 94.93758917103262718 
	-34.44612573696281288 -2.054603201513522936 94.75661756354907084 
	-34.56498644887365401 -2.073774688412395761 94.55742799251535757 
	-34.80338886178461877 -2.103034252864055986 94.15878805767356141 
	-34.92292977896430983 -2.11312566635474397 93.95933746997008029 
	-35.06056752195713955 -2.1203987168587628 93.72965536140034715 
	-35.09236522301394245 -2.121812063672892545 93.67659281837696028 
	-35.15591446166456535 -2.123998921360475745 93.5704271983889555 
	-35.1876923081003099 -2.124772452929578836 93.5173398721653939 
	-35.22901592285819561 -2.125436222975217504 93.44766455271086159 
	-35.24276738604235248 -2.125604302039699522 93.4244678826365913 
	-35.25880805779097216 -2.125736935787918114 93.39645880867740857 
	-35.26194770078256369 -2.12575981691783511 93.39091365440137338 
	-35.26801828721661991 -2.125798672972672776 93.37995366168468081 
	-35.27095080649014847 -2.12581464987587232 93.37453969615577876 
	-35.27641331846672301 -2.125840216180150843 93.36379144123620222 
	-35.27896816282418513 -2.125849794861077058 93.35849804682291619 
	-35.28310883293476508 -2.125863100670567274 93.34765809940692805 
	-35.28473511633161053 -2.125866967982288358 93.34212704397711491 
	-35.28473511633160342 -2.125866967982288358 93.32974768395574472 
	-35.28310883293476508 -2.125863100670567274 93.32421662852593158 
	-35.27896816282418513 -2.125849794861077058 93.31337668110994343 
	-35.27641331846672301 -2.125840216180150843 93.30808328669665741 
	-35.27095080649014847 -2.12581464987587232 93.29733503177708087 
	-35.26801828721661991 -2.125798672972672776 93.29192106624819303 
	-35.26194770078256369 -2.12575981691783511 93.28096107353148625 
	-35.25880805779097216 -2.125736935787918114 93.27541591925546527 
	-35.24276738604235248 -2.125604302039699522 93.24740684529626833 
	-35.2290159228581885 -2.125436222975217504 93.22421017522201225 
	-35.1876923081003099 -2.124772452929578392 93.15453485576746573 
	-35.15591446166455114 -2.123998921360475745 93.10144752954391834 
	-35.09236522301393535 -2.121812063672892545 92.99528190955589935 
	-35.06056752195713955 -2.120398716858762356 92.94221936653252669 
	-34.92292977896434536 -2.113125666354745746 92.71253725796283618 
	-34.80338886178466851 -2.103034252864059539 92.51308667025944033 
	-34.56498644887378902 -2.073774688412414413 92.11444673541775785 
	-34.44612573696300473 -2.054603201513555799 91.91525716438410143 
	-34.33845890365586229 -2.033707773179660006 91.73428555690060193 
	8.595921131285121791e-05 
	
	cone -35.29720811044201412 2.906391533755554146 90.54683155168055464 -3.215343167861849829e-15 1.14231936545005291e-29 1 -5.032273959543029029 1.787822853154007784e-14 -1.618048769462577857e-14 1 I I 0 1 5.032273959543029029 forward I I I I 
	cone -27.8313534573735275 11.83791512547010605 93.33593736396645113 1 -3.552713678800500929e-15 1.74491262210625557e-15 4.960931965119790474e-14 13.96378209345241928 0 1 I I 0 1 13.96378209345241928 forward I I I I 
	nullbs 
	nullbs 
	I I 
	0 
	0 
	0 
	} F 1.944965895120668975 F 4.364866254051835703 #
edge $3858 -1 $-1 $2798 3.14398124733676454 $3439 3.225377208838728471 $2795 $3859 forward @7 unknown #
point $-1 -1 $-1 -35.27361812912302241 -2.125827133659087931 93.30258359308996319 #
point $-1 -1 $-1 -35.27361812912302241 -2.125827133659087931 93.36929113484291065 #
edge $3860 -1 $-1 $2823 -2.331176954593504613e-15 $2802 0.05701075781813688681 $2800 $3861 forward @7 unknown #
point $-1 -1 $-1 -35.2736181291230082 2.076883792877262547 92.16735642304223575 #
coedge $-1 -1 $-1 $3379 $2804 $2868 $3433 forward $3367 $-1 #
coedge $-1 -1 $-1 $2804 $2815 $2806 $3370 reversed $3367 $-1 #
loop $-1 -1 $-1 $-1 $3366 $3862 #
DXID-attrib $-1 -1 $-1 $-1 $2805 @10 Revit:Edge @8 Edge:176 #
straight-curve $-1 -1 $-1 -35.27361812912301531 1.895123004913441767 95.00907400710028128 1.336906662607065916e-13 4.067025112785147556 -11.28978771864090191 F 2.103052176810827081e-16 F 0.04469133652321215233 #
edge $3863 -1 $-1 $2808 -0.05701075781814807231 $2818 3.263647736430907011e-15 $2806 $3864 forward @7 unknown #
point $-1 -1 $-1 -35.2736181291230082 2.076883792877256774 94.50451830489086547 #
DXID-attrib $-1 -1 $-1 $-1 $2812 @10 Revit:Face @8 Face:230 #
cone-surface $-1 -1 $-1 -28.12317800264676038 -11.8379151254661501 93.33593736396643692 1 -3.552713678800500929e-15 1.74491262210625557e-15 -4.960931965119790474e-14 -13.96378209345241928 0 1 I I 0 1 13.96378209345241928 forward I I I I #
DXID-attrib $-1 -1 $-1 $-1 $2813 @10 Revit:Face @8 Face:230 #
face $3865 -1 $-1 $3862 $2857 $72 $-1 $3866 forward single #
cone-surface $-1 -1 $-1 -28.12317800264676038 -11.8379151254661501 93.33593736396643692 1 -3.552713678800500929e-15 1.74491262210625557e-15 -4.960931965119790474e-14 -13.96378209345241928 0 1 I I 0 1 13.96378209345241928 forward I I I I #
coedge $-1 -1 $-1 $3867 $3401 $2814 $3378 forward $3402 $-1 #
edge $3868 -1 $-1 $3386 -0.2886169936540211034 $3381 5.915361522280953111e-15 $3377 $3869 forward @14 tangent_not_g2 #
coedge $-1 -1 $-1 $2815 $3365 $3867 $3870 reversed $3367 $-1 #
DXID-attrib $-1 -1 $-1 $-1 $2816 @10 Revit:Edge @8 Edge:227 #
vertex $-1 -1 $-1 $3378 $3871 #
ellipse-curve $-1 -1 $-1 -35.59340947434269253 -5.653833946130039756 115.9644699318811973 -2.750530965151241173e-15 -0.9408156432200751595 -0.3389187593987625369 -9.727613423326847169e-14 -7.795630379136717636 21.64014474284142864 0.3389187593987624814 F -3.012454125307181041 F -2.932042241584694064 #
point $-1 -1 $-1 -34.58948903530519203 2.076883792877261214 94.5045183048909081 #
coedge $-1 -1 $-1 $2831 $2820 $3401 $3872 reversed $2857 $-1 #
DXID-attrib $-1 -1 $-1 $-1 $2821 @10 Revit:Edge @8 Edge:228 #
vertex $-1 -1 $-1 $3378 $3873 #
intcurve-curve $-1 -1 $-1 forward { surfintcur full nubs 3 open 15 
	0 3 1.473210420047138758 2 2.946420840094277516 2 3.683026050117847117 2 4.419631260141416718 2 
	5.156236470164985874 2 5.524539075176770453 2 5.892841680188555031 2 6.261144285200341386 2 6.629446890212127741 2 
	7.366052100235699562 2 8.102657310259271384 2 8.839262520282844093 2 10.31247294032998951 2 11.78568336037713493 3 
	-33.18660773936528585 1.760959268561075319 90.66342560446376808 
	-33.33283551656951005 1.808424013387634366 90.78065547140649016 
	-33.48410678458268563 1.852587947533737012 90.90470784350532085 
	-33.78194791843055356 1.929973441510606014 91.15962314080478279 
	-33.92862885140902307 1.963212942870823596 91.29035081905902871 
	-34.13161016198946385 2.003826073723535828 91.48858376131727255 
	-34.19588934274302261 2.015748473346183012 91.55453719188228945 
	-34.31580524727786496 2.036633168759107271 91.68761663018874231 
	-34.37149709297661815 2.045600938487207365 91.75469209877967103 
	-34.47064639213758142 2.060682933904433245 91.8930057756108738 
	-34.51398713374234006 2.066776230402585401 91.96357149819601773 
	-34.56375919218414339 2.073517065946481885 92.07824558877118193 
	-34.57772311486120742 2.075353422288376937 92.11792761053642664 
	-34.59786590603270895 2.077973679630723325 92.20222190481051427 
	-34.60406462324687027 2.078762627707858801 92.24682927610835748 
	-34.60406462324687027 2.078762627707858801 92.34349662650515711 
	-34.59786590603271605 2.077973679630722881 92.38810399780300031 
	-34.57772311486120742 2.075353422288376937 92.47239829207708794 
	-34.56375919218413628 2.073517065946481441 92.51208031384233266 
	-34.51398713374233296 2.066776230402584513 92.62675440441749686 
	-34.47064639213758142 2.060682933904433245 92.69732012700264079 
	-34.37149709297661815 2.045600938487207365 92.83563380383384356 
	-34.31580524727786496 2.036633168759107271 92.90270927242475807 
	-34.19588934274302972 2.0157484733461839 93.03578871073122514 
	-34.13161016198947095 2.003826073723535828 93.10174214129624204 
	-33.92862885140903018 1.963212942870823596 93.29997508355448588 
	-33.78194791843055356 1.929973441510603793 93.430702761808746 
	-33.48410678458268563 1.852587947533733681 93.68561805910820794 
	-33.33283551656951005 1.808424013387633034 93.80967043120703863 
	-33.18660773936528585 1.760959268561073543 93.9269002981497465 
	0.0001384365977399983408 
	
	cone -28.1231780026467213 -2.269155140667325821 92.2951629513067644 1 -3.552713678800500929e-15 1.74491262210625557e-15 -1.544690693000618126e-14 -4.347917768375160641 0 1 I I 0 1 4.347917768375160641 forward I I I I 
	cone -35.59340947434260727 -5.653833946130039756 90.54683155168058306 -3.215343167861849829e-15 1.14231936545005291e-29 1 -7.795630379136717636 2.769564268283175194e-14 -2.506562687873352403e-14 1 I I -0 -1 7.795630379136717636 forward I I I I 
	nullbs 
	nullbs 
	I I 
	0 
	0 
	0 
	} F 2.617745025148949356 F 5.54567724358107661 #
point $-1 -1 $-1 -34.58948903530534125 2.076883792877281198 92.16735642304219311 #
coedge $-1 -1 $-1 $2833 $3874 $2827 $3390 forward $3402 $-1 #
edge $3875 -1 $-1 $3876 8.513436366952918277 $2836 9.304450258431613108 $3389 $3877 forward @7 unknown #
coedge $-1 -1 $-1 $3878 $2838 $2828 $3392 forward $2181 $-1 #
edge $3879 -1 $-1 $2841 14.3468601608826738 $3880 15.13782110958746863 $3391 $3881 forward @7 unknown #
coedge $-1 -1 $-1 $3882 $3883 $2829 $3394 reversed $3884 $-1 #
edge $3885 -1 $-1 $3876 -0.2974758535080047617 $3880 -8.741913579725642299e-16 $2829 $3886 forward @7 unknown #
DXID-attrib $-1 -1 $-1 $-1 $2830 @10 Revit:Face @8 Face:256 #
face $3887 -1 $-1 $-1 $3884 $72 $-1 $3888 reversed single #
cone-surface $-1 -1 $-1 -32.13522273231166082 -2.974965728756743921 89.84811616821680502 3.552713678800500929e-15 1 -1.382799582304305996e-14 -1.531244406422672899 5.440072948284583628e-15 0 1 I I 0 1 1.531244406422672899 forward I I I I #
DXID-attrib $-1 -1 $-1 $-1 $2832 @10 Revit:Edge @8 Edge:234 #
vertex $-1 -1 $-1 $2834 $3889 #
straight-curve $-1 -1 $-1 -33.61988008326041921 1.893377780914349939 91.039094244069247 -12 4.263256414560601115e-14 -1.93346359716401977e-14 F -2.844035884604074492e-14 F 0.1378115038218813704 #
coedge $-1 -1 $-1 $3377 $2833 $3384 $3872 forward $3402 $-1 #
loop $-1 -1 $-1 $-1 $3377 $2893 #
DXID-attrib $-1 -1 $-1 $-1 $2834 @10 Revit:Edge @8 Edge:223 #
ellipse-curve $-1 -1 $-1 -21.88723695316405937 55.73435130195233711 291.9763429535557862 3.878236246151200861e-15 0.9659258262890689783 -0.2588190451025183525 -4.654737502158769527e-13 55.10449477593753187 205.6527742292147138 0.2588190451025183525 F -2.932419950207756365 F -2.92703395804335198 #
point $-1 -1 $-1 -33.32972424859239879 1.830967094601559486 90.80617439181467887 #
DXID-attrib $-1 -1 $-1 $-1 $2839 @10 Revit:Edge @8 Edge:190 #
vertex $-1 -1 $-1 $3838 $3890 #
ellipse-curve $-1 -1 $-1 -21.88162144713867363 -55.76032794043628371 292.0732890882011361 -2.982468853537912118e-15 -0.9659258262890685343 -0.2588190451025197403 8.574279553834159688e-13 55.13106410285956116 -205.7519323072093869 0.2588190451025197403 F -0.2145572869674595429 F -0.2091742788233636463 #
point $-1 -1 $-1 -33.32971084463568445 -1.830971572494053623 90.80619110355186763 #
coedge $-1 -1 $-1 $3419 $2843 $3340 $3838 reversed $2851 $-1 #
DXID-attrib $-1 -1 $-1 $-1 $2844 @10 Revit:Edge @8 Edge:246 #
straight-curve $-1 -1 $-1 -33.6198457432042872 -1.893377780910370456 91.03909424406928963 12 -4.263256414560601115e-14 1.933423449409104625e-14 F -0.1378143654932250106 F 4.662353909187013959e-16 #
DXID-attrib $-1 -1 $-1 $-1 $2846 @10 Revit:Face @8 Face:254 #
loop $-1 -1 $-1 $-1 $3891 $2846 #
cone-surface $-1 -1 $-1 -31.63890691119281229 -2.97496572875676879 88.24812429971636618 3.552713678800500929e-15 1 -1.382799582304305996e-14 -3.177275588398807304 1.128795044422335289e-14 0 1 I I 0 1 3.177275588398807304 forward I I I I #
coedge $-1 -1 $-1 $3345 $2848 $2850 $3420 forward $2902 $-1 #
DXID-attrib $-1 -1 $-1 $-1 $2849 @10 Revit:Edge @8 Edge:168 #
ellipse-curve $-1 -1 $-1 -35.27361812912294425 11.83791512547013092 93.33593736396643692 -1 3.552713678800500929e-15 -1.74491262210625557e-15 4.960931965119790474e-14 13.96378209345241928 0 1 F 3.057808098340884406 F 3.139204059842822581 #
coedge $-1 -1 $-1 $2850 $3410 $3344 $3846 reversed $2851 $-1 #
edge $3892 -1 $-1 $2853 -0.05701539178056174578 $3848 0 $3416 $3893 forward @7 unknown #
face $3894 -1 $-1 $3895 $2851 $72 $-1 $3896 forward single #
point $-1 -1 $-1 -35.27361812912298689 -2.076883792873324364 92.16735642304236364 #
coedge $-1 -1 $-1 $3339 $3897 $2861 $3424 forward $2784 $-1 #
edge $3898 -1 $-1 $3431 -34.09015893678888887 $3427 -33.38437612409706645 $3423 $3899 forward @7 unknown #
coedge $-1 -1 $-1 $2862 $3441 $3339 $3837 reversed $2875 $-1 #
DXID-attrib $-1 -1 $-1 $-1 $2863 @10 Revit:Edge @8 Edge:250 #
vertex $-1 -1 $-1 $3837 $3900 #
straight-curve $-1 -1 $-1 -32.65204487213464546 -1.691910051503772827 95.14042966068841167 -12 4.263256414560601115e-14 -2.05818543704430982e-14 F 4.662353909187009029e-16 F 0.2184644380823633214 #
coedge $-1 -1 $-1 $2882 $2864 $3897 $3901 reversed $2883 $-1 #
DXID-attrib $-1 -1 $-1 $-1 $2865 @10 Revit:Edge @8 Edge:203 #
vertex $-1 -1 $-1 $3901 $3902 #
intcurve-curve $-1 -1 $-1 reversed { surfintcur full nubs 3 open 3 
	30.82381310126832119 3 32.81974868471232298 2 34.81568426815631767 3 
	-33.08993580467272011 -1.7956873996324072 95.12782774194836577 
	-32.8167130154402571 -1.721029314566958845 95.13712522469843691 
	-32.53810417052703485 -1.665250453257978602 95.14360243950332574 
	-31.98631690518943316 -1.592650213786007241 95.15192074685317891 
	-31.7131388820333342 -1.575826099178419648 95.15376430836437294 
	-31.45120507843176227 -1.575826099178420314 95.15376430836437294 
	8.998802160847278937e-05 
	
	cone -31.45120507843176583 -7.79287607322692466 90.54683155168058306 3.215343167861849829e-15 -1.14231936545005291e-29 -1 -6.217049974048504346 2.208739848458842071e-14 -1.998994915831254911e-14 1 I I 0 1 6.217049974048504346 forward I I I I 
	cone -27.83135345737354882 0.3182195443966545079 78.15331869422722377 1 -3.552713678800500929e-15 1.74491262210625557e-15 6.077140384558017712e-14 17.10562948210855083 0 1 I I 0 1 17.10562948210855083 forward I I I I 
	nullbs 
	nullbs 
	I I 
	0 
	0 
	0 
	} F -33.57792846413436649 F -32.55836724158014306 #
edge $3903 -1 $-1 $2870 -0.1371443410781796046 $3904 2.844035884604076385e-14 $3365 $3905 forward @7 unknown #
point $-1 -1 $-1 -35.27361812912301531 1.895123004913428666 95.00907400710028128 #
coedge $-1 -1 $-1 $3850 $2872 $3852 $3906 reversed $3437 $-1 #
coedge $-1 -1 $-1 $2872 $3840 $2874 $3442 forward $3437 $-1 #
loop $-1 -1 $-1 $-1 $3435 $3895 #
DXID-attrib $-1 -1 $-1 $-1 $2873 @10 Revit:Edge @8 Edge:171 #
vertex $-1 -1 $-1 $3360 $3907 #
straight-curve $-1 -1 $-1 -35.2736181291230011 -2.076883792873263523 94.50451830489089389 1.444897575021696271e-14 4.067025112785152885 11.28978771864090014 F -2.696883491881711644e-15 F 0.0446913365232102025 #
coedge $-1 -1 $-1 $3425 $2874 $3839 $3908 reversed $2875 $-1 #
edge $3909 -1 $-1 $3910 4.662353909187030723e-16 $2877 0.1371471981203760127 $3436 $3911 forward @7 unknown #
face $3912 -1 $-1 $2239 $2875 $72 $-1 $3913 forward single #
point $-1 -1 $-1 -35.2736181291230011 -1.895123004909446296 95.00907400710029549 #
coedge $-1 -1 $-1 $3914 $2880 $2882 $3449 reversed $3414 $-1 #
coedge $-1 -1 $-1 $2880 $3891 $2888 $3452 reversed $3414 $-1 #
DXID-attrib $-1 -1 $-1 $-1 $2881 @10 Revit:Edge @8 Edge:209 #
straight-curve $-1 -1 $-1 -31.94945278488473761 -1.595823580079002602 91.4101871430146673 6.267027942714035526e-14 12 -1.65311151072658361e-13 F -8.028532202456385798e-31 F 0.2659520031763166203 #
edge $3915 -1 $-1 $3916 4.595073994900555903 $2885 5.651820672880845109 $2882 $3917 forward @7 unknown #
point $-1 -1 $-1 -31.94945278488473761 -1.595823580079002602 91.4101871430146673 #
coedge $-1 -1 $-1 $2895 $2888 $3918 $3919 forward $2260 $-1 #
edge $3920 -1 $-1 $2890 8.984363695655250837 $3921 10.27084528917449546 $2888 $3922 forward @7 unknown #
point $-1 -1 $-1 -31.94945278488467011 1.595600458036796621 91.41018714301462467 #
DXID-attrib $-1 -1 $-1 $-1 $2893 @10 Revit:Face @8 Face:217 #
cone-surface $-1 -1 $-1 -21.88723695316341278 55.73435130195233711 90.54683155168059727 3.215343167861849829e-15 -1.14231936545005291e-29 -1 -55.10449477593753187 1.95770492353864014e-13 -1.771798607962897366e-13 1 I I 0 1 55.10449477593753187 forward I I I I #
coedge $-1 -1 $-1 $3874 $3461 $2895 $3457 reversed $3402 $-1 #
edge $3923 -1 $-1 $3924 -0.3259102035640791817 $3459 -3.811788107760392525e-30 $2895 $3925 forward @14 tangent_not_g2 #
DXID-attrib $-1 -1 $-1 $-1 $2896 @10 Revit:Edge @8 Edge:212 #
vertex $-1 -1 $-1 $2896 $3926 #
intcurve-curve $-1 -1 $-1 reversed { surfintcur full nubs 3 open 19 
	5.990381974494964012 3 6.840053501126885038 2 7.689725027758806952 2 8.539396554390728866 2 9.032502271606286826 2 
	9.525607988821844785 2 9.891214362261997906 2 10.05029441964682313 2 10.16585765768644656 2 10.28142089572606999 2 
	10.39698413376569519 2 10.51254737180531862 2 10.6716274291901545 2 11.03723380263029519 2 11.53033951984586025 2 
	12.02344523706142354 2 12.87311676369334634 2 13.72278829032526737 2 14.57245981695718839 3 
	-31.82702233174012463 1.587366265661882991 95.12517400349710783 
	-31.94630088379241428 1.594182785979138206 95.12772421515209942 
	-32.06798811732323884 1.604710077333967311 95.13139216148925925 
	-32.31039144765878746 1.633141546924989473 95.1379280007828072 
	-32.43112748401167522 1.651047632487164796 95.14074992640520634 
	-32.66607057019590599 1.692924140343446071 95.14123678629431424 
	-32.78027832545767239 1.716890616074050691 95.13890075116471223 
	-32.95135605081331676 1.75755698233201918 95.12744383451723706 
	-33.02004445011317557 1.775015930905948114 95.12103150057346568 
	-33.1555281237313153 1.812093722276675534 95.10101325940300399 
	-33.22231657453642129 1.831706807039715779 95.08735054682787791 
	-33.32567681420944439 1.863710967769306892 95.05585684372573496 
	-33.37706300547404226 1.880333800678678724 95.03590404174772743 
	-33.43363947904561684 1.89930403538430892 95.00154638418320019 
	-33.45314269080535041 1.905953128474163982 94.98729802038774039 
	-33.47794244982964074 1.914513289255483031 94.96258461997985023 
	-33.48818772892624196 1.918086095718237738 94.94995510316542209 
	-33.50274193580290927 1.923189049242511439 94.92189784430686927 
	-33.50692640980801684 1.924669033016548791 94.90639662908165519 
	-33.50692640980801684 1.924669033016548791 94.87606507054107396 
	-33.50274193580289506 1.923189049242510995 94.86056385531587409 
	-33.48818772892622775 1.918086095718237294 94.83250659645730707 
	-33.47794244982963363 1.914513289255483031 94.81987707964287893 
	-33.45314269080535041 1.90595312847416376 94.79516367923500297 
	-33.43363947904560973 1.899304035384309142 94.78091531543954318 
	-33.37706300547403515 1.880333800678679168 94.74655765787501593 
	-33.32567681420944439 1.863710967769306226 94.7266048558969942 
	-33.22231657453642129 1.831706807039715779 94.69511115279486546 
	-33.15552812373130109 1.812093722276675534 94.68144844021973938 
	-33.02004445011316136 1.775015930905948114 94.66143019904927769 
	-32.95135605081331676 1.75755698233201918 94.65501786510549209 
	-32.78027832545765818 1.716890616074050691 94.64356094845801692 
	-32.66607057019589178 1.692924140343445405 94.64122491332842912 
	-32.43112748401166812 1.651047632487164352 94.64171177321753703 
	-32.31039144765878035 1.633141546924987697 94.64453369883993616 
	-32.06798811732322463 1.604710077333965756 94.65106953813348412 
	-31.94630088379239652 1.594182785979136874 94.65473748447064395 
	-31.82702233174011397 1.587366265661882769 94.65728769612563553 
	0.0001967484693838693994 
	
	cone -31.47936812070915025 7.670776660270189673 90.54683155168056885 3.215343167861849829e-15 -1.14231936545005291e-29 -1 -6.093336153510319875 2.164787870210574239e-14 -1.959216677067500737e-14 1 I I 0 1 6.093336153510319875 forward I I I I 
	cone -28.12317800264671774 1.674889647358000166 94.89123084981137879 1 -3.552713678800500929e-15 1.74491262210625557e-15 -8.873946401114446105e-16 -0.2497793856585298344 0 1 I I 0 1 0.2497793856585298344 forward I I I I 
	nullbs 
	nullbs 
	I I 
	0 
	0 
	0 
	} F -8.126673128613742136 F -7.948409901240160558 #
coedge $-1 -1 $-1 $3456 $3867 $2898 $3462 forward $3402 $-1 #
edge $3927 -1 $-1 $3904 -3.45719958312911535 $3459 -1.230816251897166591 $3461 $3928 forward @7 unknown #
DXID-attrib $-1 -1 $-1 $-1 $2899 @10 Revit:Face @8 Face:237 #
cone-surface $-1 -1 $-1 -28.12317800264671774 1.674889647358000166 94.89123084981137879 1 -3.552713678800500929e-15 1.74491262210625557e-15 -8.873946401114446105e-16 -0.2497793856585298344 0 1 I I 0 1 0.2497793856585298344 forward I I I I #
DXID-attrib $-1 -1 $-1 $-1 $2901 @10 Revit:Face @8 Face:242 #
cone-surface $-1 -1 $-1 -27.8313534573735275 11.83791512547010605 93.33593736396645113 1 -3.552713678800500929e-15 1.74491262210625557e-15 4.960931965119790474e-14 13.96378209345241928 0 1 I I 0 1 13.96378209345241928 forward I I I I #
DXID-attrib $-1 -1 $-1 $-1 $2905 @10 Revit:Face @7 Face:91 #
face $3929 -1 $-1 $3930 $3931 $73 $-1 $3932 forward single #
loop $-1 -1 $-1 $-1 $3933 $2905 #
cone-surface $-1 -1 $-1 -3.870688148341534962 -2.202231645587733766 93.33240674991800745 3.552713678800500929e-15 1 -1.382799582304305996e-14 -2.513988095846825477 8.931479896456641671e-15 0 1 I I 0 1 2.513988095846825477 forward I I I I #
coedge $-1 -1 $-1 $3934 $3935 $3936 $3937 forward $2906 $-1 #
coedge $-1 -1 $-1 $3938 $2908 $3935 $3939 forward $2275 $-1 #
coedge $-1 -1 $-1 $2908 $3938 $2909 $3477 reversed $2275 $-1 #
coedge $-1 -1 $-1 $2911 $3936 $2908 $3475 reversed $3479 $-1 #
edge $3940 -1 $-1 $3482 4.121549676287068522e-15 $3941 0.005930763448813750408 $2908 $3942 forward @7 unknown #
coedge $-1 -1 $-1 $2910 $2909 $3943 $3944 forward $1623 $-1 #
edge $3945 -1 $-1 $3482 -0.2607343851232032939 $3946 -8.741913579721851083e-17 $2909 $3947 forward @7 unknown #
edge $3948 -1 $-1 $3481 -0.2650355510699400341 $3949 2.416888089000615089e-30 $2913 $3950 forward @7 unknown #
loop $-1 -1 $-1 $-1 $3485 $2956 #
DXID-attrib $-1 -1 $-1 $-1 $2912 @10 Revit:Edge @7 Edge:80 #
vertex $-1 -1 $-1 $2915 $3951 #
vertex $-1 -1 $-1 $2912 $3952 #
intcurve-curve $-1 -1 $-1 forward { surfintcur full nubs 3 open 5 
	9.176326858986085355 3 11.01168686262483121 2 12.84704686626357883 2 14.68240686990232469 2 16.51718491469477357 3 
	-3.701036876804141951 -1.599605471537978829 90.80001038191892349 
	-3.910420361433764924 -1.590839674088961875 90.9407961969297105 
	-4.136872589280356394 -1.582408794042438949 91.06264702241750797 
	-4.60926689826070568 -1.567595631650241295 91.25835290320286219 
	-4.855585882884023263 -1.561211400354911349 91.3323635087964476 
	-5.350948854675070088 -1.551327580772883241 91.42945062614793983 
	-5.599997055681793512 -1.547831629104784446 91.45250600682732056 
	-6.081625313951653844 -1.543766549373434493 91.45250600682730635 
	-6.330621022698214695 -1.543058010846627193 91.42946493191907109 
	-6.578271175771764234 -1.543817369907716897 91.38093846083316407 
	0.0001075386080100689272 
	
	cone -5.840849369732622698 -2.202231645587815034 87.617577576372355 -3.552713678800500929e-15 -1 1.382799582304305996e-14 -3.834928430454969117 1.362440269209830432e-14 0 1 I I 0 1 3.834928430454969117 forward I I I I 
	cone -6.381758951119931744 -65.63244817653273344 90.6476877079669805 -3.200379088609883824e-15 1.13700305654514147e-29 1 -64.08893208442721345 2.276896256760608617e-13 -2.051088780543398532e-13 1 I I 0 1 64.08893208442721345 forward I I I I 
	nullbs 
	nullbs 
	I I 
	0 
	0 
	0 
	} F 9.843229547978843641 F 11.95865525270586538 #
coedge $-1 -1 $-1 $2916 $2913 $3953 $3954 forward $1049 $-1 #
coedge $-1 -1 $-1 $3955 $2914 $2920 $3496 reversed $3479 $-1 #
DXID-attrib $-1 -1 $-1 $-1 $2915 @10 Revit:Edge @7 Edge:75 #
intcurve-curve $-1 -1 $-1 reversed { surfintcur full nubs 3 open 16 
	-7.791899569023584604 3 -6.49240579853277211 2 -5.192912028041959616 2 -3.894684021031466159 2 -2.596456014020979808 2 
	-1.298228007010493457 2 0 3 1.298228007010489238 2 2.596456014020978476 2 3.894684021031467935 2 
	5.192912028041956951 2 6.492405798532768557 2 7.791899569023581051 2 9.091393339514393546 2 10.39088711000520604 2 
	11.6928484532651229 3 
	-3.73740085555703816 -1.598093444211481806 95.86895456889209299 
	-3.904594753851714728 -1.591189017043715292 95.79971944280580942 
	-4.064936266276304444 -1.585234656240710249 95.71347448047156092 
	-4.361490771014545409 -1.575194539279998196 95.51410714855737183 
	-4.497695190098234264 -1.571102077913423045 95.40097236462733576 
	-4.738687596653464063 -1.564468276846016304 95.15993882083667188 
	-4.851722670028692619 -1.561704980554915245 95.02383687650218747 
	-5.050961601453127336 -1.557257009275998305 94.72746253016498486 
	-5.137177764997685081 -1.555564452841023515 94.56719851910843033 
	-5.275636882390132953 -1.553024770622277728 94.23290404256242425 
	-5.327990194166300597 -1.552170662228560039 94.05860725222342467 
	-5.396659916387928746 -1.551078225546742351 93.70812315163105666 
	-5.412961672464475349 -1.550838899336888232 93.5319329734436451 
	-5.412961672464474461 -1.550838899336888232 93.36156184391471413 
	-5.412961672464473573 -1.550838899336888232 93.19119071438576896 
	-5.39665991638792697 -1.551078225546742129 93.01500053619837161 
	-5.327990194166297044 -1.552170662228559594 92.6645164356060036 
	-5.275636882390127624 -1.55302477062227795 92.49021964526700401 
	-5.137177764997676199 -1.555564452841023515 92.15592516872099793 
	-5.050961601453118455 -1.557257009275998305 91.99566115766444341 
	-4.851722670028682849 -1.561704980554915245 91.6992868113272408 
	-4.738687596653453404 -1.564468276846016304 91.56318486699274217 
	-4.497695190098223605 -1.571102077913423267 91.3221513232020925 
	-4.361490771014532086 -1.575194539279998196 91.20901653927205643 
	-4.064936266276289345 -1.585234656240710249 91.00964920735786734 
	-3.90459475398610012 -1.591189017040496756 90.92340424469874449 
	-3.570206957127945113 -1.604997871382439767 90.78493399317594026 
	-3.395893641662263818 -1.612868364139798505 90.73259778686917798 
	-3.045462995869459899 -1.630173839595679075 90.66396758188081151 
	-2.869342998112668131 -1.639610820734187735 90.64768770796702313 
	-2.528508781535126371 -1.659228214132023149 90.64768770796702313 
	-2.352147019375130377 -1.670081625264017822 90.66402838861576186 
	-2.176766142346543642 -1.681613536158515609 90.69842587536976453 
	8.644044169102904022e-05 
	
	cone -2.699087536516783015 -2.202231645587737319 93.36156184391472834 3.552713678800500929e-15 1 -1.382799582304305996e-14 -2.713874135947693222 9.641617765324259972e-15 0 1 I I 0 1 2.713874135947693222 forward I I I I 
	cone -6.381758951119931744 -65.63244817653273344 90.6476877079669805 -3.200379088609883824e-15 1.13700305654514147e-29 1 -64.08893208442721345 2.276896256760608617e-13 -2.051088780543398532e-13 1 I I 0 1 64.08893208442721345 forward I I I I 
	nullbs 
	nullbs 
	I I 
	0 
	0 
	0 
	} F -7.45909619430760884 F -7.268771474188480575 #
coedge $-1 -1 $-1 $3956 $3957 $2916 $3489 reversed $3514 $-1 #
edge $3958 -1 $-1 $3959 -10.80550206157225013 $3492 -7.845392557700180625 $2916 $3960 forward @7 unknown #
coedge $-1 -1 $-1 $2931 $2917 $3957 $3961 forward $628 $-1 #
DXID-attrib $-1 -1 $-1 $-1 $2918 @10 Revit:Edge @7 Edge:69 #
vertex $-1 -1 $-1 $2918 $3962 #
straight-curve $-1 -1 $-1 -2.699087536516725283 1.686243957546385008 90.6476877079669805 5.092840416784801175e-14 12 -1.659168004448400876e-13 F -0.2810406595910626693 F -2.014486570713023782e-32 #
coedge $-1 -1 $-1 $2949 $2919 $2927 $3501 forward $2921 $-1 #
coedge $-1 -1 $-1 $2920 $2949 $3963 $3964 reversed $2921 $-1 #
edge $3965 -1 $-1 $3966 -0.4040430002961358236 $2924 4.079559670538657922e-16 $2920 $3967 forward @14 tangent_not_g2 #
point $-1 -1 $-1 -2.699087536516739938 -1.686243957546366357 90.64768770796702313 #
point $-1 -1 $-1 -3.864432334895523624 -1.592973768714780247 90.91062644561115746 #
DXID-attrib $-1 -1 $-1 $-1 $2926 @10 Revit:Edge @7 Edge:68 #
ellipse-curve $-1 -1 $-1 -4.258576968770183768 -13.84424426388344287 90.64768770796702313 -3.200379088609883824e-15 1.13700305654514147e-29 1 -12.25760901392284552 4.354777521315201312e-14 -3.922899556451469973e-14 1 F 4.505993381042106449 F 4.584816997155086504 #
edge $3968 -1 $-1 $2929 2.272897530728662107e-15 $2952 0.4475766420366493747 $3494 $3969 forward @7 unknown #
point $-1 -1 $-1 -1.74658423661865525 -1.846791565421976866 90.64768770796702313 #
coedge $-1 -1 $-1 $2943 $2938 $2931 $3504 reversed $2944 $-1 #
edge $3970 -1 $-1 $3971 1.277672840935304865 $3506 1.462391274070946157 $2931 $3972 forward @7 unknown #
DXID-attrib $-1 -1 $-1 $-1 $2933 @10 Revit:Edge @7 Edge:72 #
vertex $-1 -1 $-1 $3504 $3973 #
ellipse-curve $-1 -1 $-1 -1.033079221127221387e-12 -1.655081670673472609e-12 90.64768770796700892 -0 0 -1 -2.202231645589369347 7.823898491172689328e-15 0 1 F 1.570796326794585251 F 2.708880239710676374 #
DXID-attrib $-1 -1 $-1 $-1 $2939 @10 Revit:Edge @8 Edge:131 #
straight-curve $-1 -1 $-1 -1.739809901408042326e-12 2.202231645587714226 90.64768770796699471 0 0 12 F -5.827942386483761286e-17 F 0.4475766420366449339 #
coedge $-1 -1 $-1 $3974 $3963 $2940 $3511 forward $3975 $-1 #
edge $3976 -1 $-1 $3522 -0.2809944934095442437 $3516 2.068919547201735423e-15 $3510 $3977 forward @14 tangent_not_g2 #
coedge $-1 -1 $-1 $3957 $2941 $2943 $3518 forward $3514 $-1 #
coedge $-1 -1 $-1 $2941 $3956 $3974 $3978 reversed $3514 $-1 #
loop $-1 -1 $-1 $-1 $3956 $3526 #
DXID-attrib $-1 -1 $-1 $-1 $2942 @10 Revit:Edge @8 Edge:125 #
vertex $-1 -1 $-1 $3511 $3979 #
ellipse-curve $-1 -1 $-1 -4.258576968770103832 13.84424426388347129 96.01860741240672326 3.200379088609883824e-15 -1.13700305654514147e-29 -1 -12.25760901392284552 4.354777521315201312e-14 -3.922899556451469973e-14 1 F 4.505993381042119772 F 4.584994740676274994 #
edge $3980 -1 $-1 $2946 -0.4475766420366451559 $3971 4.662353909187055375e-16 $3512 $3981 forward @7 unknown #
face $3982 -1 $-1 $-1 $2944 $73 $-1 $3983 forward single #
point $-1 -1 $-1 -1.746584236618833108 1.846791565421997516 96.01860741240673747 #
DXID-attrib $-1 -1 $-1 $-1 $2950 @10 Revit:Edge @8 Edge:126 #
vertex $-1 -1 $-1 $3964 $3984 #
ellipse-curve $-1 -1 $-1 -4.258576968770201532 -13.84424426388344287 96.0186074124067801 3.200379088609883824e-15 -1.13700305654514147e-29 -1 -12.25760901392284552 4.354777521315201312e-14 -3.922899556451469973e-14 1 F 1.698190566503310794 F 1.777191926137480005 #
point $-1 -1 $-1 -1.746584236618661912 -1.846791565421930015 96.0186074124067801 #
DXID-attrib $-1 -1 $-1 $-1 $2954 @10 Revit:Face @8 Face:138 #
face $3985 -1 $-1 $3986 $3514 $73 $-1 $3987 reversed single #
cone-surface $-1 -1 $-1 1.04545977702091375 7.403974379535428696 90.64768770796699471 3.200379088609883824e-15 -1.13700305654514147e-29 -1 -9.662928145364865884 3.432961699930411429e-14 -3.092503317116560524e-14 1 I I 0 1 9.662928145364865884 forward I I I I #
DXID-attrib $-1 -1 $-1 $-1 $2956 @10 Revit:Face @8 Face:135 #
face $3988 -1 $-1 $2954 $3989 $73 $-1 $3990 forward single #
cone-surface $-1 -1 $-1 -6.381758951119931744 -65.63244817653273344 90.6476877079669805 -3.200379088609883824e-15 1.13700305654514147e-29 1 -64.08893208442721345 2.276896256760608617e-13 -2.051088780543398532e-13 1 I I 0 1 64.08893208442721345 forward I I I I #
DXID-attrib $-1 -1 $-1 $-1 $2961 @10 Revit:Edge @7 Edge:23 #
straight-curve $-1 -1 $-1 -4.753954008651734675 -0.9549999999983279642 91.89965498907028518 4.263256414560601115e-14 12 4.185133914817309905e-14 F 2.032559944606210019e-31 F 0.159166666666667983 #
point $-1 -1 $-1 -4.753954008651735563 -0.9549999999983279642 91.89965498907028518 #
DXID-attrib $-1 -1 $3991 $-1 $2967 @10 Revit:Edge @7 Edge:43 #
straight-curve $-1 -1 $-1 -6.392935927085118486 -1.204999999998315863 92.14965498907025676 -12 4.263256414560601115e-14 -1.219294381377589229e-13 F -0.1365818265361149753 F 1.927754864479521935 #
DXID-attrib $-1 -1 $3992 $2969 $2330 @10 Revit:Edge @7 Edge:46 #
point $-1 -1 $-1 -4.753954008651726681 0.9550000000016876101 91.89965498907028518 #
DXID-attrib $-1 -1 $-1 $-1 $2979 @10 Revit:Edge @7 Edge:39 #
straight-curve $-1 -1 $-1 -29.52599430083938614 -0.9549999999982400345 91.89965498907052677 -12 4.263256414560601115e-14 1.232662861400249448e-13 F -2.064336691015637548 F -4.662353909189913023e-16 #
DXID-attrib $-1 -1 $-1 $2983 $1690 @10 Revit:Edge @7 Edge:33 #
coedge $-1 -1 $-1 $3589 $2988 $3993 $3594 forward $2361 $-1 #
coedge $-1 -1 $-1 $2988 $3589 $3994 $3995 forward $2361 $-1 #
coedge $-1 -1 $-1 $3996 $2996 $2989 $3014 reversed $3557 $-1 #
coedge $-1 -1 $-1 $3003 $3997 $2990 $3545 reversed $3018 $-1 #
edge $3998 -1 $-1 $2388 -0.1226943890541727228 $3547 1.599823277531603772e-15 $2990 $3999 forward @7 unknown #
DXID-attrib $-1 -1 $-1 $-1 $2991 @10 Revit:Edge @8 Edge:301 #
vertex $-1 -1 $-1 $2991 $4000 #
vertex $-1 -1 $-1 $2991 $4001 #
ellipse-curve $-1 -1 $-1 -84.70972378171100559 -0.2352961613711064548 86.10606717046894687 3.27836223788815455e-15 -9.998811973676326876e-29 -1 7.425327827685061166 -12.28858953250489172 2.434291435422401348e-14 1 F 5.291690480752301973 F 6.290932582741617374 #
no_merge_attribute-st-attrib $-1 -1 $4002 $2992 $2365 #
coedge $-1 -1 $-1 $4003 $4004 $2994 $3552 forward $3567 $-1 #
edge $4005 -1 $-1 $3006 -0.0003861774589789563217 $2999 0.9969662975869658661 $3551 $4006 forward @7 unknown #
DXID-attrib $-1 -1 $-1 $-1 $2995 @10 Revit:Face @8 Face:341 #
face $4007 -1 $-1 $4008 $3557 $75 $-1 $4009 forward single #
cone-surface $-1 -1 $-1 -79.09495127660990477 -0.2352961613712789835 84.318298751782919 6.450951616748102492e-15 1.626903602621816899e-15 1 -13.86309434407019126 -1.891656289306147487 9.250769330400545428e-14 1 I I -0.6520295235774785647 -0.7581935771182226613 13.9915598955035172 forward I I I I #
coedge $-1 -1 $-1 $2996 $3996 $4003 $4010 reversed $3557 $-1 #
loop $-1 -1 $-1 $-1 $3543 $3554 #
DXID-attrib $-1 -1 $-1 $-1 $2997 @10 Revit:Edge @8 Edge:345 #
straight-curve $-1 -1 $-1 -86.39944082012183912 -12.48861991345102318 84.63663907952678755 12 -3.163951851449515097e-13 -3.732752184294371496e-14 F -3.073221517309400493e-30 F 0.7495172151601803279 #
point $-1 -1 $-1 -86.39944082012183912 -12.4886199134510214 84.63663907952678755 #
coedge $-1 -1 $-1 $3997 $3003 $4004 $4011 forward $3018 $-1 #
DXID-attrib $-1 -1 $-1 $-1 $3004 @10 Revit:Edge @8 Edge:313 #
ellipse-curve $-1 -1 $-1 -81.90233752916043386 -0.7415007051264852489 84.63663907952677334 3.27836223788815455e-15 -8.127811549786921165e-29 1 11.44875917987550551 3.371410390417521346e-13 -3.753317976597921923e-14 1 F -0.0004824777150049182643 F 3.142075131304768121 #
point $-1 -1 $-1 -93.35109537648772005 -0.7470244760809211515 84.63663907952681598 #
DXID-attrib $-1 -1 $-1 $-1 $3009 @10 Revit:Face @8 Face:325 #
face $4012 -1 $-1 $4013 $4014 $75 $-1 $4015 reversed single #
loop $-1 -1 $-1 $-1 $4004 $3009 #
cone-surface $-1 -1 $-1 -79.09495127660987634 -0.2352961613712611366 84.78358188862098643 3.146251184780228065e-15 -4.23162351364824735e-17 1 -14.14335876510766532 -1.930980603690730435 4.441684744222205195e-14 1 I I -0.06277286645775589924 -0.9980278389086533197 14.27456770800354846 forward I I I I #
DXID-attrib $-1 -1 $-1 $-1 $3014 @10 Revit:Edge @8 Edge:298 #
intcurve-curve $-1 -1 $-1 reversed { exactcur full nurbs 2 open 2 
	0 2 3.940704790757262099 2 
	-77.40591634807924493 -12.48614365717979879 84.59726900078658218 1 
	-77.39252879490439341 -12.53474208035629545 85.36993690643090815 0.9999999995517717677 
	-77.37914124335732424 -12.58351865507428968 86.14543724920918066 1 
	0 
	
	null_surface 
	null_surface 
	nullbs 
	nullbs 
	I I 
	0 
	0 
	0 
	F 1 F 0 } F -3.840670630892174753 F -0.1003915218954282706 #
DXID-attrib $-1 -1 $-1 $-1 $3017 @10 Revit:Face @8 Face:314 #
face $4016 -1 $-1 $1743 $3026 $75 $-1 $4017 reversed single #
loop $-1 -1 $-1 $-1 $3993 $3017 #
cone-surface $-1 -1 $-1 -81.90233752916043386 -0.7415007051264767002 86.11031837927116328 3.212607353950668699e-15 -3.640006393199787086e-16 1 10.98545599543161089 3.562238360376898783 -3.399529967683770993e-14 1 I I -0.867157460314558981 -0.4980340741563814566 11.54858370380130239 forward I I I I #
coedge $-1 -1 $-1 $4018 $3020 $3025 $3029 reversed $3577 $-1 #
coedge $-1 -1 $-1 $3020 $4018 $3031 $3036 forward $3577 $-1 #
loop $-1 -1 $-1 $-1 $3575 $4013 #
DXID-attrib $-1 -1 $-1 $-1 $3021 @10 Revit:Edge @8 Edge:339 #
ellipse-curve $-1 -1 $-1 -79.09495127660986213 -0.2352961613712603595 86.66094560613595377 -3.27836223788815455e-15 8.130197704434056283e-29 -1 -14.63232283341683271 -0.530889389179125426 4.797005462966230532e-14 1 F 5.279091190728729899 F 6.284026063896218872 #
coedge $-1 -1 $-1 $3025 $3024 $4019 $4020 reversed $3026 $-1 #
DXID-attrib $-1 -1 $-1 $-1 $3029 @10 Revit:Edge @8 Edge:334 #
vertex $-1 -1 $-1 $4021 $4022 #
intcurve-curve $-1 -1 $-1 forward { surfintcur full nubs 3 open 2 
	0 3 3.548314345778692314 3 
	-93.33986832687290303 -0.7468203422348227427 85.71546864481730665 
	-93.51659237560093629 -0.7500334442836251725 86.1462768465617188 
	-93.72865981030615501 -0.7538982413184213138 86.66324720494347389 
	-93.90538161638278325 -0.7571256369444872014 87.09405621980776857 
	3.974757563010523144e-05 
	
	cone -81.90233752916043386 -0.7415007051264829174 86.19981589325544746 3.180811125478743023e-15 -1.665398434303656839e-16 1 11.0697113697731524 3.586518138950701484 -3.46133629114919623e-14 1 I I -0.3795263897072331249 -0.9251809117766067736 11.63622026996341319 forward I I I I 
	cone -79.09495127660987634 -0.235296161371259388 86.19981589325544746 2.65232831704589553e-15 -4.327493858819297223e-16 1 -14.31949216100519884 -1.958362402096661459 3.713251441750921938e-14 1 I I -0.3795263897072323478 -0.9251809117766071067 14.45278654955628639 forward I I I I 
	nullbs 
	nullbs 
	I I 
	0 
	0 
	0 
	} F 1.132208475993070174 F 2.416107285359006873 #
coedge $-1 -1 $-1 $3032 $3031 $4023 $4024 reversed $3033 $-1 #
face $4025 -1 $-1 $1747 $3033 $75 $-1 $4026 forward single #
DXID-attrib $-1 -1 $-1 $-1 $3036 @10 Revit:Edge @8 Edge:336 #
vertex $-1 -1 $-1 $4027 $4028 #
ellipse-curve $-1 -1 $-1 609.9168697685018969 -40.11137206158984014 153.0795066981724517 2.579186864082316788e-14 0.9251809117766067736 0.3795263897072331249 -696.4193245397427745 27.24612708710366249 -66.41856109203648373 1 F 6.282390062142969356 F 6.283185307179586232 #
coedge $-1 -1 $-1 $3542 $3541 $3038 $3590 forward $2361 $-1 #
edge $4029 -1 $-1 $3041 5.291600379037210367 $3592 6.292342124343440091 $3589 $4030 forward @7 unknown #
DXID-attrib $-1 -1 $-1 $-1 $3039 @10 Revit:Edge @8 Edge:305 #
vertex $-1 -1 $-1 $3590 $4031 #
ellipse-curve $-1 -1 $-1 -773.7215447246239819 -40.1113720575426882 153.0795066884006701 2.579186864082317104e-14 0.9251809117766068846 0.3795263897072330694 696.3620137412627855 27.456309272997661 -66.93092742990968702 1 F 6.282390062142852116 F 6.283185307179586232 #
edge $4032 -1 $-1 $3547 -0.007114137583188129277 $3041 1.101690655548913124e-15 $3541 $4033 forward @7 unknown #
point $-1 -1 $-1 -70.28713862672057644 -0.7500529914054315794 86.14857925849092624 #
pcurve $-1 -1 $-1 0 forward { exppc nubs 3 open 3 
	9.999999122595163428e-07 3 9.420738910818162282 3 18.84181713957871906 3 
	0.9241695657245633244 0.3151665349152174556 
	0.8526763176102066799 0.4248688183490442749 
	0.7799753490440970438 0.5198379770073928707 
	0.7060781155347037874 0.5998692892526868992 
	0.6321782125364988625 0.679903492576340307 
	0.5576931343871173175 0.744369671073142003 
	0.4822333984731081991 0.7931796399738781922 
	0.0003937007874015747977 
	spline forward { ref 22 } I I I I 
	} 0 0 #
DXID-attrib $-1 -1 $-1 $-1 $3047 @10 Revit:Edge @8 Edge:377 #
intcurve-curve $-1 -1 $-1 forward { parcur full nubs 3 open 3 
	9.999999122595163428e-07 3 9.420738910818162282 3 18.84181713957871906 3 
	-79.55618100655115654 5.396795547418217431 87.95500022386613637 
	-79.25540774124777954 4.245267237416251227 88.28966244929961249 
	-78.97500070990786014 3.077705024690502889 88.57937920805164822 
	-78.72630228294300991 1.889961639971371232 88.82352596800971867 
	-78.47759487191156325 0.7021753488060025195 89.06768154760844425 
	-78.26264559645261443 -0.4959066112223279865 89.26434468064107364 
	-78.08503231181978776 -1.712365481343453677 89.41324634708188057 
	7.833476315145249927e-05 
	
	spline forward { ref 22 } I I I I 
	null_surface 
	nubs 3 open 3 
	9.999999122595163428e-07 3 9.420738910818162282 3 18.84181713957871906 3 
	0.9241695657245633244 0.3151665349152174556 
	0.8526763176102066799 0.4248688183490442749 
	0.7799753490440970438 0.5198379770073928707 
	0.7060781155347037874 0.5998692892526868992 
	0.6321782125364988625 0.679903492576340307 
	0.5576931343871173175 0.744369671073142003 
	0.4822333984731081991 0.7931796399738781922 
	
	nullbs 
	I I 
	0 
	1 9.420738910818162282 
	0 
	surf1 } I I #
DXID-attrib $-1 -1 $-1 $3049 $2432 @10 Revit:Edge @8 Edge:381 #
point $-1 -1 $-1 -79.55618100655115654 5.396795547418207661 87.95500022386615058 #
point $-1 -1 $-1 -77.44548568230385399 -9.523091011920190141 89.71850039528183629 #
pcurve $-1 -1 $-1 0 forward { exppc nubs 3 open 6 
	0 3 10.48698068810799633 3 19.57322626859905768 3 26.4649477814605163 3 32.54355012092199928 3 
	39.0373085174773351 3 
	0 0.01460984884348465011 
	0.07830512430504781018 0.13605905642697258 
	0.1591761652625106049 0.2323900413253229269 
	0.2414038573525248699 0.3036352436795968779 
	0.3126484820989128832 0.3653642984261928905 
	0.3850914060056026544 0.4084110172728971366 
	0.4578016144552919942 0.4320199899105663377 
	0.5129507410487076369 0.4499268870092896222 
	0.5680870084615396998 0.4565939742951947156 
	0.6234840461544566281 0.4518158242671247993 
	0.6723450690920458328 0.4476014238615483309 
	0.7210499255776788852 0.4345288614517294756 
	0.769590814168508941 0.41296769571773978 
	0.8214469457691303544 0.3899339466409708077 
	0.8730274344154496102 0.3572568322313126044 
	0.9241695657245622142 0.3151665349152225626 
	0.0003937007874015747977 
	spline forward { ref 22 } I I I I 
	} 0 0 #
DXID-attrib $-1 -1 $-1 $-1 $3058 @10 Revit:Edge @8 Edge:376 #
intcurve-curve $-1 -1 $-1 forward { parcur full nubs 3 open 7 
	0 3 10.48698068810799633 3 16.99833817588856277 3 19.57322626859905768 3 26.4649477814605163 3 
	32.54355012092199928 3 39.0373085174773351 3 
	-76.56672974278558286 -9.589746831277608408 87.03810983397423229 
	-76.79669969755767056 -8.28441422762822377 87.40860770161012283 
	-77.00319346012034316 -6.950719783494071713 87.70247890260226598 
	-77.22021991951743303 -5.604699589995184361 87.91982240015782679 
	-77.35497146559819726 -4.768956784100493174 88.05477079496451154 
	-77.49384012311284664 -3.927026863940314971 88.16045096769207134 
	-77.64218319976953353 -3.084015270056397195 88.23601484162034581 
	-77.70084482638674217 -2.750649989593431322 88.26589624800635647 
	-77.76096245425760856 -2.417116352462354456 88.2910681496808678 
	-77.82275296946727394 -2.083727729002465612 88.31147810266911335 
	-77.98813608812272946 -1.191408736597960871 88.36610560764061972 
	-78.16510684500721595 -0.3028256148344316001 88.38644449392830893 
	-78.35797320185569959 0.5871427715340979958 88.37186807608360084 
	-78.52808423808295402 1.372108313936051038 88.35901145565192394 
	-78.70934015782997051 2.152367447415187041 88.31913176772521012 
	-78.90214407470986657 2.92855322714753008 88.25335640296874828 
	-79.10811610318089038 3.757750901702153534 88.18308871587218789 
	-79.32694992024971725 4.580854199389944981 88.08340258822948954 
	-79.55618100655114233 5.396795547418197891 87.95500022386616479 
	0.0001756118280124507826 
	
	spline forward { ref 22 } I I I I 
	null_surface 
	nubs 3 open 6 
	0 3 10.48698068810799633 3 19.57322626859905768 3 26.4649477814605163 3 32.54355012092199928 3 
	39.0373085174773351 3 
	0 0.01460984884348465011 
	0.07830512430504781018 0.13605905642697258 
	0.1591761652625106049 0.2323900413253229269 
	0.2414038573525248699 0.3036352436795968779 
	0.3126484820989128832 0.3653642984261928905 
	0.3850914060056026544 0.4084110172728971366 
	0.4578016144552919942 0.4320199899105663377 
	0.5129507410487076369 0.4499268870092896222 
	0.5680870084615396998 0.4565939742951947156 
	0.6234840461544566281 0.4518158242671247993 
	0.6723450690920458328 0.4476014238615483309 
	0.7210499255776788852 0.4345288614517294756 
	0.769590814168508941 0.41296769571773978 
	0.8214469457691303544 0.3899339466409708077 
	0.8730274344154496102 0.3572568322313126044 
	0.9241695657245622142 0.3151665349152225626 
	
	nullbs 
	I I 
	0 
	4 10.48698068810799633 19.57322626859905768 26.4649477814605163 32.54355012092199928 
	1 16.99833817588856277 
	surf1 } I I #
DXID-attrib $-1 -1 $-1 $3060 $2444 @10 Revit:Face @8 Face:383 #
DXID-attrib $-1 -1 $-1 $-1 $3070 @10 Revit:Face @8 Face:421 #
loop $-1 -1 $-1 $-1 $3082 $3070 #
plane-surface $-1 -1 $-1 -81.88122913574319739 -0.7576933599002950714 84.07348081056908029 -1.727558790417912113e-15 4.283014282991404232e-29 1 -12 2.975075099091918539e-13 -2.073070548501494299e-14 forward_v I I I I #
coedge $-1 -1 $-1 $4034 $4035 $3081 $3619 forward $3071 $-1 #
coedge $-1 -1 $-1 $3074 $3074 $4036 $4037 forward $2462 $-1 #
coedge $-1 -1 $-1 $4035 $4034 $3074 $3612 reversed $3071 $-1 #
edge $4038 -1 $-1 $4039 3.141592653589796225 $4040 6.283185307179588008 $3074 $4041 forward @7 unknown #
DXID-attrib $-1 -1 $4042 $-1 $3076 @10 Revit:Edge @8 Edge:416 #
vertex $-1 -1 $-1 $3076 $4043 #
ellipse-curve $-1 -1 $-1 -81.88122913574319739 -0.7576933599002950714 83.92605123383843591 1.727558790417912113e-15 -4.283014282991404232e-29 -1 -0.7594985025701788128 1.882970902328449084e-14 -1.312078314424353723e-15 1 I I #
DXID-attrib $-1 -1 $-1 $3077 $2467 @10 Revit:Edge @8 Edge:407 #
point $-1 -1 $-1 -81.17860769140588673 -0.7576933599003147224 80.84534494942425908 #
DXID-attrib $-1 -1 $-1 $3080 $1816 @10 Revit:Edge @8 Edge:396 #
edge $4044 -1 $-1 $3624 3.141592653589796225 $3623 6.283185307179588008 $3609 $4045 forward @7 unknown #
coedge $-1 -1 $-1 $4036 $3082 $4035 $4046 reversed $3607 $-1 #
coedge $-1 -1 $-1 $3082 $4036 $4034 $4047 reversed $3607 $-1 #
DXID-attrib $-1 -1 $-1 $-1 $3083 @10 Revit:Edge @8 Edge:428 #
vertex $-1 -1 $-1 $3619 $4048 #
vertex $-1 -1 $-1 $3619 $4049 #
ellipse-curve $-1 -1 $-1 -81.88122913574319739 -0.7576933599002950714 84.07348081056908029 1.727558790417912113e-15 -4.283014282991404232e-29 -1 -1.524294257389661622 3.779074907373992799e-14 -2.633307943537053668e-15 1 F 1.646317642823590278e-15 F 3.141592653589796225 #
DXID-attrib $-1 -1 $4050 $-1 $3086 @10 Revit:Face @8 Face:200 #
torus-surface $-1 -1 $-1 -68.14956823553060872 -1.891369803215714849e-12 86.73849059906748948 1 2.44198710911037122e-14 1.244254579428584124e-14 0.4374999999999733546 -0.7499999999999917843 1.244254579428584124e-14 0 -1 forward_v I I I I #
coedge $-1 -1 $-1 $3099 $3099 $3089 $3629 reversed $3087 $-1 #
edge $4051 -1 $-1 $2490 -1.384136316789884539e-16 $3638 0.07291666666666207774 $3089 $4052 forward @2 g2 #
DXID-attrib $-1 -1 $-1 $-1 $3091 @10 Revit:Edge @8 Edge:192 #
ellipse-curve $-1 -1 $-1 -67.07308895686580286 -1.867483755435252525e-12 86.73849059906751791 1 1.993994566947377939e-14 3.169918912968230602e-15 -2.367868548249980538e-14 1.187499999999984457 5.310037578243459162e-29 1 F 1.766786744533999801e-15 F 3.141592653589796669 #
DXID-attrib $-1 -1 $-1 $-1 $3093 @10 Revit:Edge @8 Edge:189 #
ellipse-curve $-1 -1 $-1 -67.07308895686580286 -1.867483755435252525e-12 86.73849059906751791 1 1.993994566947377939e-14 3.169918912968230602e-15 -2.367868548249980538e-14 1.187499999999984457 5.310037578243459162e-29 1 F 3.141592653589796669 F 6.283185307179588008 #
no_merge_attribute-st-attrib $-1 -1 $4053 $3094 $2484 #
point $-1 -1 $-1 -67.07308895686581707 1.187499999998117728 86.73849059906751791 #
point $-1 -1 $-1 -67.07308895686577443 -1.18750000000185274 86.73849059906751791 #
DXID-attrib $-1 -1 $-1 $-1 $3100 @10 Revit:Edge @8 Edge:201 #
vertex $-1 -1 $-1 $3629 $4054 #
ellipse-curve $-1 -1 $-1 -68.89956823553059451 -1.903965917218822327e-12 86.73849059906751791 -1 -1.993994566947377939e-14 -4.290614063747059892e-15 -8.723726230394232593e-15 0.437499999999972633 1.956329634089598349e-29 1 F 3.141592653589798001 F 6.283185307179584456 #
DXID-attrib $-1 -1 $-1 $-1 $3103 @10 Revit:Edge @8 Edge:199 #
ellipse-curve $-1 -1 $-1 -68.89956823553060872 -1.903965917218822327e-12 86.73849059906751791 -1 -1.993994566947377939e-14 -4.290614063747059892e-15 -8.723726230394232593e-15 0.437499999999972633 1.956329634089598349e-29 1 F -1.598521340292768316e-15 F 3.141592653589798001 #
DXID-attrib $-1 -1 $-1 $3104 $2495 @10 Revit:Edge @8 Edge:204 #
DXID-attrib $-1 -1 $-1 $3106 $2496 @10 Revit:Face @8 Face:202 #
DXID-attrib $-1 -1 $-1 $-1 $3109 @10 Revit:Edge @8 Edge:241 #
ellipse-curve $-1 -1 $-1 -79.51092208191718669 -13.57088815749076716 86.73849059906703474 1 2.125096293644325136e-14 1.385846518804283483e-33 1.317554204723332433e-14 -0.619997413135505715 -1.409342269218084153e-15 1 F 3.141592653589790007 F 6.283185307179585344 #
DXID-attrib $-1 -1 $-1 $3112 $1863 @10 Revit:Edge @8 Edge:233 #
DXID-attrib $-1 -1 $-1 $-1 $3116 @10 Revit:Face @8 Face:134 #
face $4055 -1 $-1 $4056 $4057 $85 $-1 $4058 forward single #
loop $-1 -1 $-1 $-1 $3674 $3116 #
plane-surface $-1 -1 $-1 -62.76365084175729692 -1.424921035762951371 85.32104119760219874 0.9998477143446640181 2.456554673030115315e-17 0.01745130710723780121 0 12 -1.689194734538556679e-14 forward_v I I I I #
coedge $-1 -1 $-1 $3667 $3119 $4059 $4060 forward $305 $-1 #
coedge $-1 -1 $-1 $4061 $4062 $3119 $3653 reversed $4057 $-1 #
edge $4063 -1 $-1 $3658 2.001141466936396219e-32 $4064 0.01010410172545321908 $3119 $4065 forward @7 unknown #
coedge $-1 -1 $-1 $3155 $3120 $3123 $3660 forward $3656 $-1 #
coedge $-1 -1 $-1 $3120 $3155 $4061 $4066 reversed $3656 $-1 #
loop $-1 -1 $-1 $-1 $3155 $4056 #
DXID-attrib $-1 -1 $-1 $-1 $3121 @10 Revit:Edge @8 Edge:112 #
vertex $-1 -1 $-1 $3121 $4067 #
straight-curve $-1 -1 $-1 -62.31084836010865047 1.414398415283563581 85.86836091874762644 -11.99999999996162536 -1.170767716555413443e-14 -3.034707580675806998e-05 F -0 F 0.02844858998738716144 #
edge $4068 -1 $-1 $3126 -0.2366099542538761535 $3158 0 $3654 $4069 forward @7 unknown #
face $4070 -1 $-1 $3129 $3124 $85 $-1 $4071 forward single #
point $-1 -1 $-1 -62.31084836010865047 1.414398415283563581 85.86836091874762644 #
DXID-attrib $-1 -1 $-1 $-1 $3128 @10 Revit:Edge @8 Edge:141 #
straight-curve $-1 -1 $-1 -61.83862059235578101 -1.424921035762949817 85.9431567919198045 2.252259646051408905e-14 -12 1.689194734538556679e-14 F -0.2366099542538761535 F 1.456985596621156334e-17 #
DXID-attrib $-1 -1 $-1 $-1 $3129 @10 Revit:Face @8 Face:142 #
cone-surface $-1 -1 $-1 -62.36513919226030112 1.414398415283565358 87.48252397034966066 7.789836553898600108e-16 -1 1.349235843445184707e-15 1.408954342489266542 0 -0.8134622344357367307 1 I I 0 1 1.626921370586956961 forward I I I I #
coedge $-1 -1 $-1 $3135 $3651 $4072 $4073 forward $305 $-1 #
coedge $-1 -1 $-1 $3146 $3145 $3135 $3669 reversed $2514 $-1 #
edge $4074 -1 $-1 $4075 -0 $3671 0.2768467049877809116 $3135 $4076 forward @7 unknown #
DXID-attrib $-1 -1 $-1 $-1 $3137 @10 Revit:Edge @8 Edge:117 #
vertex $-1 -1 $-1 $3669 $4077 #
straight-curve $-1 -1 $-1 -66.44083943350322841 1.414398415283559141 85.08431985961681221 -9.829816963711698108 0 6.88292804407583958 F 0 F 0.03460057225678733056 #
point $-1 -1 $-1 -66.78095672562713503 1.414398415283558919 85.32247310874411994 #
coedge $-1 -1 $-1 $4078 $4079 $3142 $3675 reversed $3649 $-1 #
edge $4080 -1 $-1 $3679 0 $4081 0.04473609806031665637 $3142 $4082 forward @7 unknown #
coedge $-1 -1 $-1 $4072 $3143 $3146 $3681 reversed $3117 $-1 #
coedge $-1 -1 $-1 $3143 $4072 $4078 $4083 forward $3117 $-1 #
DXID-attrib $-1 -1 $-1 $-1 $3144 @10 Revit:Edge @7 Edge:99 #
vertex $-1 -1 $-1 $3144 $4084 #
straight-curve $-1 -1 $-1 -63.1186789736498568 -1.424921035762952037 85.08431985961682642 9.984137328906605546 1.873308306778243127e-14 6.657101606369971947 F 3.233100385241057993e-17 F 0.03555921960975692159 #
edge $4085 -1 $-1 $4075 -0.2366099542538761535 $3148 8.203774660368700103e-32 $3146 $4086 forward @7 unknown #
point $-1 -1 $-1 -63.1186789736498568 -1.424921035762952037 85.08431985961682642 #
DXID-attrib $-1 -1 $-1 $-1 $3150 @10 Revit:Edge @8 Edge:129 #
straight-curve $-1 -1 $-1 -66.44083943350322841 -1.42492103576295448 85.08431985961681221 0 -12 1.689194734538556679e-14 F -0.2366099542538761258 F -1.456985596620940322e-17 #
coedge $-1 -1 $-1 $4062 $4061 $3154 $3686 reversed $4057 $-1 #
edge $4087 -1 $-1 $4081 0 $3688 0.01010410172545320867 $3154 $4088 forward @7 unknown #
DXID-attrib $-1 -1 $-1 $-1 $3156 @10 Revit:Edge @8 Edge:102 #
vertex $-1 -1 $-1 $3686 $4089 #
straight-curve $-1 -1 $-1 -62.65223143995620347 -1.424921035762950483 85.86836005541610461 11.99999999996162536 1.170767716555413443e-14 3.034707580675806998e-05 F 1.421493083341687828e-32 F 0.02844858998738716144 #
point $-1 -1 $-1 -62.31084836010865047 -1.424921035762950039 85.86836091874762644 #
coedge $-1 -1 $-1 $3700 $3161 $3709 $4090 reversed $2563 $-1 #
DXID-attrib $-1 -1 $-1 $-1 $3163 @10 Revit:Face @7 Face:91 #
cone-surface $-1 -1 $-1 -35.84000015258645533 0.01406443258676520237 86.2148115978874614 0 0 -1 1.499247550964363018 0 0 1 I I 0 1 1.499247550964363018 forward I I I I #
DXID-attrib $-1 -1 $-1 $-1 $3167 @10 Revit:Edge @7 Edge:87 #
ellipse-curve $-1 -1 $-1 -35.84000015258645533 0.01406443258676520237 93.5182674915791381 0.9173653522897339263 -5.500824833226671482e-15 0.3980462415578527868 1.499247550964363018 0 -3.455271308120231755 0.3980462415578527313 F -0.4027447128763380069 F -0.004687213402363638037 #
DXID-attrib $-1 -1 $-1 $-1 $3168 @10 Revit:Face @7 Face:85 #
plane-surface $-1 -1 $-1 -34.34075260162208565 -1.495794101253469233 90.06299618345886415 0.9173653522897339263 -5.500824833226671482e-15 0.3980462415578527868 0 12 1.658347475920735278e-13 forward_v I I I I #
coedge $-1 -1 $-1 $4091 $4091 $3170 $3699 forward $4092 $-1 #
edge $4093 -1 $-1 $4094 7.579602631100218547e-06 $3703 0.1114445924758904471 $3698 $4095 forward @14 tangent_not_g2 #
tcoedge-coedge $-1 -1 $-1 $3171 $3691 $4091 $4096 reversed $2563 $4097 -0.04189733433979143246 -0.02095053351922898655 #
pcurve $-1 -1 $-1 0 forward { exppc nubs 1 open 2 
	2.426184737315960722e-08 1 0.111431600796901023 1 
	-1.674739948972255865 1.025683376875273e-09 
	-2.566627526739030607 0.004710762413973227508 
	1.826150779150367507e-13 
	cone -35.84000015258645533 0.01406443258676520237 86.2148115978874614 0 0 -1 1.499247550964363018 0 0 1 I I 0 1 1.499247550964363018 forward I I I I 
	} 0 0 #
DXID-attrib $-1 -1 $-1 $-1 $3172 @10 Revit:Edge @7 Edge:82 #
tvertex-vertex $-1 -1 $-1 $3699 $4098 5.512226369274335943e-05 #
intcurve-curve $-1 -1 $-1 forward { parcur full nubs 3 open 2 
	0 3 0.111431600796901023 3 
	-34.34075260162208565 0.01406443258675314952 88.725661073748185 
	-34.34075260162208565 0.01171021550159112232 89.17138125969501061 
	-34.34075260162208565 0.009355998416429122874 89.61710144564183622 
	-34.34075260162208565 0.007001781331267097411 90.06282163158867604 
	0 
	
	plane -34.34075260162208565 -1.495794101253432373 87.38832596403747743 1 2.255066819063026726e-29 -1.618842489290060721e-15 0 12 1.671614255728101354e-13 forward_v I I I I 
	null_surface 
	nubs 1 open 2 
	0 1 0.111431600796901023 1 
	0.1258215444866837007 0.1114445924758904749 
	0.1252329902153947461 0.2228746389625973767 
	
	nullbs 
	I I 
	0 
	0 
	0 
	surf1 } F 2.426184737315960722e-08 F 0.111431600796901023 #
point $-1 -1 $-1 -34.34075260162208565 0.007001781331267157259 90.06282163158867604 #
DXID-attrib $-1 -1 $-1 $3181 $2585 @10 Revit:Edge @7 Edge:49 #
coedge $-1 -1 $-1 $3709 $3185 $3183 $3708 forward $3710 $-1 #
edge $4099 -1 $-1 $3188 -0.56952440944587579 $4094 -0.003346439987440825818 $3707 $4100 forward @7 unknown #
coedge $-1 -1 $-1 $3185 $3707 $3691 $4090 forward $3710 $-1 #
loop $-1 -1 $-1 $-1 $3709 $3191 #
DXID-attrib $-1 -1 $-1 $-1 $3186 @10 Revit:Edge @7 Edge:74 #
vertex $-1 -1 $-1 $3186 $4101 #
straight-curve $-1 -1 $-1 -34.57983823698160109 -0.7981763971747926067 87.03386693292141274 -0 -12 -1.631261102211112127e-13 F -0.1347571879068396594 F 1.165588477296760392e-16 #
point $-1 -1 $-1 -34.57983823698160109 0.8189098577072830842 87.03386693292142695 #
DXID-attrib $-1 -1 $-1 $-1 $3191 @10 Revit:Face @7 Face:77 #
face $4102 -1 $-1 $3168 $4092 $86 $-1 $4103 forward single #
plane-surface $-1 -1 $-1 -34.57983823698160109 -1.495794101253427266 87.03386693292139853 0.8290375725550414021 7.789623576197411868e-15 -0.5591929034707473489 0 12 1.671614255728101354e-13 forward_v I I I I #
DXID-attrib $-1 -1 $-1 $-1 $3194 @10 Revit:Edge @7 Edge:75 #
ellipse-curve $-1 -1 $-1 -35.84000015258645533 0.01406443258676520237 87.03386693292141274 0 0 -1 1.499247550964363018 0 0 1 F 0.572536335285697473 F 1.57079632679490433 #
DXID-attrib $-1 -1 $-1 $-1 $3211 @10 Revit:Face @7 Face:56 #
face $4104 -1 $-1 $4105 $4106 $66 $-1 $4107 reversed single #
loop $-1 -1 $-1 $-1 $4108 $3211 #
plane-surface $-1 -1 $-1 3.874217084336869779e-12 -5.213740791515925126e-12 113.0424042815940027 -1.027528214424255746e-14 1.382799582304305996e-14 -1 -12 -1.705038702854100159e-27 1.233033857309106832e-13 forward_v I I I I #
coedge $-1 -1 $-1 $3726 $3726 $4108 $4109 forward $3212 $-1 #
coedge $-1 -1 $-1 $3215 $3215 $4110 $4111 forward $2645 $-1 #
coedge $-1 -1 $-1 $3724 $3724 $3215 $3727 reversed $3212 $-1 #
edge $4112 -1 $-1 $4113 3.141592653589796225 $4114 6.283185307179588008 $3215 $4115 forward @14 tangent_not_g2 #
DXID-attrib $-1 -1 $4116 $-1 $3217 @10 Revit:Edge @7 Edge:46 #
vertex $-1 -1 $-1 $3217 $4117 #
ellipse-curve $-1 -1 $-1 3.875233467454108097e-12 -5.21492490972555521e-12 113.1280362288973862 1.027528214424255746e-14 -1.382799582304305839e-14 1 -2.456566488270465864 -3.490450782196272867e-28 2.524191377307016391e-14 1 I I #
DXID-attrib $-1 -1 $-1 $3218 $2650 @10 Revit:Edge @7 Edge:36 #
point $-1 -1 $-1 2.456566488274545712 -5.210539879030715071e-12 113.3849320708064994 #
coedge $-1 -1 $-1 $4118 $3223 $3226 $3740 forward $3735 $-1 #
coedge $-1 -1 $-1 $3223 $4118 $3225 $3739 forward $3735 $-1 #
loop $-1 -1 $-1 $-1 $3223 $4119 #
DXID-attrib $-1 -1 $-1 $-1 $3224 @10 Revit:Edge @7 Edge:70 #
ellipse-curve $-1 -1 $-1 3.908873225100251148e-12 -5.258293239153278433e-12 116.2643062988849749 1.027528214424255746e-14 -1.382799582304305839e-14 1 -13.00000000000371436 -1.847125261425803256e-27 1.335786678751914105e-13 1 F 3.141592653589796225 F 6.28318530717958712 #
coedge $-1 -1 $-1 $3226 $3225 $4120 $4121 reversed $3227 $-1 #
edge $4122 -1 $-1 $4123 5.59482469102441044e-15 $3230 0.01070399341292626455 $3734 $4124 forward @2 g2 #
edge $4125 -1 $-1 $3229 2.331176954593504514e-16 $4126 0.01070399341292113671 $3733 $4127 forward @2 g2 #
face $4128 -1 $-1 $1421 $3227 $66 $-1 $4129 reversed single #
point $-1 -1 $-1 -12.99999999999980638 -5.264862419300779329e-12 116.2643062988851028 #
point $-1 -1 $-1 13.00000000000762057 -5.216289080218017723e-12 116.2643062988848328 #
DXID-attrib $-1 -1 $-1 $-1 $3233 @10 Revit:Face @7 Face:81 #
face $4130 -1 $-1 $4131 $4132 $67 $-1 $4133 forward single #
loop $-1 -1 $-1 $-1 $3772 $3233 #
plane-surface $-1 -1 $-1 3.567661643024744311 -5.236755967140119594 120.2438917454123271 0.8655544815885126697 -0.5008147755428559167 -0 0 0 -12 forward_v I I I I #
coedge $-1 -1 $-1 $4134 $3236 $4135 $4136 forward $207 $-1 #
coedge $-1 -1 $-1 $4137 $4138 $3236 $3750 reversed $4139 $-1 #
edge $4140 -1 $-1 $3755 1.045053619783057552 $4141 2.096539033806656072 $3236 $4142 forward @7 unknown #
coedge $-1 -1 $-1 $3272 $3237 $3240 $3757 forward $3753 $-1 #
coedge $-1 -1 $-1 $3237 $3272 $4137 $4143 reversed $3753 $-1 #
loop $-1 -1 $-1 $-1 $3272 $4144 #
DXID-attrib $-1 -1 $-1 $-1 $3238 @10 Revit:Edge @7 Edge:55 #
vertex $-1 -1 $-1 $3238 $4145 #
straight-curve $-1 -1 $-1 4.822994828220658725 3.067172527313266173 119.6534908707976115 6.022266582428412285 -10.37941738298282424 0 F 2.924785223203279348e-17 F 0.249292468010113788 #
edge $4146 -1 $-1 $3243 -0.04920007288455963135 $3275 0 $3751 $4147 forward @2 g2 #
face $4148 -1 $-1 $3246 $3241 $67 $-1 $4149 forward single #
point $-1 -1 $-1 4.822994828220659613 3.067172527313266173 119.6534908707976115 #
DXID-attrib $-1 -1 $-1 $-1 $3245 @10 Revit:Edge @7 Edge:90 #
straight-curve $-1 -1 $-1 3.56766115385709659 5.236756097310180991 120.2438917454123271 0 0 12 F -0.04920007288455963135 F 0 #
DXID-attrib $-1 -1 $-1 $-1 $3246 @10 Revit:Face @7 Face:91 #
cone-surface $-1 -1 $-1 2.742246150966928475 4.759166175086146922 119.6534908707976115 0 0 1 1.693979613687699155e-15 0.9536257446221423351 0 1 I I 0 1 0.9536257446221423351 forward I I I I #
coedge $-1 -1 $-1 $3252 $4134 $4150 $4151 forward $207 $-1 #
coedge $-1 -1 $-1 $3263 $3262 $3252 $3766 reversed $2665 $-1 #
edge $4152 -1 $-1 $4153 5.536545267159573653e-16 $3768 0.4583902841147342588 $3252 $4154 forward @7 unknown #
DXID-attrib $-1 -1 $-1 $-1 $3254 @10 Revit:Edge @7 Edge:61 #
vertex $-1 -1 $-1 $3766 $4155 #
ellipse-curve $-1 -1 $-1 -2.758436926808190304 -4.763505090873628944 119.6534908707976115 0 0 -1 1.686272150952881154e-15 0.9492868288345800432 0 1 F 3.141592653589794004 F 4.193125284567571498 #
point $-1 -1 $-1 -3.582593321803774877 -5.234580159187264492 119.6534908707976115 #
coedge $-1 -1 $-1 $3271 $3259 $4156 $4157 forward $116 $-1 #
coedge $-1 -1 $-1 $4158 $4159 $3259 $3773 reversed $3746 $-1 #
edge $4160 -1 $-1 $3777 -2.12568199289711816e-17 $4161 0.2088818139459493461 $3259 $4162 forward @7 unknown #
coedge $-1 -1 $-1 $4150 $3260 $3263 $3779 reversed $3234 $-1 #
coedge $-1 -1 $-1 $3260 $4150 $4158 $4163 forward $3234 $-1 #
DXID-attrib $-1 -1 $-1 $-1 $3261 @10 Revit:Edge @7 Edge:39 #
vertex $-1 -1 $-1 $3261 $4164 #
ellipse-curve $-1 -1 $-1 2.742246482568611476 -4.759166032472046837 120.2438917454123271 0 0 1 1.693979867021199484e-15 0.9536258872362245453 0 1 F 3.141592653589794004 F 4.187849127231018542 #
edge $4165 -1 $-1 $4153 -0.04920007288455963135 $3265 0 $3263 $4166 forward @14 tangent_not_g2 #
point $-1 -1 $-1 2.742246482568610588 -5.712791919708272381 120.2438917454123271 #
DXID-attrib $-1 -1 $-1 $-1 $3267 @10 Revit:Edge @7 Edge:76 #
straight-curve $-1 -1 $-1 -2.758436926808190748 -5.712791919708205768 120.2438917454123271 0 0 12 F -0.04920007288455963135 F 0 #
coedge $-1 -1 $-1 $4138 $4137 $3271 $3784 reversed $4139 $-1 #
edge $4167 -1 $-1 $4168 4.18664627337293016 $3786 5.238131687396528235 $3271 $4169 forward @7 unknown #
DXID-attrib $-1 -1 $-1 $-1 $3273 @10 Revit:Edge @7 Edge:43 #
vertex $-1 -1 $-1 $3784 $4170 #
straight-curve $-1 -1 $-1 6.324300527569072017 0.4796619514024003106 120.2438917454123271 -6.022266582428412285 10.37941738298282424 0 F 7.739903149946931088e-17 F 0.2492924680101138712 #
point $-1 -1 $-1 4.822994828220659613 3.067172527313266173 120.2438917454123271 #
DXID-attrib $-1 -1 $4171 $-1 $3280 @10 Revit:Edge @8 Edge:397 #
straight-curve $-1 -1 $-1 -0.4595800976235784874 0.3369679524368407453 89.4792407620811332 12 -4.263256414560601115e-14 1.911272297306869785e-14 F -0.1394115983816078819 F 0.1394115983816074378 #
DXID-attrib $-1 -1 $-1 $-1 $3282 @10 Revit:Edge @8 Edge:394 #
ellipse-curve $-1 -1 $-1 -0.4595800976235810409 0.3369679524368407453 89.4792407620811332 -1.666280438343681266e-15 1.382799582304341811e-14 1 1.67293918057929214 -5.943473910645313864e-15 2.787585831138064348e-15 1 F 1.593772010822905474e-15 F 3.141592653589796225 #
point $-1 -1 $-1 -2.132519278202873458 0.3369679524368413559 89.4792407620811332 #
point $-1 -1 $-1 1.213359082955710821 0.3369679524368374701 89.4792407620811332 #
coedge $-1 -1 $-1 $3290 $3289 $3305 $3804 forward $2118 $-1 #
DXID-attrib $-1 -1 $-1 $-1 $3292 @10 Revit:Edge @8 Edge:352 #
vertex $-1 -1 $-1 $3296 $4172 #
ellipse-curve $-1 -1 $-1 1247.890443686766275 0.3182195443921221889 78.15331869422945488 0.01333240620114979277 1.372733862300340466e-14 0.9999111195225741655 -1282.897390578769318 4.557767108006662647e-12 17.10562948210631262 0.01333240620115153617 F 0.06902704007669828445 F 0.08922112099377539629 #
DXID-attrib $-1 -1 $-1 $-1 $3296 @10 Revit:Edge @8 Edge:348 #
ellipse-curve $-1 -1 $-1 -31.95182895660109779 0.3182195443966691073 78.15331869422720956 -1 3.552713678800500929e-15 -1.74491262210625557e-15 6.077140384558017712e-14 17.10562948210855083 0 1 F 4.600258645582495198 F 4.643361940307998204 #
DXID-attrib $-1 -1 $-1 $-1 $3298 @10 Revit:Edge @8 Edge:353 #
straight-curve $-1 -1 $-1 -29.90413967325959987 1.205939858496368311 95.19090943041307185 4.263256414560601115e-14 12 -1.673703248592188565e-13 F -0.2009899764156956037 F -2.913971193241882738e-15 #
point $-1 -1 $-1 -29.90413967325984501 -1.205939858491978711 95.19090943041311448 #
edge $4173 -1 $-1 $3311 3.052371532596022785 $3308 3.072565613513098093 $3795 $4174 forward @7 unknown #
DXID-attrib $-1 -1 $-1 $-1 $3306 @10 Revit:Edge @8 Edge:349 #
straight-curve $-1 -1 $-1 -31.951828956601112 0.8615939903911551401 95.21821248242062552 4.263256414560601115e-14 12 -1.646790763745195032e-13 F -0.1435989983981647844 F 2.913971193241960762e-17 #
point $-1 -1 $-1 -31.95182895660123634 0.8615939903911554731 95.21821248242062552 #
point $-1 -1 $-1 -29.90413967325977396 1.205939858496333228 95.19090943041307185 #
DXID-attrib $-1 -1 $-1 $3314 $2762 @10 Revit:Face @8 Face:310 #
coedge $-1 -1 $-1 $3821 $3820 $3318 $3811 reversed $3315 $-1 #
edge $4175 -1 $-1 $3814 -1.570796326794896558 $3813 1.570796326794902553 $3318 $4176 forward @7 unknown #
DXID-attrib $-1 -1 $4177 $-1 $3320 @10 Revit:Edge @8 Edge:302 #
tvertex-vertex $-1 -1 $-1 $3320 $4178 1.112756640024308644e-11 #
tvertex-vertex $-1 -1 $-1 $3320 $4179 1.3711909213781282e-11 #
ellipse-curve $-1 -1 $-1 -35.28073358535478121 5.65529695691883975e-14 91.03909424406816697 -4.912690991092002587e-29 -1.382799582304270971e-14 -1 -1.893377780913967579 6.726629141389990631e-15 0 1 F 1.570796326794902553 F 4.712388980384689674 #
DXID-attrib $-1 -1 $4180 $-1 $3321 @10 Revit:Edge @8 Edge:290 #
vertex $-1 -1 $-1 $3321 $4181 #
ellipse-curve $-1 -1 $-1 -35.28073358535478121 4.987264557222818019e-14 90.56086066440738591 -4.912690991092002587e-29 -1.382799582304270971e-14 -1 -1.765235479450449452 6.271376234147572332e-15 0 1 I I #
DXID-attrib $-1 -1 $-1 $3324 $2166 @10 Revit:Edge @8 Edge:284 #
tcoedge-coedge $-1 -1 $-1 $3810 $3325 $3834 $4182 forward $3315 $4183 -1 0 #
tcoedge-coedge $-1 -1 $-1 $3325 $3810 $3833 $3831 forward $3315 $4184 -1 0 #
DXID-attrib $-1 -1 $4185 $-1 $3326 @10 Revit:Edge @8 Edge:306 #
ellipse-curve $-1 -1 $-1 -35.28073358535478121 7.220711421640310472e-14 92.16735642304205101 -4.912690991092002587e-29 -1.382799582304270971e-14 -1 -2.076883792877205259 7.378573460233913505e-15 0 1 F -1.570796326794896558 F 1.570796326794902109 #
tcoedge-coedge $-1 -1 $-1 $3833 $3833 $3327 $3825 reversed $3334 $4186 -0 1 #
tedge-edge $4187 -1 $-1 $3331 -1 $3814 0 $3327 $4188 forward @14 tangent_not_g2 6.803894913594726246e-06 #
pcurve $-1 -1 $-1 0 forward { exppc nubs 3 open 13 
	-1 3 -0.8888888888888888395 3 -0.8333333333333332593 3 -0.7777777777777777901 3 -0.7222222222222222099 3 
	-0.6666666666666666297 3 -0.4444444444444444198 3 -0.3333333333333333148 3 -0.2777777777777777901 3 -0.2222222222222222099 3 
	-0.1666666666666666574 3 -0.1111111111111111049 3 0 3 
	-0.02907370295082152209 1.570796326794896558 
	-0.03864301394680103724 1.573432872228595736 
	-0.0482782761444393721 1.57551311221253787 
	-0.05802678295750829385 1.576730423530436687 
	-0.06290103636404276166 1.577339079189385984 
	-0.06780362437521872399 1.577731744126117164 
	-0.07271739492888765199 1.578020609508574701 
	-0.07763116548255656613 1.578309474891032238 
	-0.08255612348137272849 1.578494488849141231 
	-0.08747077547783599361 1.578707080710904265 
	-0.0923854274742992726 1.578919672572667743 
	-0.0972897679464438947 1.579160018077551575 
	-0.1021971835052651184 1.579353489626231344 
	-0.1071045990640863421 1.579546961174911113 
	-0.1120150915323577384 1.57969345717204801 
	-0.1169253807293911263 1.579821864565379874 
	-0.1365665375175246776 1.580335494138707553 
	-0.1562044467450021956 1.580561555723479783 
	-0.175843021451039111 1.58044781293519554 
	-0.1856623088040575686 1.580390941541053751 
	-0.1954817616122087043 1.580248769554874144 
	-0.2053017882247998582 1.580032586836447761 
	-0.2102118015310954213 1.579924495477234458 
	-0.2151219582762316784 1.579797972061230071 
	-0.2200304330283551213 1.579621769733943193 
	-0.2249389077804785642 1.579445567406656314 
	-0.229845699836039169 1.579219424119514104 
	-0.234757506757778317 1.57902070560840091 
	-0.239669313679517465 1.578821987097287494 
	-0.2445861366596838449 1.578651246400318398 
	-0.2494970993089370426 1.578370191880922313 
	-0.2544080619581902125 1.578089137361526006 
	-0.2593131738948622478 1.577697764214356591 
	-0.2642035926016197411 1.577073134704431112 
	-0.2739844300151346723 1.575823875684580155 
	-0.2837065708992400626 1.573639071024775182 
	-0.2933923104797567794 1.570796326794899445 
	5.714685143691241246e-07 
	torus -35.28073358535478121 6.802760533393593814e-14 92.29343927868961828 -5.464285283729049927e-17 1.44120984663801456e-14 1 -2.25855737004405821 4.337274139784145888 -1 3.552713678800500929e-15 -5.464285283734170127e-17 forward_v I I I I 
	} 0 0 #
tedge-edge $4189 -1 $-1 $3813 -1 $3330 0 $3328 $4190 forward @14 tangent_not_g2 6.804305594227894193e-06 #
pcurve $-1 -1 $-1 0 forward { exppc nubs 3 open 13 
	-1 3 -0.8888888888888888395 3 -0.8333333333333332593 3 -0.7777777777777777901 3 -0.7222222222222222099 3 
	-0.6666666666666666297 3 -0.4444444444444444198 3 -0.3333333333333333148 3 -0.2777777777777777901 3 -0.2222222222222222099 3 
	-0.1666666666666666574 3 -0.1111111111111111049 3 0 3 
	-0.2933923104795029269 -1.570796326794896558 
	-0.2837057464343055724 -1.573639186989533423 
	-0.2739827814962641495 -1.57582407573151384 
	-0.2642011180800044046 -1.577073360889240661 
	-0.2593102863718745321 -1.577698003468104071 
	-0.2544047609410498012 -1.57808937533006044 
	-0.2494933867228068258 -1.578370438608630355 
	-0.2445820125045638505 -1.578651501887200492 
	-0.2396647798860588319 -1.578822261137426075 
	-0.2347525559224138969 -1.579020938503071125 
	-0.2298403319587689342 -1.57921961586871662 
	-0.2249331154355038165 -1.579445659119540268 
	-0.2200242440943629973 -1.579621980078685706 
	-0.2151153727532221782 -1.579798301037831365 
	-0.2102048473824269792 -1.579925158787951256 
	-0.2052943612535988727 -1.580032759210608262 
	-0.1856524167382864465 -1.580463160901235398 
	-0.1660111052617171679 -1.58058523659632999 
	-0.1463712553101845226 -1.580374024457708471 
	-0.1365513303344182139 -1.580268418388397711 
	-0.1267317668872524339 -1.580079352044598151 
	-0.1169105283496372077 -1.579821456261012891 
	-0.1119999090808296016 -1.57969250836922015 
	-0.1070888714121600582 -1.579546298706735907 
	-0.1021810944241544616 -1.579352896006681828 
	-0.09727331743614889281 -1.579159493306627748 
	-0.09236879927545126046 -1.578919000529372729 
	-0.08745345129235246318 -1.578706220251701708 
	-0.0825381033092536659 -1.578493439974030688 
	-0.07761193105017843985 -1.578308196417253617 
	-0.07269744893697026311 -1.578019140977850121 
	-0.06778296682376208637 -1.577730085538446625 
	-0.06288016973130841625 -1.577337270104492761 
	-0.05800699722022827076 -1.576728633052651096 
	-0.04826065219806796591 -1.575511358948967322 
	-0.03863271067077594934 -1.573431829435950835 
	-0.02907370295082158454 -1.570796326794896558 
	3.824299576735424614e-07 
	torus -35.28073358535478121 6.802760533393593814e-14 92.29343927868961828 -5.464285283729049927e-17 1.44120984663801456e-14 1 -2.25855737004405821 4.337274139784145888 -1 3.552713678800500929e-15 -5.464285283734170127e-17 forward_v I I I I 
	} 0 0 #
DXID-attrib $-1 -1 $-1 $3329 $2775 @10 Revit:Edge @8 Edge:308 #
point $-1 -1 $-1 -35.2807335853547599 2.076883792877277646 92.16735642304200837 #
tedge-edge $4191 -1 $-1 $3814 -1 $3331 0 $3821 $4192 forward @14 tangent_not_g2 6.804300984823204625e-06 #
point $-1 -1 $-1 -35.28073358535478121 -2.076883792877118218 92.16735642304185205 #
tcoedge-coedge $-1 -1 $-1 $3824 $3824 $3821 $3831 reversed $3334 $4193 -0 1 #
tcoedge-coedge $-1 -1 $-1 $3336 $3336 $3820 $4182 reversed $2779 $4194 -0 1 #
pcurve $-1 -1 $-1 0 forward { exppc nubs 3 open 13 
	-0 3 0.1111111111111111049 3 0.1666666666666666574 3 0.2222222222222222099 3 0.2777777777777777901 3 
	0.3333333333333333148 3 0.4444444444444444198 3 0.6666666666666666297 3 0.7222222222222222099 3 0.7777777777777777901 3 
	0.8333333333333332593 3 0.8888888888888888395 3 1 3 
	-1.646203070989283646 3.112193537131579646 
	-1.644944162009655875 3.102657929194718278 
	-1.643953417115902704 3.093053395218965829 
	-1.643376836260502571 3.08333070985701152 
	-1.643088545832802172 3.078469367176035032 
	-1.642903796414689754 3.073578479660708851 
	-1.64276893815091829 3.068675953938858836 
	-1.642634079887146825 3.063773428217008821 
	-1.642549112777717424 3.058859259571416356 
	-1.64245158595192331 3.053955875654476682 
	-1.642354059126129195 3.049052491737537007 
	-1.642243972583970368 3.044159892505636567 
	-1.642156790407051536 3.039264051492153396 
	-1.642069608230132705 3.034368210478670225 
	-1.642005330418452758 3.029469128894996643 
	-1.641949718507882627 3.024570469450077681 
	-1.641838494686742589 3.014773150560239756 
	-1.641761934470035378 3.004977517582217761 
	-1.641726257364926944 2.995181572209530962 
	-1.641654903154709411 2.975589681464157366 
	-1.64174708139088632 2.955996546212327214 
	-1.641980721803913745 2.936403089936387545 
	-1.642039131907170546 2.931504725867402072 
	-1.642106383396479075 2.926606340760616654 
	-1.642195870612706887 2.921709649337541403 
	-1.6422853578289347 2.916812957914466153 
	-1.642397080772081575 2.9119179608467336 
	-1.6424960019143795 2.907017942131099097 
	-1.642594923056677425 2.902117923415464595 
	-1.642681042398129065 2.897212882992113325 
	-1.642815894467600346 2.892313772610449085 
	-1.642950746537071627 2.887414662228784845 
	-1.643134331334559883 2.882521479581046098 
	-1.643419343005042776 2.87764308101570343 
	-1.643989366346008119 2.867886283885016763 
	-1.644965097178941793 2.858188608630773064 
	-1.646203070989284312 2.848525756617641402 
	3.534655848628482632e-09 
	cone -28.1231780026467213 -2.269155140667325821 92.2951629513067644 1 -3.552713678800500929e-15 1.74491262210625557e-15 -1.544690693000618126e-14 -4.347917768375160641 0 1 I I 0 1 4.347917768375160641 forward I I I I 
	} 0 0 #
coedge $-1 -1 $-1 $4195 $3339 $4196 $4197 reversed $2784 $-1 #
edge $4198 -1 $-1 $3427 -2.450416259125168139 $4199 -2.263503976356239011 $3339 $4200 forward @7 unknown #
edge $4201 -1 $-1 $3843 -4.638601898939701762 $3407 -3.486268871678388059 $3340 $4202 forward @7 unknown #
coedge $-1 -1 $-1 $3341 $4196 $3441 $3908 forward $2181 $-1 #
coedge $-1 -1 $-1 $3436 $3850 $3341 $3841 reversed $3437 $-1 #
edge $4203 -1 $-1 $3910 0.2147059149876155704 $3844 0.2210950389073847722 $3341 $4204 forward @7 unknown #
DXID-attrib $-1 -1 $-1 $-1 $3343 @10 Revit:Edge @8 Edge:185 #
vertex $-1 -1 $-1 $3846 $4205 #
vertex $-1 -1 $-1 $3343 $4206 #
straight-curve $-1 -1 $-1 -33.97176113449410906 -1.971270024779988583 94.79769500994507325 -3.69288283295011635e-14 1.311975535482942359e-28 12 F -0.2886130299424388146 F -9.324707818374031863e-16 #
edge $4207 -1 $-1 $3848 6.239241982102011086 $3843 9.166926124398823816 $3344 $4208 forward @7 unknown #
DXID-attrib $-1 -1 $-1 $-1 $3346 @10 Revit:Edge @8 Edge:183 #
vertex $-1 -1 $-1 $3346 $4209 #
intcurve-curve $-1 -1 $-1 forward { surfintcur full nubs 3 open 14 
	0 3 1.351759321228520605 2 2.70351864245704121 2 3.379398303071301513 2 4.055277963685561815 2 
	4.731157624299822118 2 5.40703728491408242 2 6.299994369053514731 2 6.746472911123230887 2 7.192951453192946154 2 
	8.085908537332377577 2 8.978865621471809888 2 10.76477978975067273 2 12.55069395802953736 3 
	-34.09636287575604285 -1.996709382013917677 95.23076587608680654 
	-34.19745131453776565 -2.016490551237671625 95.08633853251501478 
	-34.30246911543284227 -2.034898400230111815 94.9348210067038849 
	-34.51131511600077317 -2.067059959431448934 94.62553105685231003 
	-34.61528713733144969 -2.080814873919441865 94.46785589703317498 
	-34.76094370276197054 -2.097381708161463187 94.23091278664212211 
	-34.80763608985870405 -2.102224126846745644 94.15201746091692314 
	-34.89497744548437907 -2.110576003039657866 93.99401360042216425 
	-34.93566790956195689 -2.114087039436620241 93.91492809058237867 
	-35.00702227141675138 -2.119798743950121356 93.7552413318893656 
	-35.03770501643442259 -2.122001225153505199 93.67472537951805123 
	-35.08190683736512483 -2.125033560608098337 93.50944765587067309 
	-35.09523699039178268 -2.12586696798228747 93.42463548215728508 
	-35.09523699039177558 -2.12586696798228747 93.21875139491926632 
	-35.07224865856664309 -2.124438389421624773 93.11045487416011213 
	-35.02033614778537896 -2.120728369670048075 92.95355126707980276 
	-35.00008209682634686 -2.119221906379566089 92.90219805783588924 
	-34.95545546270088266 -2.115686899499521711 92.80040544085899512 
	-34.931074465466871 -2.113657880668476707 92.74996973862742777 
	-34.85338156958916755 -2.106772403518752501 92.59901927211490147 
	-34.79575833403608698 -2.101129795838374115 92.49906701296993106 
	-34.67391815159137991 -2.087629326084658565 92.29837433513748124 
	-34.60962058053136303 -2.079769206685080363 92.19768302620198597 
	-34.41034096257384789 -2.052675986669702191 91.89368631145998734 
	-34.26995210232195177 -2.029968625347856825 91.6897006574364184 
	-33.98943261867346166 -1.976343441731765349 91.28787601828373965 
	-33.84914061304669275 -1.945424240071751187 91.0901499045933889 
	-33.71447368906417097 -1.911979215658983211 90.90126778449406686 
	0.0001071646311064907087 
	
	cone -35.59330115704122477 5.653149536639220152 90.54683155168058306 -3.215343167861849829e-15 1.14231936545005291e-29 1 -7.794944880707883605 2.769320730318683703e-14 -2.506342276604379631e-14 1 I I 0 1 7.794944880707883605 forward I I I I 
	cone -27.8313534573735275 11.83791512547010605 93.33593736396645113 1 -3.552713678800500929e-15 1.74491262210625557e-15 4.960931965119790474e-14 13.96378209345241928 0 1 I I 0 1 13.96378209345241928 forward I I I I 
	nullbs 
	nullbs 
	I I 
	0 
	0 
	0 
	} F 7.972558218764948634 F 8.770007377025601514 #
coedge $-1 -1 $-1 $3840 $3435 $3347 $3851 reversed $3437 $-1 #
edge $4210 -1 $-1 $3844 -0.209554908108765231 $3854 -0.1291431296406341522 $3347 $4211 forward @7 unknown #
coedge $-1 -1 $-1 $3356 $3348 $3435 $3906 forward $3357 $-1 #
DXID-attrib $-1 -1 $-1 $-1 $3349 @10 Revit:Edge @8 Edge:187 #
vertex $-1 -1 $-1 $3851 $4212 #
intcurve-curve $-1 -1 $-1 forward { surfintcur full nubs 3 open 14 
	0 3 1.351759321228526822 2 2.703518642457053645 2 3.379398303071317056 2 4.055277963685580467 2 
	4.731157624299843434 2 5.407037284914107289 2 6.30005058672695295 2 6.746557237633375337 2 7.193063888539798612 2 
	8.086077190352643385 2 8.979090492165489934 2 10.76511709579117948 2 12.5511436994168708 3 
	-34.09636287575603575 -1.996709382013915457 95.23076587608680654 
	-34.19745131453775855 -2.016490551237669404 95.08633853251501478 
	-34.30246911543284938 -2.034898400230111815 94.93482100670389912 
	-34.51131511600078028 -2.067059959431448934 94.62553105685232424 
	-34.61528713733144969 -2.080814873919441865 94.46785589703318919 
	-34.76094370276197054 -2.097381708161463187 94.23091278664213633 
	-34.80763608985868984 -2.102224126846743868 94.15201746091692314 
	-34.89497744548436486 -2.11057600303965609 93.99401360042216425 
	-34.93566790956192847 -2.114087039436618465 93.91492809058236446 
	-35.00702227141672296 -2.119798743950118691 93.7552413318893656 
	-35.03770501643442969 -2.122001225153505199 93.67472537951805123 
	-35.08190683736513904 -2.125033560608098337 93.50944765587067309 
	-35.09523699039178268 -2.12586696798228747 93.42463548215728508 
	-35.09523699039177558 -2.12586696798228747 93.21874401727183113 
	-35.0722458591255446 -2.124438217061458634 93.11044165138565631 
	-35.02032825981726205 -2.120727792087079511 92.95352980753743566 
	-35.00007233400781104 -2.119221166894460051 92.90217395391098876 
	-34.95544178748071573 -2.115685782370908541 92.80037608396835935 
	-34.93105874941466027 -2.113656547695319077 92.74993777472964496 
	-34.85335957469027335 -2.106770334473508033 92.59897939741534856 
	-34.79573198581619664 -2.101127121223741678 92.49902180277361197 
	-34.67388295562808054 -2.087625181188612622 92.2983181719239667 
	-34.60958088082223583 -2.079764196951439104 92.19762125203016012 
	-34.41028754970201931 -2.05266794915182027 91.89360725882768577 
	-34.26988937305772964 -2.029957998821625864 91.6896096311927522 
	-33.98935154886160603 -1.976326578374107301 91.2877610629646199 
	-33.84905051728576098 -1.945403728701763812 91.09002299575411143 
	-33.7143750171104557 -1.911954709434254385 90.90112938866138848 
	0.0001071658393317001924 
	
	cone -35.59330115704122477 5.653149536639220152 90.54683155168058306 -3.215343167861849829e-15 1.14231936545005291e-29 1 -7.794944880707883605 2.769320730318683703e-14 -2.506342276604379631e-14 1 I I 0 1 7.794944880707883605 forward I I I I 
	cone -27.8313534573735275 11.83791512547010605 93.33593736396645113 1 -3.552713678800500929e-15 1.74491262210625557e-15 4.960931965119790474e-14 13.96378209345241928 0 1 I I 0 1 13.96378209345241928 forward I I I I 
	nullbs 
	nullbs 
	I I 
	0 
	0 
	0 
	} F 2.147303802057261457 F 2.917328639376952637 #
point $-1 -1 $-1 -34.75786724411303652 -2.096896648410487174 92.43692057883916391 #
point $-1 -1 $-1 -34.75786724411303652 -2.096896648410487174 94.23495414909370993 #
DXID-attrib $-1 -1 $-1 $-1 $3360 @10 Revit:Edge @8 Edge:170 #
ellipse-curve $-1 -1 $-1 -35.27361812912294425 11.83791512547013092 93.33593736396643692 -1 3.552713678800500929e-15 -1.74491262210625557e-15 4.960931965119790474e-14 13.96378209345241928 0 1 F 3.14398124733676454 F 3.225377208838728471 #
DXID-attrib $-1 -1 $-1 $-1 $3363 @10 Revit:Edge @8 Edge:231 #
straight-curve $-1 -1 $-1 -34.58948903530536967 2.076883792877285195 92.16735642304219311 -12 4.263256414560601115e-14 -2.336870584671244762e-14 F -2.331176954593504613e-15 F 0.05701075781813688681 #
face $4213 -1 $-1 $2899 $3367 $72 $-1 $4214 reversed single #
DXID-attrib $-1 -1 $-1 $-1 $3370 @10 Revit:Edge @8 Edge:232 #
straight-curve $-1 -1 $-1 -34.58948903530523467 2.076883792877266544 94.50451830489089389 12 -4.263256414560601115e-14 1.7526529385030647e-14 F -0.05701075781814807231 F 3.263647736430907011e-15 #
DXID-attrib $-1 -1 $-1 $-1 $3375 @10 Revit:Face @8 Face:233 #
cone-surface $-1 -1 $-1 -28.1231780026467213 -2.269155140667325821 92.2951629513067644 1 -3.552713678800500929e-15 1.74491262210625557e-15 -1.544690693000618126e-14 -4.347917768375160641 0 1 I I 0 1 4.347917768375160641 forward I I I I #
coedge $-1 -1 $-1 $3461 $3377 $3379 $3870 forward $3402 $-1 #
DXID-attrib $-1 -1 $-1 $-1 $3378 @10 Revit:Edge @8 Edge:218 #
straight-curve $-1 -1 $-1 -33.97176113449459223 1.971263408657464522 94.79771337586656443 -3.692832116870401305e-14 1.311957517511928481e-28 12 F -0.2886169936540211034 F 5.915361522280953111e-15 #
edge $4215 -1 $-1 $3381 2.920493688237637109 $3904 2.926885259345271884 $3867 $4216 forward @7 unknown #
point $-1 -1 $-1 -33.97176113449434354 1.971263408657410787 94.79771337586663549 #
edge $4217 -1 $-1 $3399 -76.86641645066310957 $3386 -75.71419536197352329 $3401 $4218 forward @7 unknown #
point $-1 -1 $-1 -33.97176113449446433 1.971263408657439653 91.33430945201830298 #
coedge $-1 -1 $-1 $3389 $3456 $3882 $4219 forward $3402 $-1 #
DXID-attrib $-1 -1 $-1 $-1 $3390 @10 Revit:Edge @8 Edge:222 #
vertex $-1 -1 $-1 $4219 $4220 #
intcurve-curve $-1 -1 $-1 forward { surfintcur full nubs 3 open 6 
	6.653789328799515346 3 7.401632871061895713 2 8.149476413324276081 2 8.897319955586656448 2 9.629395437783287548 2 
	10.36147091997991865 3 
	-32.43057523088970129 1.647907875962888236 91.35060621270436343 
	-32.52977740653157923 1.667245847355108834 91.33110551082035045 
	-32.62846335442497292 1.68677295855544096 91.30136680368194391 
	-32.81782332260701907 1.724750757147618385 91.22262704532717237 
	-32.90864220423503639 1.743228611970182307 91.17356559317967424 
	-33.07668563292833852 1.777804514041887218 91.05999135338039707 
	-33.1539051709284962 1.793898824561415806 90.99547001701860438 
	-33.28921328662180201 1.822340041022401325 90.85907971608740752 
	-33.35220601596476797 1.835714365879939303 90.78281522252247271 
	-33.46344055773838022 1.859495485133698667 90.61658740579068194 
	-33.51168807625496271 1.869900537807496654 90.52662765185692706 
	-33.55048172929447503 1.878301819991841093 90.43271124488079238 
	6.429736653686682823e-05 
	
	cone -32.13522273231166082 -2.974965728756743921 89.84811616821680502 3.552713678800500929e-15 1 -1.382799582304305996e-14 -1.531244406422672899 5.440072948284583628e-15 0 1 I I 0 1 1.531244406422672899 forward I I I I 
	cone -21.88723695316341278 55.73435130195233711 90.54683155168059727 3.215343167861849829e-15 -1.14231936545005291e-29 -1 -55.10449477593753187 1.95770492353864014e-13 -1.771798607962897366e-13 1 I I -0 -1 55.10449477593753187 forward I I I I 
	nullbs 
	nullbs 
	I I 
	0 
	0 
	0 
	} F 8.513436366952918277 F 9.304450258431613108 #
coedge $-1 -1 $-1 $4196 $3391 $3883 $4221 forward $2181 $-1 #
DXID-attrib $-1 -1 $-1 $-1 $3392 @10 Revit:Edge @8 Edge:191 #
vertex $-1 -1 $-1 $3392 $4222 #
intcurve-curve $-1 -1 $-1 forward { surfintcur full nubs 3 open 6 
	13.28978585147865488 3 14.02186113659367628 2 14.75393642170869768 2 15.50178113394333401 2 16.24962584617797035 2 
	16.99747055841260845 3 
	-33.55048178696760885 -1.878309349043832954 90.43271110525870426 
	-33.51168815346535013 -1.869908077133101587 90.52662749119225793 
	-33.46344065976872173 -1.859503016289686617 90.61658722478257744 
	-33.35220618420166971 -1.835721779914578855 90.78281499964589329 
	-33.28921349641463934 -1.822347344710665507 90.85907947160217191 
	-33.15390536461715243 -1.793905730912042085 90.99546985550647094 
	-33.07668575168137437 -1.777811114349516552 91.05999126806433708 
	-32.90864219027755411 -1.743234338577576814 91.17356560766847906 
	-32.81782325112354926 -1.724755914889561703 91.22262708345235183 
	-32.62846321199955213 -1.686776678233066207 91.30136685450456469 
	-32.52977725079758642 -1.667248695868099428 91.33110555098292593 
	-32.43057509164280816 -1.647909715783826057 91.35060624007689967 
	6.429749930971259241e-05 
	
	cone -32.13522273231166082 -2.974965728756743921 89.84811616821680502 3.552713678800500929e-15 1 -1.382799582304305996e-14 -1.531244406422672899 5.440072948284583628e-15 0 1 I I 0 1 1.531244406422672899 forward I I I I 
	cone -21.88162144713802704 -55.76032794043628371 90.54683155168059727 3.215343167861849829e-15 -1.14231936545005291e-29 -1 -55.13106410285956116 1.958648855650564299e-13 -1.772652903000831561e-13 1 I I -0 -1 55.13106410285956116 forward I I I I 
	nullbs 
	nullbs 
	I I 
	0 
	0 
	0 
	} F 14.3468601608826738 F 15.13782110958746863 #
coedge $-1 -1 $-1 $3918 $3393 $3874 $4219 reversed $3884 $-1 #
coedge $-1 -1 $-1 $3393 $4223 $3878 $4221 reversed $3884 $-1 #
loop $-1 -1 $-1 $-1 $4224 $3396 #
DXID-attrib $-1 -1 $-1 $-1 $3394 @10 Revit:Edge @8 Edge:257 #
straight-curve $-1 -1 $-1 -33.11028671264354983 -1.784858461525423268 91.02877685887266068 -4.263256414560601115e-14 -12 1.657072387962065384e-13 F -0.2974758535080047617 F -8.741913579725642299e-16 #
DXID-attrib $-1 -1 $-1 $-1 $3396 @10 Revit:Face @8 Face:258 #
cone-surface $-1 -1 $-1 -31.86832091846558868 -2.974965728756732375 89.10796566851163902 3.552713678800500929e-15 1 -1.382799582304305996e-14 -2.287355386231952448 8.126318768944260454e-15 0 1 I I 0 1 2.287355386231952448 forward I I I I #
point $-1 -1 $-1 -33.61988008326007815 1.893377780914272668 91.03909424406914752 #
point $-1 -1 $-1 -33.6198457432042801 -1.893377780910367569 91.03909424406930384 #
coedge $-1 -1 $-1 $3446 $3914 $4224 $4225 forward $3414 $-1 #
DXID-attrib $-1 -1 $-1 $-1 $3420 @10 Revit:Edge @8 Edge:244 #
straight-curve $-1 -1 $-1 -34.58943342775624785 -2.076883792873290169 92.16735642304233522 12 -4.263256414560601115e-14 1.168340327010075163e-14 F -0.05701539178056174578 F 0 #
DXID-attrib $-1 -1 $-1 $-1 $3421 @10 Revit:Face @8 Face:245 #
face $4226 -1 $-1 $3443 $3437 $72 $-1 $4227 reversed single #
cone-surface $-1 -1 $-1 -27.83135345737356658 2.269155140671280435 92.2951629513067644 1 -3.552713678800500929e-15 1.74491262210625557e-15 1.544690693000618126e-14 4.347917768375160641 0 1 I I 0 1 4.347917768375160641 forward I I I I #
coedge $-1 -1 $-1 $3423 $4228 $3429 $3901 forward $2784 $-1 #
DXID-attrib $-1 -1 $-1 $-1 $3424 @10 Revit:Edge @8 Edge:201 #
intcurve-curve $-1 -1 $-1 reversed { surfintcur full nubs 3 open 3 
	32.50457915146746046 3 34.65554622414614983 2 36.80651329682483208 3 
	-33.00121379248582798 -1.767059535682559357 95.13136838014122532 
	-32.71766007789138797 -1.698734901887371196 95.13976015248691454 
	-32.43122161962284622 -1.647755461227319973 95.14563028771122788 
	-31.85893917708600753 -1.580335990643576549 95.15329510283270054 
	-31.57309476433674078 -1.563899490133606296 95.15508883498138459 
	-31.29081562094059166 -1.563899490133607406 95.15508883498138459 
	4.760312474812652001e-05 
	
	cone -31.29081562094060232 -8.865374298618561966 90.54683155168058306 3.215343167861849829e-15 -1.14231936545005291e-29 -1 -7.301474808484954337 2.59400494275217651e-14 -2.34767471407775045e-14 1 I I 0 1 7.301474808484954337 forward I I I I 
	cone -27.83135345737354882 0.3182195443966545079 78.15331869422722377 1 -3.552713678800500929e-15 1.74491262210625557e-15 6.077140384558017712e-14 17.10562948210855083 0 1 I I 0 1 17.10562948210855083 forward I I I I 
	nullbs 
	nullbs 
	I I 
	0 
	0 
	0 
	} F -34.09015893678888887 F -33.38437612409706645 #
point $-1 -1 $-1 -32.65204487213465256 -1.691910051503772827 95.14042966068841167 #
edge $4229 -1 $-1 $3916 -0.3171695784316680422 $3431 1.958417078154565769e-30 $3897 $4230 forward @14 tangent_not_g2 #
point $-1 -1 $-1 -32.37072410904428921 -1.644201815132097844 95.1460071921326147 #
DXID-attrib $-1 -1 $-1 $-1 $3433 @10 Revit:Edge @8 Edge:236 #
vertex $-1 -1 $-1 $3870 $4231 #
straight-curve $-1 -1 $-1 -33.6278860361848615 1.895123004913436215 95.00907400710028128 12 -4.263256414560601115e-14 2.064298599954837371e-14 F -0.1371443410781796046 F 2.844035884604076385e-14 #
edge $4232 -1 $-1 $3854 -4.255637571011570416e-32 $3439 0.05701539178057760116 $3852 $4233 forward @7 unknown #
point $-1 -1 $-1 -35.2736181291230011 -2.076883792873281287 94.50451830489086547 #
edge $4234 -1 $-1 $4199 -6.645002054354375076 $3910 -4.419285280799920557 $3839 $4235 forward @7 unknown #
DXID-attrib $-1 -1 $-1 $-1 $3442 @10 Revit:Edge @8 Edge:248 #
vertex $-1 -1 $-1 $3908 $4236 #
straight-curve $-1 -1 $-1 -33.6278517516784845 -1.895123004909441411 95.00907400710028128 -12 4.263256414560601115e-14 -2.185682396410957258e-14 F 4.662353909187030723e-16 F 0.1371471981203760127 #
DXID-attrib $-1 -1 $-1 $-1 $3443 @10 Revit:Face @8 Face:249 #
cone-surface $-1 -1 $-1 -27.8313534573735879 -1.674889647354045774 94.89123084981137879 1 -3.552713678800500929e-15 1.74491262210625557e-15 8.873946401114446105e-16 0.2497793856585298344 0 1 I I 0 1 0.2497793856585298344 forward I I I I #
coedge $-1 -1 $-1 $3891 $3445 $4228 $4237 reversed $3414 $-1 #
DXID-attrib $-1 -1 $-1 $-1 $3449 @10 Revit:Edge @8 Edge:204 #
vertex $-1 -1 $-1 $4237 $4238 #
intcurve-curve $-1 -1 $-1 forward { surfintcur full nubs 3 open 3 
	3.594162893779782486 3 5.391244340669674173 2 7.188325787559564972 3 
	-32.7576163298489007 -1.714636194611792064 91.22193824837643206 
	-32.5315017692331665 -1.6660368205929037 91.30699958164204588 
	-32.29392206582387814 -1.628488934189419979 91.36655642861444448 
	-31.81398897517590996 -1.581738611763134239 91.42979211178655419 
	-31.57162745004771054 -1.572560503814197652 91.43342716035101603 
	-31.33689714005752691 -1.576877032441837079 91.41101384296216281 
	0.0001391664375402877488 
	
	cone -31.63890691119281229 -2.97496572875676879 88.24812429971636618 3.552713678800500929e-15 1 -1.382799582304305996e-14 -3.177275588398807304 1.128795044422335289e-14 0 1 I I 0 1 3.177275588398807304 forward I I I I 
	cone -31.45120507843176583 -7.79287607322692466 90.54683155168058306 3.215343167861849829e-15 -1.14231936545005291e-29 -1 -6.217049974048504346 2.208739848458842071e-14 -1.998994915831254911e-14 1 I I -0 -1 6.217049974048504346 forward I I I I 
	nullbs 
	nullbs 
	I I 
	0 
	0 
	0 
	} F 4.595073994900555903 F 5.651820672880845109 #
coedge $-1 -1 $-1 $4224 $3882 $3451 $3919 reversed $3884 $-1 #
edge $4239 -1 $-1 $3921 10.2878275192514721 $3924 10.97973213167592377 $3451 $4240 forward @7 unknown #
DXID-attrib $-1 -1 $-1 $-1 $3452 @10 Revit:Edge @8 Edge:214 #
vertex $-1 -1 $-1 $3452 $4241 #
intcurve-curve $-1 -1 $-1 forward { surfintcur full nubs 3 open 3 
	7.522259204781104103 3 9.408004731375491758 2 11.29375025796987941 3 
	-31.36836509802002126 1.578451668230629767 91.41386075304910719 
	-31.61489887724212267 1.573959787918206343 91.43492937219106409 
	-31.86843339099741002 1.584687503366036143 91.42715956659939991 
	-32.36808824208925728 1.637367213207978844 91.35090405655370205 
	-32.6142195825386807 1.67928591426723206 91.28246746049568117 
	-32.84708551602047777 1.732923967062076853 91.18672679469105447 
	0.0001475869903993379869 
	
	cone -31.63890691119281229 -2.97496572875676879 88.24812429971636618 3.552713678800500929e-15 1 -1.382799582304305996e-14 -3.177275588398807304 1.128795044422335289e-14 0 1 I I 0 1 3.177275588398807304 forward I I I I 
	cone -31.47936812070915025 7.670776660270189673 90.54683155168056885 3.215343167861849829e-15 -1.14231936545005291e-29 -1 -6.093336153510319875 2.164787870210574239e-14 -1.959216677067500737e-14 1 I I -0 -1 6.093336153510319875 forward I I I I 
	nullbs 
	nullbs 
	I I 
	0 
	0 
	0 
	} F 8.984363695655250837 F 10.27084528917449546 #
DXID-attrib $-1 -1 $-1 $-1 $3457 @10 Revit:Edge @8 Edge:216 #
vertex $-1 -1 $-1 $3919 $4242 #
straight-curve $-1 -1 $-1 -32.72687650303616635 1.706510710825970722 95.13900060148640137 -3.270269209078611106e-14 1.161833015245367699e-28 12 F -0.3259102035640791817 F -3.811788107760392525e-30 #
point $-1 -1 $-1 -32.72687650303615214 1.706510710825966948 95.13900060148640137 #
DXID-attrib $-1 -1 $-1 $-1 $3462 @10 Revit:Edge @8 Edge:220 #
intcurve-curve $-1 -1 $-1 reversed { surfintcur full nubs 3 open 17 
	0 3 1.32218308080459046 2 2.644366161609180921 2 3.156885360115598615 2 3.413144959368807463 2 
	3.669404558622015866 2 3.802192098739759274 2 3.868585868798630756 2 3.934979638857502238 2 4.001373408916377272 2 
	4.067767178975251419 2 4.2005547190930006 2 4.456814318346209447 2 4.713073917599418294 2 5.225593116105835101 2 
	6.547776196910419344 2 7.869959277715003587 3 
	-32.22164274451598942 1.607598199156816454 95.13177523760484178 
	-32.39184476049030792 1.640094822337675895 95.14086605388015982 
	-32.57902787970971303 1.67672324156204744 95.14388307784381027 
	-32.95206642006018427 1.751844009313173745 95.13188524444284155 
	-33.13793119381551833 1.790337686588756583 95.11717138966403695 
	-33.37062232986227883 1.8396241055499436 95.0797804655880725 
	-33.4415732932552956 1.854785300889623123 95.06613598550046618 
	-33.54500254790016101 1.877103974827857735 95.03833785671537271 
	-33.57893919114204806 1.884462332193809653 95.02786793429307011 
	-33.64371617133136994 1.898567295010155975 95.00329663101435074 
	-33.67464540554612284 1.905333526948694622 94.98944157688039525 
	-33.7167999038980355 1.91458725662370477 94.96216360936824685 
	-33.73171370948131198 1.917868218131481894 94.95070391058632708 
	-33.74883633394139082 1.921640546988221399 94.93060354104878229 
	-33.75366390170412245 1.922705087391324286 94.92342699884316914 
	-33.76052319020450199 1.924218141186079478 94.9080946133830281 
	-33.76256594344840778 1.924669033016541464 94.89994394299495184 
	-33.76256594344840778 1.924669033016541464 94.88251775662779153 
	-33.76052319020449488 1.924218141186079478 94.87436708623971526 
	-33.75366390170412245 1.922705087391324064 94.85903470077956001 
	-33.7488363339413695 1.921640546988221399 94.85185815857394687 
	-33.73171370948129777 1.917868218131481894 94.83175778903640207 
	-33.7167999038980355 1.91458725662370477 94.8202980902544823 
	-33.67464540554612284 1.905333526948694622 94.79302012274233391 
	-33.64371617133136994 1.898567295010155975 94.77916506860839263 
	-33.57893919114204806 1.884462332193809653 94.75459376532967326 
	-33.5450025479001539 1.877103974827857735 94.74412384290737066 
	-33.44157329325527428 1.854785300889622235 94.71632571412227719 
	-33.37062232986227173 1.839624105549943156 94.70268123403465665 
	-33.13793119381551122 1.790337686588756805 94.66529030995869221 
	-32.95206642006018427 1.751844009313173745 94.65057645517990181 
	-32.57902787970970593 1.676723241562046551 94.6385786217789331 
	-32.39184476049030792 1.640094822337675229 94.64159564574258354 
	-32.22164274451598942 1.60759819915681601 94.65068646201788738 
	0.0001163006224991207127 
	
	cone -28.12317800264671774 1.674889647358000166 94.89123084981137879 1 -3.552713678800500929e-15 1.74491262210625557e-15 -8.873946401114446105e-16 -0.2497793856585298344 0 1 I I 0 1 0.2497793856585298344 forward I I I I 
	cone -21.88723695316341278 55.73435130195233711 90.54683155168059727 3.215343167861849829e-15 -1.14231936545005291e-29 -1 -55.10449477593753187 1.95770492353864014e-13 -1.771798607962897366e-13 1 I I -0 -1 55.10449477593753187 forward I I I I 
	nullbs 
	nullbs 
	I I 
	0 
	0 
	0 
	} F -3.45719958312911535 F -1.230816251897166591 #
DXID-attrib $-1 -1 $-1 $-1 $3468 @10 Revit:Face @7 Face:99 #
face $4243 -1 $-1 $4244 $4245 $73 $-1 $4246 forward single #
loop $-1 -1 $-1 $-1 $4247 $3468 #
cone-surface $-1 -1 $-1 -5.080555177203438966 -2.202231645587725328 94.28522305174945473 3.552713678800500929e-15 1 -1.382799582304305996e-14 -0.9766857938563876518 3.469884979723714664e-15 0 1 I I 0 1 0.9766857938563876518 forward I I I I #
coedge $-1 -1 $-1 $4248 $4249 $4250 $4251 forward $3469 $-1 #
coedge $-1 -1 $-1 $4252 $3471 $4249 $4253 forward $2906 $-1 #
coedge $-1 -1 $-1 $3471 $4252 $3472 $3939 reversed $2906 $-1 #
coedge $-1 -1 $-1 $3474 $4250 $3471 $3937 reversed $3479 $-1 #
edge $4254 -1 $-1 $3941 -4.046961079170482201 $4255 -1.800169298868450785 $3471 $4256 forward @7 unknown #
coedge $-1 -1 $-1 $3473 $3472 $4257 $4258 forward $2275 $-1 #
edge $4259 -1 $-1 $3941 -0.2592730125417488374 $4260 1.602684156283407553e-16 $3472 $4261 forward @7 unknown #
DXID-attrib $-1 -1 $-1 $-1 $3475 @10 Revit:Edge @7 Edge:84 #
vertex $-1 -1 $-1 $3475 $4262 #
ellipse-curve $-1 -1 $-1 -6.38172295810162904 -68.9745558416589688 91.66654054484742176 0.222708803290038726 1.262426338962882037e-14 0.9748850131872572877 1.636187465207884495 67.41014953091973894 -0.3737808535430502399 1 F 4.121549676287068522e-15 F 0.005930763448813750408 #
coedge $-1 -1 $-1 $4257 $3953 $3476 $3944 reversed $4263 $-1 #
edge $4264 -1 $-1 $3946 46.76463821079202177 $3949 48.88007341334588318 $3476 $4265 forward @7 unknown #
DXID-attrib $-1 -1 $-1 $-1 $3477 @10 Revit:Edge @7 Edge:81 #
vertex $-1 -1 $-1 $3477 $4266 #
straight-curve $-1 -1 $-1 -4.745535492894151552 1.564406310739237194 91.29275969130442547 4.263256414560601115e-14 12 -1.660643951503423218e-13 F -0.2607343851232032939 F -8.741913579721851083e-17 #
DXID-attrib $-1 -1 $-1 $-1 $3478 @10 Revit:Edge @7 Edge:76 #
vertex $-1 -1 $-1 $3478 $4267 #
straight-curve $-1 -1 $-1 -3.935666441914452918 1.590213306419652417 90.94578341109196629 4.263256414560601115e-14 12 -1.658827715665750313e-13 F -0.2650355510699400341 F 2.416888089000615089e-30 #
point $-1 -1 $-1 -3.935666441914458691 -1.590213306419627548 90.94578341109200892 #
point $-1 -1 $-1 -4.745535492894014773 -1.564406310739202111 91.29275969130442547 #
coedge $-1 -1 $-1 $3943 $4268 $3484 $3954 reversed $4263 $-1 #
edge $4269 -1 $-1 $3949 7.268771474188485016 $3959 7.459096194325283591 $3484 $4270 forward @7 unknown #
coedge $-1 -1 $-1 $4271 $3485 $4272 $4273 reversed $3479 $-1 #
coedge $-1 -1 $-1 $3513 $3488 $4268 $4274 forward $3514 $-1 #
coedge $-1 -1 $-1 $3488 $3512 $3490 $3961 reversed $3514 $-1 #
DXID-attrib $-1 -1 $-1 $-1 $3489 @10 Revit:Edge @7 Edge:78 #
vertex $-1 -1 $-1 $3954 $4275 #
intcurve-curve $-1 -1 $-1 reversed { surfintcur full nubs 3 open 7 
	4.611721629452640414 3 5.751682024182123598 2 6.89164241891160767 2 8.031602813641091743 2 9.171563208370574927 2 
	10.29984163612272496 2 11.42812006387487678 3 
	-1.429315789805426951 1.917624461131054669 90.96306386871863481 
	-1.558718540120046292 1.886927232245472208 90.89455767943039177 
	-1.69896026520696819 1.855921475551076005 90.83393405625247397 
	-1.993368551449749893 1.796823304503330831 90.73646803491860169 
	-2.147537394695174573 1.768747745204066524 90.69962231086816473 
	-2.46050171786444416 1.718196694676098479 90.65357246988713769 
	-2.619498621268802285 1.695695595562999758 90.64434478121668803 
	-2.932359623500491619 1.657572850864123426 90.65320679062446629 
	-3.086222760825551692 1.641945859554313047 90.67130743267365744 
	-3.377102245144826931 1.617508632197296459 90.7296071970783089 
	-3.52505920856386723 1.60773477608540305 90.7717389212646566 
	-3.816161626416873176 1.593755236324145397 90.88334525704601674 
	-3.959308129120876263 1.589535792716811669 90.95281541043178208 
	-4.095173988108646412 1.587724439556766676 91.03431981837297826 
	7.727441664277668178e-05 
	
	cone -2.699087536516783015 -2.202231645587737319 93.36156184391472834 3.552713678800500929e-15 1 -1.382799582304305996e-14 -2.713874135947693222 9.641617765324259972e-15 0 1 I I 0 1 2.713874135947693222 forward I I I I 
	cone -4.258576968770086069 13.84424426388347129 90.6476877079669805 -3.200379088609883824e-15 1.13700305654514147e-29 1 -12.25760901392284552 4.354777521315201312e-14 -3.922899556451469973e-14 1 I I 0 1 12.25760901392284552 forward I I I I 
	nullbs 
	nullbs 
	I I 
	0 
	0 
	0 
	} F -10.80550206157225013 F -7.845392557700180625 #
edge $4276 -1 $-1 $3492 1.69836831002449995 $3971 1.777191926137466238 $3490 $4277 forward @7 unknown #
point $-1 -1 $-1 -2.699087536516725727 1.686243957546385008 90.6476877079669805 #
coedge $-1 -1 $-1 $3510 $4272 $3495 $3964 forward $3975 $-1 #
edge $4278 -1 $-1 $3966 -10.74545766498857802 $3522 -7.792868197497211824 $3963 $4279 forward @7 unknown #
DXID-attrib $-1 -1 $-1 $-1 $3496 @10 Revit:Edge @8 Edge:134 #
vertex $-1 -1 $-1 $3964 $4280 #
straight-curve $-1 -1 $-1 -3.864432334895533394 -1.592973768714780247 90.91062644561115746 3.627075314833073697e-14 -1.288596008504709437e-28 -12 F -0.4040430002961358236 F 4.079559670538657922e-16 #
DXID-attrib $-1 -1 $-1 $-1 $3501 @10 Revit:Edge @8 Edge:133 #
straight-curve $-1 -1 $-1 -1.746584236618674124 -1.846791565421964876 90.64768770796699471 -3.869611940726399516e-14 1.374762327346843277e-28 12 F 2.272897530728662107e-15 F 0.4475766420366493747 #
DXID-attrib $-1 -1 $-1 $-1 $3504 @10 Revit:Edge @7 Edge:71 #
vertex $-1 -1 $-1 $3961 $4281 #
ellipse-curve $-1 -1 $-1 1.045459777020861347 -7.40397437953543669 90.6476877079669805 3.200379088609883824e-15 -1.13700305654514147e-29 -1 -9.662928145364865884 3.432961699930411429e-14 -3.092503317116560524e-14 1 F 1.277672840935304865 F 1.462391274070946157 #
point $-1 -1 $-1 -1.710743799309479289e-12 2.20223164558835327 90.64768770796699471 #
coedge $-1 -1 $-1 $4282 $3510 $3513 $3978 forward $3975 $-1 #
loop $-1 -1 $-1 $-1 $3963 $4283 #
DXID-attrib $-1 -1 $-1 $-1 $3511 @10 Revit:Edge @8 Edge:117 #
straight-curve $-1 -1 $-1 -2.701248566924717487 1.685966960457286223 96.01860741240673747 4.263256414560601115e-14 12 -1.659489391656867759e-13 F -0.2809944934095442437 F 2.068919547201735423e-15 #
edge $4284 -1 $-1 $3516 -28.68688313368108211 $4285 -25.73429366620727876 $3974 $4286 forward @7 unknown #
point $-1 -1 $-1 -2.70124856692472104 1.685966960457311092 96.01860741240673747 #
DXID-attrib $-1 -1 $-1 $-1 $3518 @10 Revit:Edge @8 Edge:141 #
straight-curve $-1 -1 $-1 -1.746584236618825559 1.846791565421946446 90.64768770796699471 3.423118255258001037e-14 -1.216135904960680505e-28 -12 F -0.4475766420366451559 F 4.662353909187055375e-16 #
DXID-attrib $-1 -1 $-1 $-1 $3519 @10 Revit:Face @8 Face:145 #
cone-surface $-1 -1 $-1 1.045459777020861347 -7.40397437953543669 90.64768770796699471 3.200379088609883824e-15 -1.13700305654514147e-29 -1 -9.662928145364865884 3.432961699930411429e-14 -3.092503317116560524e-14 1 I I 0 1 9.662928145364865884 forward I I I I #
point $-1 -1 $-1 -2.701248566924728145 -1.685966960457244701 96.0186074124067801 #
DXID-attrib $-1 -1 $-1 $-1 $3526 @10 Revit:Face @8 Face:139 #
face $4287 -1 $-1 $4288 $4263 $73 $-1 $4289 reversed single #
cone-surface $-1 -1 $-1 -4.258576968770086069 13.84424426388347129 90.6476877079669805 -3.200379088609883824e-15 1.13700305654514147e-29 1 -12.25760901392284552 4.354777521315201312e-14 -3.922899556451469973e-14 1 I I 0 1 12.25760901392284552 forward I I I I #
DXID-attrib $-1 -1 $-1 $-1 $3529 @10 Revit:Face @8 Face:137 #
loop $-1 -1 $-1 $-1 $4290 $3529 #
cone-surface $-1 -1 $-1 -6.198180913921442325 -1.349024002381013165 90.6476877079669805 3.200379088609883824e-15 -1.13700305654514147e-29 -1 -0.1947550131636706927 6.919087992815444917e-16 -6.232898715309543305e-16 1 I I 0 1 0.1947550131636706927 forward I I I I #
DXID-attrib $-1 -1 $4291 $3534 $2967 @10 Revit:Edge @7 Edge:42 #
DXID-attrib $-1 -1 $-1 $3536 $2330 @10 Revit:Edge @7 Edge:45 #
coedge $-1 -1 $-1 $4292 $4019 $3541 $3594 reversed $3573 $-1 #
coedge $-1 -1 $-1 $4023 $4293 $3542 $3995 reversed $4294 $-1 #
edge $4295 -1 $-1 $3592 6.282562900024721841 $3548 6.283185307179586232 $3542 $4296 forward @7 unknown #
coedge $-1 -1 $-1 $3556 $3543 $4293 $4297 forward $3557 $-1 #
coedge $-1 -1 $-1 $3544 $3561 $4292 $4298 forward $3018 $-1 #
DXID-attrib $-1 -1 $-1 $-1 $3545 @10 Revit:Edge @8 Edge:312 #
straight-curve $-1 -1 $-1 -70.36115811288479449 -0.7487056415761360606 86.10606717046893266 0.7532664668760054028 -0.01370205686264814975 11.97632672748693139 F -0.1226943890541727228 F 1.599823277531603772e-15 #
point $-1 -1 $-1 -70.36115811288479449 -0.7487056415761372818 86.10606717046894687 #
point $-1 -1 $-1 -77.37982092506118192 -12.58104239880283259 86.10606717046897529 #
DXID-attrib $-1 -1 $-1 $3550 $2365 @10 Revit:Edge @8 Edge:294 #
coedge $-1 -1 $-1 $4299 $3551 $3556 $4010 forward $3567 $-1 #
coedge $-1 -1 $-1 $3551 $4299 $3561 $4011 reversed $3567 $-1 #
DXID-attrib $-1 -1 $-1 $-1 $3552 @10 Revit:Edge @8 Edge:327 #
ellipse-curve $-1 -1 $-1 -79.09495127660987634 -0.2352961613712603595 84.63663907952675913 3.27836223788815455e-15 -8.130197704434056283e-29 1 -14.25594541891153 -0.5172336779183536182 4.673615312675414798e-14 1 F -0.0003861774589789563217 F 0.9969662975869658661 #
DXID-attrib $-1 -1 $-1 $-1 $3554 @10 Revit:Face @8 Face:344 #
face $4300 -1 $-1 $3585 $4294 $75 $-1 $4301 forward single #
plane-surface $-1 -1 $-1 -86.39944082012183912 -12.48861991345102318 84.63663907952678755 -2.636763244515231802e-14 -0.9980278389086533197 -0.06277286645775601026 12 -3.147170011312533779e-13 -3.688314658290867652e-14 forward_v I I I I #
edge $4302 -1 $-1 $2999 -3.84031326350991753 $4303 -0.100034154461595387 $4003 $4304 forward @7 unknown #
edge $4305 -1 $-1 $3006 -0.1226943890541740412 $4306 5.62096728992067121e-17 $3561 $4307 forward @7 unknown #
DXID-attrib $-1 -1 $-1 $-1 $3566 @10 Revit:Face @8 Face:329 #
face $4308 -1 $-1 $2397 $3577 $75 $-1 $4309 reversed single #
loop $-1 -1 $-1 $-1 $4310 $3566 #
cone-surface $-1 -1 $-1 -79.09495127660986213 -0.2352961613712523936 86.11031837927114907 2.968975377311904421e-15 -2.800007994285433109e-16 1 -14.23299207394351917 -1.944086075376043832 4.17130573577506151e-14 1 I I -0.8671574603145584259 -0.4980340741563824558 14.36514998339418803 forward I I I I #
DXID-attrib $-1 -1 $-1 $-1 $3572 @10 Revit:Face @8 Face:317 #
cone-surface $-1 -1 $-1 -81.90233752916043386 -0.7415007051264829174 86.19981589325544746 3.180811125478743023e-15 -1.665398434303656839e-16 1 11.0697113697731524 3.586518138950701484 -3.46133629114919623e-14 1 I I -0.3795263897072331249 -0.9251809117766067736 11.63622026996341319 forward I I I I #
coedge $-1 -1 $-1 $3576 $3575 $4311 $4312 reversed $3577 $-1 #
coedge $-1 -1 $-1 $3993 $4313 $3580 $4020 forward $3573 $-1 #
edge $4314 -1 $-1 $3582 3.140856352403280649 $3041 6.283921608366127565 $4019 $4315 forward @7 unknown #
edge $4316 -1 $-1 $4306 -0.007114137583189841449 $3582 -8.406887495541274227e-16 $4313 $4317 forward @7 unknown #
point $-1 -1 $-1 -93.51753643160026286 -0.7500529914057821879 86.14857925849098308 #
coedge $-1 -1 $-1 $4318 $3994 $3584 $4024 forward $4294 $-1 #
edge $4319 -1 $-1 $3592 -0.7571344242999195062 $3587 -6.221338996681091331e-30 $4023 $4320 forward @7 unknown #
DXID-attrib $-1 -1 $-1 $-1 $3585 @10 Revit:Face @8 Face:348 #
plane-surface $-1 -1 $-1 -86.4451440749602682 -12.65506278454476785 86.14857925849095466 -2.579725688858169238e-14 -0.9251809117766067736 -0.3795263897072331249 12 -3.194432843086335765e-13 -3.695198543696294742e-14 forward_v I I I I #
edge $4321 -1 $-1 $4303 6.282563418232387065 $3587 6.283185307179586232 $4322 $4323 forward @7 unknown #
point $-1 -1 $-1 -86.4451440749602682 -12.6550627845447714 86.14857925849095466 #
DXID-attrib $-1 -1 $-1 $-1 $3590 @10 Revit:Edge @8 Edge:304 #
ellipse-curve $-1 -1 $-1 -84.70972378171100559 -0.2352961613711064548 86.14857925849092624 3.27836223788815455e-15 -9.998811973676326876e-29 -1 7.463608596520098892 -12.3519425138303145 2.446841258121013222e-14 1 F 5.291600379037210367 F 6.292342124343440091 #
point $-1 -1 $-1 -77.35953098336123901 -12.65506278454502365 86.14857925849094045 #
DXID-attrib $-1 -1 $-1 $-1 $3594 @10 Revit:Edge @8 Edge:315 #
straight-curve $-1 -1 $-1 -70.28713862672057644 -0.7500529914054309133 86.14857925849091203 10.40456208481701772 -0.1893904656101483008 5.975719126157460259 F -0.007114137583188129277 F 1.101690655548913124e-15 #
coedge $-1 -1 $-1 $3611 $3609 $3621 $4047 forward $3071 $-1 #
coedge $-1 -1 $-1 $3609 $3611 $3620 $4046 forward $3071 $-1 #
coedge $-1 -1 $-1 $3621 $3620 $3610 $4037 reversed $3607 $-1 #
edge $4324 -1 $-1 $4040 1.715367008241906575e-15 $4039 3.141592653589796225 $3610 $4325 forward @7 unknown #
DXID-attrib $-1 -1 $-1 $-1 $3612 @10 Revit:Edge @8 Edge:419 #
vertex $-1 -1 $-1 $3612 $4326 #
vertex $-1 -1 $-1 $3612 $4327 #
ellipse-curve $-1 -1 $-1 -81.88122913574319739 -0.7576933599002950714 84.07348081056908029 1.727558790417912113e-15 -4.283014282991404232e-29 -1 -0.9102154597779100742 2.256632790994801918e-14 -1.572450718713609857e-15 1 F 3.141592653589796225 F 6.283185307179588008 #
DXID-attrib $-1 -1 $-1 $3613 $3076 @10 Revit:Edge @8 Edge:413 #
point $-1 -1 $-1 -81.12173063317301569 -0.7576933599003163877 83.92605123383843591 #
DXID-attrib $-1 -1 $-1 $-1 $3619 @10 Revit:Edge @8 Edge:425 #
ellipse-curve $-1 -1 $-1 -81.88122913574319739 -0.7576933599002950714 84.07348081056908029 1.727558790417912113e-15 -4.283014282991404232e-29 -1 -1.524294257389657625 3.779074907373982701e-14 -2.633307943537046568e-15 1 F 3.141592653589796225 F 6.283185307179588008 #
edge $4328 -1 $-1 $4039 0 $3624 0.0511732331343126845 $4035 $4329 forward @2 g2 #
edge $4330 -1 $-1 $3623 -5.213651995391872638e-30 $4040 0.05117323313431221959 $4034 $4331 forward @2 g2 #
point $-1 -1 $-1 -83.40552339313285302 -0.7576933599002547703 84.07348081056906608 #
point $-1 -1 $-1 -80.35693487835354176 -0.757693359900337926 84.07348081056908029 #
DXID-attrib $-1 -1 $-1 $3626 $3086 @10 Revit:Face @8 Face:197 #
DXID-attrib $-1 -1 $4332 $-1 $3629 @10 Revit:Edge @8 Edge:195 #
straight-curve $-1 -1 $-1 -68.8995682355305803 -0.4375000000018763324 86.73849059906750369 -2.923375827127514415e-13 12 3.654219783909393019e-14 F -1.384136316789884539e-16 F 0.07291666666666207774 #
DXID-attrib $-1 -1 $-1 $3634 $2484 @10 Revit:Edge @8 Edge:188 #
point $-1 -1 $-1 -68.89956823553060872 0.4374999999980686005 86.73849059906751791 #
DXID-attrib $-1 -1 $-1 $-1 $3648 @10 Revit:Face @8 Face:136 #
face $4333 -1 $-1 $3661 $3656 $85 $-1 $4334 forward single #
loop $-1 -1 $-1 $-1 $3685 $3648 #
plane-surface $-1 -1 $-1 -62.77301928238965445 -1.424921035762950705 85.85779262233387499 0.08715464743402374925 -1.402305833718442668e-15 -0.9961947939186648338 0 12 -1.689194734538556679e-14 forward_v I I I I #
coedge $-1 -1 $-1 $4079 $4078 $3651 $4060 reversed $3649 $-1 #
edge $4335 -1 $-1 $4064 5.827054874458175377e-17 $4336 0.04473609806031665637 $3651 $4337 forward @7 unknown #
coedge $-1 -1 $-1 $3685 $3652 $3655 $4066 forward $4057 $-1 #
coedge $-1 -1 $-1 $3652 $3685 $4079 $4338 reversed $4057 $-1 #
DXID-attrib $-1 -1 $-1 $-1 $3653 @10 Revit:Edge @8 Edge:113 #
vertex $-1 -1 $-1 $3653 $4339 #
straight-curve $-1 -1 $-1 -62.65223143995620347 1.414398415283563137 85.86836005541610461 -11.95433752702398245 -1.648176732764526133e-14 -1.045855769208219543 F 2.001141466936396219e-32 F 0.01010410172545321908 #
edge $4340 -1 $-1 $3658 -0.2366099542538761258 $3688 -1.456985596620940322e-17 $4061 $4341 forward @7 unknown #
point $-1 -1 $-1 -62.65223143995620347 1.414398415283562915 85.86836005541610461 #
DXID-attrib $-1 -1 $-1 $-1 $3660 @10 Revit:Edge @8 Edge:139 #
straight-curve $-1 -1 $-1 -62.31084836010865047 -1.424921035762950039 85.86836091874762644 0 -12 1.689194734538556679e-14 F -0.2366099542538761535 F 0 #
DXID-attrib $-1 -1 $-1 $-1 $3661 @10 Revit:Face @8 Face:140 #
plane-surface $-1 -1 $-1 -62.31084836010865047 -1.424921035762950039 85.86836091874762644 0.1564392445347862759 -1.390330554635081181e-15 -0.9876875835857132913 0 12 -1.689194734538556679e-14 forward_v I I I I #
coedge $-1 -1 $-1 $3677 $3676 $3667 $4073 reversed $3117 $-1 #
edge $4342 -1 $-1 $4336 -0 $4075 0.03555921960975692159 $3667 $4343 forward @7 unknown #
DXID-attrib $-1 -1 $-1 $-1 $3669 @10 Revit:Edge @8 Edge:116 #
vertex $-1 -1 $-1 $4073 $4344 #
straight-curve $-1 -1 $-1 -63.1186789736498568 1.414398415283561583 85.08431985961682642 -12 -9.023050520022823781e-15 -5.052908291212780686e-14 F -0 F 0.2768467049877809116 #
point $-1 -1 $-1 -66.44083943350322841 1.414398415283558919 85.08431985961681221 #
coedge $-1 -1 $-1 $4059 $3674 $3677 $4083 reversed $3649 $-1 #
coedge $-1 -1 $-1 $3674 $4059 $4062 $4338 forward $3649 $-1 #
DXID-attrib $-1 -1 $-1 $-1 $3675 @10 Revit:Edge @8 Edge:100 #
vertex $-1 -1 $-1 $3675 $4345 #
straight-curve $-1 -1 $-1 -62.76365084175729692 -1.424921035762951371 85.32104119760219874 -0.2094156852868533369 1.4890297626694236e-14 11.99817257213596733 F 0 F 0.04473609806031665637 #
edge $4346 -1 $-1 $4336 -0.2366099542538761535 $3679 0 $3677 $4347 forward @7 unknown #
point $-1 -1 $-1 -62.76365084175729692 -1.424921035762951371 85.32104119760219874 #
DXID-attrib $-1 -1 $-1 $-1 $3681 @10 Revit:Edge @8 Edge:131 #
straight-curve $-1 -1 $-1 -63.1186789736498568 -1.424921035762952037 85.08431985961682642 0 -12 1.689194734538556679e-14 F -0.2366099542538761535 F 8.203774660368700103e-32 #
DXID-attrib $-1 -1 $-1 $-1 $3686 @10 Revit:Edge @8 Edge:101 #
straight-curve $-1 -1 $-1 -62.77301928238965445 -1.424921035762950705 85.85779262233387499 11.95433752702398245 1.648176732764526133e-14 1.045855769208219543 F 0 F 0.01010410172545320867 #
point $-1 -1 $-1 -62.65223143995620347 -1.424921035762950261 85.86836005541610461 #
edge $4348 -1 $-1 $4094 0.004688005544315443709 $3712 0.5725363352856999155 $3709 $4349 forward @7 unknown #
tcoedge-coedge $-1 -1 $-1 $3698 $3698 $3700 $4096 forward $4092 $4350 0.02095053352198191637 0.04189733433979133531 #
loop $-1 -1 $-1 $-1 $3698 $3716 #
DXID-attrib $-1 -1 $-1 $-1 $3699 @10 Revit:Edge @7 Edge:82 #
tvertex-vertex $-1 -1 $-1 $4090 $4351 0.007063139472669307736 #
straight-curve $-1 -1 $-1 -34.34075260162208565 0.01406443258675317033 87.38832596403750586 1.942610987148072392e-14 0 12 F 7.579602631100218547e-06 F 0.2228808047067314668 #
tedge-edge $4352 -1 $-1 $3703 0.02095053351922849388 $4094 0.04189733433979143246 $4091 $4353 forward @14 tangent_not_g2 6.592226596575221265e-05 #
pcurve $-1 -1 $-1 0 forward { exppc nubs 3 open 2 
	-0.04189733433979143246 3 -3.883313103403454858e-06 3 
	-0.7828944611996803138 0.009377486136729167032 
	-1.377368891893995695 -0.003075577754290828927 
	-1.972104204070547429 -0.003075622569583697993 
	-2.56657863664063246 0.00937735182424738814 
	1.357975420965777805e-06 
	cone -35.84000015258645533 0.01406443258676520237 86.2148115978874614 0 0 -1 1.499247550964363018 0 0 1 I I 0 1 1.499247550964363018 forward I I I I 
	} 0 0 #
point $-1 -1 $-1 -34.34075260162208565 0.01400931033306042697 88.725661073748185 #
DXID-attrib $-1 -1 $-1 $-1 $3708 @10 Revit:Edge @7 Edge:78 #
ellipse-curve $-1 -1 $-1 -35.85572075152111182 0.00196512422550286156 85.14229331645725551 0.8290375725550414021 7.789623576197411868e-15 -0.5591929034707473489 1.515016464752539482 0 2.246104277296269824 0.5591929034707473489 F -0.56952440944587579 F -0.003346439987440825818 #
point $-1 -1 $-1 -34.57983823698159398 -0.798176397174793939 87.03386693292141274 #
DXID-attrib $-1 -1 $-1 $-1 $3716 @10 Revit:Face @7 Face:81 #
plane-surface $-1 -1 $-1 -34.34075260162208565 -1.495794101253432373 87.38832596403747743 1 2.255066819063026726e-29 -1.618842489290060721e-15 0 12 1.671614255728101354e-13 forward_v I I I I #
DXID-attrib $-1 -1 $-1 $-1 $3721 @10 Revit:Face @7 Face:57 #
face $4354 -1 $-1 $4355 $4356 $66 $-1 $4357 reversed single #
loop $-1 -1 $-1 $-1 $4358 $3721 #
plane-surface $-1 -1 $-1 3.945708343389043311e-12 -5.309950396048435668e-12 119.9999999999978257 -1.027528214424255746e-14 1.382799582304305996e-14 -1 -12 -1.705038702854100159e-27 1.233033857309106832e-13 forward_v I I I I #
coedge $-1 -1 $-1 $4110 $4110 $3724 $4109 reversed $3722 $-1 #
edge $4359 -1 $-1 $4113 -0.1975778784139276267 $4114 0.1975778784139212152 $3724 $4360 forward @2 g2 #
coedge $-1 -1 $-1 $4108 $4108 $3725 $4111 reversed $3722 $-1 #
edge $4361 -1 $-1 $4114 1.597950515322071958e-15 $4113 3.141592653589796225 $3725 $4362 forward @14 tangent_not_g2 #
DXID-attrib $-1 -1 $-1 $-1 $3727 @10 Revit:Edge @7 Edge:48 #
vertex $-1 -1 $-1 $3727 $4363 #
vertex $-1 -1 $-1 $3727 $4364 #
ellipse-curve $-1 -1 $-1 3.874234266731945456e-12 -5.213740791515925126e-12 113.0424042815940027 1.027528214424255746e-14 -1.382799582304305839e-14 1 -2.370934540967092552 -3.368779295235427664e-28 2.436202135396709349e-14 1 F 3.141592653589796225 F 6.283185307179588008 #
DXID-attrib $-1 -1 $-1 $3728 $3217 @10 Revit:Edge @7 Edge:42 #
point $-1 -1 $-1 2.456566488274408044 -5.206987524401837744e-12 113.128036228897372 #
coedge $-1 -1 $-1 $3734 $3733 $4365 $4366 reversed $3735 $-1 #
face $4367 -1 $-1 $3741 $3735 $66 $-1 $4368 reversed single #
coedge $-1 -1 $-1 $4365 $4365 $3738 $4121 forward $4369 $-1 #
edge $4370 -1 $-1 $4126 1.643138953967699483e-15 $4123 3.141592653589796225 $4120 $4371 forward @7 unknown #
no_merge_attribute-st-attrib $-1 -1 $4372 $-1 $3739 #
vertex $-1 -1 $-1 $4366 $4373 #
straight-curve $-1 -1 $-1 12.87155207905250442 -5.216704106901609431e-12 116.2643062988848328 12 3.877306978639621161e-14 0 F 5.59482469102441044e-15 F 0.01070399341292626455 #
no_merge_attribute-st-attrib $-1 -1 $4374 $-1 $3740 #
vertex $-1 -1 $-1 $4366 $4375 #
straight-curve $-1 -1 $-1 -12.99999999999980993 -5.258293239153280856e-12 116.2643062988851028 12 0 0 F 2.331176954593504514e-16 F 0.01070399341292113671 #
DXID-attrib $-1 -1 $-1 $-1 $3741 @10 Revit:Face @7 Face:73 #
plane-surface $-1 -1 $-1 3.907323036605638924e-12 -5.258293239153278433e-12 116.2643062988849749 -1.027528214424255746e-14 1.382799582304305996e-14 -1 -12 -1.705038702854100159e-27 1.233033857309106832e-13 forward_v I I I I #
DXID-attrib $-1 -1 $-1 $-1 $3745 @10 Revit:Face @7 Face:83 #
face $4376 -1 $-1 $4144 $4139 $67 $-1 $4377 forward single #
loop $-1 -1 $-1 $-1 $4156 $3745 #
plane-surface $-1 -1 $-1 4.822994828220648067 -3.067172884941069544 120.2438917454123271 0.8655815340804298152 -0.5007680180073104115 -0 0 0 -12 forward_v I I I I #
coedge $-1 -1 $-1 $3764 $3748 $4378 $4379 forward $207 $-1 #
coedge $-1 -1 $-1 $4380 $4381 $3748 $4136 reversed $4132 $-1 #
edge $4382 -1 $-1 $4141 4.509399406995152073e-16 $4383 0.249833862747224883 $3748 $4384 forward @7 unknown #
coedge $-1 -1 $-1 $3783 $3749 $3752 $4143 forward $4139 $-1 #
coedge $-1 -1 $-1 $3749 $3783 $4380 $4385 reversed $4139 $-1 #
loop $-1 -1 $-1 $-1 $3783 $4131 #
DXID-attrib $-1 -1 $-1 $-1 $3750 @10 Revit:Edge @7 Edge:56 #
vertex $-1 -1 $-1 $3750 $4386 #
ellipse-curve $-1 -1 $-1 5.504069942992785514 0.003754002322525855188 119.6534908707976115 0 0 -1 1.684513288215350539e-15 0.9482966771384127025 0 1 F 1.045053619783057552 F 2.096539033806656072 #
edge $4387 -1 $-1 $3755 -0.04920007288455963135 $3786 0 $4137 $4388 forward @14 tangent_not_g2 #
face $4389 -1 $-1 $3758 $3753 $67 $-1 $4390 forward single #
point $-1 -1 $-1 6.32430052756907024 0.4796619514024005881 119.6534908707976115 #
DXID-attrib $-1 -1 $-1 $-1 $3757 @10 Revit:Edge @7 Edge:88 #
straight-curve $-1 -1 $-1 4.822994828220658725 3.067172527313266173 120.2438917454123271 0 0 12 F -0.04920007288455963135 F 0 #
DXID-attrib $-1 -1 $-1 $-1 $3758 @10 Revit:Face @7 Face:89 #
plane-surface $-1 -1 $-1 4.822994828220658725 3.067172527313266173 120.2438917454123271 0.8655544458033834765 0.5008148373900256356 0 0 0 -12 forward_v I I I I #
coedge $-1 -1 $-1 $3775 $3774 $3764 $4151 reversed $3234 $-1 #
edge $4391 -1 $-1 $4392 2.095336179948567246 $4153 3.141592653589792228 $3764 $4393 forward @7 unknown #
DXID-attrib $-1 -1 $-1 $-1 $3766 @10 Revit:Edge @7 Edge:60 #
vertex $-1 -1 $-1 $4151 $4394 #
straight-curve $-1 -1 $-1 2.74224648256861725 -5.712791919708272381 119.6534908707976115 -12 1.462916797981159047e-13 0 F 5.536545267159573653e-16 F 0.4583902841147342588 #
point $-1 -1 $-1 -2.758436926808193412 -5.712791919708207544 119.6534908707976115 #
coedge $-1 -1 $-1 $4381 $4380 $3771 $4157 reversed $4132 $-1 #
edge $4395 -1 $-1 $4161 2.918447157940254931e-17 $4168 0.2498338627472244666 $3771 $4396 forward @7 unknown #
coedge $-1 -1 $-1 $4378 $3772 $3775 $4163 reversed $3746 $-1 #
coedge $-1 -1 $-1 $3772 $4378 $4381 $4397 forward $3746 $-1 #
DXID-attrib $-1 -1 $-1 $-1 $3773 @10 Revit:Edge @7 Edge:40 #
vertex $-1 -1 $-1 $3773 $4398 #
straight-curve $-1 -1 $-1 3.567661643024744311 -5.236755967140119594 120.2438917454123271 6.009777306514279438 10.38665377906214538 0 F -2.12568199289711816e-17 F 0.2088818139459493461 #
edge $4399 -1 $-1 $4392 -0.04920007288455963135 $3777 0 $3775 $4400 forward @14 tangent_not_g2 #
point $-1 -1 $-1 3.567661643024745199 -5.236755967140120482 120.2438917454123271 #
DXID-attrib $-1 -1 $-1 $-1 $3779 @10 Revit:Edge @7 Edge:78 #
straight-curve $-1 -1 $-1 2.742246482568604371 -5.712791919708271493 120.2438917454123271 0 0 12 F -0.04920007288455963135 F 0 #
DXID-attrib $-1 -1 $-1 $-1 $3784 @10 Revit:Edge @7 Edge:42 #
vertex $-1 -1 $-1 $4157 $4401 #
ellipse-curve $-1 -1 $-1 5.504069942992785514 0.003754002322525855188 120.2438917454123271 0 0 1 1.684513288215350539e-15 0.9482966771384127025 0 1 F 4.18664627337293016 F 5.238131687396528235 #
point $-1 -1 $-1 6.32430052756907024 0.4796619514024005881 120.2438917454123271 #
no_merge_attribute-st-attrib $-1 -1 $4402 $3789 $3280 #
point $-1 -1 $-1 -31.951828956601247 -0.8615939903868224947 95.21821248242065394 #
DXID-attrib $-1 -1 $-1 $-1 $3804 @10 Revit:Edge @8 Edge:354 #
ellipse-curve $-1 -1 $-1 1247.890443686766957 -0.3182195443972335447 78.15331869422945488 0.01333240620114979277 1.372733862300340466e-14 0.9999111195225741655 1282.897390578769318 -4.557767108006662647e-12 -17.10562948210631262 0.01333240620115153617 F 3.052371532596022785 F 3.072565613513098093 #
DXID-attrib $-1 -1 $4403 $-1 $3811 @10 Revit:Edge @8 Edge:299 #
ellipse-curve $-1 -1 $-1 -35.28073358535478121 5.65529695691883975e-14 91.039094244069247 -4.912690991092002587e-29 -1.382799582304270971e-14 -1 -1.893377780914291986 6.726629141391143156e-15 0 1 F -1.570796326794896558 F 1.570796326794902553 #
DXID-attrib $-1 -1 $-1 $3812 $3320 @10 Revit:Edge @8 Edge:298 #
point $-1 -1 $-1 -35.2807335853547599 1.893377780914348163 91.03909424406921858 #
point $-1 -1 $-1 -35.28073358535478121 -1.893377780913911179 91.03909424406819539 #
DXID-attrib $-1 -1 $4404 $3816 $3321 @10 Revit:Edge @8 Edge:294 #
point $-1 -1 $-1 -35.28073358533961112 -1.765235479450400824 90.56086066440741433 #
tedge-edge $4405 -1 $-1 $3330 -1 $3813 0 $3820 $4406 forward @14 tangent_not_g2 6.803898624323283118e-06 #
pcurve $-1 -1 $-1 0 forward { exppc nubs 3 open 13 
	-1 3 -0.8888888888888888395 3 -0.8333333333333332593 3 -0.7777777777777777901 3 -0.7222222222222222099 3 
	-0.6666666666666666297 3 -0.4444444444444444198 3 -0.3333333333333333148 3 -0.2777777777777777901 3 -0.2222222222222222099 3 
	-0.1666666666666666574 3 -0.1111111111111111049 3 0 3 
	-0.02907370295082142148 -1.570796326794896558 
	-0.03864292182262840658 -1.568159790852059032 
	-0.0482781185390086312 -1.566079557282654022 
	-0.05802660600368408916 -1.564862246379948196 
	-0.06290084973602182161 -1.564253590928595283 
	-0.06780343960854477714 -1.56386092469268756 
	-0.07271721648072215771 -1.563572057509964974 
	-0.07763099335289951053 -1.563283190327242389 
	-0.08255596212929183775 -1.563098174067243384 
	-0.0874706203994677356 -1.562885580814839859 
	-0.09238527866964364732 -1.562672987562436333 
	-0.09728962091168473492 -1.562432641580947967 
	-0.1021970394040611629 -1.562239169496508095 
	-0.1071044578964376048 -1.562045697412068224 
	-0.112014954461416405 -1.561899200818646749 
	-0.1169252476198564539 -1.561770792890218917 
	-0.1365664202536166494 -1.561257161176506925 
	-0.1562043431664286164 -1.561031098433766529 
	-0.1758429323329873672 -1.561144840362853614 
	-0.1856622269162667427 -1.561201711327397268 
	-0.1954816871473572248 -1.56134388295831239 
	-0.2053017211119901875 -1.561560065404554276 
	-0.2102117380943066272 -1.561668156627674886 
	-0.2151218984978187365 -1.561794679928335983 
	-0.2200303769193232561 -1.561970882168697727 
	-0.2249388553408277758 -1.562147084409059472 
	-0.2298456510767623862 -1.562373227637887663 
	-0.2347574616529229941 -1.562571946097642606 
	-0.239669272229083602 -1.562770664557397549 
	-0.2445860988377189238 -1.562941405209482104 
	-0.249497065140195956 -1.56322245973077445 
	-0.2544080314426729883 -1.563503514252066795 
	-0.2593131470573210584 -1.563894887447853543 
	-0.2642035695051533351 -1.564519517091418566 
	-0.2739844144008177218 -1.565768776378548388 
	-0.2837065630195521049 -1.56795358164716192 
	-0.2933923104795029269 -1.570796326794896558 
	5.714685477465168093e-07 
	torus -35.28073358535478121 6.802760533393593814e-14 92.29343927868961828 -5.464285283729049927e-17 1.44120984663801456e-14 1 -2.25855737004405821 4.337274139784145888 -1 3.552713678800500929e-15 -5.464285283734170127e-17 forward_v I I I I 
	} 0 0 #
pcurve $-1 -1 $-1 0 forward { exppc nubs 3 open 13 
	-1 3 -0.8888888888888888395 3 -0.8333333333333332593 3 -0.7777777777777777901 3 -0.7222222222222222099 3 
	-0.6666666666666666297 3 -0.4444444444444444198 3 -0.3333333333333333148 3 -0.2777777777777777901 3 -0.2222222222222222099 3 
	-0.1666666666666666574 3 -0.1111111111111111049 3 0 3 
	-0.2933923104797567794 1.570796326794896558 
	-0.283705755629171219 1.567953467703357973 
	-0.273982799741755545 1.565768579694242657 
	-0.2642011451247248122 1.564519294855759135 
	-0.2593103178162094458 1.563894652436517374 
	-0.2544047967221786388 1.563503280631217462 
	-0.2494934268160197144 1.563222217353259946 
	-0.2445820569098608177 1.562941154075302652 
	-0.2396648285787294497 1.562770394769571691 
	-0.2347526089284826534 1.562571717342318145 
	-0.2298403892782358571 1.562373039915064821 
	-0.2249331770943942266 1.562146996595962456 
	-0.2200243100809962105 1.561970675534074093 
	-0.2151154430675982221 1.561794354472185953 
	-0.2102049220128500151 1.561667496585113168 
	-0.2052944402202969976 1.561559896003118064 
	-0.1856525130500849274 1.561129493675137869 
	-0.1660112192444563317 1.561007416985276341 
	-0.146371386186147201 1.561218627564345374 
	-0.1365514696569926356 1.56132423285387989 
	-0.1267319144611560033 1.561513298275862827 
	-0.1169106851662988222 1.561771192810202269 
	-0.1120000705188702456 1.56190014007737199 
	-0.1070890377197437487 1.562046349033686443 
	-0.102181264206635411 1.562239751101223817 
	-0.0972734906935270871 1.562433153168761413 
	-0.09236897461246180996 1.562673645385511678 
	-0.08745363402357692051 1.562886424026269649 
	-0.08253829343469203106 1.563099202667027621 
	-0.07761213388447188444 1.563284443513766497 
	-0.07269765922297831418 1.563573496833300824 
	-0.06778318456148474391 1.563862550152835151 
	-0.06288038966585157707 1.564255364056455821 
	-0.05800720575611822277 1.564864001350491529 
	-0.04826083793665150029 1.566081275938562944 
	-0.03863281924108712823 1.568160812993415032 
	-0.02907370295082152209 1.570796326794896558 
	3.824253533312499637e-07 
	torus -35.28073358535478121 6.802760533393593814e-14 92.29343927868961828 -5.464285283729049927e-17 1.44120984663801456e-14 1 -2.25855737004405821 4.337274139784145888 -1 3.552713678800500929e-15 -5.464285283734170127e-17 forward_v I I I I 
	} 0 0 #
DXID-attrib $-1 -1 $-1 $3822 $3326 @10 Revit:Edge @8 Edge:311 #
pcurve $-1 -1 $-1 0 forward { exppc nubs 3 open 13 
	-0 3 0.1111111111111111049 3 0.1666666666666666574 3 0.2222222222222222099 3 0.2777777777777777901 3 
	0.3333333333333333148 3 0.4444444444444444198 3 0.6666666666666666297 3 0.7222222222222222099 3 0.7777777777777777901 3 
	0.8333333333333332593 3 0.8888888888888888395 3 1 3 
	-1.713321301098360339 -2.848525756617660054 
	-1.712083377786928873 -2.858187786184334556 
	-1.71110768663151025 -2.86788463952308792 
	-1.710537677466928308 -2.877640612719578606 
	-1.71025267288463767 -2.882518599317823949 
	-1.710069088800054038 -2.887411369490779034 
	-1.709934241838450664 -2.89231006932364032 
	-1.709799394876847289 -2.897208769156501607 
	-1.709713285038222841 -2.902113400963580503 
	-1.709614346441218347 -2.907013003625293024 
	-1.709515407844213852 -2.911912606287005545 
	-1.709403640488826426 -2.916807179839911779 
	-1.709314208116112788 -2.921703475749322099 
	-1.70922477574339915 -2.926599771658732418 
	-1.709157678353355747 -2.931497789327927261 
	-1.709099044659765587 -2.93639568130794526 
	-1.708981777272585267 -2.946191465267981258 
	-1.708898364671213033 -2.955986748172027223 
	-1.708855512584116498 -2.965781939690415037 
	-1.708769808409922986 -2.985372322727190664 
	-1.708846346292833385 -3.004962333540891706 
	-1.709067771795737212 -3.024555653234344721 
	-1.709123128171463168 -3.029453983157707864 
	-1.709187540023439533 -3.034352521043425455 
	-1.709274753819069792 -3.039248001557320666 
	-1.709361967614700051 -3.044143482071215878 
	-1.709471983353984648 -3.049035904006859532 
	-1.709569419914759525 -3.053938593600248108 
	-1.709666856475534402 -3.058841283193636684 
	-1.709751713857799338 -3.063754240506656679 
	-1.709886480487224247 -3.068656056399646559 
	-1.710021247116649601 -3.073557872292637327 
	-1.710205922993234928 -3.078448551265912769 
	-1.710494220161872914 -3.083310972262009564 
	-1.711070814499148884 -3.093035814254202265 
	-1.712061894004634821 -3.102647651140440832 
	-1.713321301098359672 -3.11219353713161917 
	3.383716591643286811e-09 
	cone -27.83135345737356658 2.269155140671280435 92.2951629513067644 1 -3.552713678800500929e-15 1.74491262210625557e-15 1.544690693000618126e-14 4.347917768375160641 0 1 I I 0 1 4.347917768375160641 forward I I I I 
	} 0 0 #
DXID-attrib $-1 -1 $-1 $-1 $3825 @10 Revit:Edge @8 Edge:309 #
intcurve-curve $-1 -1 $-1 forward { exactcur full nubs 3 open 13 
	-1 3 -0.8888888888888888395 1 -0.8333333333333332593 1 -0.7777777777777777901 1 -0.7222222222222222099 1 
	-0.6666666666666666297 1 -0.4444444444444444198 1 -0.3333333333333333148 1 -0.2777777777777777901 1 -0.2222222222222222099 1 
	-0.1666666666666666574 1 -0.1111111111111111049 1 0 3 
	-35.28073358535478121 -2.076883792873284396 92.16735642304219311 
	-35.27525778687436286 -2.075663766325542614 92.12586963086936009 
	-35.26879408858670217 -2.072933813997898334 92.06323530863407711 
	-35.26558226648591443 -2.067363327973612108 91.97835855820630968 
	-35.26447540772552713 -2.062222547337371648 91.91447995460791276 
	-35.26304038956261877 -2.056168187218879062 91.85095051484175599 
	-35.26136004494842524 -2.042179478016503236 91.72392436936367233 
	-35.26077767921157147 -2.020421088078343974 91.57639834140702817 
	-35.26204702817221914 -1.992192980938809255 91.4300173594882466 
	-35.26321396390972041 -1.974222717861298992 91.3467473426789951 
	-35.26467182972094605 -1.95983979130899888 91.28454317368398563 
	-35.26579502521310161 -1.944512668717787385 91.22242976282787197 
	-35.26898785922649182 -1.922911378824771589 91.14012139261046741 
	-35.27535119659312102 -1.90551395389747702 91.07931276022989664 
	-35.28073358535478121 -1.893377780910374453 91.03909424406931805 
	0 
	
	null_surface 
	null_surface 
	nullbs 
	nullbs 
	I I 
	0 
	0 
	11 -0.8888888888888888395 -0.8333333333333332593 -0.7777777777777777901 -0.7222222222222222099 -0.6666666666666666297 -0.4444444444444444198 -0.3333333333333333148 -0.2777777777777777901 -0.2222222222222222099 -0.1666666666666666574 -0.1111111111111111049 
	F 1 F 0 } F -1 F 0 #
DXID-attrib $-1 -1 $-1 $-1 $3827 @10 Revit:Edge @8 Edge:313 #
intcurve-curve $-1 -1 $-1 forward { exactcur full nubs 3 open 13 
	-1 3 -0.8888888888888888395 1 -0.8333333333333332593 1 -0.7777777777777777901 1 -0.7222222222222222099 1 
	-0.6666666666666666297 1 -0.4444444444444444198 1 -0.3333333333333333148 1 -0.2777777777777777901 1 -0.2222222222222222099 1 
	-0.1666666666666666574 1 -0.1111111111111111049 1 0 3 
	-35.28073358535477411 1.893377780914356379 91.039094244069247 
	-35.27535097702800471 1.905514986950717526 91.07931618369028115 
	-35.2689873808894987 1.922913812610814732 91.14012999261078107 
	-35.26579453447746459 1.944516667853904979 91.22244536913993329 
	-35.26467121503277014 1.959844803908490585 91.28456402018804283 
	-35.26321392852386083 1.974228613303465218 91.34677365525783443 
	-35.26145950485193481 2.001185285839608863 91.47168821312568809 
	-35.26075813391781111 2.027269330901013245 91.61853529533830454 
	-35.26192320526079982 2.046849864334431501 91.76632708869003352 
	-35.26304110381884982 2.056175419764356693 91.85102072584311372 
	-35.26447704551699047 2.062228970484029755 91.91455256692853482 
	-35.26558533553144059 2.067369866855620408 91.97844701309945492 
	-35.26879843664225689 2.072938624189321288 92.06332751113777135 
	-35.27525995263348335 2.075665079931980461 92.12591429969340595 
	-35.28073358535477411 2.076883792877284751 92.16735642304202258 
	0 
	
	null_surface 
	null_surface 
	nullbs 
	nullbs 
	I I 
	0 
	0 
	11 -0.8888888888888888395 -0.8333333333333332593 -0.7777777777777777901 -0.7222222222222222099 -0.6666666666666666297 -0.4444444444444444198 -0.3333333333333333148 -0.2777777777777777901 -0.2222222222222222099 -0.1666666666666666574 -0.1111111111111111049 
	F 1 F 0 } F -1 F 0 #
DXID-attrib $-1 -1 $-1 $-1 $3831 @10 Revit:Edge @8 Edge:305 #
intcurve-curve $-1 -1 $-1 forward { exactcur full nubs 3 open 13 
	-1 3 -0.8888888888888888395 1 -0.8333333333333332593 1 -0.7777777777777777901 1 -0.7222222222222222099 1 
	-0.6666666666666666297 1 -0.4444444444444444198 1 -0.3333333333333333148 1 -0.2777777777777777901 1 -0.2222222222222222099 1 
	-0.1666666666666666574 1 -0.1111111111111111049 1 0 3 
	-35.28073358535478121 -1.893377780910374453 91.03909424406931805 
	-35.28611619159295998 -1.905514975425931512 91.07931614551112887 
	-35.29247978544244546 -1.922913785744500448 91.14012989756392358 
	-35.29567263118060083 -1.944516624657596005 91.22244520058728767 
	-35.29679595080413179 -1.959844750227884624 91.2845637967576522 
	-35.29825323756735145 -1.974228550596190068 91.34677337595589108 
	-35.30000766263074041 -2.001185208440753538 91.47168782207620552 
	-35.30070903694092976 -2.027269245644706785 91.61853476928693851 
	-35.29954397233223773 -2.046849783515834353 91.76632643563881686 
	-35.29842607971382051 -2.05617534378451694 91.85101998726115369 
	-35.29699014163665538 -2.062228902645326212 91.91455180037857531 
	-35.29588186850354248 -2.067369797950355359 91.97844608072227857 
	-35.29266878041364208 -2.072938573492667302 92.06332653938240185 
	-35.28620724125497787 -2.07566506608595569 92.12591382899788073 
	-35.28073358535478121 -2.076883792873284396 92.16735642304219311 
	0 
	
	null_surface 
	null_surface 
	nullbs 
	nullbs 
	I I 
	0 
	0 
	11 -0.8888888888888888395 -0.8333333333333332593 -0.7777777777777777901 -0.7222222222222222099 -0.6666666666666666297 -0.4444444444444444198 -0.3333333333333333148 -0.2777777777777777901 -0.2222222222222222099 -0.1666666666666666574 -0.1111111111111111049 
	F 1 F 0 } F -1 F 0 #
pcurve $-1 -1 $-1 0 forward { exppc nubs 3 open 13 
	-0 3 0.1111111111111111049 3 0.1666666666666666574 3 0.2222222222222222099 3 0.2777777777777777901 3 
	0.3333333333333333148 3 0.4444444444444444198 3 0.6666666666666666297 3 0.7222222222222222099 3 0.7777777777777777901 3 
	0.8333333333333332593 3 0.8888888888888888395 3 1 3 
	-1.713321301098359672 -3.11219353713161917 
	-1.714580215409022168 -3.102657820890227569 
	-1.715570963855043818 -3.093053209933403824 
	-1.716147544896283961 -3.083330501828541514 
	-1.716435835416904032 -3.078469147776110137 
	-1.716620584086327561 -3.073578262451915677 
	-1.716755441328650544 -3.068675744163681607 
	-1.716890298570973306 -3.063773225875447537 
	-1.716975264386194189 -3.058859069908170358 
	-1.717072790426083406 -3.053955693367656377 
	-1.717170316465972624 -3.049052316827142395 
	-1.717280402730529287 -3.044159719669791375 
	-1.717367584597886188 -3.039263882122783311 
	-1.717454766465243088 -3.034368044575775247 
	-1.717519043935401779 -3.029468967849914485 
	-1.717574655544536366 -3.024570313015262801 
	-1.717685878762806206 -3.014773003345959435 
	-1.717762438536981184 -3.004977378599498206 
	-1.717798115273119652 -2.995181441653198107 
	-1.717869468745396366 -2.975589567760597465 
	-1.717777290065517493 -2.95599645013743606 
	-1.717543649393065586 -2.936403011164730792 
	-1.717485239224952664 -2.931504651421554364 
	-1.717417987682304359 -2.926606270620378147 
	-1.717328500429659233 -2.921709583514539688 
	-1.717239013177014106 -2.916812896408701228 
	-1.717127290214372382 -2.911917903669815288 
	-1.717028369055470405 -2.907017889257050403 
	-1.716929447896568428 -2.902117874844285517 
	-1.716843328541406422 -2.897212838697833526 
	-1.716708476484454238 -2.892313732617648903 
	-1.716573624427502276 -2.887414626537464279 
	-1.716390039668758805 -2.882521448215777937 
	-1.716105028082604456 -2.877643054039036308 
	-1.715535004910295758 -2.867886265685553049 
	-1.714559274428336666 -2.858188599458679313 
	-1.713321301098360339 -2.848525756617660054 
	3.533048286056547898e-09 
	cone -27.83135345737356658 2.269155140671280435 92.2951629513067644 1 -3.552713678800500929e-15 1.74491262210625557e-15 1.544690693000618126e-14 4.347917768375160641 0 1 I I 0 1 4.347917768375160641 forward I I I I 
	} 0 0 #
pcurve $-1 -1 $-1 0 forward { exppc nubs 3 open 13 
	-0 3 0.1111111111111111049 3 0.1666666666666666574 3 0.2222222222222222099 3 0.2777777777777777901 3 
	0.3333333333333333148 3 0.4444444444444444198 3 0.6666666666666666297 3 0.7222222222222222099 3 0.7777777777777777901 3 
	0.8333333333333332593 3 0.8888888888888888395 3 1 3 
	-1.646203070989284312 2.848525756617641402 
	-1.64744099470041605 2.858187794044469765 
	-1.64841668614797876 2.867884655098004387 
	-1.648986695454046636 2.877640635757924947 
	-1.649271700107080463 2.882518626087884783 
	-1.649455284224739637 2.887411399929707745 
	-1.649590131197533394 2.892310103406808608 
	-1.64972497817032715 2.897208806883909471 
	-1.6498110879982546 2.902113442310591207 
	-1.649910026581540068 2.907013048617805406 
	-1.650008965164825536 2.911912654925019606 
	-1.650120732503466803 2.916807232149329909 
	-1.650210164845356875 2.921703531719214375 
	-1.650299597187246947 2.926599831289098841 
	-1.650366694532382938 2.931497852607821031 
	-1.650425328170503914 2.936395748254988725 
	-1.65054259544674542 2.946191539549323668 
	-1.65062600789492131 2.955986829858476383 
	-1.650668859788610998 2.965782028589783348 
	-1.650754563575990597 2.985372426052396388 
	-1.650678025145429384 3.004962450518773753 
	-1.650456598609898018 3.024555786019757164 
	-1.650401241976015232 3.029454119895002684 
	-1.650336829835571617 3.034352661867558254 
	-1.650249615777688028 3.03924814530789833 
	-1.650162401719804439 3.044143628748238406 
	-1.650052385744480654 3.049036052449453305 
	-1.649954948516038078 3.053938748301462613 
	-1.649857511287595502 3.058841444153471922 
	-1.649772652806035245 3.063754412218169687 
	-1.649637885309157781 3.068656234414322448 
	-1.649503117812280317 3.073558056610475209 
	-1.649318441300085869 3.078448737440276251 
	-1.649030144211265814 3.083311148785259359 
	-1.648453550033625481 3.093035971475224688 
	-1.647462473549480499 3.102647743039052219 
	-1.646203070989283646 3.112193537131579646 
	3.385076658926746875e-09 
	cone -28.1231780026467213 -2.269155140667325821 92.2951629513067644 1 -3.552713678800500929e-15 1.74491262210625557e-15 -1.544690693000618126e-14 -4.347917768375160641 0 1 I I 0 1 4.347917768375160641 forward I I I I 
	} 0 0 #
coedge $-1 -1 $-1 $4228 $3836 $4223 $4407 forward $2784 $-1 #
coedge $-1 -1 $-1 $3839 $3878 $3836 $4197 forward $2181 $-1 #
edge $4408 -1 $-1 $4409 -0.325919933944909479 $4199 5.955741103663363662e-32 $4196 $4410 forward @14 tangent_not_g2 #
DXID-attrib $-1 -1 $-1 $-1 $3837 @10 Revit:Edge @8 Edge:197 #
vertex $-1 -1 $-1 $4197 $4411 #
intcurve-curve $-1 -1 $-1 reversed { surfintcur full nubs 3 open 19 
	-3.790519398246498639 3 -2.83520742334269471 2 -1.879895448438894334 2 -1.335988034935468249 2 -0.7920806214320457173 2 
	-0.3983028820330289932 2 -0.2318032284874682603 2 -0.1159016142437323538 2 -0.05795080712186617689 2 0 3 
	0.05795080712186696792 2 0.1159016142437339358 2 0.2318032284874678717 2 0.3983028820330196673 2 0.7920806214320349481 2 
	1.335988034935460478 2 1.879895448438885897 2 2.835207423342688493 2 3.790519398246491534 3 
	-32.08925567200565609 -1.60768679750667931 94.65066169453092471 
	-32.22568303402538703 -1.622695582313274709 94.64646899945921632 
	-32.36165043533026164 -1.641603816705825558 94.6426912607242059 
	-32.62640423774597309 -1.685837390020004101 94.64071134838408739 
	-32.75519132434458669 -1.711158442279034908 94.64250396116912611 
	-32.9469261698785445 -1.753840664391417059 94.65371704453679058 
	-33.02304560285343626 -1.77193095494377495 94.66005126146100679 
	-33.17345320229660643 -1.810359421844432104 94.68025937493816002 
	-33.2477364416548653 -1.830693075667636727 94.69417851794649721 
	-33.36183682414743146 -1.863596493433053114 94.7264460920120257 
	-33.41799146848122604 -1.880482049622600016 94.74662162478064431 
	-33.47968664893991075 -1.899690790957746511 94.78170695779549249 
	-33.50064096879038544 -1.906317473832800147 94.79600779230057128 
	-33.52696669874395496 -1.914741850642168952 94.82069521795810374 
	-33.5376757167329913 -1.91820082192032193 94.83303822605894595 
	-33.54919780984811695 -1.921941388929151673 94.85375521548552058 
	-33.55229495487554914 -1.922950338245107194 94.86103381926450595 
	-33.5564800894661559 -1.924315032236375567 94.87596833338113811 
	-33.55756324582729633 -1.924669033012555097 94.88362575701322044 
	-33.55756324582729633 -1.924669033012555097 94.89123084981136458 
	-33.55756324582729633 -1.924669033012555097 94.89883594260950872 
	-33.5564800894661559 -1.924315032236375567 94.90649336624159105 
	-33.55229495487555624 -1.922950338245107194 94.92142788035822321 
	-33.54919780984813116 -1.921941388929151007 94.92870648413720858 
	-33.53767571673300552 -1.91820082192032082 94.94942347356379742 
	-33.52696669874395496 -1.914741850642168952 94.96176648166462542 
	-33.50064096879039255 -1.906317473832800369 94.98645390732215787 
	-33.47968664893991786 -1.899690790957746289 95.00075474182723667 
	-33.41799146848123314 -1.880482049622600016 95.03584007484209906 
	-33.36183682414743856 -1.863596493433053114 95.05601560761070346 
	-33.24773644165487241 -1.830693075667636283 95.08828318167623195 
	-33.17345320229662065 -1.810359421844434991 95.10220232468458335 
	-33.02304560285345048 -1.771930954943776504 95.12241043816173658 
	-32.9469261698785445 -1.753840664391417059 95.12874465508593858 
	-32.75519132434458669 -1.711158442279034464 95.13995773845361725 
	-32.6264042377459802 -1.685837390020006099 95.14175035123865598 
	-32.36165043533027585 -1.641603816705827112 95.13977043889853746 
	-32.22568304715442622 -1.622695570899311601 95.13599231379497212 
	-32.08925567200345341 -1.607686797506404641 95.13180000516449297 
	0.000186321011736841649 
	
	cone -31.29081562094060232 -8.865374298618561966 90.54683155168058306 3.215343167861849829e-15 -1.14231936545005291e-29 -1 -7.301474808484954337 2.59400494275217651e-14 -2.34767471407775045e-14 1 I I 0 1 7.301474808484954337 forward I I I I 
	cone -27.8313534573735879 -1.674889647354045774 94.89123084981137879 1 -3.552713678800500929e-15 1.74491262210625557e-15 8.873946401114446105e-16 0.2497793856585298344 0 1 I I 0 1 0.2497793856585298344 forward I I I I 
	nullbs 
	nullbs 
	I I 
	0 
	0 
	0 
	} F -2.450416259125168139 F -2.263503976356239011 #
DXID-attrib $-1 -1 $-1 $-1 $3838 @10 Revit:Edge @8 Edge:189 #
intcurve-curve $-1 -1 $-1 reversed { surfintcur full nubs 3 open 12 
	1.086234530158091349 3 2.467467446959905608 2 3.848700363761719867 2 5.611077415133437718 2 6.492265940819295977 2 
	7.373454466505155125 2 8.254642992191012496 2 9.135831517876868091 2 10.89820856924858106 2 12.27944148605039842 2 
	13.66067440285221402 2 15.38718462983070268 3 
	-32.75591420375609886 -1.71234938289008376 90.54816247923679384 
	-32.91799397640992453 -1.744959351751125487 90.6224822865918469 
	-33.09317892533115923 -1.781025571508667138 90.71045013502025256 
	-33.43142751748212049 -1.852387106723119903 90.90657801019072792 
	-33.59432303780011608 -1.887630948142770215 91.01504655544314915 
	-33.91358093112786776 -1.957913798179083509 91.26670096868178916 
	-34.09402325250800914 -1.998726000844211814 91.44069921590029537 
	-34.29217017498996967 -2.044249326555759971 91.73922798045887816 
	-34.34629635880975229 -2.056812616192336574 91.84507274693655177 
	-34.42046297288263901 -2.074080800010024372 92.06520688322015644 
	-34.44043407765580156 -2.078762627703857113 92.1795214125028366 
	-34.44043407765580156 -2.078762627703857113 92.41080449011067799 
	-34.4204629728826319 -2.074080800010023928 92.52511901939335814 
	-34.34629635880975229 -2.056812616192336129 92.74525315567696282 
	-34.29217017498999098 -2.044249326555760859 92.85109792215465063 
	-34.09402325250803756 -1.998726000844213369 93.14962668671321921 
	-33.91358093112788197 -1.957913798179083509 93.32362493393172542 
	-33.59432303780012319 -1.887630948142769993 93.57527934717036544 
	-33.43142751748214181 -1.852387106723119237 93.68374789242278666 
	-33.09317892533117345 -1.78102557150866625 93.87987576759326203 
	-32.91799397640993163 -1.744959351751125709 93.96784361602166769 
	-32.55331811610919601 -1.67158765179088431 94.13506151891493801 
	-32.33689554508642772 -1.629248844866685975 94.22266490052255961 
	-32.112280173576778 -1.586830258112383651 94.30408443432183674 
	0.000201385717539213563 
	
	cone -21.88162144713802704 -55.76032794043628371 90.54683155168059727 3.215343167861849829e-15 -1.14231936545005291e-29 -1 -55.13106410285956116 1.958648855650564299e-13 -1.772652903000831561e-13 1 I I 0 1 55.13106410285956116 forward I I I I 
	cone -27.83135345737356658 2.269155140671280435 92.2951629513067644 1 -3.552713678800500929e-15 1.74491262210625557e-15 1.544690693000618126e-14 4.347917768375160641 0 1 I I 0 1 4.347917768375160641 forward I I I I 
	nullbs 
	nullbs 
	I I 
	0 
	0 
	0 
	} F -4.638601898939701762 F -3.486268871678388059 #
DXID-attrib $-1 -1 $-1 $-1 $3841 @10 Revit:Edge @8 Edge:195 #
ellipse-curve $-1 -1 $-1 -21.88162144713755808 -55.76032794043628371 -54.51710600872283408 -3.930653359560815367e-15 -0.9408156432200751595 0.3389187593987625369 -2.962116179903115825e-13 55.13106410285956116 153.0401197837277039 0.3389187593987625924 F 0.2147059149876155704 F 0.2210950389073847722 #
point $-1 -1 $-1 -33.97176113449409485 -1.971270024779989027 91.33433865063580015 #
point $-1 -1 $-1 -33.97176113449410195 -1.971270024779989027 94.79769500994505904 #
DXID-attrib $-1 -1 $-1 $-1 $3846 @10 Revit:Edge @8 Edge:184 #
intcurve-curve $-1 -1 $-1 forward { surfintcur full nubs 3 open 15 
	0 3 1.473020245922782134 2 2.946040491845564269 2 3.682550614806955114 2 4.419060737768345959 2 
	5.155570860729737248 2 5.523825922210432893 2 5.892080983691128537 2 6.260336045171822406 2 6.628591106652515386 2 
	7.365101229613902234 2 8.10161135257528997 2 8.838121475536675931 2 10.31114172145944963 2 11.78416196738222332 3 
	-33.18677487706254681 -1.76101238208402644 93.92676911061133183 
	-33.33298058132334063 -1.808468571123796886 93.80954940613109727 
	-33.48422907441055685 -1.852624769484112033 93.6855077398484184 
	-33.7820253843871896 -1.929997108275021356 93.43061381677915733 
	-33.9286842641471722 -1.963231186350973045 93.29989679164604865 
	-34.13163471407290928 -2.003837903216973526 93.10167901995623652 
	-34.19590415795603633 -2.015758480650686746 93.03573037173900673 
	-34.31580156797862458 -2.03664001506452097 92.90266021403758145 
	-34.37148464599975739 -2.045606445499851489 92.83558923031486643 
	-34.47061746142351524 -2.060686137204688517 92.6972848170305781 
	-34.51395060327267572 -2.06677848804880604 92.62672353748560283 
	-34.56371268557855103 -2.073518148710356446 92.51205812227851766 
	-34.57767355100712336 -2.075354158057873377 92.47237930453025001 
	-34.59781154390416447 -2.077973876192813041 92.38809299010115694 
	-34.60400849247852051 -2.078762627703857113 92.34349038719660996 
	-34.6040084924785134 -2.078762627703857113 92.24683551541690463 
	-34.59781154390416447 -2.077973876192813485 92.20223291251235764 
	-34.57767355100712336 -2.075354158057873821 92.11794659808325036 
	-34.56371268557856524 -2.073518148710356446 92.07826778033499693 
	-34.51395060327268283 -2.06677848804880604 91.96360236512789754 
	-34.47061746142350813 -2.060686137204688073 91.89304108558293649 
	-34.37148464599974318 -2.045606445499851045 91.75473667229864816 
	-34.31580156797863168 -2.036640015064521858 91.68766568857593313 
	-34.19590415795603633 -2.015758480650688522 91.55459553087450786 
	-34.13163471407291638 -2.003837903216974414 91.48864688265729228 
	-33.92868426414718641 -1.963231186350974378 91.29042911096746593 
	-33.7820253843871896 -1.929997108275023798 91.15971208583437146 
	-33.48422907441055685 -1.852624769484115141 90.9048181627651104 
	-33.33298058132334063 -1.808468571123799773 90.78077649648243153 
	-33.18677487706254681 -1.761012382084029992 90.66355679200218276 
	0.0001383958333792458808 
	
	cone -27.83135345737356658 2.269155140671280435 92.2951629513067644 1 -3.552713678800500929e-15 1.74491262210625557e-15 1.544690693000618126e-14 4.347917768375160641 0 1 I I 0 1 4.347917768375160641 forward I I I I 
	cone -35.59330115704122477 5.653149536639220152 90.54683155168058306 -3.215343167861849829e-15 1.14231936545005291e-29 1 -7.794944880707883605 2.769320730318683703e-14 -2.506342276604379631e-14 1 I I -0 -1 7.794944880707883605 forward I I I I 
	nullbs 
	nullbs 
	I I 
	0 
	0 
	0 
	} F 6.239241982102011086 F 9.166926124398823816 #
point $-1 -1 $-1 -34.58943342775624785 -2.076883792873289725 92.16735642304233522 #
DXID-attrib $-1 -1 $-1 $-1 $3851 @10 Revit:Edge @8 Edge:186 #
ellipse-curve $-1 -1 $-1 -35.59330115704130293 5.653149536639220152 115.9625700572320568 3.930653359560815367e-15 0.9408156432200751595 -0.3389187593987625369 4.18811657789136901e-14 -7.794944880707883605 -21.63824184538483664 0.3389187593987625924 F -0.209554908108765231 F -0.1291431296406341522 #
point $-1 -1 $-1 -34.58943342775607022 -2.076883792873265744 94.50451830489089389 #
DXID-attrib $-1 -1 $-1 $-1 $3862 @10 Revit:Face @8 Face:235 #
plane-surface $-1 -1 $-1 -43.95182895660110489 2.076883792877300294 94.50451830489087968 -2.750530965151241173e-15 -0.9408156432200751595 -0.3389187593987625369 12 -4.263256414560601115e-14 2.095785930986879532e-14 forward_v I I I I #
DXID-attrib $-1 -1 $-1 $-1 $3870 @10 Revit:Edge @8 Edge:219 #
ellipse-curve $-1 -1 $-1 -21.88723695316294382 55.73435130195233711 -54.44499661032006088 2.750530965151241173e-15 0.9408156432200751595 0.3389187593987625369 6.876098493620654774e-13 55.10449477593753187 -152.9663651221609655 0.3389187593987625924 F 2.920493688237637109 F 2.926885259345271884 #
DXID-attrib $-1 -1 $-1 $-1 $3872 @10 Revit:Edge @8 Edge:224 #
intcurve-curve $-1 -1 $-1 reversed { surfintcur full nubs 3 open 12 
	64.96779875388334347 3 66.69362760554516001 2 68.07442453995459175 2 69.45522147436402349 2 71.21726451716844508 2 
	72.09828603857066298 2 72.97930755997288088 2 73.86032908137509878 2 74.74135060277731668 2 76.50339364558173827 2 
	77.88419057999118422 2 79.26498751440061596 3 
	-32.11312944970104866 1.586992482148561923 94.30377302586177279 
	-32.33765055401921984 1.629393971835184418 94.22237026623460565 
	-32.55398146380125013 1.671715625402166117 94.13478592505664722 
	-32.91851417942302049 1.745059942301630862 93.96760147246013162 
	-33.09363715207615542 1.781114200149119142 93.87964788965459206 
	-33.43176344067997974 1.852451676647795864 93.68355469024837134 
	-33.59459865445368365 1.887683423409094896 93.57510664820689783 
	-33.91375839369947442 1.957946651240869862 93.32348788832635478 
	-34.09415106643125171 1.99874901585808562 93.14950599094512995 
	-34.29223750652925418 2.04426008149883609 92.85101226779526939 
	-34.34634593283006865 2.056819720671239082 92.74518091838554312 
	-34.42048666478726915 2.074082528040857021 92.52507865091243389 
	-34.44044963086524547 2.078762627707856581 92.41078257353801462 
	-34.44044963086524547 2.078762627707856581 92.17954332907549997 
	-34.42048666478726915 2.074082528040857021 92.06524725170106649 
	-34.34634593283006865 2.056819720671239082 91.84514498422797146 
	-34.29223750652925418 2.04426008149883609 91.73931363481823098 
	-34.0941510664312446 1.99874901585808562 91.44081991166838463 
	-33.91375839369947442 1.957946651240869862 91.26683801428715981 
	-33.59459865445367655 1.887683423409094896 91.01521925440661676 
	-33.43176344067998684 1.85245167664779764 90.90677121236515745 
	-33.09363715207616252 1.781114200149120919 90.71067801295892252 
	-32.91851417942300628 1.745059942301630418 90.62272443015338297 
	-32.75649091338328134 1.712460712492491544 90.54841622713092875 
	0.0002014777531292148715 
	
	cone -21.88723695316341278 55.73435130195233711 90.54683155168059727 3.215343167861849829e-15 -1.14231936545005291e-29 -1 -55.10449477593753187 1.95770492353864014e-13 -1.771798607962897366e-13 1 I I 0 1 55.10449477593753187 forward I I I I 
	cone -28.1231780026467213 -2.269155140667325821 92.2951629513067644 1 -3.552713678800500929e-15 1.74491262210625557e-15 -1.544690693000618126e-14 -4.347917768375160641 0 1 I I 0 1 4.347917768375160641 forward I I I I 
	nullbs 
	nullbs 
	I I 
	0 
	0 
	0 
	} F -76.86641645066310957 F -75.71419536197352329 #
edge $4412 -1 $-1 $3924 10.995883366202305 $3876 12.05050536678573714 $3874 $4413 forward @7 unknown #
point $-1 -1 $-1 -33.11028671264331535 1.78485178057063365 91.02877685887261805 #
edge $4414 -1 $-1 $3880 23.26579091437212554 $4409 24.31960265069352545 $3878 $4415 forward @7 unknown #
point $-1 -1 $-1 -33.11028671264354983 -1.78485846152541261 91.02877685887266068 #
coedge $-1 -1 $-1 $3883 $4224 $4195 $4407 reversed $3884 $-1 #
coedge $-1 -1 $-1 $4223 $3918 $3891 $4225 reversed $3884 $-1 #
edge $4416 -1 $-1 $4417 -2.913971193241961378e-17 $3921 0.2761941286532066386 $3891 $4418 forward @14 tangent_not_g2 #
DXID-attrib $-1 -1 $-1 $-1 $3895 @10 Revit:Face @8 Face:247 #
plane-surface $-1 -1 $-1 -43.9518289566011191 -1.895123004909404774 95.00907400710026707 3.930653359560815367e-15 0.9408156432200751595 -0.3389187593987625369 12 -4.263256414560601115e-14 2.082639824506013533e-14 forward_v I I I I #
coedge $-1 -1 $-1 $3897 $4195 $3914 $4237 forward $2784 $-1 #
DXID-attrib $-1 -1 $-1 $-1 $3901 @10 Revit:Edge @8 Edge:200 #
straight-curve $-1 -1 $-1 -32.3707241090442821 -1.644201815132097844 95.1460071921326147 -5.040587950980481868e-14 1.790776576264534678e-28 12 F -0.3171695784316680422 F 1.958417078154565769e-30 #
point $-1 -1 $-1 -33.62788603618452044 1.895123004913359832 95.00907400710035233 #
DXID-attrib $-1 -1 $-1 $-1 $3906 @10 Revit:Edge @8 Edge:243 #
straight-curve $-1 -1 $-1 -34.58943342775607022 -2.076883792873265744 94.50451830489089389 -12 4.263256414560601115e-14 -1.752510490514648421e-14 F -4.255637571011570416e-32 F 0.05701539178057760116 #
DXID-attrib $-1 -1 $-1 $-1 $3908 @10 Revit:Edge @8 Edge:194 #
intcurve-curve $-1 -1 $-1 reversed { surfintcur full nubs 3 open 17 
	0 3 1.324158446081920015 2 2.648316892163840031 2 3.161908502216547401 2 3.418704307242901308 2 
	3.675500112269254771 2 3.808477895603111563 2 3.874966787270039958 2 3.941455678936968354 2 4.007944570603894086 2 
	4.074433462270819817 2 4.207411245604670391 2 4.464207050631024742 2 4.721002855657378205 2 5.23459446571008602 2 
	6.558752911792012696 2 7.882911357873940261 3 
	-32.21897400599292638 -1.607088229523822687 94.65082970746765056 
	-32.38942778163183078 -1.639626278644681134 94.64165285480248713 
	-32.57689027665703208 -1.676302915261938198 94.63856945491339445 
	-32.95049169048661497 -1.751526344824569925 94.65046832057895188 
	-33.13663985370194354 -1.790074446517063489 94.6651501575315848 
	-33.3697311820867597 -1.839441471589875698 94.70251982563256377 
	-33.44083560325933746 -1.854634406545908165 94.71616675641185168 
	-33.54449297634207738 -1.87700114912385585 94.74398144175592051 
	-33.57850521325169524 -1.884375577390830392 94.75445897964375774 
	-33.64342904398672118 -1.898512014029418715 94.77905258577588654 
	-33.6744297399785566 -1.905293693946201516 94.79292142301943613 
	-33.71667572897477072 -1.914567318062399215 94.8202296811519858 
	-33.73161648117691414 -1.917854149077349302 94.83169759001599175 
	-33.74877263580740561 -1.921633806301972447 94.85181489885498252 
	-33.7536101359424876 -1.922700521721973033 94.85899770201240244 
	-33.7604846998238628 -1.924216924433623799 94.87434552476022986 
	-33.76253299117109918 -1.92466903301255865 94.88250527347712193 
	-33.76253299117109918 -1.92466903301255865 94.89995642614560722 
	-33.7604846998238628 -1.924216924433623799 94.90811617486249929 
	-33.7536101359424876 -1.922700521721973033 94.92346399761032671 
	-33.74877263580741271 -1.921633806301971781 94.93064680076776085 
	-33.73161648117692124 -1.917854149077348858 94.95076410960675162 
	-33.71667572897477783 -1.914567318062399215 94.96223201847075757 
	-33.6744297399785637 -1.905293693946201072 94.98954027660330723 
	-33.64342904398672829 -1.898512014029419825 95.00340911384685683 
	-33.57850521325170234 -1.884375577390831502 95.02800271997897141 
	-33.54449297634209159 -1.87700114912385585 95.03848025786680864 
	-33.44083560325934457 -1.854634406545908165 95.06629494321089169 
	-33.36973118208677391 -1.839441471589875698 95.0799418739901796 
	-33.13663985370195064 -1.790074446517063045 95.11731154209114436 
	-32.95049169048662208 -1.751526344824570591 95.13199337904379149 
	-32.57689027665703208 -1.676302915261936866 95.14389224470934892 
	-32.38942778163183078 -1.639626278644681134 95.14080884482024203 
	-32.21897400599292638 -1.607088229523822687 95.1316319921550928 
	0.0001165761137389215776 
	
	cone -27.8313534573735879 -1.674889647354045774 94.89123084981137879 1 -3.552713678800500929e-15 1.74491262210625557e-15 8.873946401114446105e-16 0.2497793856585298344 0 1 I I 0 1 0.2497793856585298344 forward I I I I 
	cone -21.88162144713802704 -55.76032794043628371 90.54683155168059727 3.215343167861849829e-15 -1.14231936545005291e-29 -1 -55.13106410285956116 1.958648855650564299e-13 -1.772652903000831561e-13 1 I I -0 -1 55.13106410285956116 forward I I I I 
	nullbs 
	nullbs 
	I I 
	0 
	0 
	0 
	} F -6.645002054354375076 F -4.419285280799920557 #
point $-1 -1 $-1 -33.62785175167849161 -1.895123004909442521 95.00907400710026707 #
edge $4419 -1 $-1 $4417 5.072079743740096625 $3916 5.299903591803183822 $4228 $4420 forward @7 unknown #
point $-1 -1 $-1 -32.37072410904426789 -1.644201815132097844 91.33997225095259864 #
DXID-attrib $-1 -1 $-1 $-1 $3919 @10 Revit:Edge @8 Edge:215 #
intcurve-curve $-1 -1 $-1 forward { surfintcur full nubs 3 open 4 
	8.808838409508927825 3 9.928061982720521428 2 11.04728555593211325 2 12.16650912914370508 3 
	-31.86832091846558157 1.589867090083061818 91.3953210547435333 
	-32.01490110996504512 1.599242788721782604 91.3953210547435333 
	-32.16563882340968661 1.614337802767567887 91.38100885861997824 
	-32.46395019661333237 1.655627680585334272 91.32163887014286274 
	-32.61152996649318681 1.681809728041737673 91.27660286831977032 
	-32.89340375389068072 1.742031550465858336 91.15846611360341001 
	-33.02793793084641294 1.776089766052745933 91.08527848024601781 
	-33.15204032882748209 1.811517904773510379 91.00112681811938842 
	8.622579465054081298e-05 
	
	cone -31.86832091846558868 -2.974965728756732375 89.10796566851163902 3.552713678800500929e-15 1 -1.382799582304305996e-14 -2.287355386231952448 8.126318768944260454e-15 0 1 I I 0 1 2.287355386231952448 forward I I I I 
	cone -31.47936812070915025 7.670776660270189673 90.54683155168056885 3.215343167861849829e-15 -1.14231936545005291e-29 -1 -6.093336153510319875 2.164787870210574239e-14 -1.959216677067500737e-14 1 I I -0 -1 6.093336153510319875 forward I I I I 
	nullbs 
	nullbs 
	I I 
	0 
	0 
	0 
	} F 10.2878275192514721 F 10.97973213167592377 #
point $-1 -1 $-1 -32.45798206329034485 1.656538534700031651 91.31800964934278397 #
point $-1 -1 $-1 -32.72687650303615214 1.706510710825967392 91.22807815871745163 #
DXID-attrib $-1 -1 $-1 $-1 $3930 @10 Revit:Face @8 Face:103 #
face $4421 -1 $-1 $4422 $4423 $73 $-1 $4424 forward single #
loop $-1 -1 $-1 $-1 $4425 $3930 #
plane-surface $-1 -1 $-1 -5.426827382390288612 2.202227532860011383 95.19846491447574977 -0.2793108294072035314 1.428007892688436872e-14 0.9602007397288653268 -4.263256414560601115e-14 -12 1.66062369746114411e-13 forward_v I I I I #
coedge $-1 -1 $-1 $4426 $4427 $4428 $4429 forward $3931 $-1 #
coedge $-1 -1 $-1 $4430 $3933 $4431 $4432 forward $3469 $-1 #
coedge $-1 -1 $-1 $3933 $4433 $3934 $4253 reversed $3469 $-1 #
coedge $-1 -1 $-1 $3936 $4434 $3933 $4251 reversed $3479 $-1 #
edge $4435 -1 $-1 $4255 -3.841659200024674981 $4436 -2.371199310008990757 $3933 $4437 forward @7 unknown #
coedge $-1 -1 $-1 $3935 $3934 $4438 $4439 forward $2906 $-1 #
edge $4440 -1 $-1 $4255 -0.2575521606827803622 $4441 2.913971193242106824e-17 $3934 $4442 forward @14 tangent_not_g2 #
DXID-attrib $-1 -1 $-1 $-1 $3937 @10 Revit:Edge @7 Edge:88 #
vertex $-1 -1 $-1 $3937 $4443 #
intcurve-curve $-1 -1 $-1 reversed { surfintcur full nubs 3 open 31 
	-8.454782183097169224 3 -7.891203394823573802 2 -7.327624606549978381 2 -6.76404581827638296 2 -6.200230612649596296 2 
	-5.636415407022809632 2 -5.072600201396024744 2 -4.50878499576923808 2 -3.945149634820371176 2 -3.381514273871506049 2 
	-2.817878912922639145 2 -2.254243551973772242 2 -1.690682663980329181 2 -1.127121775986886121 2 -0.5635608879934430604 2 
	0 3 0.5635608879934428384 2 1.127121775986885677 2 1.690682663980328515 2 2.254243551973771353 2 
	2.817878912922637813 2 3.381514273871504273 2 3.945149634820370732 2 4.508784995769237192 2 5.072600201396022968 2 
	5.636415407022809632 2 6.200230612649595408 2 6.764045818276381183 2 7.327624606549977493 2 7.891203394823573802 2 
	8.454782183097169224 3 
	-3.794005788227500897 -1.595780951494676358 92.77169865216802691 
	-3.808911033667181201 -1.595178623208373114 92.84776957917995333 
	-3.831637759379374231 -1.594264238215464369 92.92342819912185803 
	-3.891740644268454119 -1.59189907644105233 93.06853548830586931 
	-3.92916468572811528 -1.590447352545056869 93.13809987573034732 
	-4.015647091194460394 -1.587193841519052739 93.26674390538272519 
	-4.06471083189628235 -1.58539328693465853 93.32581996415443371 
	-4.169286645587777507 -1.581695482973893396 93.43041446775741576 
	-4.228375941418935469 -1.579670713540867188 93.47950254939388515 
	-4.357045834341012558 -1.575474349284459397 93.56602338424436027 
	-4.426622829127779823 -1.573304185765807439 93.60346156393451622 
	-4.571754706343209129 -1.569039192002516181 93.66358592474801981 
	-4.647425065447638559 -1.56694190238841391 93.68631991102067502 
	-4.799590622373075099 -1.56300341876285076 93.71614001969987839 
	-4.876087087282490629 -1.561162543244788203 93.72321971813333619 
	-5.02400955562420215 -1.557857241038926643 93.72321971813333619 
	-5.100488379346812096 -1.556279827897743884 93.71614445666610038 
	-5.252629777714881598 -1.553418285073937311 93.68633636842531587 
	-5.328293586073173493 -1.552133780733696788 93.66360987487701095 
	-5.473419514130171137 -1.549912319975102815 93.60349968327535919 
	-5.542997269709389663 -1.548972658960020121 93.56606806729273274 
	-5.671671163686391459 -1.547417702141278717 93.47955890203751039 
	-5.730763664081418796 -1.546801136378704644 93.4304759645464884 
	-5.835359963641131742 -1.545823996111545195 93.32587784889619797 
	-5.884437347037141386 -1.545431100492319132 93.26679170281823872 
	-5.970939748197215735 -1.544818215165831621 93.13812883864811454 
	-6.008370149406835559 -1.544596754659459226 93.06855574703725154 
	-6.068480749443975419 -1.544274729026675175 92.92343491955439561 
	-6.091208823398272187 -1.544172973272463389 92.84777160995551526 
	-6.121020170946564143 -1.544044754431026512 92.69562521750368944 
	-6.12809707282913152 -1.544018086743321305 92.61914088642842557 
	-6.12809707282913152 -1.544018086743321305 92.54518276464450821 
	-6.12809707282913152 -1.544018086743321305 92.47122464286059085 
	-6.121020170946564143 -1.544044754431026512 92.39474031178532698 
	-6.091208823398269523 -1.544172973272463389 92.24259391933350116 
	-6.068480749443973643 -1.544274729026675175 92.16693060973463503 
	-6.008370149406832006 -1.544596754659459226 92.0218097822517791 
	-5.970939748197213071 -1.544818215165831621 91.95223669064091609 
	-5.884437347037136945 -1.545431100492319132 91.82357382647079191 
	-5.835359963641127301 -1.545823996111545195 91.76448768039283266 
	-5.730763664081414355 -1.546801136378704422 91.65988956474254223 
	-5.671671163686385242 -1.547417702141278717 91.61080662725150603 
	-5.542997269709381669 -1.548972658960020121 91.5242974619962979 
	-5.473419514130164032 -1.549912319975102815 91.48686584601367144 
	-5.328293586073166388 -1.552133780733696788 91.42675565441201968 
	-5.252629777714875381 -1.553418285073937311 91.40402916086371476 
	-5.100488379346805878 -1.556279827897743662 91.37422107262293025 
	-5.024009555624196821 -1.557857241038926421 91.36714581115568024 
	-4.876087087282484411 -1.561162543244788425 91.36714581115569445 
	-4.799590622373068882 -1.56300341876285076 91.37422550958915224 
	-4.64742506544763323 -1.56694190238841391 91.40404561826835561 
	-4.5717547063432038 -1.569039192002516403 91.42677960454101083 
	-4.426622829127774494 -1.573304185765807439 91.48690396535451441 
	-4.357045834341009005 -1.575474349284459397 91.52434214504467036 
	-4.228375941418931028 -1.579670713540867188 91.61086297989514549 
	-4.169286645587773954 -1.581695482973893396 91.65995106153161487 
	-4.064710831896279686 -1.58539328693465853 91.76454556513461114 
	-4.015647091194455953 -1.587193841519052739 91.82362162390630544 
	-3.929164685728111284 -1.590447352545056869 91.95226565355869752 
	-3.891740644268450122 -1.59189907644105233 92.02183004098317554 
	-3.831637759379370678 -1.594264238215464369 92.16693733016718681 
	-3.808911033666797952 -1.595178623208404423 92.24259595010900625 
	-3.794005788227499565 -1.595780951494685018 92.31866687712100372 
	5.766232649009017631e-05 
	
	cone -4.950060119340306208 -2.202231645587750197 92.54518276464452242 3.552713678800500929e-15 1 -1.382799582304305996e-14 -1.178036953488827088 4.185227998792225491e-15 0 1 I I 0 1 1.178036953488827088 forward I I I I 
	cone -6.381758951119931744 -65.63244817653273344 90.6476877079669805 -3.200379088609883824e-15 1.13700305654514147e-29 1 -64.08893208442721345 2.276896256760608617e-13 -2.051088780543398532e-13 1 I I 0 1 64.08893208442721345 forward I I I I 
	nullbs 
	nullbs 
	I I 
	0 
	0 
	0 
	} F -4.046961079170482201 F -1.800169298868450785 #
coedge $-1 -1 $-1 $4438 $3943 $3938 $4258 reversed $4263 $-1 #
edge $4444 -1 $-1 $4260 -4.319682470852508929e-15 $3946 0.005930763448688963074 $3938 $4445 forward @7 unknown #
DXID-attrib $-1 -1 $-1 $-1 $3939 @10 Revit:Edge @7 Edge:85 #
vertex $-1 -1 $-1 $3939 $4446 #
straight-curve $-1 -1 $-1 -5.135314822194049889 1.55563807525051323 91.38180330855294642 4.263256414560601115e-14 12 -1.670004044613363064e-13 F -0.2592730125417488374 F 1.602684156283407553e-16 #
point $-1 -1 $-1 -5.135314822193930873 -1.555638075250472818 91.38180330855296063 #
loop $-1 -1 $-1 $-1 $4268 $3986 #
DXID-attrib $-1 -1 $-1 $-1 $3944 @10 Revit:Edge @7 Edge:82 #
intcurve-curve $-1 -1 $-1 forward { surfintcur full nubs 3 open 5 
	42.20609663899686126 3 44.04087468378931192 2 45.8763732342090691 2 47.71187178462882628 2 49.54737033504858346 3 
	-6.5782711757717518 1.543817369907769299 91.38093846083313565 
	-6.33062102269820226 1.543058010846678041 91.42946493191902846 
	-6.081625313951643186 1.543766549373483343 91.45250600682726372 
	-5.599978874337117496 1.547831782560559422 91.45250600682727793 
	-5.350912473842068806 1.551328099965746388 91.42944714896071901 
	-4.85551535268594936 1.561213014368483032 91.33234603150175701 
	-4.60918041635961373 1.567597973274114542 91.25832491055042794 
	-4.136758415386368348 1.582412744664615456 91.06259188305365626 
	-3.910294377997363124 1.59084450617812001 90.94072438515574675 
	-3.700901849301529545 1.59961112457985255 90.79991958761381454 
	0.0001075386080109208661 
	
	cone -5.840849369732622698 -2.202231645587815034 87.617577576372355 -3.552713678800500929e-15 -1 1.382799582304305996e-14 -3.834928430454969117 1.362440269209830432e-14 0 1 I I 0 1 3.834928430454969117 forward I I I I 
	cone -6.381758951119464562 65.63244817653277607 90.6476877079669805 -3.200379088609883824e-15 1.13700305654514147e-29 1 -64.08893208442721345 2.276896256760608617e-13 -2.051088780543398532e-13 1 I I 0 1 64.08893208442721345 forward I I I I 
	nullbs 
	nullbs 
	I I 
	0 
	0 
	0 
	} F 46.76463821079202177 F 48.88007341334588318 #
point $-1 -1 $-1 -4.745535492894009444 1.564406310739236305 91.29275969130438284 #
point $-1 -1 $-1 -3.935666441914447589 1.590213306419652417 90.94578341109196629 #
coedge $-1 -1 $-1 $3953 $4447 $3956 $4274 reversed $4263 $-1 #
DXID-attrib $-1 -1 $-1 $-1 $3954 @10 Revit:Edge @7 Edge:77 #
intcurve-curve $-1 -1 $-1 reversed { surfintcur full nubs 3 open 16 
	-11.69284845326513178 3 -10.3908871100052167 2 -9.091393339514404204 2 -7.79189956902359171 2 -6.492405798532779215 2 
	-5.192912028041966721 2 -3.89468402103148037 2 -2.596456014020986913 2 -1.298228007010493457 2 0 3 
	1.298228007010488572 2 2.596456014020977143 2 3.894684021031465715 2 5.192912028041954287 2 6.492405798532766781 2 
	7.791899569023580163 3 
	-2.176766142346531208 1.681613536158541589 90.69842587536970768 
	-2.352147019375242287 1.670081625264036695 90.6640283886163445 
	-2.528508781535113492 1.659228214132046908 90.6476877079669805 
	-2.869342998112654808 1.639610820734213492 90.6476877079669805 
	-3.045462995869446132 1.630173839595706387 90.66396758188076888 
	-3.395893641662250495 1.612868364139828481 90.73259778686913535 
	-3.570206957127931791 1.604997871382470409 90.78493399317589763 
	-3.904594753986086797 1.591189017040530285 90.92340424469868765 
	-4.064936266276276911 1.585234656240744666 91.00964920735782471 
	-4.361490771014518764 1.575194539280034611 91.2090165392720138 
	-4.497695190098209395 1.571102077913460571 91.32215132320204987 
	-4.738687596653439194 1.564468276846055161 91.56318486699269954 
	-4.851722670028669526 1.561704980554955435 91.69928681132719817 
	-5.05096160145310602 1.557257009276039827 91.99566115766440078 
	-5.137177764997664653 1.555564452841065259 92.1559251687209553 
	-5.275636882390116966 1.553024770622320583 92.49021964526696138 
	-5.32799019416628461 1.552170662228603115 92.66451643560596096 
	-5.396659916387915423 1.551078225546786316 93.01500053619832897 
	-5.412961672464462914 1.550838899336932197 93.19119071438572632 
	-5.412961672464462914 1.550838899336932197 93.3615618439146715 
	-5.412961672464463803 1.550838899336932197 93.53193297344360246 
	-5.396659916387918088 1.551078225546786538 93.70812315163101403 
	-5.327990194166290827 1.552170662228603337 94.05860725222336782 
	-5.275636882390122295 1.553024770622320583 94.23290404256238162 
	-5.137177764997672647 1.555564452841065481 94.5671985191083877 
	-5.050961601453116678 1.557257009276039827 94.72746253016494222 
	-4.851722670028681961 1.561704980554955435 95.02383687650214483 
	-4.738687596653454293 1.564468276846055383 95.15993882083662925 
	-4.497695190098224494 1.571102077913460571 95.40097236462729313 
	-4.361490771014534751 1.575194539280034611 95.5141071485573292 
	-4.064936266276294674 1.585234656240744666 95.71347448047151829 
	-3.904594753986105893 1.591189017040530285 95.79971944313065535 
	-3.73740085555702839 1.598093444211500458 95.86895456889205036 
	8.644044169088741631e-05 
	
	cone -2.699087536516783015 -2.202231645587737319 93.36156184391472834 3.552713678800500929e-15 1 -1.382799582304305996e-14 -2.713874135947693222 9.641617765324259972e-15 0 1 I I 0 1 2.713874135947693222 forward I I I I 
	cone -6.381758951119464562 65.63244817653277607 90.6476877079669805 -3.200379088609883824e-15 1.13700305654514147e-29 1 -64.08893208442721345 2.276896256760608617e-13 -2.051088780543398532e-13 1 I I 0 1 64.08893208442721345 forward I I I I 
	nullbs 
	nullbs 
	I I 
	0 
	0 
	0 
	} F 7.268771474188485016 F 7.459096194325283591 #
coedge $-1 -1 $-1 $4448 $3955 $4449 $4450 reversed $3479 $-1 #
coedge $-1 -1 $-1 $3963 $4451 $3955 $4273 forward $3975 $-1 #
edge $4452 -1 $-1 $4453 7.178603546476817421 $3966 7.554716144228712515 $4272 $4454 forward @7 unknown #
edge $4455 -1 $-1 $3959 -4.662353909187039597e-16 $4285 0.4040430002966605705 $3956 $4456 forward @14 tangent_not_g2 #
point $-1 -1 $-1 -3.864432334888847187 1.592973768715012506 90.91062644560794581 #
DXID-attrib $-1 -1 $-1 $-1 $3961 @10 Revit:Edge @7 Edge:70 #
ellipse-curve $-1 -1 $-1 -4.258576968770086069 13.84424426388347129 90.6476877079669805 -3.200379088609883824e-15 1.13700305654514147e-29 1 -12.25760901392284552 4.354777521315201312e-14 -3.922899556451469973e-14 1 F 1.69836831002449995 F 1.777191926137466238 #
DXID-attrib $-1 -1 $-1 $-1 $3964 @10 Revit:Edge @8 Edge:116 #
intcurve-curve $-1 -1 $-1 reversed { surfintcur full nubs 3 open 7 
	4.623713640178662487 3 5.764899640241015533 2 6.906085640303369466 2 8.0472716403657234 2 9.188457640428076445 2 
	10.3186627900873269 2 11.44886793974657913 3 
	-1.45374883914822739 -1.911854817444648358 95.71777693344832016 
	-1.584224965981647859 -1.881185091784988384 95.78459001304815956 
	-1.725438993944832911 -1.850288844131744437 95.84346013354419824 
	-2.021503391007925199 -1.791557575091797805 95.93740061355576643 
	-2.176356106002127699 -1.763738943540123394 95.97247382582938258 
	-2.490364423417804396 -1.713800046415564493 96.01506691078812139 
	-2.649720223346650805 -1.691654341139241069 96.02260792300118908 
	-2.962985926187683194 -1.654276843580117617 96.01056927810476793 
	-3.116894728588234909 -1.639039218378948393 95.99097909687387187 
	-3.407708170635981304 -1.615340827549819558 95.92999302819241336 
	-3.555598221709302287 -1.60594423301589373 95.88653718537075576 
	-3.84641903029297394 -1.592701805968471662 95.77242259848527794 
	-3.9893508385194969 -1.58884197403240357 95.70176815720493835 
	-4.124949772650207791 -1.587363644791988104 95.61918204665147414 
	7.709258853327743727e-05 
	
	cone -2.701248566924741468 -2.202231645587738651 93.2815932747864025 3.552713678800500929e-15 1 -1.382799582304305996e-14 -2.737014137620384258 9.723827565794295884e-15 0 1 I I 0 1 2.737014137620384258 forward I I I I 
	cone -4.258576968770183768 -13.84424426388344287 90.6476877079669805 -3.200379088609883824e-15 1.13700305654514147e-29 1 -12.25760901392284552 4.354777521315201312e-14 -3.922899556451469973e-14 1 I I 0 1 12.25760901392284552 forward I I I I 
	nullbs 
	nullbs 
	I I 
	0 
	0 
	0 
	} F -10.74545766498857802 F -7.792868197497211824 #
point $-1 -1 $-1 -3.864432334895548937 -1.592973768714780247 95.75914244916478424 #
point $-1 -1 $-1 -1.746584236618805797 1.846791565421950665 90.6476877079669805 #
coedge $-1 -1 $-1 $4451 $3974 $4447 $4457 forward $3975 $-1 #
face $4458 -1 $-1 $1649 $3975 $73 $-1 $4459 forward single #
DXID-attrib $-1 -1 $-1 $-1 $3978 @10 Revit:Edge @8 Edge:118 #
vertex $-1 -1 $-1 $3978 $4460 #
intcurve-curve $-1 -1 $-1 reversed { surfintcur full nubs 3 open 7 
	25.03088339143194219 3 26.16108854109123527 2 27.29129369075052836 2 28.43247969081292936 2 29.57366569087533037 2 
	30.71485169093772782 2 31.85603769100012883 3 
	-4.124949772650111868 1.587363644792017858 95.61918204665148835 
	-3.989350838519392539 1.588841974032433768 95.70176815720495256 
	-3.846419030292860697 1.592701805968502748 95.77242259848529216 
	-3.555598221709173501 1.605944233015926148 95.88653718537075576 
	-3.407708170635846301 1.615340827549851754 95.92999302819239915 
	-3.116894728588085695 1.639039218378983032 95.99097909687385766 
	-2.962985926187526875 1.654276843580153811 96.01056927810473951 
	-2.649720223346482495 1.691654341139280593 96.02260792300113224 
	-2.490364423417630757 1.713800046415605793 96.01506691078806455 
	-2.176356106001944291 1.763738943540168025 95.97247382582929731 
	-2.021503391007740014 1.791557575091844434 95.93740061355568116 
	-1.725438993944643062 1.850288844131794397 95.84346013354408456 
	-1.584224965981456013 1.881185091785037899 95.78459001304803166 
	-1.453748839148034877 1.911854817444699206 95.71777693344817806 
	7.709258853338156134e-05 
	
	cone -2.701248566924741468 -2.202231645587738651 93.2815932747864025 3.552713678800500929e-15 1 -1.382799582304305996e-14 -2.737014137620384258 9.723827565794295884e-15 0 1 I I 0 1 2.737014137620384258 forward I I I I 
	cone -4.258576968770086069 13.84424426388347129 90.6476877079669805 -3.200379088609883824e-15 1.13700305654514147e-29 1 -12.25760901392284552 4.354777521315201312e-14 -3.922899556451469973e-14 1 I I 0 1 12.25760901392284552 forward I I I I 
	nullbs 
	nullbs 
	I I 
	0 
	0 
	0 
	} F -28.68688313368108211 F -25.73429366620727876 #
DXID-attrib $-1 -1 $-1 $-1 $3986 @10 Revit:Face @8 Face:142 #
face $4461 -1 $-1 $3519 $4462 $73 $-1 $4463 forward single #
cone-surface $-1 -1 $-1 -6.381758951119464562 65.63244817653277607 90.6476877079669805 -3.200379088609883824e-15 1.13700305654514147e-29 1 -64.08893208442721345 2.276896256760608617e-13 -2.051088780543398532e-13 1 I I 0 1 64.08893208442721345 forward I I I I #
tcoedge-coedge $-1 -1 $-1 $4431 $4431 $4434 $4464 reversed $3989 $4465 -2.996533904648484651e-10 0.1581423670168183582 #
DXID-attrib $-1 -1 $-1 $3991 $2967 @10 Revit:Edge @7 Edge:41 #
coedge $-1 -1 $-1 $4313 $3993 $3997 $4298 reversed $3573 $-1 #
coedge $-1 -1 $-1 $3994 $4318 $3996 $4297 reversed $4294 $-1 #
loop $-1 -1 $-1 $-1 $3994 $4008 #
DXID-attrib $-1 -1 $-1 $-1 $3995 @10 Revit:Edge @8 Edge:302 #
ellipse-curve $-1 -1 $-1 -214.514300156242598 -40.88664431484517081 102.3628081764031776 1.613986722048821005e-14 0.4980340741563817342 0.86715746031455887 137.1344792311814729 28.30560191604233466 -16.25674100593421656 1 F 6.282562900024721841 F 6.283185307179586232 #
edge $4466 -1 $-1 $3548 -0.7537527673499280212 $4303 2.978694988682923258e-30 $3996 $4467 forward @7 unknown #
edge $4468 -1 $-1 $4306 3.14096837289422437 $3547 6.283809587875183844 $3997 $4469 forward @7 unknown #
coedge $-1 -1 $-1 $4004 $4003 $4470 $4471 forward $3567 $-1 #
DXID-attrib $-1 -1 $-1 $-1 $4008 @10 Revit:Face @8 Face:346 #
plane-surface $-1 -1 $-1 -86.42485413326031107 -12.5810423988025839 86.10606717046897529 -1.613770097529749772e-14 -0.4980340741563817342 -0.86715746031455887 12 -3.243979986393175461e-13 -3.700729828399711913e-14 forward_v I I I I #
DXID-attrib $-1 -1 $-1 $-1 $4010 @10 Revit:Edge @8 Edge:328 #
vertex $-1 -1 $-1 $4010 $4472 #
intcurve-curve $-1 -1 $-1 reversed { exactcur full nurbs 2 open 2 
	0 2 3.940704790757255438 2 
	-86.42553381496412612 -12.5835186550740481 86.14543724920918066 1 
	-86.41214626268028098 -12.53474207767660964 85.36993686383030422 1 
	-86.39875871024219123 -12.48614365717956431 84.59726900078658218 1 
	0 
	
	null_surface 
	null_surface 
	nullbs 
	nullbs 
	I I 
	0 
	0 
	0 
	F 1 F 0 } F -3.84031326350991753 F -0.100034154461595387 #
DXID-attrib $-1 -1 $-1 $-1 $4011 @10 Revit:Edge @8 Edge:326 #
vertex $-1 -1 $-1 $4011 $4473 #
straight-curve $-1 -1 $-1 -93.44351694543604481 -0.7487056415765095396 86.10606717046900371 -0.7532664668758759507 -0.01370205686281579169 11.97632672748694027 F -0.1226943890541740412 F 5.62096728992067121e-17 #
DXID-attrib $-1 -1 $-1 $-1 $4013 @10 Revit:Face @8 Face:333 #
cone-surface $-1 -1 $-1 -79.09495127660987634 -0.235296161371259388 86.19981589325544746 2.65232831704589553e-15 -4.327493858819297223e-16 1 -14.31949216100519884 -1.958362402096661459 3.713251441750921938e-14 1 I I -0.3795263897072323478 -0.9251809117766071067 14.45278654955628639 forward I I I I #
coedge $-1 -1 $-1 $4470 $4311 $4313 $4021 reversed $4014 $-1 #
coedge $-1 -1 $-1 $4310 $4322 $4018 $4312 forward $4014 $-1 #
edge $4474 -1 $-1 $3587 5.283033736321411489 $3582 6.283775481627574599 $4311 $4475 forward @7 unknown #
coedge $-1 -1 $-1 $4019 $4292 $4310 $4021 forward $3573 $-1 #
DXID-attrib $-1 -1 $-1 $-1 $4020 @10 Revit:Edge @8 Edge:319 #
ellipse-curve $-1 -1 $-1 -81.90233752916043386 -0.7415007051264852489 86.14857925849094045 -3.27836223788815455e-15 8.127811549786921165e-29 -1 11.61520205096926794 3.420424193241045501e-13 -3.807883978933869095e-14 1 F 3.140856352403280649 F 6.283921608366127565 #
DXID-attrib $-1 -1 $-1 $-1 $4021 @10 Revit:Edge @8 Edge:330 #
straight-curve $-1 -1 $-1 -93.51753643160029128 -0.7500529914058066128 86.14857925849098308 -10.40456208481691647 -0.1893904656104722362 5.975719126157627237 F -0.007114137583189841449 F -8.406887495541274227e-16 #
coedge $-1 -1 $-1 $4293 $4023 $4322 $4027 reversed $4294 $-1 #
DXID-attrib $-1 -1 $-1 $-1 $4024 @10 Revit:Edge @8 Edge:349 #
straight-curve $-1 -1 $-1 -86.4451440749602682 -12.65506278454476785 86.14857925849095466 -12 3.202505404536787809e-13 3.695198543696294111e-14 F -0.7571344242999195062 F -6.221338996681091331e-30 #
DXID-attrib $-1 -1 $-1 $-1 $4027 @10 Revit:Edge @8 Edge:332 #
coedge $-1 -1 $-1 $4311 $4470 $4318 $4027 forward $4014 $-1 #
ellipse-curve $-1 -1 $-1 50.82390498728674544 -40.91019997047346379 102.3763368833273404 1.611211164487258745e-14 0.4980340741563816231 0.86715746031455887 -137.2690490622470065 28.25513718592869239 -16.22775762483637862 1 F 6.282563418232387065 F 6.283185307179586232 #
DXID-attrib $-1 -1 $-1 $-1 $4037 @10 Revit:Edge @8 Edge:422 #
ellipse-curve $-1 -1 $-1 -81.88122913574319739 -0.7576933599002950714 84.07348081056908029 1.727558790417912113e-15 -4.283014282991404232e-29 -1 -0.9102154597779112954 2.256632790994805074e-14 -1.572450718713612027e-15 1 F 1.715367008241906575e-15 F 3.141592653589796225 #
point $-1 -1 $-1 -80.97101367596528121 -0.7576933599003206066 84.07348081056908029 #
point $-1 -1 $-1 -82.79144459552111357 -0.7576933599002709796 84.07348081056908029 #
no_merge_attribute-st-attrib $-1 -1 $4476 $-1 $4046 #
straight-curve $-1 -1 $-1 -80.97101367596528121 -0.7576933599003206066 84.07348081056908029 12 -3.38448015170250039e-13 2.603446270540384721e-14 F 0 F 0.0511732331343126845 #
no_merge_attribute-st-attrib $-1 -1 $4477 $-1 $4047 #
straight-curve $-1 -1 $-1 -83.40552339313285302 -0.7576933599002573239 84.07348081056906608 12 -2.961420132739687652e-13 2.603446270540384721e-14 F -5.213651995391872638e-30 F 0.05117323313431221959 #
no_merge_attribute-st-attrib $-1 -1 $4478 $4051 $3629 #
DXID-attrib $-1 -1 $-1 $-1 $4056 @10 Revit:Face @8 Face:138 #
plane-surface $-1 -1 $-1 -62.65223143995620347 -1.424921035762950483 85.86836005541610461 2.528922983896506114e-06 -1.407662278777629325e-15 -0.9999999999968023356 0 12 -1.689194734538556679e-14 forward_v I I I I #
DXID-attrib $-1 -1 $-1 $-1 $4060 @10 Revit:Edge @8 Edge:114 #
vertex $-1 -1 $-1 $4060 $4479 #
straight-curve $-1 -1 $-1 -62.77301928238965445 1.414398415283562915 85.85779262233387499 0.2094156852868533369 -1.4890297626694236e-14 -11.99817257213596733 F 5.827054874458175377e-17 F 0.04473609806031665637 #
edge $4480 -1 $-1 $4064 -0.2366099542538761535 $4081 0 $4079 $4481 forward @7 unknown #
point $-1 -1 $-1 -62.77301928238965445 1.414398415283562915 85.85779262233387499 #
DXID-attrib $-1 -1 $-1 $-1 $4066 @10 Revit:Edge @8 Edge:137 #
straight-curve $-1 -1 $-1 -62.65223143995620347 -1.424921035762950483 85.86836005541610461 0 -12 1.689194734538556679e-14 F -0.2366099542538761258 F -1.456985596620940322e-17 #
DXID-attrib $-1 -1 $-1 $-1 $4073 @10 Revit:Edge @8 Edge:115 #
straight-curve $-1 -1 $-1 -62.76365084175729692 1.414398415283562249 85.32104119760219874 -9.984137328906605546 -1.873308306778243127e-14 -6.657101606369971947 F -0 F 0.03555921960975692159 #
point $-1 -1 $-1 -63.1186789736498568 1.414398415283561583 85.08431985961682642 #
point $-1 -1 $-1 -62.77301928238965445 -1.424921035762950705 85.85779262233387499 #
DXID-attrib $-1 -1 $-1 $-1 $4083 @10 Revit:Edge @8 Edge:133 #
straight-curve $-1 -1 $-1 -62.76365084175729692 -1.424921035762951371 85.32104119760219874 0 -12 1.689194734538556679e-14 F -0.2366099542538761535 F 0 #
DXID-attrib $-1 -1 $-1 $-1 $4090 @10 Revit:Edge @7 Edge:80 #
ellipse-curve $-1 -1 $-1 -35.84000015258645533 0.01406443258676520237 85.16560006283941675 0.8290375725550414021 7.789623576197411868e-15 -0.5591929034707473489 1.499247550964363018 0 2.222725901198077114 0.5591929034707473489 F 0.004688005544315443709 F 0.5725363352856999155 #
pcurve $-1 -1 $-1 0 forward { exppc nurbs 2 open 2 
	3.883313103403454858e-06 2 0.04189733433979143246 2 
	0.1246499291648404673 0.2228685307659059034 1 
	0.1269842372302696643 0.1114441917682926497 0.9997806253664751619 
	0.1246499123827232852 1.985312226127078361e-05 1 
	0 
	plane -34.34075260162208565 -1.495794101253432373 87.38832596403747743 1 2.255066819063026726e-29 -1.618842489290060721e-15 0 12 1.671614255728101354e-13 forward_v I I I I 
	} 0 0 #
point $-1 -1 $-1 -34.34075260162208565 0.007001680638407834119 87.38849090565472011 #
DXID-attrib $-1 -1 $-1 $-1 $4096 @10 Revit:Edge @7 Edge:84 #
ellipse-curve $-1 -1 $-1 -34.34075260162208565 -63.82364628335494672 88.725661073748185 -1 3.390569043480414886e-17 7.104462511611855757e-19 2.164934893131661994e-15 63.82364613926984731 1.337335106691634801 1 F 3.883313103403454858e-06 F 0.04189733433979143246 #
DXID-attrib $-1 -1 $-1 $-1 $4105 @10 Revit:Face @7 Face:61 #
face $4482 -1 $-1 $4119 $4369 $66 $-1 $4483 forward single #
loop $-1 -1 $-1 $-1 $4484 $4105 #
plane-surface $-1 -1 $-1 3.945708343389043311e-12 -5.309950396048435668e-12 119.9999999999978257 -1.027528214424255746e-14 1.382799582304305996e-14 -1 -12 -1.705038702854100159e-27 1.233033857309106832e-13 forward_v I I I I #
coedge $-1 -1 $-1 $4485 $4485 $4486 $4487 forward $4106 $-1 #
DXID-attrib $-1 -1 $4488 $-1 $4109 @10 Revit:Edge @7 Edge:55 #
straight-curve $-1 -1 $-1 3.835496697872773867e-12 -5.213740791515925126e-12 113.0424042815940027 -12 -3.066361376451796438e-27 1.078879996279030597e-13 F -0.1975778784139276267 F 0.1975778784139212152 #
DXID-attrib $-1 -1 $-1 $-1 $4111 @10 Revit:Edge @7 Edge:52 #
ellipse-curve $-1 -1 $-1 3.874234266731945456e-12 -5.213740791515925126e-12 113.0424042815940027 1.027528214424255746e-14 -1.382799582304305839e-14 1 -2.370934540967092552 -3.368779295235427664e-28 2.436202135396709349e-14 1 F 1.597950515322071958e-15 F 3.141592653589796225 #
point $-1 -1 $-1 2.370934540970966786 -5.206038497784032254e-12 113.0424042815939885 #
point $-1 -1 $-1 -2.370934540963218762 -5.217529427587459281e-12 113.0424042815940311 #
coedge $-1 -1 $-1 $4120 $4120 $4118 $4366 forward $4369 $-1 #
edge $4489 -1 $-1 $4123 3.141592653589796225 $4126 6.283185307179588008 $4365 $4490 forward @7 unknown #
DXID-attrib $-1 -1 $-1 $-1 $4119 @10 Revit:Face @7 Face:69 #
plane-surface $-1 -1 $-1 3.907323036605638924e-12 -5.258293239153278433e-12 116.2643062988849749 -1.027528214424255746e-14 1.382799582304305996e-14 -1 -12 -1.705038702854100159e-27 1.233033857309106832e-13 forward_v I I I I #
loop $-1 -1 $-1 $4491 $4365 $4355 #
DXID-attrib $-1 -1 $-1 $-1 $4121 @10 Revit:Edge @7 Edge:68 #
ellipse-curve $-1 -1 $-1 3.907323036605638924e-12 -5.258293239153278433e-12 116.2643062988849749 1.027528214424255746e-14 -1.382799582304305996e-14 1 -12.8715520790488398 -1.828874538381702595e-27 1.322588292465387091e-13 1 F 1.643138953967699483e-15 F 3.141592653589796225 #
DXID-attrib $-1 -1 $-1 $4122 $3739 @10 Revit:Edge @7 Edge:72 #
point $-1 -1 $-1 12.87155207905257193 -5.217192649469746351e-12 116.2643062988848328 #
DXID-attrib $-1 -1 $-1 $4125 $3740 @10 Revit:Edge @7 Edge:71 #
point $-1 -1 $-1 -12.87155207904475596 -5.27944298777238928e-12 116.2643062988851028 #
DXID-attrib $-1 -1 $-1 $-1 $4131 @10 Revit:Face @7 Face:85 #
cone-surface $-1 -1 $-1 5.504069942992785514 0.003754002322525855188 119.6534908707976115 0 0 1 1.684513288215350539e-15 0.9482966771384127025 0 1 I I 0 1 0.9482966771384127025 forward I I I I #
coedge $-1 -1 $-1 $4159 $4158 $4134 $4379 reversed $3746 $-1 #
edge $4492 -1 $-1 $4383 -2.918719658163556427e-17 $4392 0.2088818139459493461 $4134 $4493 forward @7 unknown #
coedge $-1 -1 $-1 $4156 $4135 $4138 $4385 forward $4132 $-1 #
coedge $-1 -1 $-1 $4135 $4156 $4159 $4397 reversed $4132 $-1 #
DXID-attrib $-1 -1 $-1 $-1 $4136 @10 Revit:Edge @7 Edge:57 #
vertex $-1 -1 $-1 $4136 $4494 #
straight-curve $-1 -1 $-1 6.324300527569103991 -0.4721539467572793969 119.6534908707976115 -6.009216216087716056 -10.38697840896515956 0 F 4.509399406995152073e-16 F 0.249833862747224883 #
edge $4495 -1 $-1 $4141 -0.04920007288455963135 $4168 0 $4380 $4496 forward @14 tangent_not_g2 #
point $-1 -1 $-1 6.324300527569101327 -0.4721539467572840598 119.6534908707976115 #
DXID-attrib $-1 -1 $-1 $-1 $4143 @10 Revit:Edge @7 Edge:86 #
straight-curve $-1 -1 $-1 6.324300527569072017 0.4796619514024003106 120.2438917454123271 0 0 12 F -0.04920007288455963135 F 0 #
DXID-attrib $-1 -1 $-1 $-1 $4144 @10 Revit:Face @7 Face:87 #
plane-surface $-1 -1 $-1 6.324300527569072017 0.4796619514024003106 120.2438917454123271 0.8649514485819025378 0.5018555485357002466 0 0 0 -12 forward_v I I I I #
DXID-attrib $-1 -1 $-1 $-1 $4151 @10 Revit:Edge @7 Edge:59 #
vertex $-1 -1 $-1 $4379 $4497 #
ellipse-curve $-1 -1 $-1 2.742246482568611476 -4.759166032472046837 119.6534908707976115 0 0 -1 1.693979867021199484e-15 0.9536258872362245453 0 1 F 2.095336179948567246 F 3.141592653589792228 #
point $-1 -1 $-1 2.742246482568610588 -5.712791919708272381 119.6534908707976115 #
DXID-attrib $-1 -1 $-1 $-1 $4157 @10 Revit:Edge @7 Edge:41 #
straight-curve $-1 -1 $-1 4.822994828220648067 -3.067172884941069544 120.2438917454123271 6.009216216087716056 10.38697840896515956 0 F 2.918447157940254931e-17 F 0.2498338627472244666 #
edge $4498 -1 $-1 $4383 -0.04920007288455963135 $4161 0 $4159 $4499 forward @2 g2 #
point $-1 -1 $-1 4.822994828220648067 -3.067172884941069544 120.2438917454123271 #
DXID-attrib $-1 -1 $-1 $-1 $4163 @10 Revit:Edge @7 Edge:80 #
straight-curve $-1 -1 $-1 3.567661643024744311 -5.236755967140119594 120.2438917454123271 0 0 12 F -0.04920007288455963135 F 0 #
point $-1 -1 $-1 6.324300527569101327 -0.4721539467572840598 120.2438917454123271 #
DXID-attrib $-1 -1 $-1 $4171 $3280 @10 Revit:Edge @8 Edge:396 #
DXID-attrib $-1 -1 $-1 $4175 $3811 @10 Revit:Edge @8 Edge:301 #
DXID-attrib $-1 -1 $-1 $4180 $3321 @10 Revit:Edge @8 Edge:291 #
DXID-attrib $-1 -1 $-1 $-1 $4182 @10 Revit:Edge @8 Edge:312 #
intcurve-curve $-1 -1 $-1 forward { exactcur full nubs 3 open 13 
	-1 3 -0.8888888888888888395 1 -0.8333333333333332593 1 -0.7777777777777777901 1 -0.7222222222222222099 1 
	-0.6666666666666666297 1 -0.4444444444444444198 1 -0.3333333333333333148 1 -0.2777777777777777901 1 -0.2222222222222222099 1 
	-0.1666666666666666574 1 -0.1111111111111111049 1 0 3 
	-35.28073358535477411 2.076883792877284751 92.16735642304202258 
	-35.28620936412379194 2.075663778074789523 92.125870030264295 
	-35.29267304270663175 2.072933857033631089 92.06323613320336108 
	-35.29588487586172363 2.067363386461903652 91.97835934940881941 
	-35.29699174896104097 2.062222604923293456 91.91448060518249008 
	-35.29842677020279496 2.056168251709349803 91.8509511416159512 
	-35.30010712234238213 2.042179548742793394 91.72392488818920242 
	-35.30068949224625641 2.020421159485151108 91.57639875496339243 
	-35.29942014561690655 1.992193042549298188 91.43001766013509268 
	-35.29825321066037702 1.974222771184367176 91.34674758017625606 
	-35.296795345067558 1.959839836984497596 91.28454336379324729 
	-35.29567214971491751 1.944512705534586328 91.2224299064897366 
	-35.29247931512625769 1.922911401807406939 91.14012147392907082 
	-35.28611597585429394 1.905513963774353225 91.07931279294797378 
	-35.28073358535477411 1.893377780914356601 91.039094244069247 
	0 
	
	null_surface 
	null_surface 
	nullbs 
	nullbs 
	I I 
	0 
	0 
	11 -0.8888888888888888395 -0.8333333333333332593 -0.7777777777777777901 -0.7222222222222222099 -0.6666666666666666297 -0.4444444444444444198 -0.3333333333333333148 -0.2777777777777777901 -0.2222222222222222099 -0.1666666666666666574 -0.1111111111111111049 
	F 1 F 0 } F -1 F 0 #
edge $4500 -1 $-1 $4409 24.38396699540147594 $4417 25.07552542034868281 $4195 $4501 forward @7 unknown #
DXID-attrib $-1 -1 $-1 $-1 $4197 @10 Revit:Edge @8 Edge:193 #
vertex $-1 -1 $-1 $4221 $4502 #
straight-curve $-1 -1 $-1 -32.72718576841003824 -1.706577250342988128 95.13899210044748145 -4.905257362166925845e-14 -4.087714468472262288e-15 12 F -0.325919933944909479 F 5.955741103663363662e-32 #
point $-1 -1 $-1 -32.72718576841003824 -1.706577250342990126 95.13899210044748145 #
DXID-attrib $-1 -1 $-1 $-1 $4219 @10 Revit:Edge @8 Edge:221 #
intcurve-curve $-1 -1 $-1 forward { surfintcur full nubs 3 open 4 
	9.931360968212988638 3 11.04853937164057953 2 12.16571777506817043 2 13.28289617849576132 3 
	-32.30981203853716011 1.624506790060856298 91.35230972721163312 
	-32.45805728706606175 1.653061616780102216 91.32314799482574585 
	-32.60549112329511701 1.682106388419201792 91.27868818060866829 
	-32.88833373688220973 1.738962404333553202 91.16101948507024133 
	-33.02395852122899811 1.766812876485706729 91.08772096773930116 
	-33.27487949037311665 1.81920159026559225 90.91808232150054891 
	-33.39016852514295408 1.843732321590123791 90.8217292976625572 
	-33.49225031483170056 1.865723981527442232 90.7188188519340315 
	7.822917754946121655e-05 
	
	cone -31.86832091846558868 -2.974965728756732375 89.10796566851163902 3.552713678800500929e-15 1 -1.382799582304305996e-14 -2.287355386231952448 8.126318768944260454e-15 0 1 I I 0 1 2.287355386231952448 forward I I I I 
	cone -21.88723695316341278 55.73435130195233711 90.54683155168059727 3.215343167861849829e-15 -1.14231936545005291e-29 -1 -55.10449477593753187 1.95770492353864014e-13 -1.771798607962897366e-13 1 I I -0 -1 55.10449477593753187 forward I I I I 
	nullbs 
	nullbs 
	I I 
	0 
	0 
	0 
	} F 10.995883366202305 F 12.05050536678573714 #
DXID-attrib $-1 -1 $-1 $-1 $4221 @10 Revit:Edge @8 Edge:192 #
intcurve-curve $-1 -1 $-1 forward { surfintcur full nubs 3 open 4 
	22.03339837355224518 3 23.15057849721005567 2 24.26775862086786262 2 25.38493874452566956 3 
	-33.49225068478483536 -1.865731571045856407 90.71881847897776652 
	-33.3901687652307757 -1.843739842752989189 90.82172910289681056 
	-33.27487959143036278 -1.819208889158909104 90.91808225517054609 
	-33.02395837889229568 -1.766819225537981319 91.08772106197696417 
	-32.88833349071249756 -1.738968023104617178 91.16101961142766186 
	-32.60549075982737577 -1.682109919770247819 91.27868830787377874 
	-32.45805691027064199 -1.653063787454458922 91.32314809150619794 
	-32.30981170971660532 -1.624507294942503233 91.35230979189486789 
	7.822945292547600008e-05 
	
	cone -31.86832091846558868 -2.974965728756732375 89.10796566851163902 3.552713678800500929e-15 1 -1.382799582304305996e-14 -2.287355386231952448 8.126318768944260454e-15 0 1 I I 0 1 2.287355386231952448 forward I I I I 
	cone -21.88162144713802704 -55.76032794043628371 90.54683155168059727 3.215343167861849829e-15 -1.14231936545005291e-29 -1 -55.13106410285956116 1.958648855650564299e-13 -1.772652903000831561e-13 1 I I -0 -1 55.13106410285956116 forward I I I I 
	nullbs 
	nullbs 
	I I 
	0 
	0 
	0 
	} F 23.26579091437212554 F 24.31960265069352545 #
DXID-attrib $-1 -1 $-1 $-1 $4225 @10 Revit:Edge @8 Edge:255 #
vertex $-1 -1 $-1 $4407 $4503 #
straight-curve $-1 -1 $-1 -32.45798206329038038 -1.657791009138447791 91.31800964934282661 4.263256414560601115e-14 12 -1.664164022733210083e-13 F -2.913971193241961378e-17 F 0.2761941286532066386 #
DXID-attrib $-1 -1 $-1 $-1 $4237 @10 Revit:Edge @8 Edge:199 #
intcurve-curve $-1 -1 $-1 forward { surfintcur full nubs 3 open 4 
	3.717915762268857005 3 4.957221016358476007 2 6.131095537749702729 2 7.304970059140928562 3 
	-32.96489278657579547 -1.758405885684731107 91.13548323530433493 
	-32.81215352152833731 -1.722427490809743444 91.20562695927235097 
	-32.65573804213693876 -1.690900532548598179 91.26257469029044955 
	-32.354846730304331 -1.640320617531477732 91.34742049728170343 
	-32.19897864447312941 -1.618798416375851534 91.37983766172438038 
	-31.87764209239459134 -1.585727549852151919 91.4205546679793315 
	-31.71217152488297941 -1.574194049655721184 91.42885024251333448 
	-31.54699823917287205 -1.56839513974356537 91.42407029432055765 
	7.845705393903036401e-05 
	
	cone -31.63890691119281229 -2.97496572875676879 88.24812429971636618 3.552713678800500929e-15 1 -1.382799582304305996e-14 -3.177275588398807304 1.128795044422335289e-14 0 1 I I 0 1 3.177275588398807304 forward I I I I 
	cone -31.29081562094060232 -8.865374298618561966 90.54683155168058306 3.215343167861849829e-15 -1.14231936545005291e-29 -1 -7.301474808484954337 2.59400494275217651e-14 -2.34767471407775045e-14 1 I I -0 -1 7.301474808484954337 forward I I I I 
	nullbs 
	nullbs 
	I I 
	0 
	0 
	0 
	} F 5.072079743740096625 F 5.299903591803183822 #
DXID-attrib $-1 -1 $-1 $-1 $4244 @10 Revit:Face @8 Face:107 #
face $4504 -1 $-1 $4283 $4505 $73 $-1 $4506 reversed single #
loop $-1 -1 $-1 $-1 $4507 $4244 #
plane-surface $-1 -1 $-1 -5.134872876867373925 2.202227532860011827 95.28339096349108672 -0.2249510543438721089 1.426461629148732242e-14 0.9743700647852335806 -4.263256414560601115e-14 -12 1.658355085852590652e-13 forward_v I I I I #
coedge $-1 -1 $-1 $4508 $4509 $4510 $4511 forward $4245 $-1 #
coedge $-1 -1 $-1 $4512 $4247 $4509 $4513 forward $3931 $-1 #
coedge $-1 -1 $-1 $4247 $4512 $4514 $4515 reversed $3931 $-1 #
coedge $-1 -1 $-1 $4516 $4510 $4247 $4429 reversed $3479 $-1 #
edge $4517 -1 $-1 $4518 -13.59909950188928285 $4519 -12.07919209091080326 $4247 $4520 forward @7 unknown #
coedge $-1 -1 $-1 $4514 $4248 $4516 $4521 forward $3469 $-1 #
coedge $-1 -1 $-1 $4290 $4290 $4248 $4432 reversed $3989 $-1 #
edge $4522 -1 $-1 $4436 1.237454899325978408 $4523 6.022396401700318869 $4248 $4524 forward @7 unknown #
coedge $-1 -1 $-1 $4249 $4525 $4526 $4527 forward $3469 $-1 #
tcoedge-coedge $-1 -1 $-1 $4250 $4516 $4290 $4464 forward $3479 $4528 -0.1581423670168183582 2.996533904648484651e-10 #
DXID-attrib $-1 -1 $-1 $-1 $4251 @10 Revit:Edge @7 Edge:92 #
tvertex-vertex $-1 -1 $-1 $4251 $4529 7.965677731446813934e-07 #
intcurve-curve $-1 -1 $-1 reversed { surfintcur full nubs 3 open 15 
	-8.419914186613695506 3 -7.216855618191186039 2 -6.013797049768676573 2 -4.810738481346170659 2 -3.608053861009622665 2 
	-2.405369240673081777 2 -1.202684620336540888 2 0 3 1.202684620336545329 2 2.405369240673090658 2 
	3.608053861009635988 2 4.810738481346181317 2 6.013797049768688119 2 7.216855618191194921 2 8.419914186613702611 3 
	-4.353943061640205059 -1.575604838442024258 95.79951048402247693 
	-4.516262476177472784 -1.570466372810296773 95.76771544698590333 
	-4.677728825874933882 -1.56598665169648199 95.71922799030619444 
	-4.987446363491004675 -1.55849790507860142 95.5909641167856563 
	-5.13594483165452953 -1.555478641763374581 95.51108515121987352 
	-5.410580699646520664 -1.550727769041474691 95.32645915179051599 
	-5.536710281109126441 -1.548990306314494525 95.22170063883662294 
	-5.759946753850680778 -1.546435492774895115 94.99846424429256331 
	-5.864682155028944521 -1.545535570664121616 94.87237150058609814 
	-6.049286257844543435 -1.544312007086215521 94.59779752326886637 
	-6.129166439495203456 -1.543981765976000675 94.44932403763012019 
	-6.257448564066416807 -1.543604554875658952 94.13962613623802156 
	-6.305952689965591773 -1.543553030571576112 93.97815506483054548 
	-6.369573329176062337 -1.543509356094683094 93.65346301743151969 
	-6.384676244188359995 -1.543516158502318492 93.49023937725874589 
	-6.384676244188359107 -1.543516158502318492 93.33240674991799324 
	-6.38467624418835733 -1.543516158502318492 93.17457412257724059 
	-6.369573329176060561 -1.543509356094683094 93.01135048240446679 
	-6.305952689965587332 -1.543553030571576112 92.68665843500544099 
	-6.257448564066411478 -1.543604554875658952 92.52518736359796492 
	-6.129166439495195462 -1.543981765976000675 92.21548946220586629 
	-6.049286257844532777 -1.544312007086215521 92.06701597656710589 
	-5.864682155028932087 -1.545535570664121616 91.79244199924988834 
	-5.759946753850668344 -1.546435492774895115 91.66634925554342317 
	-5.536710281109112231 -1.548990306314494525 91.44311286099936353 
	-5.410580699646505565 -1.550727769041474691 91.33835434804547049 
	-5.135944831654515319 -1.555478641763374581 91.15372834861612716 
	-4.987446363490989576 -1.55849790507860142 91.07384938305033018 
	-4.677728825874918783 -1.56598665169648199 90.94558550952980625 
	-4.516262476177510088 -1.570466372810292333 90.89709805284982735 
	-4.353943061640190848 -1.575604838442020927 90.86530301581352376 
	8.262456350186454161e-05 
	
	cone -3.870688148341534962 -2.202231645587733766 93.33240674991800745 3.552713678800500929e-15 1 -1.382799582304305996e-14 -2.513988095846825477 8.931479896456641671e-15 0 1 I I 0 1 2.513988095846825477 forward I I I I 
	cone -6.381758951119931744 -65.63244817653273344 90.6476877079669805 -3.200379088609883824e-15 1.13700305654514147e-29 1 -64.08893208442721345 2.276896256760608617e-13 -2.051088780543398532e-13 1 I I 0 1 64.08893208442721345 forward I I I I 
	nullbs 
	nullbs 
	I I 
	0 
	0 
	0 
	} F -3.841659200024674981 F -2.371199310008990757 #
coedge $-1 -1 $-1 $4526 $4257 $4252 $4439 reversed $4263 $-1 #
edge $4530 -1 $-1 $4441 1.800169298868446788 $4260 4.046961079170510622 $4252 $4531 forward @7 unknown #
DXID-attrib $-1 -1 $-1 $-1 $4253 @10 Revit:Edge @7 Edge:89 #
vertex $-1 -1 $-1 $4253 $4532 #
straight-curve $-1 -1 $-1 -5.901846474455258118 1.545312964096703157 91.85101146157713004 3.745975710714709405e-14 12 -1.603570181922263735e-13 F -0.2575521606827803622 F 2.913971193242106824e-17 #
point $-1 -1 $-1 -5.901846474455267 -1.545312964096660968 91.85101146157717267 #
DXID-attrib $-1 -1 $-1 $-1 $4258 @10 Revit:Edge @7 Edge:86 #
ellipse-curve $-1 -1 $-1 -6.38172295812820245 68.97455584297851772 91.66654054485169922 0.222708803290038726 1.262599811310480349e-14 0.9748850131872573987 1.246408135934577999 -67.41891776772799005 -0.2847372362988488947 1 F -4.319682470852508929e-15 F 0.005930763448688963074 #
point $-1 -1 $-1 -5.13531482219390778 1.555638075250515229 91.381803308552918 #
coedge $-1 -1 $-1 $4268 $4533 $4282 $4457 reversed $4263 $-1 #
coedge $-1 -1 $-1 $4510 $4271 $4507 $4534 reversed $3479 $-1 #
coedge $-1 -1 $-1 $4535 $4536 $4271 $4450 forward $4505 $-1 #
edge $4537 -1 $-1 $4538 52.21725019697008463 $4453 54.15582704464396357 $4449 $4539 forward @7 unknown #
coedge $-1 -1 $-1 $4272 $4282 $4535 $4540 reversed $3975 $-1 #
DXID-attrib $-1 -1 $-1 $-1 $4273 @10 Revit:Edge @8 Edge:120 #
vertex $-1 -1 $-1 $4450 $4541 #
intcurve-curve $-1 -1 $-1 reversed { surfintcur full nubs 3 open 16 
	-11.79153779650544465 3 -10.47945521115345002 2 -9.168890865070800089 2 -7.858326518988150156 2 -6.547762172905500222 2 
	-5.237197826822850288 2 -3.927898370117134164 2 -2.618598913411425144 2 -1.309299456705716125 2 0 3 
	1.309299456705711462 2 2.618598913411422924 2 3.927898370117134164 2 5.237197826822845848 2 6.547762172905496669 2 
	7.858326518988148379 3 
	-2.174851272076877784 -1.681739474421148461 95.96751067439322469 
	-2.351606519004660889 -1.670111878406921546 96.00215190492643558 
	-2.529343425528527867 -1.659174385824369713 96.0186074124067801 
	-2.872954793146586638 -1.639408791861661774 96.0186074124067801 
	-3.050575773691058146 -1.629903413202679952 96.00218889988911997 
	-3.403993308333169043 -1.612486997848075365 95.93297402472471447 
	-3.579792551308560888 -1.604573929943222232 95.8801919036188508 
	-3.91703096193105349 -1.590705444300285487 95.74054173666164047 
	-4.078739453547819416 -1.584733893970516228 95.65356182139514374 
	-4.377822234285334346 -1.574678614505088836 95.45249554498896316 
	-4.515187877456972032 -1.570588060946464637 95.33839666477570063 
	-4.758235930408880598 -1.563967989302794903 95.09530823122929633 
	-4.872235546728938438 -1.561217083257090854 94.95804538303028153 
	-5.073174466276526573 -1.556798188707054331 94.65914315254940448 
	-5.160126181443857263 -1.555122190423059214 94.49751223292970792 
	-5.299766504719151783 -1.552612155389976101 94.16036660563798932 
	-5.352566411151352455 -1.551771074870075484 93.98458330431151353 
	-5.421821900905814395 -1.5506962033578926 93.63111012297268587 
	-5.438262704545124393 -1.550461389643690513 93.45341735046955023 
	-5.438262704545123505 -1.550461389643690513 93.28159327478638829 
	-5.438262704545122617 -1.550461389643690513 93.10976919910321215 
	-5.421821900905811731 -1.5506962033578926 92.9320764266000765 
	-5.35256641115134979 -1.551771074870075484 92.57860324526126305 
	-5.299766504719145566 -1.552612155389976101 92.40281994393478726 
	-5.160126181443849269 -1.555122190423059214 92.06567431664305445 
	-5.073174466276515915 -1.556798188707054553 91.90404339702337211 
	-4.872235546728926892 -1.561217083257091076 91.60514116654248085 
	-4.758235930408869052 -1.563967989302794903 91.46787831834346605 
	-4.515187877456959598 -1.570588060946464859 91.22478988479706175 
	-4.377822234285321024 -1.574678614505088614 91.11069100458381342 
	-4.078739453547804317 -1.584733893970515561 90.90962472817763285 
	-3.917030961931038835 -1.590705444300285487 90.82264481291113611 
	-3.748411756619791646 -1.597639687121753971 90.75281972943253095 
	8.687371092220221741e-05 
	
	cone -2.701248566924741468 -2.202231645587738651 93.2815932747864025 3.552713678800500929e-15 1 -1.382799582304305996e-14 -2.737014137620384258 9.723827565794295884e-15 0 1 I I 0 1 2.737014137620384258 forward I I I I 
	cone -6.381758951119931744 -65.63244817653273344 90.6476877079669805 -3.200379088609883824e-15 1.13700305654514147e-29 1 -64.08893208442721345 2.276896256760608617e-13 -2.051088780543398532e-13 1 I I 0 1 64.08893208442721345 forward I I I I 
	nullbs 
	nullbs 
	I I 
	0 
	0 
	0 
	} F 7.178603546476817421 F 7.554716144228712515 #
DXID-attrib $-1 -1 $-1 $-1 $4274 @10 Revit:Edge @8 Edge:140 #
straight-curve $-1 -1 $-1 -3.864432334888859177 1.592973768715012062 90.91062644560794581 -3.791942374593288136e-14 1.347168554344082784e-28 12 F -4.662353909187039597e-16 F 0.4040430002966605705 #
edge $4542 -1 $-1 $4285 -7.554736263658277551 $4543 -7.178625488847476532 $4282 $4544 forward @7 unknown #
DXID-attrib $-1 -1 $-1 $-1 $4283 @10 Revit:Face @8 Face:115 #
cone-surface $-1 -1 $-1 -2.701248566924741468 -2.202231645587738651 93.2815932747864025 3.552713678800500929e-15 1 -1.382799582304305996e-14 -2.737014137620384258 9.723827565794295884e-15 0 1 I I 0 1 2.737014137620384258 forward I I I I #
point $-1 -1 $-1 -3.864432334888874276 1.592973768715012062 95.75914244916786799 #
DXID-attrib $-1 -1 $-1 $-1 $4288 @10 Revit:Face @8 Face:144 #
loop $-1 -1 $-1 $-1 $4545 $4288 #
cone-surface $-1 -1 $-1 -6.198180913921432555 1.34902400238105713 90.6476877079669805 3.200379088609883824e-15 -1.13700305654514147e-29 -1 -0.1947550131636706927 6.919087992815444917e-16 -6.232898715309543305e-16 1 I I 0 1 0.1947550131636706927 forward I I I I #
tedge-edge $4546 -1 $-1 $4523 -0.1581423670168183582 $4436 2.996533904648484651e-10 $4434 $4547 forward @14 tangent_not_g2 7.965575909924561428e-07 #
pcurve $-1 -1 $-1 0 forward { exppc nubs 1 open 2 
	-2.996533904648484651e-10 1 0.1581423670168183582 1 
	-8.913068833783377443 -1.567940574470337189 
	-18.65714872662207924 -1.567940574470332527 
	0 
	cone -6.198180913921442325 -1.349024002381013165 90.6476877079669805 3.200379088609883824e-15 -1.13700305654514147e-29 -1 -0.1947550131636706927 6.919087992815444917e-16 -6.232898715309543305e-16 1 I I 0 1 0.1947550131636706927 forward I I I I 
	} 0 0 #
DXID-attrib $-1 -1 $-1 $-1 $4297 @10 Revit:Edge @8 Edge:347 #
straight-curve $-1 -1 $-1 -86.42485413326031107 -12.5810423988025839 86.10606717046897529 -12 3.252223467107090191e-13 3.711776783111353402e-14 F -0.7537527673499280212 F 2.978694988682923258e-30 #
DXID-attrib $-1 -1 $-1 $-1 $4298 @10 Revit:Edge @8 Edge:316 #
ellipse-curve $-1 -1 $-1 -81.90233752916043386 -0.7415007051264852489 86.10606717046896108 -3.27836223788815455e-15 8.127811549786921165e-29 -1 11.54118166522707334 3.398626800731243009e-13 -3.78361741518875632e-14 1 F 3.14096837289422437 F 6.283809587875183844 #
coedge $-1 -1 $-1 $4322 $4310 $4299 $4471 reversed $4014 $-1 #
edge $4548 -1 $-1 $4303 5.284443277923233317 $4306 6.283685379912482105 $4299 $4549 forward @7 unknown #
point $-1 -1 $-1 -86.42485413326031107 -12.58104239880258213 86.10606717046897529 #
point $-1 -1 $-1 -93.44351694543604481 -0.7487056415764890005 86.10606717046900371 #
DXID-attrib $-1 -1 $-1 $-1 $4312 @10 Revit:Edge @8 Edge:335 #
ellipse-curve $-1 -1 $-1 -79.09495127660986213 -0.2352961613712603595 86.14857925849094045 -3.27836223788815455e-15 8.130197704434056283e-29 -1 -14.42227884694449891 -0.5232685811263955156 4.728145435611590605e-14 1 F 5.283033736321411489 F 6.283775481627574599 #
DXID-attrib $-1 -1 $-1 $4328 $4046 @10 Revit:Edge @8 Edge:420 #
DXID-attrib $-1 -1 $-1 $4330 $4047 @10 Revit:Edge @8 Edge:418 #
DXID-attrib $-1 -1 $-1 $4332 $3629 @10 Revit:Edge @8 Edge:194 #
point $-1 -1 $-1 -62.76365084175729692 1.414398415283562249 85.32104119760219874 #
DXID-attrib $-1 -1 $-1 $-1 $4338 @10 Revit:Edge @8 Edge:135 #
straight-curve $-1 -1 $-1 -62.77301928238965445 -1.424921035762950705 85.85779262233387499 0 -12 1.689194734538556679e-14 F -0.2366099542538761535 F 0 #
DXID-attrib $-1 -1 $4550 $-1 $4355 @10 Revit:Face @7 Face:67 #
cone-surface $-1 -1 $-1 4.182302992207293186e-12 -5.628348447769697166e-12 143.0256109269755029 -1.027528214424255746e-14 1.382799582304305839e-14 -1 -12.8715520790488398 -1.828874538381702595e-27 1.322588292465387091e-13 1 I I 0 1 12.8715520790488398 forward I I I I #
coedge $-1 -1 $-1 $4551 $4551 $4552 $4553 forward $4356 $-1 #
coedge $-1 -1 $-1 $4358 $4358 $4551 $4554 forward $4106 $-1 #
coedge $-1 -1 $-1 $4552 $4552 $4358 $4487 reversed $4491 $-1 #
edge $4555 -1 $-1 $4556 3.141592653589796225 $4557 6.28318530717958712 $4358 $4558 forward @7 unknown #
no_merge_attribute-st-attrib $-1 -1 $4559 $4359 $4109 #
DXID-attrib $-1 -1 $-1 $-1 $4366 @10 Revit:Edge @7 Edge:64 #
ellipse-curve $-1 -1 $-1 3.907323036605638924e-12 -5.258293239153278433e-12 116.2643062988849749 1.027528214424255746e-14 -1.382799582304305996e-14 1 -12.8715520790488398 -1.828874538381702595e-27 1.322588292465387091e-13 1 F 3.141592653589796225 F 6.283185307179588008 #
loop $-1 -1 $-1 $-1 $4552 $4355 #
DXID-attrib $-1 -1 $-1 $-1 $4379 @10 Revit:Edge @7 Edge:58 #
straight-curve $-1 -1 $-1 4.822994828220648067 -3.067172884941069544 119.6534908707976115 -6.009777306514279438 -10.38665377906214538 0 F -2.918719658163556427e-17 F 0.2088818139459493461 #
point $-1 -1 $-1 4.822994828220648067 -3.067172884941069544 119.6534908707976115 #
DXID-attrib $-1 -1 $-1 $-1 $4385 @10 Revit:Edge @7 Edge:84 #
straight-curve $-1 -1 $-1 6.324300527569096886 -0.4721539467572880011 120.2438917454123271 0 0 12 F -0.04920007288455963135 F 0 #
point $-1 -1 $-1 3.567661643024745199 -5.236755967140120482 119.6534908707976115 #
DXID-attrib $-1 -1 $-1 $-1 $4397 @10 Revit:Edge @7 Edge:82 #
straight-curve $-1 -1 $-1 4.822994828220648067 -3.067172884941069544 120.2438917454123271 0 0 12 F -0.04920007288455963135 F 0 #
DXID-attrib $-1 -1 $-1 $-1 $4407 @10 Revit:Edge @8 Edge:198 #
intcurve-curve $-1 -1 $-1 forward { surfintcur full nubs 3 open 3 
	23.20294466374151909 3 24.32009775322479328 2 25.43725084270807102 3 
	-33.1515830020449016 -1.804986268746642031 91.00143684277649925 
	-33.02721053443361399 -1.772207867645018142 91.08572778646882284 
	-32.89246569392543051 -1.740279929882009524 91.15893993016591423 
	-32.61040726656148792 -1.682691609501610008 91.27699214973408459 
	-32.46286176843022986 -1.657012304454808849 91.32191851144511929 
	-32.31387876513250745 -1.635929217428958138 91.35150592181616958 
	7.813395031404326999e-05 
	
	cone -31.86832091846558868 -2.974965728756732375 89.10796566851163902 3.552713678800500929e-15 1 -1.382799582304305996e-14 -2.287355386231952448 8.126318768944260454e-15 0 1 I I 0 1 2.287355386231952448 forward I I I I 
	cone -31.29081562094060232 -8.865374298618561966 90.54683155168058306 3.215343167861849829e-15 -1.14231936545005291e-29 -1 -7.301474808484954337 2.59400494275217651e-14 -2.34767471407775045e-14 1 I I -0 -1 7.301474808484954337 forward I I I I 
	nullbs 
	nullbs 
	I I 
	0 
	0 
	0 
	} F 24.38396699540147594 F 25.07552542034868281 #
point $-1 -1 $-1 -32.72718576841001692 -1.706577250342985685 91.22795289310856504 #
point $-1 -1 $-1 -32.45798206329038749 -1.657791009138448013 91.31800964934282661 #
DXID-attrib $-1 -1 $-1 $-1 $4422 @10 Revit:Face @8 Face:111 #
loop $-1 -1 $-1 $-1 $4449 $4422 #
cone-surface $-1 -1 $-1 -6.03652356585842842 -2.202231645587662712 99.44120428683611124 -3.552713678800500929e-15 -1 1.382799582304305996e-14 -4.26761769697850557 1.516162376794662794e-14 0 1 I I 0 1 4.26761769697850557 forward I I I I #
coedge $-1 -1 $-1 $4560 $4561 $4448 $4534 forward $4423 $-1 #
coedge $-1 -1 $-1 $4562 $4425 $4561 $4563 forward $4245 $-1 #
coedge $-1 -1 $-1 $4425 $4562 $4426 $4513 reversed $4245 $-1 #
coedge $-1 -1 $-1 $4428 $4448 $4425 $4511 reversed $3479 $-1 #
edge $4564 -1 $-1 $4519 4.369526565202396123e-15 $4565 0.004374905295808428213 $4425 $4566 forward @7 unknown #
coedge $-1 -1 $-1 $4427 $4426 $4567 $4568 forward $3931 $-1 #
edge $4569 -1 $-1 $4519 -0.2584384625806517843 $4570 -1.311287036958412323e-16 $4426 $4571 forward @7 unknown #
coedge $-1 -1 $-1 $4572 $4430 $4427 $4515 forward $3469 $-1 #
edge $4573 -1 $-1 $4518 -0.2575521606827804177 $4574 4.640569304034524406e-30 $4514 $4575 forward @7 unknown #
coedge $-1 -1 $-1 $4434 $4428 $4430 $4521 reversed $3479 $-1 #
DXID-attrib $-1 -1 $-1 $-1 $4429 @10 Revit:Edge @8 Edge:100 #
vertex $-1 -1 $-1 $4521 $4576 #
vertex $-1 -1 $-1 $4429 $4577 #
intcurve-curve $-1 -1 $-1 reversed { surfintcur full nubs 3 periodic 33 
	0 3 0.4672359030401171953 2 0.9344718060802343906 2 1.401707709120351586 2 1.868943612160468781 2 
	2.33623537929155134 2 2.803527146422633898 2 3.270818913553716456 2 3.73811068068479857 2 4.205514780104274486 2 
	4.672918879523749958 2 5.140322978943225429 2 5.607727078362700901 2 6.074974155567968381 2 6.542221232773235862 2 
	7.009468309978503342 2 7.476715387183770822 2 7.944006606964846284 2 8.411297826745920858 2 8.878589046526997208 2 
	9.345880266308071782 2 9.813240224039539328 2 10.28060018177100687 2 10.74796013950247442 2 11.21532009723394196 2 
	11.68261186436502541 2 12.14990363149610708 2 12.61719539862718875 2 13.0844871657582722 2 13.55172306879838828 2 
	14.01895897183850614 2 14.48619487487862401 2 14.95343077791874009 3 
	-6.05724097105982473 -1.544337705065860433 94.28522305174944051 
	-6.057240971059823842 -1.544337705065860433 94.22390600410638228 
	-6.051373675753283443 -1.544366491906492778 94.16049453717072026 
	-6.026657785029827075 -1.544498672688049412 94.03435333468586066 
	-6.007814472280397666 -1.544602197854844983 93.97162256425485793 
	-5.957978194441960973 -1.544912363940292632 93.85130610714017507 
	-5.926945537527952723 -1.545119894013915474 93.79362460060039552 
	-5.855228459468178492 -1.545668983988809364 93.68695305837925957 
	-5.814539574841971259 -1.546011562854251453 93.63796602888652387 
	-5.727821833666185469 -1.546837760809611995 93.55124653705206583 
	-5.678830245868419446 -1.547348875017936054 93.51055328449290016 
	-5.572150704731311244 -1.548607813013174628 93.43883062302529652 
	-5.514465765695478083 -1.549356504323699424 93.40779674600454996 
	-5.394145230320528839 -1.551097887414070842 93.35796009047980704 
	-5.331413780700090754 -1.552092608811062702 93.33911759441328115 
	-5.205275136080355303 -1.554284341294664307 93.31440354885140209 
	-5.14186691535246343 -1.555481611772433714 93.30853725789306452 
	-5.019228700322982739 -1.557972060643113998 93.30853725789306452 
	-4.955809460394055677 -1.559350353715524218 93.31440632030155768 
	-4.829655725691881507 -1.562282169724068304 93.33912787411004786 
	-4.766920184338819588 -1.563835475499210093 93.35797505028487819 
	-4.646595932823778696 -1.566981293213393966 93.40782055626934266 
	-4.588911468838757557 -1.568575666449030903 93.43885853319315515 
	-4.482234426225028656 -1.571649948113011508 93.51058848423183179 
	-4.433244839604668641 -1.573128867272296283 93.55128495036659331 
	-4.34653989464194801 -1.575824945702802848 93.63800218646814244 
	-4.30585953192212223 -1.577135015891867109 93.68698291506963471 
	-4.234154944034837165 -1.579498989667418751 93.79364269286303113 
	-4.203126259614706761 -1.580552054356987979 93.85131876273960927 
	-4.153294801022991756 -1.58226640643527583 93.97162676374382784 
	-4.134452330549558852 -1.58292841582148669 94.03435460495904863 
	-4.10973697522217396 -1.583800378428217304 94.16049297220743597 
	-4.10386938334704876 -1.584009984494399337 94.22390453768051088 
	-4.103869383347050537 -1.584009984494399337 94.34654735880732801 
	-4.109738082793183089 -1.583800338707981759 94.4099647246700755 
	-4.13445789940825037 -1.582928219996133867 94.536113977674745 
	-4.153303721211437427 -1.582266094395385014 94.59884690482337533 
	-4.20314383282165327 -1.580551454947100254 94.71916373544179635 
	-4.234177832064121461 -1.579498218878001348 94.77684357110646829 
	-4.305894521773323547 -1.577133878562743119 94.88350911572578639 
	-4.346581673370903509 -1.575823613460962669 94.9324918437657459 
	-4.433292762264139597 -1.573127410304034912 95.01920293265898465 
	-4.482280348775681489 -1.57164858884241232 95.05989260855777445 
	-4.588951623794968349 -1.568574545116425689 95.13161045646023695 
	-4.646632321896142948 -1.566980311803195747 95.16264311860200564 
	-4.766947744323659641 -1.563834785009084793 95.21247997204071112 
	-4.82967820041545437 -1.562281630637236018 95.23132379734512654 
	-4.955821051249139408 -1.559350101121973697 95.25604089054388623 
	-5.019234492001351633 -1.557971943029865747 95.26190884560583072 
	-5.141866915352470535 -1.555481611772433714 95.26190884560583072 
	-5.205275136080360632 -1.554284341294664307 95.25604255464749315 
	-5.331413780700095195 -1.552092608811062702 95.23132850908561409 
	-5.394145230320534168 -1.551097887414071064 95.2124860130190882 
	-5.514465765695482524 -1.549356504323699424 95.16264935749434528 
	-5.572150704731314796 -1.548607813013174628 95.13161548047359872 
	-5.678830245868423887 -1.547348875017936054 95.05989281900599508 
	-5.72782183366618991 -1.546837760809611995 95.01919956644682941 
	-5.8145395748419757 -1.546011562854251453 94.93248007461237137 
	-5.855228459468183821 -1.545668983988809364 94.88349304511963567 
	-5.926945537527957164 -1.545119894013915474 94.77682150289848551 
	-5.957978194441963637 -1.54491236394029241 94.71913999635872017 
	-6.007814472280400331 -1.544602197854844983 94.59882353924403731 
	-6.026657785029828851 -1.544498672688049412 94.53609276881302037 
	-6.051373675753284331 -1.544366491906492778 94.40995156632817498 
	-6.057240971059825618 -1.544337705065860433 94.34654009939249875 
	-6.05724097105982473 -1.544337705065860433 94.28522305174944051 
	5.392610631562121522e-05 
	
	cone -5.080555177203438966 -2.202231645587725328 94.28522305174945473 3.552713678800500929e-15 1 -1.382799582304305996e-14 -0.9766857938563876518 3.469884979723714664e-15 0 1 I I 0 1 0.9766857938563876518 forward I I I I 
	cone -6.381758951119931744 -65.63244817653273344 90.6476877079669805 -3.200379088609883824e-15 1.13700305654514147e-29 1 -64.08893208442721345 2.276896256760608617e-13 -2.051088780543398532e-13 1 I I 0 1 64.08893208442721345 forward I I I I 
	nullbs 
	nullbs 
	I I 
	0 
	0 
	0 
	} F -13.59909950188928285 F -12.07919209091080326 #
edge $4578 -1 $-1 $4523 2.371199310008987204 $4518 3.841659200024515552 $4430 $4579 forward @7 unknown #
DXID-attrib $-1 -1 $-1 $-1 $4432 @10 Revit:Edge @7 Edge:93 #
tvertex-vertex $-1 -1 $-1 $4432 $4580 7.965703751798726632e-07 #
intcurve-curve $-1 -1 $-1 forward { surfintcur full nubs 3 periodic 41 
	0 3 0.09183353008644570825 2 0.1836670601728914165 2 0.367334120345782833 2 0.5001929194779084487 2 
	0.6330517186100339533 2 0.9494531889595759777 2 1.265854659309118002 2 2.447890154911129823 2 3.038907902712135733 2 
	3.629925650513141644 2 4.220943398314149775 2 4.811961146115157462 2 5.993996641717172835 2 6.310398112066714305 2 
	6.626799582416254886 2 6.75965838154838039 2 6.892517180680505895 2 7.07618424085339548 2 7.168017770939840716 2 
	7.259851301026285064 2 7.351684831112730301 2 7.443518361199175537 2 7.62718542137206601 2 7.760044220504193291 2 
	7.892903019636319684 2 8.209304489985861153 2 8.525705960335404399 2 9.70774145593741622 2 10.29875920373842035 2 
	10.88977695153942626 2 11.48079469934043573 2 12.07181244714144341 2 13.25384794274346056 2 13.57024941309300203 2 
	13.88665088344254173 2 14.01950968257466634 2 14.15236848170679096 2 14.33603554187968143 2 14.42786907196612489 2 
	14.51970260205257013 3 
	-6.003425900757775935 -1.349024002381013831 92.00140493719268875 
	-6.003425900757775935 -1.361075646749313917 92.00140493719268875 
	-6.00455789275157592 -1.372993541909914628 92.003214485046513 
	-6.008779069246911853 -1.39583590642598776 92.01001521293898122 
	-6.01186618397100947 -1.40676091722413954 92.0150058588949662 
	-6.023187203488198804 -1.437203062890515026 92.0335251668838481 
	-6.033529797573809361 -1.454365691019230411 92.05074433657381405 
	-6.051000799199997005 -1.477135880866439654 92.08077360027587588 
	-6.059368606883904995 -1.486105584368526245 92.09542669917136948 
	-6.076360576583844875 -1.501405173257398307 92.12598603725203361 
	-6.084974337154649859 -1.507769114299089219 92.14188099853357983 
	-6.111378328194121856 -1.524762007133450448 92.19178211478758556 
	-6.131372132177022927 -1.533011093365080457 92.23173375493479398 
	-6.169422703825866883 -1.542641215768842722 92.31358754922204923 
	-6.187470982053825175 -1.544101328289177122 92.35548432700223032 
	-6.260870168354556675 -1.542296047567909278 92.53790873070593648 
	-6.308344085560351644 -1.515758081299974247 92.69632430053880512 
	-6.354676601192092988 -1.467092974112725656 92.9366854947865022 
	-6.366113557712582249 -1.449149071088774887 93.01717648202938449 
	-6.381092538959359572 -1.418092196019550943 93.17624270536771292 
	-6.38467624418835733 -1.405140015612698301 93.2548453656921339 
	-6.384676244188359995 -1.405140015612698523 93.40996813414383837 
	-6.381092538959362237 -1.418092196019547391 93.48857079446827356 
	-6.366113557712585802 -1.449149071088770446 93.64763701780660199 
	-6.354676601192097429 -1.467092974112725212 93.72812800504948427 
	-6.308344085560356973 -1.515758081299974913 93.96848919929716715 
	-6.260870168354562892 -1.542296047567909278 94.12690476913005 
	-6.18747098205383228 -1.544101328289177122 94.30932917283375616 
	-6.169422703825873988 -1.542641215768842722 94.35122595061393724 
	-6.13137213217703092 -1.533011093365080679 94.4330797449011925 
	-6.111378328194128073 -1.524762007133450004 94.47303138504838671 
	-6.084974337154656965 -1.507769114299088553 94.52293250130239244 
	-6.076360576583851092 -1.501405173257398529 94.53882746258395287 
	-6.059368606883912101 -1.486105584368526022 94.569386800664617 
	-6.051000799200004998 -1.477135880866439654 94.5840398995601106 
	-6.033529797573817355 -1.454365691019230411 94.61406916326217242 
	-6.023187203488206798 -1.437203062890514804 94.63128833295213838 
	-6.011866183971018351 -1.406760917224139096 94.64980764094100607 
	-6.008779069246919846 -1.395835906425987094 94.65479828689700526 
	-6.004557892751583914 -1.372993541909913739 94.66159901478947347 
	-6.003425900757783928 -1.361075646749313695 94.66340856264329773 
	-6.003425900757783928 -1.336972358012713968 94.66340856264329773 
	-6.004557892751584802 -1.325054462852113701 94.66159901478947347 
	-6.008779069246920734 -1.302212098336040347 94.65479828689700526 
	-6.011866183971018351 -1.291287087537888123 94.64980764094100607 
	-6.02318720348820591 -1.260844941871512859 94.63128833295213838 
	-6.033529797573816467 -1.24368231374279703 94.61406916326217242 
	-6.051000799200003222 -1.220912123895587786 94.5840398995601106 
	-6.059368606883910324 -1.211942420393501418 94.569386800664617 
	-6.076360576583850204 -1.196642831504629134 94.53882746258395287 
	-6.084974337154656077 -1.190278890462938666 94.52293250130239244 
	-6.111378328194127185 -1.173285997628577215 94.47303138504838671 
	-6.131372132177029144 -1.165036911396945873 94.4330797449011925 
	-6.169422703825872212 -1.155406788993183831 94.35122595061392303 
	-6.187470982053831392 -1.153946676472849209 94.30932917283374195 
	-6.260870168354561116 -1.15575195719411683 94.12690476913005 
	-6.308344085560355197 -1.182289923462050973 93.96848919929716715 
	-6.354676601192095653 -1.23095503064930023 93.72812800504947006 
	-6.366113557712584026 -1.248898933673254996 93.64763701780658778 
	-6.381092538959360461 -1.279955808742478052 93.48857079446827356 
	-6.384676244188359107 -1.292907989149326475 93.40996813414383837 
	-6.384676244188356442 -1.292907989149326697 93.2548453656921339 
	-6.381092538959357796 -1.279955808742474055 93.17624270536771292 
	-6.366113557712581361 -1.248898933673251666 93.01717648202938449 
	-6.354676601192091212 -1.23095503064930023 92.9366854947865022 
	-6.308344085560349868 -1.182289923462051862 92.69632430053880512 
	-6.260870168354556675 -1.155751957194116608 92.53790873070593648 
	-6.187470982053824287 -1.153946676472849209 92.35548432700223032 
	-6.169422703825866883 -1.155406788993183609 92.31358754922204923 
	-6.131372132177023815 -1.165036911396945873 92.23173375493477977 
	-6.111378328194120968 -1.173285997628576771 92.19178211478758556 
	-6.084974337154648083 -1.190278890462938 92.14188099853357983 
	-6.076360576583843098 -1.196642831504628912 92.1259860372520194 
	-6.059368606883903219 -1.211942420393501418 92.09542669917135527 
	-6.051000799199995228 -1.220912123895587786 92.08077360027587588 
	-6.033529797573809361 -1.24368231374279703 92.05074433657379984 
	-6.023187203488197916 -1.260844941871512415 92.0335251668838481 
	-6.01186618397100947 -1.291287087537887901 92.0150058588949662 
	-6.008779069246911853 -1.302212098336039681 92.01001521293898122 
	-6.00455789275157592 -1.325054462852113257 92.003214485046513 
	-6.003425900757775935 -1.336972358012713968 92.00140493719268875 
	-6.003425900757775935 -1.349024002381013831 92.00140493719268875 
	0.0001863469759589975313 
	
	cone -3.870688148341534962 -2.202231645587733766 93.33240674991800745 3.552713678800500929e-15 1 -1.382799582304305996e-14 -2.513988095846825477 8.931479896456641671e-15 0 1 I I 0 1 2.513988095846825477 forward I I I I 
	cone -6.198180913921442325 -1.349024002381013165 90.6476877079669805 3.200379088609883824e-15 -1.13700305654514147e-29 -1 -0.1947550131636706927 6.919087992815444917e-16 -6.232898715309543305e-16 1 I I 0 1 0.1947550131636706927 forward I I I I 
	nullbs 
	nullbs 
	I I 
	0 
	0 
	0 
	} F 1.237454899325978408 F 6.022396401700318869 #
coedge $-1 -1 $-1 $4433 $4572 $4581 $4582 forward $3469 $-1 #
coedge $-1 -1 $-1 $4583 $4438 $4433 $4527 reversed $4263 $-1 #
edge $4584 -1 $-1 $4585 2.374721247885132502 $4441 3.841659200024668763 $4433 $4586 forward @7 unknown #
pcurve $-1 -1 $-1 0 forward { exppc nubs 1 open 2 
	-0.1581423670168183582 1 2.996533904648484651e-10 1 
	0.05669579953467125677 -1.573652079121578895 
	0.02708525140917394936 -1.573652079121578895 
	1.141344236968979692e-14 
	cone -6.381758951119931744 -65.63244817653273344 90.6476877079669805 -3.200379088609883824e-15 1.13700305654514147e-29 1 -64.08893208442721345 2.276896256760608617e-13 -2.051088780543398532e-13 1 I I -0 -1 64.08893208442721345 forward I I I I 
	} 0 0 #
point $-1 -1 $-1 -6.198737085247049805 -1.543778221400188722 92.38355254601916045 #
DXID-attrib $-1 -1 $-1 $-1 $4439 @10 Revit:Edge @7 Edge:90 #
intcurve-curve $-1 -1 $-1 reversed { surfintcur full nubs 3 open 31 
	-8.454715060499719215 3 -7.891069142713188711 2 -7.327423224926656431 2 -6.763777307140124151 2 -6.200029229297401301 2 
	-5.636281151454678451 2 -5.072533073611957377 2 -4.508784995769234527 2 -3.945149634820367623 2 -3.381514273871502496 2 
	-2.817878912922635593 2 -2.254243551973768689 2 -1.690682663980325628 2 -1.127121775986886121 2 -0.5635608879934430604 2 
	0 3 0.5635608879934429494 2 1.127121775986885899 2 1.690682663980328737 2 2.254243551973771797 2 
	2.817878912922637369 2 3.381514273871503384 2 3.945149634820368956 2 4.508784995769234527 2 5.072600201396020303 2 
	5.636415407022806079 2 6.200230612649591855 2 6.764045818276377631 2 7.32762460654997394 2 7.89120339482357025 2 
	8.454782183097165671 3 
	-3.79401086474792848 1.59578074635023448 92.31864096995379043 
	-3.808919502343486752 1.595178282169062323 92.2425617661015167 
	-3.831651324372175704 1.594263694941023379 92.1668954122954176 
	-3.891767367436788305 1.591898034306863163 92.02177469669483401 
	-3.929199490728574773 1.590446013418336468 91.95220458309317735 
	-4.015700298143880964 1.587191869622860407 91.82355178458421108 
	-4.064774361821571702 1.585390979721518434 91.76447268556260894 
	-4.169359517358188327 1.581692967116606674 91.65988753002599765 
	-4.228445771679013809 1.579668370374618824 91.61080977393305602 
	-4.357106894327005264 1.575472423740171823 91.52430734351317199 
	-4.426678162784278392 1.573302504574631833 91.48687724557619561 
	-4.571796614631903566 1.569038015579468315 91.42676604205621516 
	-4.647459241170357913 1.566940987052017897 91.40403715124470807 
	-4.799608247996704158 1.563002993341526592 91.37422382562901646 
	-4.876095894504542727 1.561162346448960569 91.3671458111556376 
	-5.024009555624185275 1.557857241038967944 91.3671458111556376 
	-5.10048837934679522 1.556279827897785628 91.37422107262288762 
	-5.252629777714864723 1.553418285073980165 91.40402916086367213 
	-5.32829358607315573 1.552133780733739865 91.42675565441197705 
	-5.473419514130154262 1.549912319975147224 91.48686584601362881 
	-5.542997269709371011 1.548972658960065418 91.52429746199625527 
	-5.671671163686373696 1.54741770214132468 91.6108066272514634 
	-5.730763664081402808 1.546801136378750829 91.6598895647424996 
	-5.835359963641116643 1.545823996111592491 91.76448768039279003 
	-5.884437347037126287 1.545431100492366649 91.82357382647074928 
	-5.970939748197200636 1.544818215165879582 91.95223669064087346 
	-6.008370149406821348 1.544596754659507631 92.02180978225173646 
	-6.068480749443962097 1.544274729026723803 92.16693060973459239 
	-6.091208823398258865 1.544172973272512239 92.24259391933345853 
	-6.121020170946552597 1.544044754431075583 92.39474031178528435 
	-6.128097072829119973 1.544018086743370599 92.47122464286054822 
	-6.128097072829119973 1.544018086743370599 92.54518276464446558 
	-6.128097072829119973 1.544018086743370599 92.61914088642838294 
	-6.121020170946553485 1.544044754431075583 92.69562521750364681 
	-6.091208823398260641 1.544172973272512239 92.84777160995547263 
	-6.068480749443963873 1.544274729026723803 92.92343491955435297 
	-6.0083701494068249 1.544596754659507631 93.0685557470372089 
	-5.970939748197204189 1.544818215165879582 93.13812883864805769 
	-5.884437347037130728 1.545431100492366649 93.26679170281819609 
	-5.835359963641119307 1.545823996111592491 93.32587784889615534 
	-5.730763664081408137 1.546801136378750607 93.43047596454644577 
	-5.671671163686379025 1.547417702141324458 93.47955890203746776 
	-5.542997269709377228 1.548972658960065196 93.5660680672926901 
	-5.473419514130158703 1.549912319975147224 93.60349968327531656 
	-5.328293586073161059 1.552133780733739865 93.66360987487696832 
	-5.25262977771487094 1.553418285073980387 93.68633636842527324 
	-5.100488379346802326 1.55627982789778585 93.71614445666605775 
	-5.02400955562419238 1.557857241038967722 93.72321971813329355 
	-4.87608708728247997 1.561162543244828393 93.72321971813329355 
	-4.799590622373065329 1.563003418762890728 93.71614001969983576 
	-4.647425065447627901 1.566941902388452545 93.68631991102063239 
	-4.571754706343197583 1.569039192002554373 93.66358592474797717 
	-4.426622829127769165 1.573304185765844077 93.60346156393447359 
	-4.357045834341002788 1.575474349284495368 93.56602338424431764 
	-4.228375941418925699 1.579670713540902494 93.47950254939384251 
	-4.169286645587767737 1.581695482973928257 93.43041446775737313 
	-4.06471083189627258 1.585393286934692725 93.32581996415439107 
	-4.015647091194448848 1.587193841519086934 93.26674390538268256 
	-3.929164685728102846 1.590447352545090398 93.13809987573030469 
	-3.891740644268443017 1.591899076441085858 93.06853548830582668 
	-3.831637759379362684 1.594264238215497231 92.9234281991218154 
	-3.808911033666787738 1.595178623208437285 92.84776957917998175 
	-3.794005788227489795 1.595780951494717881 92.77169865216798428 
	5.766232649140705504e-05 
	
	cone -4.950060119340306208 -2.202231645587750197 92.54518276464452242 3.552713678800500929e-15 1 -1.382799582304305996e-14 -1.178036953488827088 4.185227998792225491e-15 0 1 I I 0 1 1.178036953488827088 forward I I I I 
	cone -6.381758951119464562 65.63244817653277607 90.6476877079669805 -3.200379088609883824e-15 1.13700305654514147e-29 1 -64.08893208442721345 2.276896256760608617e-13 -2.051088780543398532e-13 1 I I 0 1 64.08893208442721345 forward I I I I 
	nullbs 
	nullbs 
	I I 
	0 
	0 
	0 
	} F 1.800169298868446788 F 4.046961079170510622 #
point $-1 -1 $-1 -5.901846474455256342 1.545312964096703379 91.85101146157713004 #
coedge $-1 -1 $-1 $4447 $4587 $4588 $4589 reversed $4263 $-1 #
edge $4590 -1 $-1 $4565 1.646132600081278226e-15 $4538 0.005874769849775621569 $4507 $4591 forward @7 unknown #
coedge $-1 -1 $-1 $4588 $4449 $4451 $4540 forward $4505 $-1 #
coedge $-1 -1 $-1 $4449 $4588 $4560 $4592 reversed $4505 $-1 #
DXID-attrib $-1 -1 $-1 $-1 $4450 @10 Revit:Edge @8 Edge:112 #
vertex $-1 -1 $-1 $4534 $4593 #
intcurve-curve $-1 -1 $-1 forward { surfintcur full nubs 3 open 5 
	46.97094393518071342 3 49.01293263059299932 2 51.05549097112319146 2 53.0980493116533907 2 55.14060765218358995 3 
	-6.857215952262619041 -1.545279754434473851 95.25324239416535477 
	-6.581609662182352771 -1.543235055887105522 95.19923331057971438 
	-6.304497196853687591 -1.543002412862842121 95.17358658985759234 
	-5.768475179370629924 -1.545889907578092082 95.17358658985760655 
	-5.491306822078541927 -1.549109344853126569 95.1992473711875391 
	-4.940017694257669234 -1.55914169904375477 95.30730362941167755 
	-4.665892231361085329 -1.565950091571686187 95.38967558513213874 
	-4.140178154696556589 -1.582189074754332347 95.60748688118373195 
	-3.888169628932883981 -1.591620417144458788 95.74309943964073 
	-3.65515966385566049 -1.601542575807290314 95.89978271156407175 
	0.0001157467663214520949 
	
	cone -6.03652356585842842 -2.202231645587662712 99.44120428683611124 -3.552713678800500929e-15 -1 1.382799582304305996e-14 -4.26761769697850557 1.516162376794662794e-14 0 1 I I 0 1 4.26761769697850557 forward I I I I 
	cone -6.381758951119931744 -65.63244817653273344 90.6476877079669805 -3.200379088609883824e-15 1.13700305654514147e-29 1 -64.08893208442721345 2.276896256760608617e-13 -2.051088780543398532e-13 1 I I 0 1 64.08893208442721345 forward I I I I 
	nullbs 
	nullbs 
	I I 
	0 
	0 
	0 
	} F 52.21725019697008463 F 54.15582704464396357 #
edge $4594 -1 $-1 $4453 -0.2646036320278239429 $4543 3.503636484520180488e-31 $4535 $4595 forward @14 tangent_not_g2 #
point $-1 -1 $-1 -4.004485487935006915 -1.587621792166930224 95.6884210453693953 #
DXID-attrib $-1 -1 $-1 $-1 $4457 @10 Revit:Edge @8 Edge:119 #
vertex $-1 -1 $-1 $4540 $4596 #
intcurve-curve $-1 -1 $-1 reversed { surfintcur full nubs 3 open 16 
	-7.858326518988150156 3 -6.547762172905500222 2 -5.237197826822850288 2 -3.927898370117141269 2 -2.618598913411425144 2 
	-1.309299456705709019 2 0 3 1.309444433402476182 2 2.618888866804952364 2 3.928333300207428547 2 
	5.237777733609904729 2 6.54819709883855694 2 7.858616464067210039 2 9.169035829295863138 2 10.47945519452451535 2 
	11.7925279155333822 3 
	-3.748411756619778323 1.59763968712178217 90.75281972943248832 
	-3.917030961794883748 1.590705444303518012 90.82264481324017424 
	-4.078739453547790994 1.584733893970550422 90.90962472817759021 
	-4.377822234285307701 1.574678614505125696 91.11069100458377079 
	-4.515187877456946275 1.570588060946502384 91.22478988479701911 
	-4.758235930408854841 1.563967989302834205 91.46787831834342342 
	-4.872235546728913569 1.561217083257131266 91.60514116654243821 
	-5.073174466276504369 1.556798188707096076 91.90404339702331526 
	-5.160126181443836835 1.555122190423101403 92.06567431664301182 
	-5.299766504719134907 1.552612155390019621 92.40281994393474463 
	-5.352566411151338244 1.551771074870119227 92.57860324526122042 
	-5.421821900905801073 1.550696203357936787 92.93207642660003387 
	-5.438262704545111959 1.550461389643734922 93.10976919910316951 
	-5.438262704545112847 1.550461389643734922 93.28159327478634566 
	-5.438262704545112847 1.550461389643734922 93.45343637628272404 
	-5.421818263502510504 1.550696253885555764 93.63114820014398276 
	-5.352548121037728812 1.551771364667764663 93.98465713684335299 
	-5.299737207116220539 1.552612634597608565 94.16045714402129363 
	-5.160068462540486678 1.555123275366917523 94.49763177363125521 
	-5.073099290356658742 1.55679969284621178 94.65927506234879729 
	-4.872120623715140653 1.561219759768969872 94.95819623167461998 
	-4.758098711213863297 1.563971421973923359 95.09546564432686466 
	-4.515030483308323461 1.570592653498127822 95.33853387223240361 
	-4.377671414296089303 1.574683354952859604 95.45261044044605114 
	-4.078607591706303381 1.58473865770818656 95.65363695347437556 
	-3.916911478803857261 1.590710081098790418 95.7405994112937293 
	-3.579702080150617416 1.604577927410708149 95.88022116579033138 
	-3.403919543420162341 1.612490478341497724 95.93299228857634375 
	-3.050537745997347727 1.629905441897671503 96.00219252879509213 
	-2.872935798188113843 1.639409884510743209 96.01860741240673747 
	-2.529213700912096296 1.659181847987572178 96.01860741240673747 
	-2.351346957781689007 1.670127895038234778 96.00212708745635837 
	-2.174469898359780107 1.681764563698345372 95.96743590306499527 
	8.687371092234954693e-05 
	
	cone -2.701248566924741468 -2.202231645587738651 93.2815932747864025 3.552713678800500929e-15 1 -1.382799582304305996e-14 -2.737014137620384258 9.723827565794295884e-15 0 1 I I 0 1 2.737014137620384258 forward I I I I 
	cone -6.381758951119464562 65.63244817653277607 90.6476877079669805 -3.200379088609883824e-15 1.13700305654514147e-29 1 -64.08893208442721345 2.276896256760608617e-13 -2.051088780543398532e-13 1 I I 0 1 64.08893208442721345 forward I I I I 
	nullbs 
	nullbs 
	I I 
	0 
	0 
	0 
	} F -7.554736263658277551 F -7.178625488847476532 #
coedge $-1 -1 $-1 $4581 $4581 $4583 $4597 reversed $4462 $-1 #
DXID-attrib $-1 -1 $-1 $-1 $4464 @10 Revit:Edge @8 Edge:136 #
straight-curve $-1 -1 $-1 -6.198737085247050693 -1.543778221400366357 92.38355254961500407 4.21224134052871815e-14 -1.496488742890533583e-28 -12 F -0.1581423670168183582 F 2.996533904648484651e-10 #
DXID-attrib $-1 -1 $-1 $-1 $4471 @10 Revit:Edge @8 Edge:331 #
ellipse-curve $-1 -1 $-1 -79.09495127660986213 -0.2352961613712603595 86.10606717046894687 -3.27836223788815455e-15 8.130197704434056283e-29 -1 -14.34830713266251045 -0.5205847421584627321 4.703894828134199202e-14 1 F 5.284443277923233317 F 6.283685379912482105 #
DXID-attrib $-1 -1 $-1 $4482 $4355 @10 Revit:Face @7 Face:63 #
coedge $-1 -1 $-1 $4484 $4484 $4485 $4554 reversed $4356 $-1 #
coedge $-1 -1 $-1 $4486 $4486 $4484 $4553 reversed $4491 $-1 #
edge $4598 -1 $-1 $4557 5.053215498074333457e-16 $4556 3.141592653589796225 $4484 $4599 forward @7 unknown #
edge $4600 -1 $-1 $4557 -1.258835555480486748e-14 $4556 2.145258679841452576 $4485 $4601 forward @2 g2 #
DXID-attrib $-1 -1 $-1 $-1 $4487 @10 Revit:Edge @7 Edge:58 #
vertex $-1 -1 $-1 $4487 $4602 #
vertex $-1 -1 $-1 $4487 $4603 #
ellipse-curve $-1 -1 $-1 3.945708343389041695e-12 -5.309950396048433244e-12 119.9999999999976836 1.027528214424255746e-14 -1.382799582304305996e-14 1 -12.8715520790488398 -1.828874538381702595e-27 1.322588292465387091e-13 1 F 3.141592653589796225 F 6.28318530717958712 #
DXID-attrib $-1 -1 $-1 $4488 $4109 @10 Revit:Edge @7 Edge:54 #
coedge $-1 -1 $-1 $4604 $4507 $4536 $4592 forward $4423 $-1 #
coedge $-1 -1 $-1 $4507 $4604 $4508 $4563 reversed $4423 $-1 #
coedge $-1 -1 $-1 $4509 $4508 $4605 $4606 forward $4245 $-1 #
edge $4607 -1 $-1 $4565 -0.2592744456079169035 $4608 -2.913971193233211801e-17 $4508 $4609 forward @7 unknown #
DXID-attrib $-1 -1 $-1 $-1 $4511 @10 Revit:Edge @8 Edge:104 #
vertex $-1 -1 $-1 $4511 $4610 #
ellipse-curve $-1 -1 $-1 -6.381733719005478811 -71.05297742660265214 94.92069416316343222 0.2793108294072035869 -1.428072691112342647e-14 -0.9602007397288653268 0.9549063366147398924 69.50234665111874222 0.277770751312249653 1 F 4.369526565202396123e-15 F 0.004374905295808428213 #
coedge $-1 -1 $-1 $4605 $4611 $4512 $4568 reversed $4263 $-1 #
edge $4612 -1 $-1 $4570 -2.874238687007983462 $4574 -1.354331276029455244 $4512 $4613 forward @7 unknown #
DXID-attrib $-1 -1 $-1 $-1 $4513 @10 Revit:Edge @8 Edge:101 #
vertex $-1 -1 $-1 $4513 $4614 #
straight-curve $-1 -1 $-1 -5.426827382390290389 1.55063077548393502 95.19846491447576398 4.263256414560601115e-14 12 -1.662509156878500472e-13 F -0.2584384625806517843 F -1.311287036958412323e-16 #
coedge $-1 -1 $-1 $4525 $4514 $4611 $4615 forward $3469 $-1 #
DXID-attrib $-1 -1 $-1 $-1 $4515 @10 Revit:Edge @7 Edge:95 #
vertex $-1 -1 $-1 $4515 $4616 #
straight-curve $-1 -1 $-1 -5.901846474455298974 1.545312964096701824 94.81380203825872854 4.263256414560601115e-14 12 -1.661764261104926087e-13 F -0.2575521606827804177 F 4.640569304034524406e-30 #
point $-1 -1 $-1 -5.901846474455313185 -1.545312964096662967 94.81380203825875697 #
point $-1 -1 $-1 -5.426827382390448484 -1.550630775483885948 95.19846491447576398 #
DXID-attrib $-1 -1 $-1 $-1 $4521 @10 Revit:Edge @7 Edge:94 #
intcurve-curve $-1 -1 $-1 reversed { surfintcur full nubs 3 open 15 
	-8.419914186613695506 3 -7.216855618191186039 2 -6.013797049768676573 2 -4.810738481346170659 2 -3.608053861009622665 2 
	-2.405369240673081777 2 -1.202684620336540888 2 0 3 1.202684620336545329 2 2.405369240673090658 2 
	3.608053861009635988 2 4.810738481346181317 2 6.013797049768688119 2 7.216855618191194921 2 8.419914186613702611 3 
	-4.353943061640205059 -1.575604838442024258 95.79951048402247693 
	-4.516262476177472784 -1.570466372810296773 95.76771544698590333 
	-4.677728825874933882 -1.56598665169648199 95.71922799030619444 
	-4.987446363491004675 -1.55849790507860142 95.5909641167856563 
	-5.13594483165452953 -1.555478641763374581 95.51108515121987352 
	-5.410580699646520664 -1.550727769041474691 95.32645915179051599 
	-5.536710281109126441 -1.548990306314494525 95.22170063883662294 
	-5.759946753850680778 -1.546435492774895115 94.99846424429256331 
	-5.864682155028944521 -1.545535570664121616 94.87237150058609814 
	-6.049286257844543435 -1.544312007086215521 94.59779752326886637 
	-6.129166439495203456 -1.543981765976000675 94.44932403763012019 
	-6.257448564066416807 -1.543604554875658952 94.13962613623802156 
	-6.305952689965591773 -1.543553030571576112 93.97815506483054548 
	-6.369573329176062337 -1.543509356094683094 93.65346301743151969 
	-6.384676244188359995 -1.543516158502318492 93.49023937725874589 
	-6.384676244188359107 -1.543516158502318492 93.33240674991799324 
	-6.38467624418835733 -1.543516158502318492 93.17457412257724059 
	-6.369573329176060561 -1.543509356094683094 93.01135048240446679 
	-6.305952689965587332 -1.543553030571576112 92.68665843500544099 
	-6.257448564066411478 -1.543604554875658952 92.52518736359796492 
	-6.129166439495195462 -1.543981765976000675 92.21548946220586629 
	-6.049286257844532777 -1.544312007086215521 92.06701597656710589 
	-5.864682155028932087 -1.545535570664121616 91.79244199924988834 
	-5.759946753850668344 -1.546435492774895115 91.66634925554342317 
	-5.536710281109112231 -1.548990306314494525 91.44311286099936353 
	-5.410580699646505565 -1.550727769041474691 91.33835434804547049 
	-5.135944831654515319 -1.555478641763374581 91.15372834861612716 
	-4.987446363490989576 -1.55849790507860142 91.07384938305033018 
	-4.677728825874918783 -1.56598665169648199 90.94558550952980625 
	-4.516262476177510088 -1.570466372810292333 90.89709805284982735 
	-4.353943061640190848 -1.575604838442020927 90.86530301581352376 
	8.262456350186454161e-05 
	
	cone -3.870688148341534962 -2.202231645587733766 93.33240674991800745 3.552713678800500929e-15 1 -1.382799582304305996e-14 -2.513988095846825477 8.931479896456641671e-15 0 1 I I 0 1 2.513988095846825477 forward I I I I 
	cone -6.381758951119931744 -65.63244817653273344 90.6476877079669805 -3.200379088609883824e-15 1.13700305654514147e-29 1 -64.08893208442721345 2.276896256760608617e-13 -2.051088780543398532e-13 1 I I 0 1 64.08893208442721345 forward I I I I 
	nullbs 
	nullbs 
	I I 
	0 
	0 
	0 
	} F 2.371199310008987204 F 3.841659200024515552 #
point $-1 -1 $-1 -6.198737083946313398 -1.543778221404080941 94.28126095341239932 #
coedge $-1 -1 $-1 $4545 $4545 $4525 $4582 reversed $4462 $-1 #
edge $4617 -1 $-1 $4618 8.493631272130842902 $4585 13.28592263094806647 $4525 $4619 forward @7 unknown #
coedge $-1 -1 $-1 $4611 $4526 $4545 $4597 forward $4263 $-1 #
DXID-attrib $-1 -1 $-1 $-1 $4527 @10 Revit:Edge @7 Edge:98 #
vertex $-1 -1 $-1 $4582 $4620 #
intcurve-curve $-1 -1 $-1 reversed { surfintcur full nubs 3 open 15 
	-8.419914186613709717 3 -7.21685561819120025 2 -6.013797049768690783 2 -4.810738481346184869 2 -3.608053861009636876 2 
	-2.405369240673095987 2 -1.202684620336547994 2 0 3 1.202684620336545773 2 2.405369240673091547 2 
	3.60805386100963732 2 4.810738481346183093 2 6.013797049768689007 2 7.216855618191195809 2 8.419914186613702611 3 
	-4.353943061640177525 1.575604838442060673 90.86530301581348112 
	-4.516262476177446139 1.570466372810334521 90.89709805285004052 
	-4.677728825874907237 1.565986651696520848 90.94558550952976361 
	-4.987446363490978918 1.558497905078642498 91.07384938305028754 
	-5.135944831654503773 1.555478641763416547 91.15372834861608453 
	-5.410580699646495795 1.550727769041518878 91.33835434804542786 
	-5.536710281109101572 1.5489903063145396 91.4431128609993209 
	-5.759946753850656798 1.546435492774941522 91.66634925554338054 
	-5.86468215502892054 1.545535570664168468 91.79244199924984571 
	-6.049286257844521231 1.544312007086263927 92.06701597656706326 
	-6.129166439495184804 1.543981765976049969 92.21548946220582366 
	-6.257448564066399932 1.543604554875708912 92.52518736359792229 
	-6.305952689965575786 1.543553030571626516 92.68665843500539836 
	-6.369573329176049903 1.543509356094733942 93.01135048240442416 
	-6.384676244188345784 1.54351615850236934 93.17457412257719795 
	-6.38467624418834756 1.54351615850236934 93.33240674991795061 
	-6.384676244188349337 1.54351615850236934 93.49023937725870326 
	-6.369573329176050791 1.543509356094733942 93.65346301743147706 
	-6.305952689965580227 1.543553030571626516 93.97815506483050285 
	-6.257448564066404373 1.543604554875708912 94.13962613623797893 
	-6.129166439495190133 1.543981765976049969 94.44932403763007756 
	-6.049286257844529224 1.544312007086264149 94.59779752326883795 
	-5.86468215502893031 1.54553557066416869 94.8723715005860555 
	-5.759946753850667456 1.546435492774941522 94.99846424429252068 
	-5.536710281109112231 1.5489903063145396 95.22170063883658031 
	-5.410580699646508229 1.550727769041518656 95.32645915179047336 
	-5.135944831654517984 1.555478641763416547 95.51108515121983089 
	-4.987446363490993129 1.558497905078642498 95.59096411678561367 
	-4.677728825874923224 1.565986651696520848 95.71922799030615181 
	-4.516262476177514529 1.57046637281033008 95.7677154469861307 
	-4.353943061640195289 1.575604838442057121 95.7995104840224343 
	8.262456350407316986e-05 
	
	cone -3.870688148341534962 -2.202231645587733766 93.33240674991800745 3.552713678800500929e-15 1 -1.382799582304305996e-14 -2.513988095846825477 8.931479896456641671e-15 0 1 I I 0 1 2.513988095846825477 forward I I I I 
	cone -6.381758951119464562 65.63244817653277607 90.6476877079669805 -3.200379088609883824e-15 1.13700305654514147e-29 1 -64.08893208442721345 2.276896256760608617e-13 -2.051088780543398532e-13 1 I I 0 1 64.08893208442721345 forward I I I I 
	nullbs 
	nullbs 
	I I 
	0 
	0 
	0 
	} F 2.374721247885132502 F 3.841659200024668763 #
coedge $-1 -1 $-1 $4533 $4605 $4604 $4621 reversed $4263 $-1 #
coedge $-1 -1 $-1 $4536 $4535 $4533 $4589 forward $4505 $-1 #
edge $4622 -1 $-1 $4543 11.19642276810329662 $4623 13.13499961577716491 $4588 $4624 forward @7 unknown #
DXID-attrib $-1 -1 $-1 $-1 $4534 @10 Revit:Edge @8 Edge:108 #
ellipse-curve $-1 -1 $-1 -6.381722325987783329 -69.04580167043432937 94.99553308656778938 0.2249510543438721644 -1.426411030836005019e-14 -0.9743700647852335806 1.24684944912001594 67.49015499678685615 0.2878578769232645329 1 F 1.646132600081278226e-15 F 0.005874769849775621569 #
edge $4625 -1 $-1 $4538 -0.2607214830267978178 $4623 1.311287036959239888e-16 $4560 $4626 forward @7 unknown #
point $-1 -1 $-1 -4.748569478148485956 -1.564328898160772141 95.3725761303790307 #
DXID-attrib $-1 -1 $-1 $-1 $4540 @10 Revit:Edge @8 Edge:113 #
straight-curve $-1 -1 $-1 -4.004485487934996257 1.587621792166956647 95.68842104536935267 4.263256414560601115e-14 12 -1.648948071248721034e-13 F -0.2646036320278239429 F 3.503636484520180488e-31 #
point $-1 -1 $-1 -4.004485487934996257 1.587621792166956647 95.68842104536935267 #
edge $4627 -1 $-1 $4585 -8.159119341077275415e-16 $4618 0.1583696074442974833 $4583 $4628 forward @14 tangent_not_g2 #
DXID-attrib $-1 -1 $-1 $-1 $4553 @10 Revit:Edge @7 Edge:62 #
ellipse-curve $-1 -1 $-1 3.945708343389041695e-12 -5.309950396048433244e-12 119.9999999999976836 1.027528214424255746e-14 -1.382799582304305996e-14 1 -12.8715520790488398 -1.828874538381702595e-27 1.322588292465387091e-13 1 F 5.053215498074333457e-16 F 3.141592653589796225 #
DXID-attrib $-1 -1 $4629 $-1 $4554 @10 Revit:Edge @7 Edge:60 #
straight-curve $-1 -1 $-1 -12.87155207904469201 -5.309950396048437283e-12 119.9999999999979394 12 1.694467471646921435e-27 -1.192375480296953417e-13 F -1.258835555480486748e-14 F 2.145258679841452576 #
point $-1 -1 $-1 12.87155207905273535 -5.26836126379676505e-12 119.9999999999975984 #
point $-1 -1 $-1 -12.871552079044843 -5.316454668693447684e-12 119.9999999999978684 #
coedge $-1 -1 $-1 $4561 $4560 $4587 $4621 forward $4423 $-1 #
coedge $-1 -1 $-1 $4587 $4567 $4562 $4606 reversed $4263 $-1 #
edge $4630 -1 $-1 $4608 -2.263063265667868516e-15 $4570 0.004374905295814307191 $4562 $4631 forward @7 unknown #
DXID-attrib $-1 -1 $-1 $-1 $4563 @10 Revit:Edge @8 Edge:105 #
vertex $-1 -1 $-1 $4563 $4632 #
straight-curve $-1 -1 $-1 -5.134872876867375702 1.555646673647516298 95.28339096349110093 4.263256414560601115e-14 12 -1.660360228672142449e-13 F -0.2592744456079169035 F -2.913971193233211801e-17 #
point $-1 -1 $-1 -5.134872876867657254 -1.555646673647486766 95.28339096349107251 #
coedge $-1 -1 $-1 $4567 $4583 $4572 $4615 reversed $4263 $-1 #
DXID-attrib $-1 -1 $-1 $-1 $4568 @10 Revit:Edge @8 Edge:102 #
intcurve-curve $-1 -1 $-1 reversed { surfintcur full nubs 3 periodic 33 
	0 3 0.4672359030401169733 2 0.9344718060802339465 2 1.40170770912035092 2 1.868943612160467893 2 
	2.33623537929155134 2 2.803527146422634786 2 3.270818913553718232 2 3.738110680684801679 2 4.20551478010427715 2 
	4.672918879523752622 2 5.140322978943228094 2 5.607727078362703566 2 6.074974155567970158 2 6.542221232773237638 2 
	7.009468309978505118 2 7.476715387183771711 2 7.943962464389038303 2 8.411209541594304895 2 8.878456618799571487 2 
	9.345703696004838079 2 9.813107795424315327 2 10.2805118948437908 2 10.74791599426326627 2 11.21532009368274352 2 
	11.68261186081382519 2 12.14990362794490864 2 12.61719539507599208 2 13.08448716220707553 2 13.55172306524719339 2 
	14.01895896828731125 2 14.48619487132742911 2 14.95343077436754697 3 
	-6.057240971059814072 1.544337705065909061 94.28522305174939788 
	-6.057240971059814072 1.544337705065909061 94.34654009939245611 
	-6.051373675753273673 1.544366491906541405 94.40995156632813234 
	-6.026657785029818193 1.544498672688097818 94.53609276881297774 
	-6.007814472280389673 1.544602197854893388 94.59882353924399467 
	-5.957978194441952979 1.544912363940340594 94.71913999635867754 
	-5.92694553752794473 1.545119894013962769 94.77682150289844287 
	-5.855228459468172275 1.545668983988856438 94.88349304511959303 
	-5.814539574841965042 1.546011562854298305 94.93248007461232874 
	-5.72782183366618014 1.546837760809657958 95.01919956644678678 
	-5.678830245868413229 1.547348875017982017 95.05989281900595245 
	-5.572150704731304138 1.548607813013219925 95.13161548047355609 
	-5.514465765695471866 1.549356504323744277 95.16264935749430265 
	-5.394145230320521733 1.551097887414114807 95.21248601301904557 
	-5.331413780700084537 1.552092608811106 95.23132850908557145 
	-5.205275136080349085 1.554284341294706939 95.25604255464745052 
	-5.141866915352458101 1.555481611772475681 95.26190884560578809 
	-5.01922870032297741 1.557972060643155299 95.26190884560578809 
	-4.955809460394050348 1.559350353715565074 95.25603978319729492 
	-4.829655725691877066 1.56228216972410805 95.23131822938880475 
	-4.766920184338814259 1.563835475499249172 95.21247105321397441 
	-4.646595932823773367 1.56698129321343238 95.16262554722950995 
	-4.58891146883875134 1.568575666449068873 95.13158757030569745 
	-4.482234426225020663 1.571649948113049033 95.05985761926702082 
	-4.433244839604661536 1.573128867272333364 95.0191611531322593 
	-4.346539894641940016 1.57582494570283882 94.93244391703072438 
	-4.305859531922115124 1.577135015891903524 94.8834631884292321 
	-4.234154944034829171 1.579498989667454056 94.77680341063582148 
	-4.203126259614697879 1.580552054357023506 94.71912734075924334 
	-4.153294801022981986 1.582266406435310691 94.59881933975502477 
	-4.13445233054954997 1.582928415821521329 94.53609149853980398 
	-4.109736975222165078 1.583800378428251721 94.40995313129141664 
	-4.10386938334703899 1.58400998449443442 94.34654156581834172 
	-4.103869383347037214 1.58400998449443442 94.22390453768046825 
	-4.109736975222162414 1.583800378428251721 94.16049297220739334 
	-4.134452330549547305 1.582928415821521329 94.034354604959006 
	-4.153294801022980209 1.582266406435310691 93.9716267637437852 
	-4.203126259614695215 1.580552054357023506 93.85131876273956664 
	-4.23415494403482473 1.579498989667454056 93.7936426928629885 
	-4.305859531922110683 1.57713501589190308 93.68698291506959208 
	-4.346539894641935575 1.575824945702839264 93.63800218646809981 
	-4.433244839604656207 1.573128867272333364 93.55128495036655067 
	-4.482234426225015334 1.571649948113049033 93.51058848423178915 
	-4.588911468838745122 1.568575666449068873 93.43885853319311252 
	-4.646595932823768038 1.566981293213432824 93.40782055626930003 
	-4.76692018433880893 1.563835475499249617 93.35797505028483556 
	-4.829655725691869961 1.56228216972410805 93.33912787411000522 
	-4.955809460394043242 1.559350353715565074 93.31440632030151505 
	-5.019228700322970305 1.557972060643155077 93.30853725789302189 
	-5.141866915352450995 1.555481611772475459 93.30853725789302189 
	-5.20527513608034198 1.554284341294706939 93.31440354885135946 
	-5.331413780700076543 1.552092608811105778 93.33911759441323852 
	-5.394145230320515516 1.551097887414115029 93.3579600904797644 
	-5.514465765695465649 1.549356504323744277 93.40779674600450733 
	-5.572150704731297921 1.548607813013219925 93.43883062302525389 
	-5.678830245868407012 1.547348875017982017 93.51055328449285753 
	-5.727821833666173923 1.546837760809657958 93.5512465370520232 
	-5.814539574841960601 1.546011562854298305 93.63796602888648124 
	-5.855228459468167834 1.545668983988856438 93.68695305837921694 
	-5.926945537527941177 1.545119894013962991 93.79362460060035289 
	-5.957978194441950315 1.544912363940340594 93.85130610714013244 
	-6.00781447228038612 1.544602197854893388 93.9716225642548153 
	-6.026657785029815528 1.544498672688097818 94.03435333468581803 
	-6.051373675753272785 1.544366491906541405 94.16049453717067763 
	-6.057240971059813184 1.544337705065909061 94.22390600410633965 
	-6.057240971059814072 1.544337705065909061 94.28522305174939788 
	5.392294231219294583e-05 
	
	cone -5.080555177203438966 -2.202231645587725328 94.28522305174945473 3.552713678800500929e-15 1 -1.382799582304305996e-14 -0.9766857938563876518 3.469884979723714664e-15 0 1 I I 0 1 0.9766857938563876518 forward I I I I 
	cone -6.381758951119464562 65.63244817653277607 90.6476877079669805 -3.200379088609883824e-15 1.13700305654514147e-29 1 -64.08893208442721345 2.276896256760608617e-13 -2.051088780543398532e-13 1 I I 0 1 64.08893208442721345 forward I I I I 
	nullbs 
	nullbs 
	I I 
	0 
	0 
	0 
	} F -2.874238687007983462 F -1.354331276029455244 #
point $-1 -1 $-1 -5.426827382390420063 1.550630775483933244 95.19846491447572134 #
edge $4633 -1 $-1 $4574 -3.84165920002451422 $4618 -2.374721247885075659 $4572 $4634 forward @7 unknown #
point $-1 -1 $-1 -5.901846474455301639 1.545312964096701824 94.81380203825871433 #
DXID-attrib $-1 -1 $-1 $-1 $4582 @10 Revit:Edge @7 Edge:97 #
vertex $-1 -1 $-1 $4615 $4635 #
intcurve-curve $-1 -1 $-1 forward { surfintcur full nubs 3 periodic 41 
	0 3 0.09183353008644525028 2 0.1836670601728905006 2 0.3673341203457810011 2 0.5001929194779078935 2 
	0.6330517186100348415 2 0.949453188959577199 2 1.265854659309119556 2 2.447890154911130267 2 3.038907902712135733 2 
	3.6299256505131412 2 4.220943398314147998 2 4.811961146115155685 2 5.993996641717171059 2 6.310398112066712528 2 
	6.626799582416254886 2 6.75965838154838039 2 6.892517180680505895 2 7.07618424085339548 2 7.168017770939840716 2 
	7.259851301026285064 2 7.351684831112730301 2 7.443518361199175537 2 7.62718542137206601 2 7.760044220504192403 2 
	7.892903019636318795 2 8.209304489985861153 2 8.525705960335404399 2 9.707741455937414443 2 10.29875920373842035 2 
	10.88977695153942449 2 11.48079469934043217 2 12.07181244714143986 2 13.25384794274345523 2 13.5702494130929967 2 
	13.88665088344253817 2 14.01950968257466279 2 14.15236848170678741 2 14.33603554187967788 2 14.42786907196612312 2 
	14.51970260205256835 3 
	-6.003425900757766165 1.34902400238105602 92.00140493719264612 
	-6.003425900757766165 1.336972358012756157 92.00140493719264612 
	-6.004557892751567039 1.325054462852155446 92.00321448504647037 
	-6.008779069246902083 1.302212098336082313 92.01001521293893859 
	-6.0118661839709997 1.291287087537930534 92.01500585889493777 
	-6.023187203488189034 1.260844941871555047 92.03352516688380547 
	-6.033529797573800479 1.243682313742839662 92.05074433657377142 
	-6.051000799199987235 1.220912123895630419 92.08077360027583325 
	-6.059368606883895225 1.211942420393544051 92.09542669917132685 
	-6.076360576583835105 1.196642831504671767 92.12598603725199098 
	-6.084974337154639201 1.190278890462981298 92.14188099853355141 
	-6.111378328194112086 1.17328599762862007 92.19178211478755713 
	-6.131372132177014045 1.165036911396989394 92.23173375493475135 
	-6.169422703825858001 1.155406788993227352 92.3135875492220066 
	-6.187470982053817181 1.153946676472892952 92.35548432700220189 
	-6.260870168354548682 1.155751957194161239 92.53790873070589384 
	-6.308344085560342762 1.182289923462095382 92.6963243005387767 
	-6.354676601192085883 1.230955030649344861 92.93668549478645957 
	-6.366113557712572479 1.248898933673296963 93.01717648202934186 
	-6.381092538959349802 1.279955808742519796 93.17624270536767028 
	-6.38467624418834756 1.292907989149371994 93.25484536569210547 
	-6.384676244188350225 1.292907989149371772 93.40996813414380995 
	-6.381092538959352467 1.279955808742520684 93.48857079446823093 
	-6.366113557712576032 1.248898933673297185 93.64763701780655936 
	-6.354676601192085883 1.230955030649344639 93.72812800504944164 
	-6.308344085560345427 1.182289923462096048 93.96848919929713873 
	-6.260870168354554011 1.155751957194161017 94.12690476913000737 
	-6.18747098205382251 1.153946676472892952 94.30932917283371353 
	-6.169422703825864218 1.155406788993227574 94.35122595061389461 
	-6.13137213217702115 1.165036911396989616 94.43307974490114987 
	-6.111378328194118303 1.173285997628620292 94.47303138504835829 
	-6.084974337154647195 1.19027889046298152 94.52293250130236402 
	-6.07636057658384221 1.196642831504671323 94.53882746258392444 
	-6.059368606883903219 1.211942420393543607 94.56938680066458858 
	-6.051000799199995228 1.220912123895630419 94.58403989956006797 
	-6.033529797573808473 1.243682313742839884 94.614069163262144 
	-6.023187203488197916 1.260844941871555491 94.63128833295209574 
	-6.011866183971008581 1.2912870875379312 94.64980764094097765 
	-6.008779069246910076 1.302212098336083645 94.65479828689696262 
	-6.004557892751574144 1.325054462852156778 94.66159901478943084 
	-6.003425900757774158 1.336972358012756823 94.6634085626432551 
	-6.003425900757774158 1.361075646749356549 94.6634085626432551 
	-6.004557892751575032 1.37299354190995726 94.66159901478943084 
	-6.008779069246910964 1.395835906426030393 94.65479828689696262 
	-6.011866183971008581 1.40676091722418195 94.64980764094097765 
	-6.023187203488197028 1.437203062890557215 94.63128833295209574 
	-6.033529797573807585 1.454365691019273266 94.61406916326212979 
	-6.051000799199992564 1.477135880866482509 94.58403989956006797 
	-6.059368606883901442 1.486105584368569543 94.56938680066457437 
	-6.076360576583841322 1.501405173257441827 94.53882746258391023 
	-6.084974337154646307 1.507769114299131852 94.52293250130234981 
	-6.111378328194117415 1.52476200713349308 94.47303138504835829 
	-6.131372132177019374 1.5330110933651242 94.43307974490114987 
	-6.169422703825862442 1.542641215768886465 94.35122595061389461 
	-6.187470982053820734 1.544101328289221087 94.30932917283371353 
	-6.260870168354551346 1.542296047567953465 94.12690476913000737 
	-6.308344085560345427 1.515758081300019322 93.96848919929712451 
	-6.354676601192085883 1.467092974112770287 93.72812800504944164 
	-6.366113557712574256 1.449149071088817964 93.64763701780655936 
	-6.381092538959350691 1.418092196019594686 93.48857079446823093 
	-6.384676244188349337 1.40514001561274382 93.40996813414380995 
	-6.384676244188345784 1.405140015612743598 93.25484536569209126 
	-6.381092538959348026 1.418092196019596241 93.17624270536767028 
	-6.366113557712571591 1.449149071088818408 93.01717648202934186 
	-6.354676601192084107 1.467092974112770509 92.93668549478645957 
	-6.308344085560341874 1.515758081300019322 92.6963243005387767 
	-6.260870168354546905 1.542296047567953243 92.53790873070589384 
	-6.187470982053815405 1.544101328289221309 92.35548432700218768 
	-6.169422703825857113 1.542641215768886465 92.3135875492220066 
	-6.131372132177013157 1.5330110933651242 92.23173375493475135 
	-6.111378328194111198 1.524762007133493524 92.19178211478754292 
	-6.084974337154639201 1.507769114299132296 92.14188099853355141 
	-6.076360576583833328 1.501405173257441161 92.12598603725199098 
	-6.059368606883893449 1.486105584368568877 92.09542669917132685 
	-6.051000799199985458 1.477135880866482509 92.08077360027583325 
	-6.033529797573799591 1.454365691019273044 92.05074433657377142 
	-6.023187203488189034 1.437203062890557659 92.03352516688380547 
	-6.0118661839709997 1.406760917224182172 92.01500585889493777 
	-6.008779069246902083 1.395835906426030393 92.01001521293893859 
	-6.004557892751567039 1.372993541909957038 92.00321448504647037 
	-6.003425900757766165 1.361075646749355883 92.00140493719264612 
	-6.003425900757766165 1.34902400238105602 92.00140493719264612 
	0.0001863469759610867889 
	
	cone -3.870688148341534962 -2.202231645587733766 93.33240674991800745 3.552713678800500929e-15 1 -1.382799582304305996e-14 -2.513988095846825477 8.931479896456641671e-15 0 1 I I 0 1 2.513988095846825477 forward I I I I 
	cone -6.198180913921432555 1.34902400238105713 90.6476877079669805 3.200379088609883824e-15 -1.13700305654514147e-29 -1 -0.1947550131636706927 6.919087992815444917e-16 -6.232898715309543305e-16 1 I I 0 1 0.1947550131636706927 forward I I I I 
	nullbs 
	nullbs 
	I I 
	0 
	0 
	0 
	} F 8.493631272130842902 F 13.28592263094806647 #
point $-1 -1 $-1 -6.198180913921109259 1.543779015544737954 92.38218910525215222 #
edge $4636 -1 $-1 $4623 -3.997077278966081383e-15 $4608 0.005874769849862460959 $4604 $4637 forward @7 unknown #
DXID-attrib $-1 -1 $-1 $-1 $4589 @10 Revit:Edge @8 Edge:114 #
vertex $-1 -1 $-1 $4592 $4638 #
intcurve-curve $-1 -1 $-1 forward { surfintcur full nubs 3 open 5 
	10.21164216056365959 3 12.25420050109385706 2 14.29675884162405453 2 16.33931718215425022 2 18.38130587756653966 3 
	-3.655159663855646723 1.601542575807322066 95.89978271156402911 
	-3.888169628932870214 1.591620417144492539 95.74309943964068736 
	-4.14017815469654149 1.58218907475436743 95.60748688118368932 
	-4.66589223136107023 1.565950091571725045 95.3896755851320961 
	-4.940017694257654135 1.559141699043795404 95.30730362941163492 
	-5.491306822078527716 1.5491093448531712 95.19924737118749647 
	-5.768475179370614825 1.545889907578138489 95.17358658985756392 
	-6.304497196853674268 1.543002412862892525 95.17358658985754971 
	-6.581609662182336784 1.543235055887157925 95.19923331057967175 
	-6.857215952262602165 1.54527975443452803 95.25324239416531213 
	0.0001157467663209072427 
	
	cone -6.03652356585842842 -2.202231645587662712 99.44120428683611124 -3.552713678800500929e-15 -1 1.382799582304305996e-14 -4.26761769697850557 1.516162376794662794e-14 0 1 I I 0 1 4.26761769697850557 forward I I I I 
	cone -6.381758951119464562 65.63244817653277607 90.6476877079669805 -3.200379088609883824e-15 1.13700305654514147e-29 1 -64.08893208442721345 2.276896256760608617e-13 -2.051088780543398532e-13 1 I I 0 1 64.08893208442721345 forward I I I I 
	nullbs 
	nullbs 
	I I 
	0 
	0 
	0 
	} F 11.19642276810329662 F 13.13499961577716491 #
DXID-attrib $-1 -1 $-1 $-1 $4592 @10 Revit:Edge @8 Edge:109 #
straight-curve $-1 -1 $-1 -4.748569478148339407 1.564328898160801673 95.37257613037901649 3.752263759071121875e-14 12 -1.686275763115280797e-13 F -0.2607214830267978178 F 1.311287036959239888e-16 #
DXID-attrib $-1 -1 $-1 $-1 $4597 @10 Revit:Edge @8 Edge:143 #
straight-curve $-1 -1 $-1 -6.198180913921113699 1.543779015544737954 92.38218910525216643 -3.364957837680497202e-14 1.195473173851445808e-28 12 F -8.159119341077275415e-16 F 0.1583696074442974833 #
no_merge_attribute-st-attrib $-1 -1 $4639 $4600 $4554 #
DXID-attrib $-1 -1 $-1 $-1 $4606 @10 Revit:Edge @8 Edge:106 #
ellipse-curve $-1 -1 $-1 -6.381733718996700944 71.05297742639609737 94.92069416316387276 0.2793108294072036424 -1.428116059199241752e-14 -0.9602007397288653268 1.246860842128888702 -69.49733075274856731 0.3626968003271028862 1 F -2.263063265667868516e-15 F 0.004374905295814307191 #
point $-1 -1 $-1 -5.134872876867662583 1.555646673647515854 95.28339096349102988 #
DXID-attrib $-1 -1 $-1 $-1 $4615 @10 Revit:Edge @7 Edge:96 #
intcurve-curve $-1 -1 $-1 reversed { surfintcur full nubs 3 open 15 
	-8.419914186613709717 3 -7.21685561819120025 2 -6.013797049768690783 2 -4.810738481346184869 2 -3.608053861009636876 2 
	-2.405369240673095987 2 -1.202684620336547994 2 0 3 1.202684620336545773 2 2.405369240673091547 2 
	3.60805386100963732 2 4.810738481346183093 2 6.013797049768689007 2 7.216855618191195809 2 8.419914186613702611 3 
	-4.353943061640177525 1.575604838442060673 90.86530301581348112 
	-4.516262476177446139 1.570466372810334521 90.89709805285004052 
	-4.677728825874907237 1.565986651696520848 90.94558550952976361 
	-4.987446363490978918 1.558497905078642498 91.07384938305028754 
	-5.135944831654503773 1.555478641763416547 91.15372834861608453 
	-5.410580699646495795 1.550727769041518878 91.33835434804542786 
	-5.536710281109101572 1.5489903063145396 91.4431128609993209 
	-5.759946753850656798 1.546435492774941522 91.66634925554338054 
	-5.86468215502892054 1.545535570664168468 91.79244199924984571 
	-6.049286257844521231 1.544312007086263927 92.06701597656706326 
	-6.129166439495184804 1.543981765976049969 92.21548946220582366 
	-6.257448564066399932 1.543604554875708912 92.52518736359792229 
	-6.305952689965575786 1.543553030571626516 92.68665843500539836 
	-6.369573329176049903 1.543509356094733942 93.01135048240442416 
	-6.384676244188345784 1.54351615850236934 93.17457412257719795 
	-6.38467624418834756 1.54351615850236934 93.33240674991795061 
	-6.384676244188349337 1.54351615850236934 93.49023937725870326 
	-6.369573329176050791 1.543509356094733942 93.65346301743147706 
	-6.305952689965580227 1.543553030571626516 93.97815506483050285 
	-6.257448564066404373 1.543604554875708912 94.13962613623797893 
	-6.129166439495190133 1.543981765976049969 94.44932403763007756 
	-6.049286257844529224 1.544312007086264149 94.59779752326883795 
	-5.86468215502893031 1.54553557066416869 94.8723715005860555 
	-5.759946753850667456 1.546435492774941522 94.99846424429252068 
	-5.536710281109112231 1.5489903063145396 95.22170063883658031 
	-5.410580699646508229 1.550727769041518656 95.32645915179047336 
	-5.135944831654517984 1.555478641763416547 95.51108515121983089 
	-4.987446363490993129 1.558497905078642498 95.59096411678561367 
	-4.677728825874923224 1.565986651696520848 95.71922799030615181 
	-4.516262476177514529 1.57046637281033008 95.7677154469861307 
	-4.353943061640195289 1.575604838442057121 95.7995104840224343 
	8.262456350407316986e-05 
	
	cone -3.870688148341534962 -2.202231645587733766 93.33240674991800745 3.552713678800500929e-15 1 -1.382799582304305996e-14 -2.513988095846825477 8.931479896456641671e-15 0 1 I I 0 1 2.513988095846825477 forward I I I I 
	cone -6.381758951119464562 65.63244817653277607 90.6476877079669805 -3.200379088609883824e-15 1.13700305654514147e-29 1 -64.08893208442721345 2.276896256760608617e-13 -2.051088780543398532e-13 1 I I 0 1 64.08893208442721345 forward I I I I 
	nullbs 
	nullbs 
	I I 
	0 
	0 
	0 
	} F -3.84165920002451422 F -2.374721247885075659 #
point $-1 -1 $-1 -6.198180913921121693 1.543779015544737954 94.28262439458373478 #
DXID-attrib $-1 -1 $-1 $-1 $4621 @10 Revit:Edge @8 Edge:110 #
ellipse-curve $-1 -1 $-1 -6.381722325965853315 69.04580166937527963 94.99553308657083051 0.2249510543438720533 -1.426671239357400909e-14 -0.9743700647852335806 1.633152847817118003 -67.4814727712144844 0.3770430438081006086 1 F -3.997077278966081383e-15 F 0.005874769849862460959 #
point $-1 -1 $-1 -4.748569478148470857 1.564328898160803227 95.37257613037898807 #
DXID-attrib $-1 -1 $-1 $4629 $4554 @10 Revit:Edge @7 Edge:59 #
End-of-ACIS-data 