700 0 11 0           
30 Autodesk Translation Framework 20 ASM 231.1.0.65535 NT 24 Thu May 29 16:12:02 2025 
25.39999999999999858 9.999999999999999547e-07 1.000000000000000036e-10 
body $-1 -1 $-1 $11 $-1 $12 #
body $-1 -1 $-1 $13 $-1 $14 #
body $-1 -1 $-1 $15 $-1 $16 #
body $-1 -1 $-1 $17 $-1 $18 #
body $-1 -1 $-1 $19 $-1 $20 #
body $-1 -1 $-1 $21 $-1 $22 #
body $-1 -1 $-1 $23 $-1 $24 #
body $-1 -1 $-1 $25 $-1 $26 #
body $-1 -1 $-1 $27 $-1 $28 #
body $-1 -1 $-1 $29 $-1 $30 #
body $-1 -1 $-1 $31 $-1 $32 #
lump $-1 -1 $-1 $33 $34 $0 #
transform $-1 -1 1 0 0 0 1 0 0 0 1 0 0 0 1 no_rotate no_reflect no_shear #
lump $-1 -1 $-1 $-1 $35 $1 #
transform $-1 -1 1 0 0 0 1 0 0 0 1 0 0 0 1 no_rotate no_reflect no_shear #
lump $-1 -1 $-1 $36 $37 $2 #
transform $-1 -1 1 0 0 0 1 0 0 0 1 0 0 0 1 no_rotate no_reflect no_shear #
lump $-1 -1 $-1 $-1 $38 $3 #
transform $-1 -1 1 0 0 0 1 0 0 0 1 0 0 0 1 no_rotate no_reflect no_shear #
lump $-1 -1 $-1 $-1 $39 $4 #
transform $-1 -1 1 0 0 0 1 0 0 0 1 0 0 0 1 no_rotate no_reflect no_shear #
lump $-1 -1 $-1 $40 $41 $5 #
transform $-1 -1 1 0 0 0 1 0 0 0 1 0 0 0 1 no_rotate no_reflect no_shear #
lump $-1 -1 $-1 $42 $43 $6 #
transform $-1 -1 1 0 0 0 1 0 0 0 1 0 0 0 1 no_rotate no_reflect no_shear #
lump $-1 -1 $-1 $44 $45 $7 #
transform $-1 -1 1 0 0 0 1 0 0 0 1 0 0 0 1 no_rotate no_reflect no_shear #
lump $-1 -1 $-1 $-1 $46 $8 #
transform $-1 -1 1 0 0 0 1 0 0 0 1 0 0 0 1 no_rotate no_reflect no_shear #
lump $-1 -1 $-1 $-1 $47 $9 #
transform $-1 -1 1 0 0 0 1 0 0 0 1 0 0 0 1 no_rotate no_reflect no_shear #
lump $-1 -1 $-1 $48 $49 $10 #
transform $-1 -1 1 0 0 0 1 0 0 0 1 0 0 0 1 no_rotate no_reflect no_shear #
lump $-1 -1 $-1 $-1 $50 $0 #
shell $-1 -1 $-1 $-1 $-1 $51 $-1 $11 #
shell $-1 -1 $-1 $-1 $-1 $52 $-1 $13 #
lump $-1 -1 $-1 $-1 $53 $2 #
shell $-1 -1 $-1 $-1 $-1 $54 $-1 $15 #
shell $-1 -1 $-1 $-1 $-1 $55 $-1 $17 #
shell $-1 -1 $-1 $-1 $-1 $56 $-1 $19 #
lump $-1 -1 $-1 $57 $58 $5 #
shell $-1 -1 $-1 $-1 $-1 $59 $-1 $21 #
lump $-1 -1 $-1 $60 $61 $6 #
shell $-1 -1 $-1 $-1 $-1 $62 $-1 $23 #
lump $-1 -1 $-1 $63 $64 $7 #
shell $-1 -1 $-1 $-1 $-1 $65 $-1 $25 #
shell $-1 -1 $-1 $-1 $-1 $66 $-1 $27 #
shell $-1 -1 $-1 $-1 $-1 $67 $-1 $29 #
lump $-1 -1 $-1 $68 $69 $10 #
shell $-1 -1 $-1 $-1 $-1 $70 $-1 $31 #
shell $-1 -1 $-1 $-1 $-1 $71 $-1 $33 #
face $72 -1 $-1 $73 $74 $34 $-1 $75 forward single #
face $76 -1 $-1 $77 $78 $35 $-1 $79 forward single #
shell $-1 -1 $-1 $-1 $-1 $80 $-1 $36 #
face $81 -1 $-1 $82 $83 $37 $-1 $84 forward single #
face $85 -1 $-1 $86 $87 $38 $-1 $88 forward single #
face $89 -1 $-1 $90 $91 $39 $-1 $92 forward single #
lump $-1 -1 $-1 $93 $94 $5 #
shell $-1 -1 $-1 $-1 $-1 $95 $-1 $40 #
face $96 -1 $-1 $97 $98 $41 $-1 $99 forward single #
lump $-1 -1 $-1 $100 $101 $6 #
shell $-1 -1 $-1 $-1 $-1 $102 $-1 $42 #
face $103 -1 $-1 $104 $105 $43 $-1 $106 forward single #
lump $-1 -1 $-1 $-1 $107 $7 #
shell $-1 -1 $-1 $-1 $-1 $108 $-1 $44 #
face $109 -1 $-1 $110 $111 $45 $-1 $112 forward single #
face $113 -1 $-1 $114 $115 $46 $-1 $116 forward single #
face $117 -1 $-1 $118 $119 $47 $-1 $120 forward single #
lump $-1 -1 $-1 $-1 $121 $10 #
shell $-1 -1 $-1 $-1 $-1 $122 $-1 $48 #
face $123 -1 $-1 $124 $125 $49 $-1 $126 forward single #
face $127 -1 $-1 $128 $129 $50 $-1 $130 forward single #
rgb_color-st-attrib $-1 -1 $131 $-1 $51 0 0 0 #
face $132 -1 $-1 $133 $134 $34 $-1 $135 forward single #
loop $-1 -1 $-1 $-1 $136 $51 #
plane-surface $-1 -1 $-1 -3.79005148583310536 -10.7714425047906488 1.667068820171365262 0 -1 6.123031769111886291e-17 0 7.347638122934263549e-16 12 forward_v I I I I #
DXID-attrib $-1 -1 $-1 $-1 $52 @10 Revit:Face @6 Face:0 #
face $137 -1 $-1 $138 $139 $35 $-1 $140 forward single #
loop $-1 -1 $-1 $-1 $141 $52 #
plane-surface $-1 -1 $-1 -13.42743123000025918 12.42141095499994385 6.210717691004677299 0 0 1 -12 0 0 forward_v I I I I #
face $142 -1 $-1 $143 $144 $53 $-1 $145 forward single #
rgb_color-st-attrib $-1 -1 $146 $-1 $54 0 0 0 #
face $147 -1 $-1 $148 $149 $37 $-1 $150 forward single #
loop $-1 -1 $-1 $-1 $151 $54 #
plane-surface $-1 -1 $-1 -3.79005148583310536 10.7714425047906488 1.667068820171365262 0 1 6.123031769111886291e-17 0 7.347638122934263549e-16 -12 forward_v I I I I #
DXID-attrib $-1 -1 $-1 $-1 $55 @10 Revit:Face @6 Face:0 #
face $152 -1 $-1 $153 $154 $38 $-1 $155 forward single #
loop $-1 -1 $-1 $-1 $156 $55 #
plane-surface $-1 -1 $-1 -4.920318811666588132 -7.7914857333329266 6.188553550171359774 -1 1.606003960856602503e-15 0 -1.927204753027923004e-14 -12 -3.830114780655511855e-14 forward_v I I I I #
rgb_color-st-attrib $-1 -1 $157 $-1 $56 0 0 0 #
face $158 -1 $-1 $159 $160 $39 $-1 $161 forward single #
loop $-1 -1 $-1 $-1 $162 $56 #
plane-surface $-1 -1 $-1 -5.833444059166946083 5.794036241666970177 16.14035999100484275 -1 1.606003960856602898e-15 -9.860761315262647568e-32 1.899354506613594517e-14 11.82658668911704147 -2.032694587191981039 forward_v I I I I #
lump $-1 -1 $-1 $163 $164 $5 #
shell $-1 -1 $-1 $-1 $-1 $165 $-1 $57 #
face $166 -1 $-1 $167 $168 $58 $-1 $169 forward single #
DXID-attrib $-1 -1 $-1 $-1 $59 @10 Revit:Face @6 Face:0 #
face $170 -1 $-1 $171 $172 $41 $-1 $173 forward single #
loop $-1 -1 $-1 $-1 $174 $59 #
plane-surface $-1 -1 $-1 -40.49956604000010429 10.97373132500001702 22.4570329218379392 0 0 1 -12 0 0 forward_v I I I I #
lump $-1 -1 $-1 $175 $176 $6 #
shell $-1 -1 $-1 $-1 $-1 $177 $-1 $60 #
face $178 -1 $-1 $179 $180 $61 $-1 $181 forward single #
DXID-attrib $-1 -1 $-1 $-1 $62 @10 Revit:Face @6 Face:0 #
face $182 -1 $-1 $183 $184 $43 $-1 $185 forward single #
loop $-1 -1 $-1 $-1 $186 $62 #
plane-surface $-1 -1 $-1 -35.89339222000001683 10.5826410949999854 22.10596108082838285 0 0 1 0 -12 0 forward_v I I I I #
shell $-1 -1 $-1 $-1 $-1 $187 $-1 $63 #
face $188 -1 $-1 $189 $190 $64 $-1 $191 forward single #
DXID-attrib $-1 -1 $-1 $-1 $65 @10 Revit:Face @6 Face:0 #
face $192 -1 $-1 $193 $194 $45 $-1 $195 reversed single #
loop $-1 -1 $-1 $-1 $196 $65 #
plane-surface $-1 -1 $-1 -28.01545741666662792 9.885206811666650495 21.50397486600454044 0 1 -1.618667433348004174e-15 0.9174825326213206234 -1.936715296792305882e-14 -11.9648746672221673 forward_v I I I I #
DXID-attrib $-1 -1 $-1 $-1 $66 @10 Revit:Face @6 Face:0 #
face $197 -1 $-1 $198 $199 $46 $-1 $200 forward single #
loop $-1 -1 $-1 $-1 $201 $66 #
plane-surface $-1 -1 $-1 -13.46555118110240024 9.885206811666670035 16.11808864350483006 -1 1.606003960856602503e-15 0 -1.927204753027923004e-14 -12 -0 forward_v I I I I #
DXID-attrib $-1 -1 $-1 $-1 $67 @10 Revit:Face @6 Face:0 #
face $202 -1 $-1 $203 $204 $47 $-1 $205 forward single #
loop $-1 -1 $-1 $-1 $206 $67 #
plane-surface $-1 -1 $-1 -5.009079231666490273 9.885206811666700233 21.3266617393379363 0 1 -1.618667433348004174e-15 -1.812336131358572788e-14 1.942400920017605009e-14 12 forward_v I I I I #
shell $-1 -1 $-1 $-1 $-1 $207 $-1 $68 #
face $208 -1 $-1 $209 $210 $69 $-1 $211 forward single #
rgb_color-st-attrib $-1 -1 $212 $-1 $70 0 0 0 #
face $213 -1 $-1 $214 $215 $49 $-1 $216 forward single #
loop $-1 -1 $-1 $-1 $217 $70 #
plane-surface $-1 -1 $-1 -27.74948772666637709 9.885206811666661153 24.65651018933803584 0 1 -1.618667433348004174e-15 -0 -1.942400920017605009e-14 -12 forward_v I I I I #
rgb_color-st-attrib $-1 -1 $218 $-1 $71 0 0 0 #
face $219 -1 $-1 $220 $221 $50 $-1 $222 forward single #
loop $-1 -1 $-1 $-1 $223 $71 #
plane-surface $-1 -1 $-1 -3.79005148583310536 -10.7714425047906488 1.667068820171365262 0 -1 6.123031769111886291e-17 0 7.347638122934263549e-16 12 forward_v I I I I #
DXID-attrib $-1 -1 $-1 $72 $51 @10 Revit:Face @6 Face:0 #
rgb_color-st-attrib $-1 -1 $224 $-1 $73 0 0 0 #
face $225 -1 $-1 $-1 $226 $34 $-1 $227 forward single #
loop $-1 -1 $-1 $228 $229 $73 #
cone-surface $-1 -1 $-1 -5.452362048333116995 -9.423954413505306604 1.667068820171365262 0 -1 6.123031769111886291e-17 1.662310562500011635 0 0 1 I I 0 1 1.662310562500011635 forward I I I I #
coedge $-1 -1 $-1 $136 $136 $229 $230 forward $74 $-1 #
DXID-attrib $-1 -1 $-1 $-1 $77 @10 Revit:Face @6 Face:5 #
face $231 -1 $-1 $232 $233 $35 $-1 $234 forward single #
loop $-1 -1 $-1 $-1 $235 $77 #
plane-surface $-1 -1 $-1 -13.42743123000025918 12.42141095499994385 0.6788297724987435444 -0 -0 -1 12 0 0 forward_v I I I I #
coedge $-1 -1 $-1 $236 $237 $238 $239 forward $78 $-1 #
rgb_color-st-attrib $-1 -1 $240 $-1 $80 0 0 0 #
face $241 -1 $-1 $242 $243 $53 $-1 $244 forward single #
loop $-1 -1 $-1 $-1 $245 $80 #
plane-surface $-1 -1 $-1 -3.79005148583310536 10.7714425047906488 1.667068820171365262 0 1 6.123031769111886291e-17 0 7.347638122934263549e-16 -12 forward_v I I I I #
DXID-attrib $-1 -1 $-1 $81 $54 @10 Revit:Face @6 Face:0 #
rgb_color-st-attrib $-1 -1 $246 $-1 $82 0 0 0 #
face $247 -1 $-1 $-1 $248 $37 $-1 $249 forward single #
loop $-1 -1 $-1 $250 $251 $82 #
cone-surface $-1 -1 $-1 -5.452362048333116995 9.423954413505306604 1.667068820171365262 0 1 6.123031769111886291e-17 1.662310562500011635 0 0 1 I I 0 1 1.662310562500011635 forward I I I I #
coedge $-1 -1 $-1 $151 $151 $251 $252 forward $83 $-1 #
DXID-attrib $-1 -1 $-1 $-1 $86 @10 Revit:Face @6 Face:1 #
face $253 -1 $-1 $254 $255 $38 $-1 $256 forward single #
loop $-1 -1 $-1 $-1 $257 $86 #
plane-surface $-1 -1 $-1 9.40268560738846304 -7.791485733332949692 6.188553550171359774 1 -1.606003960856602503e-15 0 1.927204753027923004e-14 12 3.830114780655511855e-14 forward_v I I I I #
coedge $-1 -1 $-1 $258 $259 $260 $261 forward $87 $-1 #
DXID-attrib $-1 -1 $-1 $89 $56 @10 Revit:Face @6 Face:0 #
rgb_color-st-attrib $-1 -1 $262 $-1 $90 0 0 0 #
face $263 -1 $-1 $264 $265 $39 $-1 $266 forward single #
loop $-1 -1 $-1 $-1 $267 $90 #
plane-surface $-1 -1 $-1 -5.833444059166946083 5.794036241666970177 16.14035999100484275 -1 1.606003960856602898e-15 -9.860761315262647568e-32 1.899354506613594517e-14 11.82658668911704147 -2.032694587191981039 forward_v I I I I #
coedge $-1 -1 $-1 $268 $269 $270 $271 forward $91 $-1 #
lump $-1 -1 $-1 $272 $273 $5 #
shell $-1 -1 $-1 $-1 $-1 $274 $-1 $93 #
face $275 -1 $-1 $276 $277 $94 $-1 $278 forward single #
DXID-attrib $-1 -1 $-1 $-1 $95 @10 Revit:Face @6 Face:0 #
face $279 -1 $-1 $280 $281 $58 $-1 $282 forward single #
loop $-1 -1 $-1 $-1 $283 $95 #
plane-surface $-1 -1 $-1 -40.49956604000010429 10.97373132500001702 22.4570329218379392 0 0 1 -12 0 0 forward_v I I I I #
DXID-attrib $-1 -1 $-1 $-1 $97 @10 Revit:Face @6 Face:2 #
face $284 -1 $-1 $285 $286 $41 $-1 $287 forward single #
loop $-1 -1 $-1 $-1 $288 $97 #
plane-surface $-1 -1 $-1 -28.02813315000014427 10.97373132500001702 22.4570329218379392 0 1 0 0 0 -12 forward_v I I I I #
coedge $-1 -1 $-1 $289 $290 $288 $291 forward $98 $-1 #
lump $-1 -1 $-1 $292 $293 $6 #
shell $-1 -1 $-1 $-1 $-1 $294 $-1 $100 #
face $295 -1 $-1 $296 $297 $101 $-1 $298 forward single #
DXID-attrib $-1 -1 $-1 $-1 $102 @10 Revit:Face @6 Face:0 #
face $299 -1 $-1 $300 $301 $61 $-1 $302 forward single #
loop $-1 -1 $-1 $-1 $303 $102 #
plane-surface $-1 -1 $-1 -35.89339222000001683 10.5826410949999854 22.10596108082838285 0 0 1 0 -12 0 forward_v I I I I #
DXID-attrib $-1 -1 $-1 $-1 $104 @10 Revit:Face @6 Face:2 #
face $304 -1 $-1 $305 $306 $43 $-1 $307 forward single #
loop $-1 -1 $-1 $-1 $308 $104 #
plane-surface $-1 -1 $-1 -35.89339222000001683 10.5826410949999854 22.10596108082838285 -1 0 0 0 0 -12 forward_v I I I I #
coedge $-1 -1 $-1 $309 $310 $308 $311 forward $105 $-1 #
face $312 -1 $-1 $313 $314 $107 $-1 $315 forward single #
DXID-attrib $-1 -1 $-1 $-1 $108 @10 Revit:Face @6 Face:0 #
face $316 -1 $-1 $317 $318 $64 $-1 $319 forward single #
loop $-1 -1 $-1 $-1 $320 $108 #
plane-surface $-1 -1 $-1 -28.01545741666662792 9.885206811666650495 21.50397486600454044 0 1 -1.618667433348004174e-15 0.9174825326213206234 -1.936715296792305882e-14 -11.9648746672221673 forward_v I I I I #
DXID-attrib $-1 -1 $-1 $-1 $110 @10 Revit:Face @6 Face:2 #
face $321 -1 $-1 $322 $323 $45 $-1 $324 forward single #
loop $-1 -1 $-1 $-1 $325 $110 #
spline-surface $-1 -1 $-1 forward { exactsur full nubs 3 3 open open none none 2 2 
	0 3 1 3 
	-1.000000000000000222 3 1.665334536937734811e-16 3 
	-28.01545741666662082 9.885206811666650495 21.50397486600453334 
	-27.97039033030553412 9.885206811666650495 20.91625573157406492 
	-28.3811657404165345 9.885206811666650495 20.33038360887969986 
	-28.96851547249987391 9.885206811666650495 20.21845469767125536 
	-28.01545741666662082 3.265516749444450362 21.503974866004544 
	-27.97039033030553412 3.265516749444447697 20.91625573157407558 
	-28.3811657404165345 3.265516749444454803 20.33038360887971052 
	-28.96851547249987391 3.265516749444450362 20.21845469767126957 
	-28.01545741666662792 -3.354173312777751992 21.50397486600455821 
	-27.97039033030554123 -3.354173312777748883 20.91625573157408624 
	-28.38116574041653806 -3.354173312777755989 20.33038360887972829 
	-28.96851547249988101 -3.354173312777751992 20.21845469767128023 
	-28.01545741666662792 -9.973863374999952569 21.50397486600456887 
	-27.97039033030554123 -9.973863374999952569 20.9162557315740969 
	-28.38116574041653806 -9.973863374999952569 20.33038360887973894 
	-28.96851547249988101 -9.973863374999952569 20.21845469767129089 
	0 
	
	0 
	0 
	0 
	0 
	0 
	0 
	F 1 F 0 F 1 F 0 } I I I I #
coedge $-1 -1 $-1 $326 $327 $325 $328 forward $111 $-1 #
DXID-attrib $-1 -1 $-1 $-1 $114 @10 Revit:Face @6 Face:1 #
face $329 -1 $-1 $330 $331 $46 $-1 $332 forward single #
loop $-1 -1 $-1 $-1 $333 $114 #
plane-surface $-1 -1 $-1 13.47581422333355228 9.885206811666627402 16.11808864350483006 1 -1.606003960856602503e-15 0 1.927204753027923004e-14 12 0 forward_v I I I I #
coedge $-1 -1 $-1 $334 $335 $336 $337 forward $115 $-1 #
DXID-attrib $-1 -1 $-1 $-1 $118 @10 Revit:Face @6 Face:1 #
face $338 -1 $-1 $339 $340 $47 $-1 $341 forward single #
loop $-1 -1 $-1 $-1 $342 $118 #
plane-surface $-1 -1 $-1 -5.009079231666490273 -9.929535093333345941 21.32666173933796827 0 -1 1.618667433348004174e-15 1.812336131358572788e-14 -1.942400920017605009e-14 -12 forward_v I I I I #
coedge $-1 -1 $-1 $343 $344 $345 $346 forward $119 $-1 #
face $347 -1 $-1 $348 $349 $121 $-1 $350 forward single #
rgb_color-st-attrib $-1 -1 $351 $-1 $122 0 0 0 #
face $352 -1 $-1 $353 $354 $69 $-1 $355 forward single #
loop $-1 -1 $-1 $-1 $356 $122 #
plane-surface $-1 -1 $-1 -27.74948772666637709 9.885206811666661153 24.65651018933803584 0 1 -1.618667433348004174e-15 -0 -1.942400920017605009e-14 -12 forward_v I I I I #
DXID-attrib $-1 -1 $-1 $123 $70 @10 Revit:Face @6 Face:0 #
rgb_color-st-attrib $-1 -1 $357 $-1 $124 0 0 0 #
face $358 -1 $-1 $359 $360 $49 $-1 $361 forward single #
loop $-1 -1 $-1 $-1 $362 $124 #
plane-surface $-1 -1 $-1 -27.74948772666637709 9.885206811666661153 24.67637205906251197 1 0 0 0 -12 1.93207976860903611e-14 forward_v I I I I #
coedge $-1 -1 $-1 $363 $364 $362 $365 forward $125 $-1 #
DXID-attrib $-1 -1 $-1 $127 $71 @10 Revit:Face @6 Face:0 #
rgb_color-st-attrib $-1 -1 $366 $-1 $128 0 0 0 #
face $367 -1 $-1 $-1 $368 $50 $-1 $369 forward single #
loop $-1 -1 $-1 $370 $371 $128 #
cone-surface $-1 -1 $-1 21.92057813242646702 1.571602778058899107e-15 1.667068820171276222 0 -1 6.123031769111886291e-17 1.662310562500011635 0 0 1 I I 0 1 1.662310562500011635 forward I I I I #
coedge $-1 -1 $-1 $223 $223 $371 $372 forward $129 $-1 #
DXID-attrib $-1 -1 $373 $132 $73 @10 Revit:Face @6 Face:5 #
rgb_color-st-attrib $-1 -1 $374 $-1 $133 0 0 0 #
loop $-1 -1 $-1 $-1 $375 $133 #
plane-surface $-1 -1 $-1 -3.79005148583310536 -9.423954413505306604 1.667068820171365262 0 1 -6.123031769111886291e-17 -0 -7.347638122934263549e-16 -12 forward_v I I I I #
loop $-1 -1 $-1 $-1 $376 $73 #
coedge $-1 -1 $-1 $229 $229 $136 $230 reversed $134 $-1 #
edge $377 -1 $-1 $378 -1.893201523046454796e-15 $378 6.283185307179584456 $136 $379 forward @7 unknown #
DXID-attrib $-1 -1 $-1 $-1 $138 @10 Revit:Face @7 Face:13 #
face $380 -1 $-1 $381 $382 $35 $-1 $383 forward single #
loop $-1 -1 $-1 $-1 $238 $138 #
plane-surface $-1 -1 $-1 -13.42743123000025918 12.42141095499994385 6.210717691004677299 -1 -0 -0 0 0 -12 forward_v I I I I #
coedge $-1 -1 $-1 $384 $385 $386 $387 forward $139 $-1 #
coedge $-1 -1 $-1 $388 $141 $389 $390 forward $78 $-1 #
coedge $-1 -1 $-1 $141 $388 $391 $392 forward $78 $-1 #
coedge $-1 -1 $-1 $393 $394 $141 $239 reversed $233 $-1 #
edge $395 -1 $-1 $396 0 $397 1.475853640305881509 $141 $398 forward @7 unknown #
DXID-attrib $-1 -1 $-1 $142 $80 @10 Revit:Face @6 Face:0 #
rgb_color-st-attrib $-1 -1 $399 $-1 $143 0 0 0 #
face $400 -1 $-1 $-1 $401 $53 $-1 $402 forward single #
loop $-1 -1 $-1 $403 $404 $143 #
cone-surface $-1 -1 $-1 21.92057813242646702 -1.571602778058893388e-15 1.667068820171276222 0 1 6.123031769111886291e-17 1.662310562500011635 0 0 1 I I 0 1 1.662310562500011635 forward I I I I #
coedge $-1 -1 $-1 $245 $245 $404 $405 forward $144 $-1 #
DXID-attrib $-1 -1 $406 $147 $82 @10 Revit:Face @6 Face:5 #
rgb_color-st-attrib $-1 -1 $407 $-1 $148 0 0 0 #
loop $-1 -1 $-1 $-1 $408 $148 #
plane-surface $-1 -1 $-1 -3.79005148583310536 9.423954413505306604 1.667068820171365262 0 -1 -6.123031769111886291e-17 0 -7.347638122934263549e-16 12 forward_v I I I I #
loop $-1 -1 $-1 $-1 $409 $82 #
coedge $-1 -1 $-1 $251 $251 $151 $252 reversed $149 $-1 #
edge $410 -1 $-1 $411 3.141592653589790451 $411 9.424777960769375795 $151 $412 forward @7 unknown #
DXID-attrib $-1 -1 $-1 $-1 $153 @10 Revit:Face @6 Face:2 #
face $413 -1 $-1 $414 $415 $38 $-1 $416 forward single #
loop $-1 -1 $-1 $-1 $260 $153 #
plane-surface $-1 -1 $-1 -4.920318811666567704 5.148167164167157139 6.18855355017140063 5.047040785892892295e-30 3.191762317212926809e-15 -1 12 -1.897525047654554492e-14 0 forward_v I I I I #
coedge $-1 -1 $-1 $417 $418 $419 $420 forward $154 $-1 #
coedge $-1 -1 $-1 $421 $156 $422 $423 forward $87 $-1 #
coedge $-1 -1 $-1 $156 $421 $424 $425 forward $87 $-1 #
coedge $-1 -1 $-1 $426 $427 $156 $261 reversed $255 $-1 #
edge $428 -1 $-1 $429 -0 $430 1.07830440812500683 $156 $431 forward @7 unknown #
DXID-attrib $-1 -1 $-1 $158 $90 @10 Revit:Face @6 Face:0 #
rgb_color-st-attrib $-1 -1 $432 $-1 $159 0 0 0 #
face $433 -1 $-1 $434 $435 $39 $-1 $436 forward single #
loop $-1 -1 $-1 $-1 $437 $159 #
plane-surface $-1 -1 $-1 -5.833444059166947859 4.505109977424702983 16.36189419267147827 2.721659914398514316e-16 0.1693912155993317903 0.9855488907597536041 12 -1.928076308870352365e-14 0 forward_v I I I I #
coedge $-1 -1 $-1 $438 $439 $440 $441 forward $160 $-1 #
coedge $-1 -1 $-1 $442 $162 $443 $444 forward $91 $-1 #
coedge $-1 -1 $-1 $162 $442 $445 $446 forward $91 $-1 #
coedge $-1 -1 $-1 $447 $448 $162 $271 reversed $449 $-1 #
edge $450 -1 $-1 $451 2.772895945963175457 $452 3.443567642748754931 $162 $453 forward @7 unknown #
lump $-1 -1 $-1 $454 $455 $5 #
shell $-1 -1 $-1 $-1 $-1 $456 $-1 $163 #
face $457 -1 $-1 $458 $459 $164 $-1 $460 forward single #
DXID-attrib $-1 -1 $-1 $-1 $165 @10 Revit:Face @6 Face:0 #
face $461 -1 $-1 $462 $463 $94 $-1 $464 forward single #
loop $-1 -1 $-1 $-1 $465 $165 #
plane-surface $-1 -1 $-1 -40.49956604000010429 10.97373132500001702 22.4570329218379392 0 0 1 -12 0 0 forward_v I I I I #
DXID-attrib $-1 -1 $-1 $-1 $167 @10 Revit:Face @7 Face:26 #
face $466 -1 $-1 $467 $468 $58 $-1 $469 forward single #
loop $-1 -1 $-1 $-1 $470 $167 #
plane-surface $-1 -1 $-1 -27.50667951000003342 10.62609556499990049 22.4570329218379392 0 -1 0 0 0 -12 forward_v I I I I #
coedge $-1 -1 $-1 $471 $472 $470 $473 forward $168 $-1 #
DXID-attrib $-1 -1 $-1 $-1 $171 @10 Revit:Face @6 Face:5 #
face $474 -1 $-1 $475 $476 $41 $-1 $477 forward single #
loop $-1 -1 $-1 $-1 $478 $171 #
plane-surface $-1 -1 $-1 -40.49956604000010429 10.97373132500001702 22.4570329218379392 -1 -0 -0 0 0 -12 forward_v I I I I #
coedge $-1 -1 $-1 $479 $480 $174 $291 reversed $172 $-1 #
coedge $-1 -1 $-1 $481 $174 $478 $482 forward $98 $-1 #
coedge $-1 -1 $-1 $174 $483 $484 $485 forward $98 $-1 #
edge $486 -1 $-1 $487 0 $488 1.039286074166663187 $174 $489 forward @7 unknown #
lump $-1 -1 $-1 $490 $491 $6 #
shell $-1 -1 $-1 $-1 $-1 $492 $-1 $175 #
face $493 -1 $-1 $494 $495 $176 $-1 $496 forward single #
DXID-attrib $-1 -1 $-1 $-1 $177 @10 Revit:Face @6 Face:0 #
face $497 -1 $-1 $498 $499 $101 $-1 $500 forward single #
loop $-1 -1 $-1 $-1 $501 $177 #
plane-surface $-1 -1 $-1 -35.89339222000001683 10.5826410949999854 22.10596108082838285 0 0 1 0 -12 0 forward_v I I I I #
DXID-attrib $-1 -1 $-1 $-1 $179 @10 Revit:Face @7 Face:18 #
face $502 -1 $-1 $503 $504 $61 $-1 $505 forward single #
loop $-1 -1 $-1 $-1 $506 $179 #
plane-surface $-1 -1 $-1 -32.02594438999983595 10.58264109499997474 22.10596108082838285 -1 0 0 0 0 -12 forward_v I I I I #
coedge $-1 -1 $-1 $507 $508 $506 $509 forward $180 $-1 #
DXID-attrib $-1 -1 $-1 $-1 $183 @10 Revit:Face @6 Face:5 #
face $510 -1 $-1 $511 $512 $43 $-1 $513 forward single #
loop $-1 -1 $-1 $-1 $514 $183 #
plane-surface $-1 -1 $-1 -35.89339222000001683 9.929346395000038683 22.10596108082838285 0 -1 0 0 0 -12 forward_v I I I I #
coedge $-1 -1 $-1 $515 $516 $186 $311 reversed $184 $-1 #
coedge $-1 -1 $-1 $517 $186 $514 $518 forward $105 $-1 #
coedge $-1 -1 $-1 $186 $517 $519 $520 forward $105 $-1 #
edge $521 -1 $-1 $522 0 $523 0.05444122499999553416 $186 $524 forward @7 unknown #
DXID-attrib $-1 -1 $-1 $-1 $187 @10 Revit:Face @6 Face:0 #
face $525 -1 $-1 $526 $527 $107 $-1 $528 forward single #
loop $-1 -1 $-1 $-1 $529 $187 #
plane-surface $-1 -1 $-1 -28.01545741666662792 9.885206811666650495 21.50397486600454044 0 1 -1.618667433348004174e-15 0.9174825326213206234 -1.936715296792305882e-14 -11.9648746672221673 forward_v I I I I #
DXID-attrib $-1 -1 $-1 $-1 $189 @10 Revit:Face @7 Face:42 #
face $530 -1 $-1 $531 $532 $64 $-1 $533 forward single #
loop $-1 -1 $-1 $-1 $534 $189 #
cone-surface $-1 -1 $-1 -27.06794039604076474 -9.929535093333381468 21.10502033100517139 0 1 0 0.5379372136897764278 0 0 1 I I 0 1 0.5379372136897764278 forward I I I I #
coedge $-1 -1 $-1 $535 $536 $534 $537 forward $190 $-1 #
DXID-attrib $-1 -1 $-1 $-1 $193 @10 Revit:Face @6 Face:5 #
face $538 -1 $-1 $539 $540 $45 $-1 $541 forward single #
loop $-1 -1 $-1 $-1 $542 $193 #
plane-surface $-1 -1 $-1 -28.96851547249988101 9.885206811666646942 20.21845469767125891 0.1520571842536368734 -1.591344134080512588e-15 -0.9883716976506640162 0 -12 1.932079768609035795e-14 forward_v I I I I #
coedge $-1 -1 $-1 $543 $544 $196 $328 reversed $194 $545 #
coedge $-1 -1 $-1 $546 $196 $542 $547 forward $111 $-1 #
coedge $-1 -1 $-1 $196 $548 $549 $550 forward $111 $-1 #
edge $551 -1 $-1 $552 0 $553 1 $196 $554 forward @7 unknown #
DXID-attrib $-1 -1 $-1 $-1 $198 @10 Revit:Face @6 Face:2 #
face $555 -1 $-1 $556 $557 $46 $-1 $558 forward single #
loop $-1 -1 $-1 $-1 $336 $198 #
plane-surface $-1 -1 $-1 -13.46555118110240024 9.885206811666670035 16.11808864350483006 0 0 -1 12 -1.898904387611466904e-14 0 forward_v I I I I #
coedge $-1 -1 $-1 $559 $560 $561 $562 forward $199 $-1 #
coedge $-1 -1 $-1 $563 $201 $564 $565 forward $115 $-1 #
coedge $-1 -1 $-1 $201 $566 $567 $568 forward $115 $-1 #
coedge $-1 -1 $-1 $569 $570 $201 $337 reversed $331 $-1 #
edge $571 -1 $-1 $572 0 $573 0.1883951970833380452 $201 $574 forward @7 unknown #
DXID-attrib $-1 -1 $-1 $-1 $203 @10 Revit:Face @6 Face:2 #
face $575 -1 $-1 $576 $577 $47 $-1 $578 forward single #
loop $-1 -1 $-1 $-1 $345 $203 #
plane-surface $-1 -1 $-1 -5.009079231666484944 9.885206811666694904 18.26801030433793471 -1 -2.437091306310646541e-30 -1.510280109465477455e-15 0 -12 1.936402094713295374e-14 forward_v I I I I #
coedge $-1 -1 $-1 $579 $580 $581 $582 forward $204 $-1 #
coedge $-1 -1 $-1 $583 $206 $584 $585 forward $119 $-1 #
coedge $-1 -1 $-1 $206 $586 $587 $588 forward $119 $-1 #
coedge $-1 -1 $-1 $589 $590 $206 $346 reversed $340 $-1 #
edge $591 -1 $-1 $592 -2.9926206582418447e-31 $593 0.3675553354861070265 $206 $594 forward @7 unknown #
rgb_color-st-attrib $-1 -1 $595 $-1 $207 0 0 0 #
face $596 -1 $-1 $597 $598 $121 $-1 $599 forward single #
loop $-1 -1 $-1 $-1 $600 $207 #
plane-surface $-1 -1 $-1 -27.74948772666637709 9.885206811666661153 24.65651018933803584 0 1 -1.618667433348004174e-15 -0 -1.942400920017605009e-14 -12 forward_v I I I I #
DXID-attrib $-1 -1 $-1 $208 $122 @10 Revit:Face @6 Face:0 #
rgb_color-st-attrib $-1 -1 $601 $-1 $209 0 0 0 #
face $602 -1 $-1 $603 $604 $69 $-1 $605 forward single #
loop $-1 -1 $-1 $-1 $606 $209 #
plane-surface $-1 -1 $-1 16.26849596833327638 9.885206811666661153 24.67587228204347838 1 2.14804891273931529e-30 1.334136787293681129e-15 0 -12 1.93207976860903611e-14 forward_v I I I I #
coedge $-1 -1 $-1 $607 $608 $606 $609 forward $210 $-1 #
DXID-attrib $-1 -1 $-1 $213 $124 @10 Revit:Face @7 Face:26 #
rgb_color-st-attrib $-1 -1 $610 $-1 $214 0 0 0 #
face $611 -1 $-1 $612 $613 $49 $-1 $614 forward single #
loop $-1 -1 $-1 $-1 $615 $214 #
plane-surface $-1 -1 $-1 -27.74948772666637709 9.885206811666659377 22.65651018933803229 0 -1.610066473840863557e-15 -1 0 -12 1.93207976860903611e-14 forward_v I I I I #
coedge $-1 -1 $-1 $616 $617 $217 $365 reversed $215 $-1 #
coedge $-1 -1 $-1 $618 $217 $615 $619 forward $125 $-1 #
coedge $-1 -1 $-1 $217 $618 $620 $621 forward $125 $-1 #
edge $622 -1 $-1 $623 0 $624 0.1683218224770397786 $217 $625 forward @7 unknown #
DXID-attrib $-1 -1 $626 $219 $128 @10 Revit:Face @7 Face:13 #
rgb_color-st-attrib $-1 -1 $627 $-1 $220 0 0 0 #
loop $-1 -1 $-1 $-1 $628 $220 #
plane-surface $-1 -1 $-1 -3.79005148583310536 -9.423954413505306604 1.667068820171365262 0 1 -6.123031769111886291e-17 -0 -7.347638122934263549e-16 -12 forward_v I I I I #
loop $-1 -1 $-1 $-1 $629 $128 #
coedge $-1 -1 $-1 $371 $371 $223 $372 reversed $221 $-1 #
edge $630 -1 $-1 $631 -1.682845798263514695e-15 $631 6.283185307179584456 $223 $632 forward @7 unknown #
DXID-attrib $-1 -1 $-1 $224 $73 @10 Revit:Face @6 Face:2 #
DXID-attrib $-1 -1 $-1 $225 $133 @10 Revit:Face @6 Face:1 #
coedge $-1 -1 $-1 $375 $375 $376 $633 forward $226 $-1 #
coedge $-1 -1 $-1 $376 $376 $375 $633 reversed $228 $-1 #
DXID-attrib $-1 -1 $634 $-1 $230 @10 Revit:Edge @6 Edge:6 #
vertex $-1 -1 $-1 $230 $635 #
ellipse-curve $-1 -1 $-1 -5.452362048333116995 -10.7714425047906488 1.667068820171365262 0 -1 6.123031769111886291e-17 1.662310562500011635 0 0 1 I I #
DXID-attrib $-1 -1 $-1 $-1 $232 @10 Revit:Face @7 Face:17 #
face $636 -1 $-1 $637 $638 $35 $-1 $639 reversed single #
loop $-1 -1 $-1 $-1 $640 $232 #
cone-surface $-1 -1 $-1 -15.2018194635030266 -0.0869089400000883916 0.6788297724987435444 0 0 1 42.80640947119901796 0 0 1 I I 0 1 42.80640947119901796 forward I I I I #
coedge $-1 -1 $-1 $641 $235 $642 $643 forward $139 $-1 #
coedge $-1 -1 $-1 $235 $641 $644 $645 forward $139 $-1 #
coedge $-1 -1 $-1 $646 $647 $235 $387 reversed $382 $-1 #
edge $648 -1 $-1 $649 -0.2231140910273076705 $650 0.2198903384482035761 $235 $651 forward @7 unknown #
coedge $-1 -1 $-1 $237 $236 $640 $652 forward $78 $-1 #
coedge $-1 -1 $-1 $653 $654 $236 $390 reversed $655 $-1 #
edge $656 -1 $-1 $397 5.57559861029047197e-31 $657 3.342154067144922802 $236 $658 forward @7 unknown #
coedge $-1 -1 $-1 $659 $660 $237 $392 reversed $638 $-1 #
edge $661 -1 $-1 $662 -1.398706172756115626e-15 $396 3.342196356284456549 $237 $663 forward @7 unknown #
coedge $-1 -1 $-1 $664 $238 $660 $665 forward $233 $-1 #
coedge $-1 -1 $-1 $238 $666 $653 $667 forward $233 $-1 #
DXID-attrib $-1 -1 $-1 $-1 $239 @10 Revit:Edge @7 Edge:88 #
vertex $-1 -1 $-1 $239 $668 #
vertex $-1 -1 $-1 $239 $669 #
straight-curve $-1 -1 $-1 -13.42743123000025918 8.767012857420517946 6.210717691004677299 0 -12 0 F 0 F 1.475853640305881509 #
DXID-attrib $-1 -1 $670 $241 $143 @10 Revit:Face @7 Face:13 #
rgb_color-st-attrib $-1 -1 $671 $-1 $242 0 0 0 #
loop $-1 -1 $-1 $-1 $672 $242 #
plane-surface $-1 -1 $-1 -3.79005148583310536 9.423954413505306604 1.667068820171365262 0 -1 -6.123031769111886291e-17 0 -7.347638122934263549e-16 12 forward_v I I I I #
loop $-1 -1 $-1 $-1 $673 $143 #
coedge $-1 -1 $-1 $404 $404 $245 $405 reversed $243 $-1 #
edge $674 -1 $-1 $675 3.141592653589790451 $675 9.424777960769375795 $245 $676 forward @7 unknown #
DXID-attrib $-1 -1 $-1 $246 $82 @10 Revit:Face @6 Face:2 #
DXID-attrib $-1 -1 $-1 $247 $148 @10 Revit:Face @6 Face:1 #
coedge $-1 -1 $-1 $408 $408 $409 $677 forward $248 $-1 #
coedge $-1 -1 $-1 $409 $409 $408 $677 reversed $250 $-1 #
DXID-attrib $-1 -1 $678 $-1 $252 @10 Revit:Edge @6 Edge:3 #
vertex $-1 -1 $-1 $252 $679 #
ellipse-curve $-1 -1 $-1 -5.452362048333116995 10.7714425047906488 1.667068820171365262 0 1 6.123031769111886291e-17 1.662310562500011635 0 0 1 I I #
DXID-attrib $-1 -1 $-1 $-1 $254 @10 Revit:Face @6 Face:5 #
face $680 -1 $-1 $681 $682 $38 $-1 $683 forward single #
loop $-1 -1 $-1 $-1 $422 $254 #
plane-surface $-1 -1 $-1 -4.920318811666588132 -7.7914857333329266 6.188553550171359774 -1.581270873045462208e-15 -1 0 12 -1.897525047654554492e-14 0 forward_v I I I I #
coedge $-1 -1 $-1 $684 $257 $685 $686 forward $154 $-1 #
coedge $-1 -1 $-1 $257 $684 $687 $688 forward $154 $-1 #
coedge $-1 -1 $-1 $689 $690 $257 $420 reversed $691 $-1 #
edge $692 -1 $-1 $693 0 $694 0.294804863402804207 $257 $695 forward @7 unknown #
coedge $-1 -1 $-1 $259 $258 $696 $697 forward $87 $-1 #
coedge $-1 -1 $-1 $698 $699 $258 $423 reversed $415 $-1 #
edge $700 -1 $-1 $430 0 $701 0.2948048634028076487 $258 $702 forward @7 unknown #
coedge $-1 -1 $-1 $690 $689 $259 $425 reversed $691 $-1 #
edge $703 -1 $-1 $704 0 $429 0.294804863402804207 $259 $705 forward @7 unknown #
coedge $-1 -1 $-1 $687 $260 $689 $706 forward $255 $-1 #
coedge $-1 -1 $-1 $260 $687 $698 $707 forward $255 $-1 #
DXID-attrib $-1 -1 $-1 $-1 $261 @10 Revit:Edge @6 Edge:3 #
vertex $-1 -1 $-1 $261 $708 #
vertex $-1 -1 $-1 $261 $709 #
straight-curve $-1 -1 $-1 -4.920318811666567704 5.148167164167157139 6.18855355017140063 -1.915057390327755927e-14 -12 -3.830114780655511855e-14 F -0 F 1.07830440812500683 #
DXID-attrib $-1 -1 $-1 $263 $159 @10 Revit:Face @7 Face:82 #
rgb_color-st-attrib $-1 -1 $710 $-1 $264 0 0 0 #
face $711 -1 $-1 $712 $713 $39 $-1 $714 forward single #
loop $-1 -1 $-1 $-1 $715 $264 #
cone-surface $-1 -1 $-1 10.33555422583333261 5.6826795041668694 15.88980733162996906 -1 0 0 0 -0.2741841682272742609 0 1 I I 0 1 0.2741841682272742609 forward I I I I #
coedge $-1 -1 $-1 $716 $717 $718 $719 forward $265 $-1 #
coedge $-1 -1 $-1 $720 $267 $721 $722 forward $160 $-1 #
coedge $-1 -1 $-1 $267 $720 $723 $724 forward $160 $-1 #
coedge $-1 -1 $-1 $725 $726 $267 $441 reversed $727 $-1 #
edge $728 -1 $-1 $729 3.012762579187075129 $730 3.198583444310326929 $267 $731 forward @7 unknown #
coedge $-1 -1 $-1 $269 $268 $732 $733 forward $91 $-1 #
coedge $-1 -1 $-1 $734 $735 $268 $444 reversed $736 $-1 #
edge $737 -1 $-1 $452 0 $738 1.23154079254980986 $268 $739 forward @7 unknown #
coedge $-1 -1 $-1 $740 $741 $269 $446 reversed $742 $-1 #
edge $743 -1 $-1 $744 -1.165588477296752257e-16 $451 1.229468147201661088 $269 $745 forward @7 unknown #
coedge $-1 -1 $-1 $746 $270 $741 $747 forward $449 $-1 #
coedge $-1 -1 $-1 $270 $748 $734 $749 forward $449 $-1 #
loop $-1 -1 $-1 $-1 $270 $750 #
DXID-attrib $-1 -1 $-1 $-1 $271 @10 Revit:Edge @8 Edge:267 #
vertex $-1 -1 $-1 $271 $751 #
vertex $-1 -1 $-1 $271 $752 #
ellipse-curve $-1 -1 $-1 -5.833444059166946083 5.705032133957653961 13.37781879581337385 -1 0 0 0 -0.3785326811621000931 0 1 F 2.772895945963175457 F 3.443567642748754931 #
lump $-1 -1 $-1 $753 $754 $5 #
shell $-1 -1 $-1 $-1 $-1 $755 $-1 $272 #
face $756 -1 $-1 $757 $758 $273 $-1 $759 forward single #
DXID-attrib $-1 -1 $-1 $-1 $274 @10 Revit:Face @6 Face:0 #
face $760 -1 $-1 $761 $762 $164 $-1 $763 forward single #
loop $-1 -1 $-1 $-1 $764 $274 #
plane-surface $-1 -1 $-1 -40.49956604000010429 10.97373132500001702 22.4570329218379392 0 0 1 -12 0 0 forward_v I I I I #
DXID-attrib $-1 -1 $-1 $-1 $276 @10 Revit:Face @7 Face:42 #
face $765 -1 $-1 $766 $767 $94 $-1 $768 forward single #
loop $-1 -1 $-1 $-1 $769 $276 #
plane-surface $-1 -1 $-1 16.20851730999981299 10.97373132500001702 22.4570329218379392 0 1 0 0 0 -12 forward_v I I I I #
coedge $-1 -1 $-1 $770 $771 $769 $772 forward $277 $-1 #
DXID-attrib $-1 -1 $-1 $-1 $280 @10 Revit:Face @7 Face:29 #
face $773 -1 $-1 $774 $775 $58 $-1 $776 forward single #
loop $-1 -1 $-1 $-1 $777 $280 #
plane-surface $-1 -1 $-1 -6.735442849999916604 10.62609556499990049 22.4570329218379392 1 0 0 0 0 -12 forward_v I I I I #
coedge $-1 -1 $-1 $778 $779 $283 $473 reversed $281 $-1 #
coedge $-1 -1 $-1 $780 $283 $777 $781 forward $168 $-1 #
coedge $-1 -1 $-1 $283 $780 $782 $783 forward $168 $-1 #
edge $784 -1 $-1 $785 0 $786 1.73093638833334329 $283 $787 forward @7 unknown #
DXID-attrib $-1 -1 $-1 $-1 $285 @10 Revit:Face @6 Face:9 #
face $788 -1 $-1 $789 $790 $41 $-1 $791 forward single #
loop $-1 -1 $-1 $-1 $792 $285 #
plane-surface $-1 -1 $-1 -40.49956604000010429 7.975372894999964046 22.4570329218379392 0 -1 0 0 0 -12 forward_v I I I I #
coedge $-1 -1 $-1 $793 $794 $289 $482 reversed $286 $-1 #
coedge $-1 -1 $-1 $795 $288 $796 $797 forward $172 $-1 #
coedge $-1 -1 $-1 $288 $795 $793 $798 forward $172 $-1 #
coedge $-1 -1 $-1 $799 $289 $792 $800 forward $98 $-1 #
edge $801 -1 $-1 $488 0 $802 0.249863202500004461 $289 $803 forward @7 unknown #
coedge $-1 -1 $-1 $290 $799 $804 $805 forward $98 $-1 #
coedge $-1 -1 $-1 $806 $796 $290 $485 reversed $807 $-1 #
edge $808 -1 $-1 $809 0 $487 0.03259085250000264 $290 $810 forward @7 unknown #
DXID-attrib $-1 -1 $-1 $-1 $291 @10 Revit:Edge @6 Edge:3 #
vertex $-1 -1 $-1 $291 $811 #
vertex $-1 -1 $-1 $291 $812 #
straight-curve $-1 -1 $-1 -28.02813315000014427 10.97373132500001702 22.4570329218379392 -12 0 0 F 0 F 1.039286074166663187 #
lump $-1 -1 $-1 $813 $814 $6 #
shell $-1 -1 $-1 $-1 $-1 $815 $-1 $292 #
face $816 -1 $-1 $817 $818 $293 $-1 $819 forward single #
DXID-attrib $-1 -1 $-1 $-1 $294 @10 Revit:Face @6 Face:0 #
face $820 -1 $-1 $821 $822 $176 $-1 $823 forward single #
loop $-1 -1 $-1 $-1 $824 $294 #
plane-surface $-1 -1 $-1 -35.89339222000001683 10.5826410949999854 22.10596108082838285 0 0 1 0 -12 0 forward_v I I I I #
DXID-attrib $-1 -1 $-1 $-1 $296 @10 Revit:Face @7 Face:34 #
face $825 -1 $-1 $826 $827 $101 $-1 $828 forward single #
loop $-1 -1 $-1 $-1 $829 $296 #
plane-surface $-1 -1 $-1 -24.59523002000003089 10.62609556499990049 22.10596108082838285 0 1 0 0 0 -12 forward_v I I I I #
coedge $-1 -1 $-1 $830 $831 $829 $832 forward $297 $-1 #
DXID-attrib $-1 -1 $-1 $-1 $300 @10 Revit:Face @7 Face:21 #
face $833 -1 $-1 $834 $835 $61 $-1 $836 forward single #
loop $-1 -1 $-1 $-1 $837 $300 #
plane-surface $-1 -1 $-1 -32.02594438999983595 9.929346395000026249 22.10596108082838285 0 -1 0 0 0 -12 forward_v I I I I #
coedge $-1 -1 $-1 $838 $839 $303 $509 reversed $301 $-1 #
coedge $-1 -1 $-1 $840 $303 $837 $841 forward $180 $-1 #
coedge $-1 -1 $-1 $303 $840 $842 $843 forward $180 $-1 #
edge $844 -1 $-1 $845 0 $846 0.05444122499999565212 $303 $847 forward @7 unknown #
DXID-attrib $-1 -1 $-1 $-1 $305 @10 Revit:Face @6 Face:9 #
face $848 -1 $-1 $849 $850 $43 $-1 $851 forward single #
loop $-1 -1 $-1 $-1 $852 $305 #
plane-surface $-1 -1 $-1 -35.24157516999992623 9.929346395000038683 22.10596108082838285 1 0 0 0 0 -12 forward_v I I I I #
coedge $-1 -1 $-1 $853 $854 $309 $518 reversed $306 $-1 #
coedge $-1 -1 $-1 $855 $308 $856 $857 forward $184 $-1 #
coedge $-1 -1 $-1 $308 $855 $853 $858 forward $184 $-1 #
coedge $-1 -1 $-1 $310 $309 $852 $859 forward $105 $-1 #
edge $860 -1 $-1 $523 0 $861 0.05431808750000762659 $309 $862 forward @7 unknown #
coedge $-1 -1 $-1 $863 $856 $310 $520 reversed $850 $-1 #
edge $864 -1 $-1 $865 0 $522 0.05431808750000762659 $310 $866 forward @7 unknown #
DXID-attrib $-1 -1 $-1 $-1 $311 @10 Revit:Edge @6 Edge:3 #
vertex $-1 -1 $-1 $311 $867 #
vertex $-1 -1 $-1 $311 $868 #
straight-curve $-1 -1 $-1 -35.89339222000001683 10.5826410949999854 22.10596108082838285 0 -12 0 F 0 F 0.05444122499999553416 #
DXID-attrib $-1 -1 $-1 $-1 $313 @10 Revit:Face @8 Face:106 #
face $869 -1 $-1 $870 $871 $107 $-1 $872 forward single #
loop $-1 -1 $-1 $-1 $873 $313 #
plane-surface $-1 -1 $-1 13.80827633583333736 9.885206811666648719 20.39576782433789148 -1 0 0 0 -12 1.932079768609035795e-14 forward_v I I I I #
coedge $-1 -1 $-1 $874 $875 $873 $876 forward $314 $-1 #
DXID-attrib $-1 -1 $-1 $-1 $317 @10 Revit:Face @7 Face:45 #
face $877 -1 $-1 $878 $879 $64 $-1 $880 forward single #
loop $-1 -1 $-1 $-1 $881 $317 #
plane-surface $-1 -1 $-1 -27.59433874083318727 9.885206811666648719 20.9941996268379043 -1 0 0 0 -12 1.932079768609035795e-14 forward_v I I I I #
coedge $-1 -1 $-1 $882 $883 $320 $537 reversed $318 $-1 #
coedge $-1 -1 $-1 $884 $320 $881 $885 forward $190 $-1 #
coedge $-1 -1 $-1 $320 $886 $887 $888 forward $190 $-1 #
edge $889 -1 $-1 $890 1.895804198662775164 $891 2.934096427153787268 $320 $892 forward @7 unknown #
DXID-attrib $-1 -1 $-1 $-1 $322 @10 Revit:Face @6 Face:9 #
face $893 -1 $-1 $894 $895 $45 $-1 $896 forward single #
loop $-1 -1 $-1 $-1 $897 $322 #
plane-surface $-1 -1 $-1 -29.25664930333330105 9.885206811666646942 20.17412641600466827 4.536539498621353002e-15 -1.61006647384086336e-15 -1 0 -12 1.932079768609035795e-14 forward_v I I I I #
coedge $-1 -1 $-1 $898 $899 $326 $547 reversed $323 $-1 #
coedge $-1 -1 $-1 $900 $325 $901 $902 forward $194 $903 #
coedge $-1 -1 $-1 $325 $900 $898 $904 forward $194 $905 #
pcurve $-1 -1 $-1 0 reversed { exppc nubs 1 open 2 
	0 1 1.000000000000003331 1 
	0 -1 
	1.000000000000003331 -0.999999999999999778 
	0 
	spline forward { ref 0 } I I I I 
	} 0 0 #
coedge $-1 -1 $-1 $906 $326 $897 $907 forward $111 $-1 #
edge $908 -1 $-1 $553 -3.544722037124565484e-17 $909 0.02429364643537006152 $326 $910 forward @7 unknown #
coedge $-1 -1 $-1 $327 $911 $912 $913 forward $111 $-1 #
coedge $-1 -1 $-1 $914 $901 $327 $550 reversed $915 $-1 #
edge $916 -1 $-1 $917 5.206330349304071348 $552 6.375068733311590741 $327 $918 forward @7 unknown #
DXID-attrib $-1 -1 $-1 $-1 $328 @10 Revit:Edge @6 Edge:3 #
vertex $-1 -1 $-1 $328 $919 #
vertex $-1 -1 $-1 $328 $920 #
intcurve-curve $-1 -1 $-1 forward { exactcur full nubs 3 open 2 
	0 3 1 3 
	-28.01545741666662792 9.885206811666650495 21.50397486600454044 
	-27.97039033030554123 9.885206811666650495 20.91625573157406848 
	-28.38116574041653806 9.885206811666648719 20.33038360887971407 
	-28.96851547249988101 9.885206811666648719 20.21845469767126247 
	0 
	
	null_surface 
	null_surface 
	nullbs 
	nullbs 
	I I 
	0 
	0 
	0 
	F 1 F 0 } F 0 F 1 #
DXID-attrib $-1 -1 $-1 $-1 $330 @10 Revit:Face @6 Face:5 #
face $921 -1 $-1 $922 $923 $46 $-1 $924 forward single #
loop $-1 -1 $-1 $-1 $564 $330 #
plane-surface $-1 -1 $-1 -13.46555118110240379 7.624464446666613604 16.11808864350483006 -1.582420323009555754e-15 -1 -4.539719766201122695e-29 12 -1.898904387611466904e-14 0 forward_v I I I I #
coedge $-1 -1 $-1 $925 $333 $926 $927 forward $199 $-1 #
coedge $-1 -1 $-1 $333 $928 $929 $930 forward $199 $-1 #
coedge $-1 -1 $-1 $931 $932 $333 $562 reversed $933 $-1 #
edge $934 -1 $-1 $935 2.331176954593504514e-16 $936 0.1551489858333259531 $333 $937 forward @7 unknown #
coedge $-1 -1 $-1 $938 $334 $939 $940 forward $115 $-1 #
coedge $-1 -1 $-1 $941 $942 $334 $565 reversed $557 $-1 #
edge $943 -1 $-1 $573 2.331176954593504514e-16 $944 0.0203171290972174283 $334 $945 forward @7 unknown #
coedge $-1 -1 $-1 $335 $946 $947 $948 forward $115 $-1 #
coedge $-1 -1 $-1 $932 $931 $335 $568 reversed $933 $-1 #
edge $949 -1 $-1 $950 0 $572 0.155148985833325731 $335 $951 forward @7 unknown #
coedge $-1 -1 $-1 $929 $336 $931 $952 forward $331 $-1 #
coedge $-1 -1 $-1 $336 $929 $941 $953 forward $331 $-1 #
DXID-attrib $-1 -1 $-1 $-1 $337 @10 Revit:Edge @6 Edge:3 #
vertex $-1 -1 $-1 $337 $954 #
vertex $-1 -1 $-1 $337 $955 #
straight-curve $-1 -1 $-1 -13.46555118110240024 9.885206811666670035 16.11808864350483006 -1.414332902511149404e-14 -12 0 F 0 F 0.1883951970833380452 #
DXID-attrib $-1 -1 $-1 $-1 $339 @10 Revit:Face @6 Face:5 #
face $956 -1 $-1 $957 $958 $47 $-1 $959 forward single #
loop $-1 -1 $-1 $-1 $584 $339 #
plane-surface $-1 -1 $-1 -5.009079231666492049 9.885206811666703786 22.67867433017121925 -3.255912202655992595e-15 1.61366841226107961e-15 1 0 -12 1.936402094713295374e-14 forward_v I I I I #
coedge $-1 -1 $-1 $960 $342 $961 $962 forward $204 $-1 #
coedge $-1 -1 $-1 $342 $963 $964 $965 forward $204 $-1 #
coedge $-1 -1 $-1 $966 $967 $342 $582 reversed $968 $-1 #
edge $969 -1 $-1 $970 0 $971 1.568381392203338276 $342 $972 forward @7 unknown #
coedge $-1 -1 $-1 $973 $343 $974 $975 forward $119 $-1 #
coedge $-1 -1 $-1 $976 $977 $343 $585 reversed $577 $-1 #
edge $978 -1 $-1 $593 -7.59010749301142581e-31 $979 1.773131266666647443 $343 $980 forward @7 unknown #
coedge $-1 -1 $-1 $344 $981 $982 $983 forward $119 $-1 #
coedge $-1 -1 $-1 $967 $966 $344 $588 reversed $968 $-1 #
edge $984 -1 $-1 $985 -0 $592 1.568381392203338276 $344 $986 forward @7 unknown #
coedge $-1 -1 $-1 $964 $345 $966 $987 forward $340 $-1 #
coedge $-1 -1 $-1 $345 $964 $976 $988 forward $340 $-1 #
DXID-attrib $-1 -1 $-1 $-1 $346 @10 Revit:Edge @6 Edge:3 #
vertex $-1 -1 $-1 $346 $989 #
vertex $-1 -1 $-1 $346 $990 #
straight-curve $-1 -1 $-1 -5.009079231666484944 9.885206811666694904 18.26801030433793471 -1.812336131358572788e-14 2.174803357630287345e-14 12 F -2.9926206582418447e-31 F 0.3675553354861070265 #
DXID-attrib $-1 -1 $-1 $347 $207 @10 Revit:Face @6 Face:0 #
rgb_color-st-attrib $-1 -1 $991 $-1 $348 0 0 0 #
face $992 -1 $-1 $993 $994 $121 $-1 $995 forward single #
loop $-1 -1 $-1 $-1 $996 $348 #
plane-surface $-1 -1 $-1 40.36091705416668418 9.885206811666661153 24.67587228204347838 1 0 0 0 -12 1.93207976860903611e-14 forward_v I I I I #
coedge $-1 -1 $-1 $997 $998 $996 $999 forward $349 $-1 #
DXID-attrib $-1 -1 $-1 $352 $209 @10 Revit:Face @7 Face:34 #
rgb_color-st-attrib $-1 -1 $1000 $-1 $353 0 0 0 #
face $1001 -1 $-1 $1002 $1003 $69 $-1 $1004 forward single #
loop $-1 -1 $-1 $-1 $1005 $353 #
plane-surface $-1 -1 $-1 16.26849596833327638 9.885206811666659377 22.67867433017121925 0 -1.610066473840863557e-15 -1 0 -12 1.93207976860903611e-14 forward_v I I I I #
coedge $-1 -1 $-1 $1006 $1007 $356 $609 reversed $354 $-1 #
coedge $-1 -1 $-1 $1008 $356 $1005 $1009 forward $210 $-1 #
coedge $-1 -1 $-1 $356 $1008 $1010 $1011 forward $210 $-1 #
edge $1012 -1 $-1 $1013 0 $1014 0.1664331626560216493 $356 $1015 forward @7 unknown #
DXID-attrib $-1 -1 $-1 $358 $214 @10 Revit:Face @7 Face:29 #
rgb_color-st-attrib $-1 -1 $1016 $-1 $359 0 0 0 #
face $1017 -1 $-1 $1018 $1019 $49 $-1 $1020 forward single #
loop $-1 -1 $-1 $-1 $1021 $359 #
plane-surface $-1 -1 $-1 -39.69595963583318365 9.885206811666659377 22.65651018933803229 -1 0 0 0 -12 1.93207976860903611e-14 forward_v I I I I #
coedge $-1 -1 $-1 $1022 $1023 $363 $619 reversed $360 $-1 #
coedge $-1 -1 $-1 $1024 $362 $1025 $1026 forward $215 $-1 #
coedge $-1 -1 $-1 $362 $1024 $1022 $1027 forward $215 $-1 #
coedge $-1 -1 $-1 $364 $363 $1021 $1028 forward $125 $-1 #
edge $1029 -1 $-1 $624 0 $1030 0.9955393257639005844 $363 $1031 forward @7 unknown #
coedge $-1 -1 $-1 $1032 $1025 $364 $621 reversed $1019 $-1 #
edge $1033 -1 $-1 $1034 0 $623 0.9955393257639005844 $364 $1035 forward @7 unknown #
DXID-attrib $-1 -1 $-1 $-1 $365 @10 Revit:Edge @6 Edge:1 #
vertex $-1 -1 $-1 $365 $1036 #
vertex $-1 -1 $-1 $365 $1037 #
straight-curve $-1 -1 $-1 -27.74948772666637709 9.885206811666661153 24.67637205906251197 0 -1.583000480798520939e-14 -12 F 0 F 0.1683218224770397786 #
DXID-attrib $-1 -1 $-1 $366 $128 @10 Revit:Face @7 Face:10 #
DXID-attrib $-1 -1 $-1 $367 $220 @10 Revit:Face @6 Face:1 #
coedge $-1 -1 $-1 $628 $628 $629 $1038 forward $368 $-1 #
coedge $-1 -1 $-1 $629 $629 $628 $1038 reversed $370 $-1 #
DXID-attrib $-1 -1 $1039 $-1 $372 @10 Revit:Edge @7 Edge:14 #
vertex $-1 -1 $-1 $372 $1040 #
ellipse-curve $-1 -1 $-1 21.92057813242646702 -10.7714425047906488 1.667068820171276888 0 -1 6.123031769111886291e-17 1.662310562500011635 0 0 1 I I #
edge $1041 -1 $-1 $1042 1.893201523046454796e-15 $1042 6.283185307179588008 $375 $1043 forward @7 unknown #
DXID-attrib $-1 -1 $-1 $377 $230 @10 Revit:Edge @6 Edge:3 #
point $-1 -1 $-1 -3.79005148583310536 -10.7714425047906488 1.667068820171362153 #
DXID-attrib $-1 -1 $-1 $-1 $381 @10 Revit:Face @7 Face:52 #
face $1044 -1 $-1 $1045 $1046 $35 $-1 $1047 reversed single #
loop $-1 -1 $-1 $-1 $1048 $381 #
plane-surface $-1 -1 $-1 -13.46555118110241445 8.732671488333414445 6.188553550171359774 -8.850098227348466429e-16 -0.5422723017881473373 0.8402028033239264948 12 -1.958447414296882373e-14 0 forward_v I I I I #
coedge $-1 -1 $-1 $1049 $1050 $388 $652 reversed $382 $-1 #
coedge $-1 -1 $-1 $385 $384 $1051 $1052 forward $139 $-1 #
coedge $-1 -1 $-1 $1053 $1054 $384 $643 reversed $1055 $-1 #
edge $1056 -1 $-1 $650 1.398706172756090777e-15 $1057 3.333441812543803895 $384 $1058 forward @7 unknown #
coedge $-1 -1 $-1 $1059 $1060 $385 $645 reversed $1046 $-1 #
edge $1061 -1 $-1 $1062 -1.903653743555081287e-31 $649 3.330915366650775145 $385 $1063 forward @7 unknown #
coedge $-1 -1 $-1 $1064 $386 $1060 $1065 forward $382 $-1 #
coedge $-1 -1 $-1 $386 $1066 $1053 $1067 forward $382 $-1 #
DXID-attrib $-1 -1 $-1 $-1 $387 @10 Revit:Edge @8 Edge:156 #
vertex $-1 -1 $-1 $387 $1068 #
vertex $-1 -1 $-1 $387 $1069 #
ellipse-curve $-1 -1 $-1 -15.2018194635030266 -0.0869089400000883916 0.6788297724987435444 0 0 -1 42.80640947119901796 0 0 1 F -0.2231140910273076705 F 0.2198903384482035761 #
edge $1070 -1 $-1 $657 6.074787717973499923 $662 6.491525588345946396 $388 $1071 forward @7 unknown #
coedge $-1 -1 $-1 $1072 $389 $394 $667 reversed $655 $-1 #
coedge $-1 -1 $-1 $389 $1072 $1049 $1073 reversed $655 $-1 #
loop $-1 -1 $-1 $-1 $1072 $1074 #
DXID-attrib $-1 -1 $-1 $-1 $390 @10 Revit:Edge @8 Edge:131 #
vertex $-1 -1 $-1 $390 $1075 #
straight-curve $-1 -1 $-1 -13.42743123000025918 -8.943230826250056609 6.210717691004677299 12 -1.913402103363777513e-14 0 F 5.57559861029047197e-31 F 3.342154067144922802 #
coedge $-1 -1 $-1 $1048 $391 $1050 $1076 reversed $638 $-1 #
coedge $-1 -1 $-1 $391 $1048 $393 $665 reversed $638 $-1 #
DXID-attrib $-1 -1 $-1 $-1 $392 @10 Revit:Edge @8 Edge:130 #
vertex $-1 -1 $-1 $652 $1077 #
straight-curve $-1 -1 $-1 26.67892504541321941 8.767012857420452221 6.210717691004677299 -12 1.953239932333978163e-14 0 F -1.398706172756115626e-15 F 3.342196356284456549 #
coedge $-1 -1 $-1 $1078 $393 $1079 $1080 forward $233 $-1 #
edge $1081 -1 $-1 $396 9.793307061468018092e-17 $1082 0.003406059520317352048 $393 $1083 forward @7 unknown #
coedge $-1 -1 $-1 $394 $1084 $1085 $1086 forward $233 $-1 #
edge $1087 -1 $-1 $1088 -1.616380392685436967e-16 $397 0.003329747760471584665 $394 $1089 forward @7 unknown #
point $-1 -1 $-1 -13.42743123000025918 8.767012857420517946 6.210717691004678187 #
point $-1 -1 $-1 -13.42743123000025918 -8.943230826250061938 6.210717691004678187 #
DXID-attrib $-1 -1 $-1 $399 $143 @10 Revit:Face @7 Face:10 #
DXID-attrib $-1 -1 $-1 $400 $242 @10 Revit:Face @6 Face:1 #
coedge $-1 -1 $-1 $672 $672 $673 $1090 forward $401 $-1 #
coedge $-1 -1 $-1 $673 $673 $672 $1090 reversed $403 $-1 #
DXID-attrib $-1 -1 $1091 $-1 $405 @10 Revit:Edge @7 Edge:11 #
vertex $-1 -1 $-1 $405 $1092 #
ellipse-curve $-1 -1 $-1 21.92057813242646702 10.7714425047906488 1.667068820171276888 0 1 6.123031769111886291e-17 1.662310562500011635 0 0 1 I I #
edge $1093 -1 $-1 $1094 3.141592653589795781 $1094 9.424777960769382901 $408 $1095 forward @7 unknown #
DXID-attrib $-1 -1 $-1 $410 $252 @10 Revit:Edge @6 Edge:6 #
point $-1 -1 $-1 -7.11467261083312863 10.7714425047906488 1.667068820171360377 #
DXID-attrib $-1 -1 $-1 $-1 $414 @10 Revit:Face @6 Face:9 #
face $1096 -1 $-1 $-1 $691 $38 $-1 $1097 forward single #
loop $-1 -1 $-1 $-1 $696 $414 #
plane-surface $-1 -1 $-1 -4.920318811666588132 -7.7914857333329266 9.726211911005050226 0 0 1 12 -1.897525047654554492e-14 0 forward_v I I I I #
coedge $-1 -1 $-1 $418 $417 $1098 $1099 forward $154 $-1 #
coedge $-1 -1 $-1 $1100 $1101 $417 $686 reversed $682 $-1 #
edge $1102 -1 $-1 $694 5.827942386483761286e-17 $1103 1.078304408125007052 $417 $1104 forward @7 unknown #
coedge $-1 -1 $-1 $427 $426 $418 $688 reversed $255 $-1 #
edge $1105 -1 $-1 $1106 -1.165588477296752257e-16 $693 1.07830440812500683 $418 $1107 forward @7 unknown #
coedge $-1 -1 $-1 $424 $419 $426 $706 reversed $691 $-1 #
coedge $-1 -1 $-1 $419 $424 $1100 $1108 reversed $691 $-1 #
loop $-1 -1 $-1 $-1 $424 $681 #
DXID-attrib $-1 -1 $-1 $-1 $420 @10 Revit:Edge @7 Edge:15 #
vertex $-1 -1 $-1 $420 $1109 #
vertex $-1 -1 $-1 $420 $1110 #
straight-curve $-1 -1 $-1 9.402685607388484357 5.148167164167134047 6.18855355017140063 0 0 12 F 0 F 0.294804863402804207 #
coedge $-1 -1 $-1 $1101 $1100 $421 $697 reversed $682 $-1 #
edge $1111 -1 $-1 $701 0 $704 1.078304408125007052 $421 $1112 forward @7 unknown #
coedge $-1 -1 $-1 $1098 $422 $427 $707 reversed $415 $-1 #
coedge $-1 -1 $-1 $422 $1098 $1101 $1113 forward $415 $-1 #
DXID-attrib $-1 -1 $-1 $-1 $423 @10 Revit:Edge @6 Edge:6 #
vertex $-1 -1 $-1 $423 $1114 #
straight-curve $-1 -1 $-1 -4.920318811666588132 -7.7914857333329266 6.188553550171359774 0 0 12 F 0 F 0.2948048634028076487 #
DXID-attrib $-1 -1 $-1 $-1 $425 @10 Revit:Edge @7 Edge:14 #
vertex $-1 -1 $-1 $697 $1115 #
straight-curve $-1 -1 $-1 -4.920318811666567704 5.148167164167157139 9.726211911005050226 0 0 -12 F 0 F 0.294804863402804207 #
edge $1116 -1 $-1 $429 0 $693 1.193583701587921153 $426 $1117 forward @7 unknown #
edge $1118 -1 $-1 $1106 -1.193583701587920931 $430 1.843111109106766382e-31 $427 $1119 forward @7 unknown #
point $-1 -1 $-1 -4.920318811666567704 5.148167164167157139 6.18855355017140063 #
point $-1 -1 $-1 -4.920318811666588132 -7.791485733332924823 6.188553550171359774 #
DXID-attrib $-1 -1 $-1 $433 $264 @10 Revit:Face @7 Face:85 #
rgb_color-st-attrib $-1 -1 $1120 $-1 $434 0 0 0 #
face $1121 -1 $-1 $1122 $1123 $39 $-1 $1124 reversed single #
loop $-1 -1 $-1 $-1 $1125 $434 #
plane-surface $-1 -1 $-1 -5.833444059166946083 5.816307589166749281 15.65039034600498269 2.641448271881085148e-16 0.1643989873053536555 -0.9863939238321444147 12 -1.928076308870352365e-14 0 forward_v I I I I #
coedge $-1 -1 $-1 $1126 $1127 $1128 $1129 forward $435 $-1 #
coedge $-1 -1 $-1 $1130 $437 $1131 $1132 forward $265 $-1 #
coedge $-1 -1 $-1 $437 $1133 $1134 $1135 forward $265 $-1 #
coedge $-1 -1 $-1 $1136 $1137 $437 $719 reversed $1138 $-1 #
edge $1139 -1 $-1 $1140 1.067356950427921447 $1141 1.593017372283319188 $437 $1142 forward @7 unknown #
coedge $-1 -1 $-1 $439 $438 $1143 $1144 forward $160 $-1 #
coedge $-1 -1 $-1 $1145 $1146 $438 $722 reversed $1147 $-1 #
edge $1148 -1 $-1 $730 0 $1149 1.230412698205106237 $438 $1150 forward @7 unknown #
coedge $-1 -1 $-1 $1151 $1152 $439 $724 reversed $1153 $-1 #
edge $1154 -1 $-1 $1155 -3.496765431890256525e-16 $729 1.230184067362270595 $439 $1156 forward @7 unknown #
coedge $-1 -1 $-1 $1157 $440 $1152 $1158 forward $727 $-1 #
coedge $-1 -1 $-1 $440 $1159 $1145 $1160 forward $727 $-1 #
loop $-1 -1 $-1 $-1 $440 $1161 #
DXID-attrib $-1 -1 $-1 $-1 $441 @10 Revit:Edge @8 Edge:263 #
vertex $-1 -1 $-1 $441 $1162 #
vertex $-1 -1 $-1 $441 $1163 #
ellipse-curve $-1 -1 $-1 -5.833444059166946083 5.733096924689293772 14.60582907526679897 -1 0 0 0 -0.3288091473610770255 0 1 F 3.012762579187075129 F 3.198583444310326929 #
coedge $-1 -1 $-1 $1164 $1165 $442 $733 reversed $1166 $-1 #
edge $1167 -1 $-1 $738 5.992043310208665652 $744 6.707157229871381965 $442 $1168 forward @7 unknown #
coedge $-1 -1 $-1 $1169 $443 $448 $749 reversed $736 $-1 #
coedge $-1 -1 $-1 $443 $1169 $1164 $1170 reversed $736 $-1 #
loop $-1 -1 $-1 $-1 $1169 $1171 #
DXID-attrib $-1 -1 $-1 $-1 $444 @10 Revit:Edge @8 Edge:436 #
vertex $-1 -1 $-1 $444 $1172 #
straight-curve $-1 -1 $-1 -5.833444059166945195 6.066436581167881315 13.26524075068716435 -1.947220707342787503e-14 -12 0 F 0 F 1.23154079254980986 #
coedge $-1 -1 $-1 $1173 $445 $1165 $1174 reversed $742 $-1 #
coedge $-1 -1 $-1 $445 $1175 $447 $747 reversed $742 $-1 #
loop $-1 -1 $-1 $-1 $1176 $1177 #
DXID-attrib $-1 -1 $-1 $-1 $446 @10 Revit:Edge @8 Edge:437 #
vertex $-1 -1 $-1 $733 $1178 #
straight-curve $-1 -1 $-1 -5.833444059166969176 -8.695491163478989094 13.51424198548865263 1.950503344595390078e-14 12 0 F -1.165588477296752257e-16 F 1.229468147201661088 #
coedge $-1 -1 $-1 $1179 $447 $1180 $1181 reversed $449 $-1 #
edge $1182 -1 $-1 $451 1.85054496178241723 $1183 2.293342849095205249 $447 $1184 forward @7 unknown #
coedge $-1 -1 $-1 $448 $1185 $1186 $1187 forward $449 $-1 #
edge $1188 -1 $-1 $1189 0.6802790443686114186 $452 1.206167479120277664 $448 $1190 forward @7 unknown #
face $1191 -1 $-1 $1192 $449 $39 $-1 $1193 forward single #
point $-1 -1 $-1 -5.833444059166945195 6.058126602940943961 13.51424198548864908 #
point $-1 -1 $-1 -5.833444059166945195 6.066436581167881315 13.26524075068716968 #
lump $-1 -1 $-1 $-1 $1194 $5 #
shell $-1 -1 $-1 $-1 $-1 $1195 $-1 $454 #
face $1196 -1 $-1 $1197 $1198 $455 $-1 $1199 forward single #
DXID-attrib $-1 -1 $-1 $-1 $456 @10 Revit:Face @6 Face:0 #
face $1200 -1 $-1 $1201 $1202 $273 $-1 $1203 forward single #
loop $-1 -1 $-1 $-1 $1204 $456 #
plane-surface $-1 -1 $-1 -40.49956604000010429 10.97373132500001702 22.4570329218379392 0 0 1 -12 0 0 forward_v I I I I #
DXID-attrib $-1 -1 $-1 $-1 $458 @10 Revit:Face @7 Face:58 #
face $1205 -1 $-1 $1206 $1207 $164 $-1 $1208 forward single #
loop $-1 -1 $-1 $-1 $1209 $458 #
plane-surface $-1 -1 $-1 17.55560587999990929 10.62609556499990049 22.4570329218379392 0 -1 0 0 0 -12 forward_v I I I I #
coedge $-1 -1 $-1 $1210 $1211 $1209 $1212 forward $459 $-1 #
DXID-attrib $-1 -1 $-1 $-1 $462 @10 Revit:Face @7 Face:45 #
face $1213 -1 $-1 $1214 $1215 $94 $-1 $1216 forward single #
loop $-1 -1 $-1 $-1 $1217 $462 #
plane-surface $-1 -1 $-1 -5.344899810000128149 10.97373132500001702 22.4570329218379392 -1 -0 -0 0 0 -12 forward_v I I I I #
coedge $-1 -1 $-1 $1218 $1219 $465 $772 reversed $463 $-1 #
coedge $-1 -1 $-1 $1220 $465 $1217 $1221 forward $277 $-1 #
coedge $-1 -1 $-1 $465 $1220 $1222 $1223 forward $277 $-1 #
edge $1224 -1 $-1 $1225 0 $1226 1.796118093333328503 $465 $1227 forward @7 unknown #
DXID-attrib $-1 -1 $-1 $-1 $467 @10 Revit:Face @7 Face:33 #
face $1228 -1 $-1 $1229 $1230 $58 $-1 $1231 forward single #
loop $-1 -1 $-1 $-1 $1232 $467 #
plane-surface $-1 -1 $-1 -6.735442849999916604 10.97373132500001702 22.4570329218379392 0 1 0 0 0 -12 forward_v I I I I #
coedge $-1 -1 $-1 $1233 $1234 $471 $781 reversed $468 $-1 #
coedge $-1 -1 $-1 $1235 $470 $1236 $1237 forward $281 $-1 #
coedge $-1 -1 $-1 $470 $1235 $1233 $1238 forward $281 $-1 #
coedge $-1 -1 $-1 $472 $471 $1232 $1239 forward $168 $-1 #
edge $1240 -1 $-1 $786 0 $1241 0.02896964666667638244 $471 $1242 forward @7 unknown #
coedge $-1 -1 $-1 $1243 $1236 $472 $783 reversed $1230 $-1 #
edge $1244 -1 $-1 $1245 0 $785 0.02896964666667638244 $472 $1246 forward @7 unknown #
DXID-attrib $-1 -1 $-1 $-1 $473 @10 Revit:Edge @7 Edge:27 #
vertex $-1 -1 $-1 $473 $1247 #
vertex $-1 -1 $-1 $473 $1248 #
straight-curve $-1 -1 $-1 -27.50667951000003342 10.62609556499990049 22.4570329218379392 12 0 0 F 0 F 1.73093638833334329 #
DXID-attrib $-1 -1 $-1 $-1 $475 @10 Revit:Face @7 Face:13 #
face $1249 -1 $-1 $1250 $1251 $41 $-1 $1252 forward single #
loop $-1 -1 $-1 $-1 $1253 $475 #
plane-surface $-1 -1 $-1 -40.10847580999996609 7.975372894999964046 22.4570329218379392 1 0 0 0 0 -12 forward_v I I I I #
coedge $-1 -1 $-1 $1254 $1255 $481 $800 reversed $476 $-1 #
coedge $-1 -1 $-1 $1256 $478 $480 $798 reversed $286 $-1 #
coedge $-1 -1 $-1 $478 $1256 $1254 $1257 forward $286 $-1 #
coedge $-1 -1 $-1 $480 $479 $1258 $1259 reversed $172 $-1 #
coedge $-1 -1 $-1 $484 $1260 $479 $797 reversed $807 $-1 #
edge $1261 -1 $-1 $487 0 $1262 0.09419759854167344959 $479 $1263 forward @7 unknown #
edge $1264 -1 $-1 $1265 -0.09419759854167344959 $488 0 $480 $1266 forward @7 unknown #
coedge $-1 -1 $-1 $483 $481 $1253 $1267 forward $98 $-1 #
edge $1268 -1 $-1 $802 4.662353909187009029e-16 $1269 0.03259085250001184791 $481 $1270 forward @7 unknown #
DXID-attrib $-1 -1 $-1 $-1 $482 @10 Revit:Edge @6 Edge:6 #
vertex $-1 -1 $-1 $482 $1271 #
straight-curve $-1 -1 $-1 -40.49956604000010429 10.97373132500001702 22.4570329218379392 0 -12 0 F 0 F 0.249863202500004461 #
coedge $-1 -1 $-1 $1272 $1273 $483 $805 reversed $1251 $-1 #
edge $1274 -1 $-1 $1275 0 $809 1.006695221666651818 $483 $1276 forward @7 unknown #
coedge $-1 -1 $-1 $1260 $484 $1273 $1277 reversed $807 $-1 #
loop $-1 -1 $-1 $-1 $484 $1250 #
DXID-attrib $-1 -1 $-1 $-1 $485 @10 Revit:Edge @7 Edge:22 #
vertex $-1 -1 $-1 $805 $1278 #
straight-curve $-1 -1 $-1 -28.02813315000014427 10.5826410949999854 22.4570329218379392 0 12 0 F 0 F 0.03259085250000264 #
point $-1 -1 $-1 -28.02813315000014427 10.97373132500001702 22.4570329218379392 #
point $-1 -1 $-1 -40.49956604000009719 10.97373132500001702 22.4570329218379392 #
lump $-1 -1 $-1 $1279 $1280 $6 #
shell $-1 -1 $-1 $-1 $-1 $1281 $-1 $490 #
face $1282 -1 $-1 $1283 $1284 $491 $-1 $1285 forward single #
DXID-attrib $-1 -1 $-1 $-1 $492 @10 Revit:Face @6 Face:0 #
face $1286 -1 $-1 $1287 $1288 $293 $-1 $1289 forward single #
loop $-1 -1 $-1 $-1 $1290 $492 #
plane-surface $-1 -1 $-1 -35.89339222000001683 10.5826410949999854 22.10596108082838285 0 0 1 0 -12 0 forward_v I I I I #
DXID-attrib $-1 -1 $-1 $-1 $494 @10 Revit:Face @7 Face:50 #
face $1291 -1 $-1 $1292 $1293 $176 $-1 $1294 forward single #
loop $-1 -1 $-1 $-1 $1295 $494 #
plane-surface $-1 -1 $-1 -8.821257410000381327 10.62609556499990049 22.10596108082838285 -1 0 0 0 0 -12 forward_v I I I I #
coedge $-1 -1 $-1 $1296 $1297 $1295 $1298 forward $495 $-1 #
DXID-attrib $-1 -1 $-1 $-1 $498 @10 Revit:Face @7 Face:37 #
face $1299 -1 $-1 $1300 $1301 $101 $-1 $1302 forward single #
loop $-1 -1 $-1 $-1 $1303 $498 #
plane-surface $-1 -1 $-1 -25.20359260000020285 10.62609556499990049 22.10596108082838285 -1 -0 -0 0 0 -12 forward_v I I I I #
coedge $-1 -1 $-1 $1304 $1305 $501 $832 reversed $499 $-1 #
coedge $-1 -1 $-1 $1306 $501 $1303 $1307 forward $297 $-1 #
coedge $-1 -1 $-1 $501 $1306 $1308 $1309 forward $297 $-1 #
edge $1310 -1 $-1 $1311 0 $1312 0.05069688166668113311 $501 $1313 forward @7 unknown #
DXID-attrib $-1 -1 $-1 $-1 $503 @10 Revit:Face @7 Face:25 #
face $1314 -1 $-1 $1315 $1316 $61 $-1 $1317 forward single #
loop $-1 -1 $-1 $-1 $1318 $503 #
plane-surface $-1 -1 $-1 -31.37412733999974535 9.929346395000026249 22.10596108082838285 1 0 0 0 0 -12 forward_v I I I I #
coedge $-1 -1 $-1 $1319 $1320 $507 $841 reversed $504 $-1 #
coedge $-1 -1 $-1 $1321 $506 $1322 $1323 forward $301 $-1 #
coedge $-1 -1 $-1 $506 $1321 $1319 $1324 forward $301 $-1 #
coedge $-1 -1 $-1 $508 $507 $1318 $1325 forward $180 $-1 #
edge $1326 -1 $-1 $846 0 $1327 0.05431808750000762659 $507 $1328 forward @7 unknown #
coedge $-1 -1 $-1 $1329 $1322 $508 $843 reversed $1316 $-1 #
edge $1330 -1 $-1 $1331 0 $845 0.05431808750000762659 $508 $1332 forward @7 unknown #
DXID-attrib $-1 -1 $-1 $-1 $509 @10 Revit:Edge @7 Edge:19 #
vertex $-1 -1 $-1 $509 $1333 #
vertex $-1 -1 $-1 $509 $1334 #
straight-curve $-1 -1 $-1 -32.02594438999983595 10.58264109499997474 22.10596108082838285 0 -12 0 F 0 F 0.05444122499999565212 #
DXID-attrib $-1 -1 $-1 $-1 $511 @10 Revit:Face @7 Face:13 #
face $1335 -1 $-1 $-1 $1336 $43 $-1 $1337 forward single #
loop $-1 -1 $-1 $-1 $519 $511 #
plane-surface $-1 -1 $-1 -35.24157516999992623 10.5826410949999854 22.10596108082838285 0 1 0 0 0 -12 forward_v I I I I #
coedge $-1 -1 $-1 $1338 $1339 $517 $859 reversed $512 $-1 #
coedge $-1 -1 $-1 $1340 $514 $516 $858 reversed $306 $-1 #
coedge $-1 -1 $-1 $514 $1340 $1338 $1341 forward $306 $-1 #
coedge $-1 -1 $-1 $516 $515 $1342 $1343 reversed $184 $-1 #
coedge $-1 -1 $-1 $519 $1344 $515 $857 reversed $850 $-1 #
edge $1345 -1 $-1 $522 -2.331176954593504514e-16 $1346 0.04361902086167396969 $515 $1347 forward @7 unknown #
edge $1348 -1 $-1 $1349 -0.04361902086167396969 $523 2.331176954593504514e-16 $516 $1350 forward @7 unknown #
edge $1351 -1 $-1 $861 0 $865 0.05444122499999553416 $517 $1352 forward @7 unknown #
DXID-attrib $-1 -1 $-1 $-1 $518 @10 Revit:Edge @6 Edge:6 #
vertex $-1 -1 $-1 $518 $1353 #
straight-curve $-1 -1 $-1 -35.89339222000001683 9.929346395000038683 22.10596108082838285 12 0 0 F 0 F 0.05431808750000762659 #
coedge $-1 -1 $-1 $1344 $519 $1339 $1354 reversed $850 $-1 #
DXID-attrib $-1 -1 $-1 $-1 $520 @10 Revit:Edge @7 Edge:14 #
vertex $-1 -1 $-1 $859 $1355 #
straight-curve $-1 -1 $-1 -35.24157516999992623 10.5826410949999854 22.10596108082838285 -12 0 0 F 0 F 0.05431808750000762659 #
point $-1 -1 $-1 -35.89339222000001683 10.5826410949999854 22.1059610808283864 #
point $-1 -1 $-1 -35.89339222000001683 9.929346395000038683 22.1059610808283864 #
DXID-attrib $-1 -1 $-1 $-1 $526 @10 Revit:Face @8 Face:109 #
face $1356 -1 $-1 $1357 $1358 $107 $-1 $1359 forward single #
loop $-1 -1 $-1 $-1 $1360 $526 #
cone-surface $-1 -1 $-1 14.16520264151755271 -9.929535093333381468 20.46978769089431793 0 1 0 0.3588184629282586968 0 0 1 I I 0 1 0.3588184629282586968 forward I I I I #
coedge $-1 -1 $-1 $1361 $1362 $529 $876 reversed $527 $-1 #
coedge $-1 -1 $-1 $1363 $529 $1360 $1364 forward $314 $-1 #
coedge $-1 -1 $-1 $529 $1365 $1366 $1367 forward $314 $-1 #
edge $1368 -1 $-1 $1369 0 $1370 0.009235058680551086821 $529 $1371 forward @7 unknown #
DXID-attrib $-1 -1 $-1 $-1 $531 @10 Revit:Face @7 Face:49 #
face $1372 -1 $-1 $1373 $1374 $64 $-1 $1375 forward single #
loop $-1 -1 $-1 $-1 $1376 $531 #
plane-surface $-1 -1 $-1 -27.59433874083318727 9.885206811666650495 22.67867433017121925 -3.190506812989673211e-15 1.61006647384086336e-15 1 0 -12 1.932079768609035795e-14 forward_v I I I I #
coedge $-1 -1 $-1 $1377 $1378 $535 $885 reversed $532 $-1 #
coedge $-1 -1 $-1 $1379 $534 $1380 $1381 forward $318 $-1 #
coedge $-1 -1 $-1 $534 $1379 $1377 $1382 forward $318 $-1 #
coedge $-1 -1 $-1 $1383 $535 $1376 $1384 forward $190 $-1 #
edge $1385 -1 $-1 $891 0 $1386 0.1403728919444428569 $535 $1387 forward @7 unknown #
coedge $-1 -1 $-1 $536 $1388 $1389 $1390 forward $190 $-1 #
coedge $-1 -1 $-1 $1391 $1380 $536 $888 reversed $1392 $-1 #
edge $1393 -1 $-1 $1394 0 $890 1.617503589400114627 $536 $1395 forward @7 unknown #
DXID-attrib $-1 -1 $-1 $-1 $537 @10 Revit:Edge @7 Edge:43 #
vertex $-1 -1 $-1 $537 $1396 #
vertex $-1 -1 $-1 $537 $1397 #
ellipse-curve $-1 -1 $-1 -27.06794039604076474 9.885206811666650495 21.10502033100517139 0 1 0 0.5379372136897764278 0 0 1 F 1.895804198662775164 F 2.934096427153787268 #
DXID-attrib $-1 -1 $-1 $-1 $539 @10 Revit:Face @7 Face:13 #
face $1398 -1 $-1 $1399 $1400 $45 $-1 $1401 forward single #
loop $-1 -1 $-1 $-1 $1402 $539 #
plane-surface $-1 -1 $-1 -31.60604823166634247 9.885206811666646942 20.17412641600465761 -0.1051284855891347902 -1.601144527904379561e-15 -0.9944586474649085295 0 -12 1.932079768609035795e-14 forward_v I I I I #
coedge $-1 -1 $-1 $1403 $1404 $546 $907 reversed $540 $-1 #
coedge $-1 -1 $-1 $1405 $542 $544 $904 reversed $323 $-1 #
coedge $-1 -1 $-1 $542 $1405 $1403 $1406 forward $323 $-1 #
coedge $-1 -1 $-1 $544 $543 $1407 $1408 reversed $194 $1409 #
coedge $-1 -1 $-1 $549 $1410 $543 $902 reversed $915 $-1 #
edge $1411 -1 $-1 $552 -1.7202853521248294e-30 $1412 1.654922515555550033 $543 $1413 forward @7 unknown #
pcurve $-1 -1 $-1 0 forward { exppc nubs 1 open 2 
	-1.7202853521248294e-30 1 1.654922515555550033 1 
	0 -1.000000000000000222 
	0 1.531095223045314264e-32 
	4.313504541372600494e-14 
	spline forward { ref 0 } I I I I 
	} 0 0 #
edge $1414 -1 $-1 $1415 -1.654922515555550033 $553 1.165588477296748559e-16 $544 $1416 forward @7 unknown #
pcurve $-1 -1 $-1 0 forward { exppc nubs 1 open 2 
	-1.654922515555550033 1 1.165588477296748559e-16 1 
	1 1.665334536937734811e-16 
	1 -1 
	1.70578608331212896e-14 
	spline forward { ref 0 } I I I I 
	} 0 0 #
coedge $-1 -1 $-1 $1417 $546 $1402 $1418 forward $111 $-1 #
edge $1419 -1 $-1 $909 1.057547633278926892e-30 $1420 0.1957832440277533503 $546 $1421 forward @7 unknown #
DXID-attrib $-1 -1 $-1 $-1 $547 @10 Revit:Edge @6 Edge:6 #
vertex $-1 -1 $-1 $547 $1422 #
straight-curve $-1 -1 $-1 -28.96851547249988101 9.885206811666646942 20.21845469767125891 -11.86046037180796553 0 -1.824686211043641926 F -3.544722037124565484e-17 F 0.02429364643537006152 #
coedge $-1 -1 $-1 $548 $1423 $1424 $1425 forward $111 $-1 #
coedge $-1 -1 $-1 $1426 $1427 $548 $913 reversed $1428 $-1 #
edge $1429 -1 $-1 $1430 0 $917 0.04285411660178223975 $548 $1431 forward @7 unknown #
coedge $-1 -1 $-1 $1410 $549 $1427 $1432 reversed $915 $-1 #
loop $-1 -1 $-1 $-1 $549 $1433 #
DXID-attrib $-1 -1 $-1 $-1 $550 @10 Revit:Edge @7 Edge:38 #
vertex $-1 -1 $-1 $913 $1434 #
ellipse-curve $-1 -1 $-1 -28.94620513020948849 9.885206811666650495 21.58973664049601027 0 1 -1.618667433348004174e-15 0.9346905307261954565 0 0 1 F 5.206330349304071348 F 6.375068733311590741 #
point $-1 -1 $-1 -28.01545741666662082 9.885206811666650495 21.50397486600456176 #
point $-1 -1 $-1 -28.96851547249988101 9.885206811666648719 20.21845469767126247 #
DXID-attrib $-1 -1 $-1 $-1 $556 @10 Revit:Face @6 Face:9 #
face $1435 -1 $-1 $1436 $1437 $46 $-1 $1438 forward single #
loop $-1 -1 $-1 $-1 $939 $556 #
plane-surface $-1 -1 $-1 -13.46555118110240379 7.624464446666614492 16.36189419267144274 0 0 -1 12 -1.898904387611466904e-14 0 forward_v I I I I #
coedge $-1 -1 $-1 $1439 $559 $1440 $1441 forward $199 $-1 #
coedge $-1 -1 $-1 $1442 $1443 $559 $927 reversed $1444 $-1 #
edge $1445 -1 $-1 $936 0 $1446 0.005541035208343077743 $559 $1447 forward @7 unknown #
coedge $-1 -1 $-1 $560 $1448 $1449 $1450 forward $199 $-1 #
coedge $-1 -1 $-1 $570 $569 $560 $930 reversed $331 $-1 #
edge $1451 -1 $-1 $1452 0 $935 0.1883951970833381562 $560 $1453 forward @7 unknown #
coedge $-1 -1 $-1 $567 $561 $569 $952 reversed $933 $-1 #
coedge $-1 -1 $-1 $561 $567 $1442 $1454 reversed $933 $-1 #
loop $-1 -1 $-1 $-1 $567 $1455 #
DXID-attrib $-1 -1 $-1 $-1 $562 @10 Revit:Edge @7 Edge:63 #
vertex $-1 -1 $-1 $562 $1456 #
vertex $-1 -1 $-1 $562 $1457 #
straight-curve $-1 -1 $-1 13.47581422333355228 9.885206811666627402 16.11808864350483006 0 0 12 F 2.331176954593504514e-16 F 0.1551489858333259531 #
coedge $-1 -1 $-1 $1458 $563 $1459 $1460 forward $115 $-1 #
coedge $-1 -1 $-1 $1461 $1462 $563 $940 reversed $923 $-1 #
edge $1463 -1 $-1 $944 -0 $1464 1.27074407444444204 $563 $1465 forward @7 unknown #
coedge $-1 -1 $-1 $1449 $564 $570 $953 reversed $557 $-1 #
coedge $-1 -1 $-1 $564 $1449 $1461 $1466 forward $557 $-1 #
DXID-attrib $-1 -1 $-1 $-1 $565 @10 Revit:Edge @6 Edge:6 #
vertex $-1 -1 $-1 $565 $1467 #
straight-curve $-1 -1 $-1 -13.46555118110240379 7.624464446666613604 16.11808864350483006 0 0 12 F 2.331176954593504514e-16 F 0.0203171290972174283 #
coedge $-1 -1 $-1 $566 $1468 $1469 $1470 forward $115 $-1 #
coedge $-1 -1 $-1 $1443 $1442 $566 $948 reversed $1444 $-1 #
edge $1471 -1 $-1 $1472 1.165588477296752257e-16 $950 0.005541035208343310196 $566 $1473 forward @7 unknown #
DXID-attrib $-1 -1 $-1 $-1 $568 @10 Revit:Edge @7 Edge:62 #
vertex $-1 -1 $-1 $948 $1474 #
straight-curve $-1 -1 $-1 -13.46555118110240024 9.885206811666670035 17.97987647350474205 0 0 -12 F 0 F 0.155148985833325731 #
edge $1475 -1 $-1 $572 0 $935 2.245113783702996191 $569 $1476 forward @7 unknown #
edge $1477 -1 $-1 $1452 -2.245113783702996191 $573 0 $570 $1478 forward @7 unknown #
point $-1 -1 $-1 -13.46555118110240024 9.885206811666670035 16.11808864350483361 #
point $-1 -1 $-1 -13.46555118110240379 7.624464446666613604 16.11808864350483361 #
DXID-attrib $-1 -1 $-1 $-1 $576 @10 Revit:Face @6 Face:9 #
face $1479 -1 $-1 $1480 $1481 $47 $-1 $1482 forward single #
loop $-1 -1 $-1 $-1 $974 $576 #
plane-surface $-1 -1 $-1 16.26849596833327638 9.885206811666703786 22.67867433017128675 1 2.902925921860911835e-30 1.798960616570115847e-15 0 -12 1.936402094713295374e-14 forward_v I I I I #
coedge $-1 -1 $-1 $1483 $579 $1484 $1485 forward $204 $-1 #
coedge $-1 -1 $-1 $1486 $1487 $579 $962 reversed $1488 $-1 #
edge $1489 -1 $-1 $971 -2.194432776203976863e-31 $1490 0.1769108416669510075 $579 $1491 forward @7 unknown #
coedge $-1 -1 $-1 $580 $1492 $1493 $1494 forward $204 $-1 #
coedge $-1 -1 $-1 $590 $589 $580 $965 reversed $340 $-1 #
edge $1495 -1 $-1 $1496 -2.331176954593504514e-16 $970 0.3675553354861072486 $580 $1497 forward @7 unknown #
coedge $-1 -1 $-1 $587 $581 $589 $987 reversed $968 $-1 #
coedge $-1 -1 $-1 $581 $587 $1486 $1498 reversed $968 $-1 #
loop $-1 -1 $-1 $-1 $587 $1499 #
DXID-attrib $-1 -1 $-1 $-1 $582 @10 Revit:Edge @7 Edge:27 #
vertex $-1 -1 $-1 $582 $1500 #
vertex $-1 -1 $-1 $582 $1501 #
straight-curve $-1 -1 $-1 -5.009079231666484944 -9.92953509333335127 18.26801030433796313 12 0 3.907487761839195443e-14 F 0 F 1.568381392203338276 #
coedge $-1 -1 $-1 $981 $583 $1502 $1503 forward $119 $-1 #
coedge $-1 -1 $-1 $1504 $1505 $583 $975 reversed $958 $-1 #
edge $1506 -1 $-1 $979 0 $1507 0.1234293863244095985 $583 $1508 forward @7 unknown #
coedge $-1 -1 $-1 $1493 $584 $590 $988 reversed $577 $-1 #
coedge $-1 -1 $-1 $584 $1493 $1504 $1509 forward $577 $-1 #
DXID-attrib $-1 -1 $-1 $-1 $585 @10 Revit:Edge @6 Edge:6 #
vertex $-1 -1 $-1 $585 $1510 #
straight-curve $-1 -1 $-1 -5.009079231666492049 9.885206811666703786 22.67867433017121925 12 0 3.907094643187190956e-14 F -7.59010749301142581e-31 F 1.773131266666647443 #
coedge $-1 -1 $-1 $586 $973 $1511 $1512 forward $119 $-1 #
coedge $-1 -1 $-1 $1487 $1486 $586 $983 reversed $1488 $-1 #
edge $1513 -1 $-1 $1514 0 $985 0.1769108416669510075 $586 $1515 forward @7 unknown #
DXID-attrib $-1 -1 $-1 $-1 $588 @10 Revit:Edge @7 Edge:26 #
vertex $-1 -1 $-1 $983 $1516 #
straight-curve $-1 -1 $-1 13.81149747477357437 9.885206811666694904 18.26801030433799511 -12 0 -3.907487761839195443e-14 F -0 F 1.568381392203338276 #
edge $1517 -1 $-1 $592 1.165588477296752257e-16 $970 1.651228492083337329 $589 $1518 forward @7 unknown #
edge $1519 -1 $-1 $1496 -1.651228492083337329 $593 3.761746615018519194e-31 $590 $1520 forward @7 unknown #
point $-1 -1 $-1 -5.009079231666484944 9.885206811666693127 18.26801030433793471 #
point $-1 -1 $-1 -5.009079231666492049 9.885206811666703786 22.67867433017121925 #
DXID-attrib $-1 -1 $-1 $596 $348 @10 Revit:Face @7 Face:42 #
rgb_color-st-attrib $-1 -1 $1521 $-1 $597 0 0 0 #
face $1522 -1 $-1 $1523 $1524 $121 $-1 $1525 forward single #
loop $-1 -1 $-1 $-1 $1526 $597 #
plane-surface $-1 -1 $-1 40.36091705416668418 9.885206811666659377 22.74516675267122423 0 -1.610066473840863557e-15 -1 0 -12 1.93207976860903611e-14 forward_v I I I I #
coedge $-1 -1 $-1 $1527 $1528 $600 $999 reversed $598 $-1 #
coedge $-1 -1 $-1 $1529 $600 $1526 $1530 forward $349 $-1 #
coedge $-1 -1 $-1 $600 $1529 $1531 $1532 forward $349 $-1 #
edge $1533 -1 $-1 $1534 0 $1535 0.1608921274476877716 $600 $1536 forward @7 unknown #
DXID-attrib $-1 -1 $-1 $602 $353 @10 Revit:Face @7 Face:37 #
rgb_color-st-attrib $-1 -1 $1537 $-1 $603 0 0 0 #
face $1538 -1 $-1 $1539 $1540 $69 $-1 $1541 forward single #
loop $-1 -1 $-1 $-1 $1542 $603 #
plane-surface $-1 -1 $-1 -27.63866702250000529 9.885206811666659377 22.67867433017121925 -1 -4.29609782547863058e-30 -2.668273574587362258e-15 0 -12 1.93207976860903611e-14 forward_v I I I I #
coedge $-1 -1 $-1 $1543 $1544 $607 $1009 reversed $604 $-1 #
coedge $-1 -1 $-1 $1545 $606 $1546 $1547 forward $354 $-1 #
coedge $-1 -1 $-1 $606 $1545 $1543 $1548 forward $354 $-1 #
coedge $-1 -1 $-1 $608 $607 $1542 $1549 forward $210 $-1 #
edge $1550 -1 $-1 $1014 0 $1551 3.658930249236107102 $607 $1552 forward @7 unknown #
coedge $-1 -1 $-1 $1553 $1546 $608 $1011 reversed $1540 $-1 #
edge $1554 -1 $-1 $1555 0 $1013 3.658930249236107102 $608 $1556 forward @7 unknown #
DXID-attrib $-1 -1 $-1 $-1 $609 @10 Revit:Edge @6 Edge:5 #
vertex $-1 -1 $-1 $609 $1557 #
vertex $-1 -1 $-1 $609 $1558 #
straight-curve $-1 -1 $-1 16.26849596833327638 9.885206811666661153 24.67587228204347838 0 -1.600964144752417197e-14 -12 F 0 F 0.1664331626560216493 #
DXID-attrib $-1 -1 $-1 $611 $359 @10 Revit:Face @7 Face:31 #
rgb_color-st-attrib $-1 -1 $1559 $-1 $612 0 0 0 #
face $1560 -1 $-1 $-1 $1561 $49 $-1 $1562 forward single #
loop $-1 -1 $-1 $-1 $620 $612 #
plane-surface $-1 -1 $-1 -39.69595963583318365 9.885206811666661153 24.67637205906251197 0 1.610066473840863557e-15 1 0 -12 1.93207976860903611e-14 forward_v I I I I #
coedge $-1 -1 $-1 $1563 $1564 $618 $1028 reversed $613 $-1 #
coedge $-1 -1 $-1 $1565 $615 $617 $1027 reversed $360 $-1 #
coedge $-1 -1 $-1 $615 $1565 $1563 $1566 forward $360 $-1 #
coedge $-1 -1 $-1 $617 $616 $1567 $1568 reversed $215 $-1 #
coedge $-1 -1 $-1 $620 $1569 $616 $1026 reversed $1019 $-1 #
edge $1570 -1 $-1 $623 0 $1571 1.654922515555549589 $616 $1572 forward @7 unknown #
edge $1573 -1 $-1 $1574 -1.654922515555549811 $624 -3.7533498591814468e-31 $617 $1575 forward @7 unknown #
edge $1576 -1 $-1 $1030 2.331176954593504514e-16 $1034 0.1683218224770400284 $618 $1577 forward @7 unknown #
DXID-attrib $-1 -1 $-1 $-1 $619 @10 Revit:Edge @6 Edge:2 #
vertex $-1 -1 $-1 $619 $1578 #
straight-curve $-1 -1 $-1 -27.74948772666637709 9.885206811666659377 22.65651018933803229 -12 0 0 F 0 F 0.9955393257639005844 #
coedge $-1 -1 $-1 $1569 $620 $1564 $1579 reversed $1019 $-1 #
DXID-attrib $-1 -1 $-1 $-1 $621 @10 Revit:Edge @6 Edge:4 #
vertex $-1 -1 $-1 $1028 $1580 #
straight-curve $-1 -1 $-1 -39.69595963583318365 9.885206811666661153 24.67637205906251197 12 0 0 F 0 F 0.9955393257639005844 #
point $-1 -1 $-1 -27.74948772666637709 9.885206811666661153 24.67637205906251197 #
point $-1 -1 $-1 -27.74948772666637709 9.885206811666659377 22.65651018933803584 #
edge $1581 -1 $-1 $1582 1.682845798263514695e-15 $1582 6.283185307179588008 $628 $1583 forward @7 unknown #
DXID-attrib $-1 -1 $-1 $630 $372 @10 Revit:Edge @7 Edge:11 #
point $-1 -1 $-1 23.58288869492648132 -10.7714425047906488 1.667068820171274002 #
DXID-attrib $-1 -1 $1584 $-1 $633 @10 Revit:Edge @6 Edge:4 #
vertex $-1 -1 $-1 $633 $1585 #
ellipse-curve $-1 -1 $-1 -5.452362048333116995 -9.423954413505306604 1.667068820171365262 0 1 -6.123031769111886291e-17 1.662310562500011635 0 0 1 I I #
DXID-attrib $-1 -1 $-1 $-1 $637 @10 Revit:Face @7 Face:59 #
face $1586 -1 $-1 $1587 $1588 $35 $-1 $1589 reversed single #
loop $-1 -1 $-1 $-1 $1590 $637 #
plane-surface $-1 -1 $-1 -13.46555118110241089 9.384762270608897339 0.3763213268381119803 -1.632039511914069105e-15 -1 -6.794729412093764053e-30 12 -1.958447414296882689e-14 -6.994455051060296867e-16 forward_v I I I I #
coedge $-1 -1 $-1 $660 $659 $1591 $1592 forward $638 $-1 #
coedge $-1 -1 $-1 $1593 $640 $654 $1073 forward $382 $-1 #
coedge $-1 -1 $-1 $640 $1594 $659 $1076 forward $382 $-1 #
coedge $-1 -1 $-1 $1595 $1596 $641 $1052 reversed $233 $-1 #
edge $1597 -1 $-1 $1057 0 $1062 1.567393057009514035 $641 $1598 forward @7 unknown #
coedge $-1 -1 $-1 $1599 $642 $647 $1067 reversed $1055 $-1 #
coedge $-1 -1 $-1 $642 $1599 $1595 $1600 reversed $1055 $-1 #
loop $-1 -1 $-1 $-1 $1599 $1601 #
DXID-attrib $-1 -1 $-1 $-1 $643 @10 Revit:Edge @8 Edge:135 #
vertex $-1 -1 $-1 $643 $1602 #
straight-curve $-1 -1 $-1 26.57387052052538223 -9.42395441350533325 0.6788297724987435444 -12 1.998336410938447611e-14 0 F 1.398706172756090777e-15 F 3.333441812543803895 #
coedge $-1 -1 $-1 $1590 $644 $1596 $1603 reversed $1046 $-1 #
coedge $-1 -1 $-1 $644 $1590 $646 $1065 reversed $1046 $-1 #
DXID-attrib $-1 -1 $-1 $-1 $645 @10 Revit:Edge @8 Edge:134 #
vertex $-1 -1 $-1 $1052 $1604 #
straight-curve $-1 -1 $-1 -13.42743123000025918 9.384762270608897339 0.6788297724987435444 12 -1.959855074720771993e-14 0 F -1.903653743555081287e-31 F 3.330915366650775145 #
coedge $-1 -1 $-1 $1605 $646 $1606 $1607 forward $382 $-1 #
edge $1608 -1 $-1 $649 0 $1609 0.1414576295282805596 $646 $1610 forward @7 unknown #
coedge $-1 -1 $-1 $647 $1611 $1612 $1613 forward $382 $-1 #
edge $1614 -1 $-1 $1615 8.741913579725641313e-17 $650 0.1414576295282805596 $647 $1616 forward @7 unknown #
point $-1 -1 $-1 26.54355316980904078 9.384762270608746348 0.6788297724987435444 #
point $-1 -1 $-1 26.57387052052536802 -9.423954413505420291 0.6788297724987435444 #
DXID-attrib $-1 -1 $-1 $-1 $652 @10 Revit:Edge @8 Edge:153 #
ellipse-curve $-1 -1 $-1 -15.2018194635030266 -0.0869089400000883916 6.210717691004677299 0 0 1 42.80640947119901796 0 0 1 F 6.074787717973499923 F 6.491525588345946396 #
coedge $-1 -1 $-1 $654 $653 $1617 $1618 forward $655 $-1 #
edge $1619 -1 $-1 $657 6.282516066404134847 $1620 6.283185307179583567 $1049 $1621 forward @7 unknown #
face $1622 -1 $-1 $1623 $655 $35 $-1 $1624 reversed single #
point $-1 -1 $-1 26.67841757573880912 -8.943230826250225363 6.210717691004683516 #
edge $1625 -1 $-1 $1626 6.282487675016942497 $662 6.283185307179585344 $1050 $1627 forward @7 unknown #
point $-1 -1 $-1 26.67892504541323717 8.767012857420356298 6.210717691004675522 #
coedge $-1 -1 $-1 $1628 $664 $1629 $1630 forward $233 $-1 #
coedge $-1 -1 $-1 $1591 $1631 $664 $1080 reversed $1632 $-1 #
edge $1633 -1 $-1 $1082 -9.979991382554649936e-18 $1634 0.2372888979529870768 $664 $1635 forward @7 unknown #
DXID-attrib $-1 -1 $-1 $-1 $665 @10 Revit:Edge @8 Edge:137 #
vertex $-1 -1 $-1 $665 $1636 #
straight-curve $-1 -1 $-1 -13.42743123000025918 8.767012857420519722 6.210717691004678187 0 -10.08243363988715657 -6.507267621457703655 F 9.793307061468018092e-17 F 0.003406059520317352048 #
coedge $-1 -1 $-1 $666 $1637 $1638 $1639 forward $233 $-1 #
coedge $-1 -1 $-1 $1640 $1617 $666 $1086 reversed $1641 $-1 #
edge $1642 -1 $-1 $1643 -8.120083897626552458e-17 $1088 0.2372888979529977349 $666 $1644 forward @7 unknown #
DXID-attrib $-1 -1 $-1 $-1 $667 @10 Revit:Edge @8 Edge:147 #
vertex $-1 -1 $-1 $1086 $1645 #
straight-curve $-1 -1 $-1 -13.42743123000025918 -8.909984614999972408 6.188553550171360662 0 -9.984603532064403097 6.656402354687330103 F -1.616380392685436967e-16 F 0.003329747760471584665 #
edge $1646 -1 $-1 $1647 3.141592653589795781 $1647 9.424777960769382901 $672 $1648 forward @7 unknown #
DXID-attrib $-1 -1 $-1 $674 $405 @10 Revit:Edge @7 Edge:14 #
point $-1 -1 $-1 20.25826756992645983 10.7714425047906488 1.667068820171272225 #
DXID-attrib $-1 -1 $1649 $-1 $677 @10 Revit:Edge @6 Edge:7 #
vertex $-1 -1 $-1 $677 $1650 #
ellipse-curve $-1 -1 $-1 -5.452362048333116995 9.423954413505306604 1.667068820171365262 0 -1 -6.123031769111886291e-17 1.662310562500011635 0 0 1 I I #
DXID-attrib $-1 -1 $-1 $-1 $681 @10 Revit:Face @7 Face:13 #
plane-surface $-1 -1 $-1 -4.920318811666567704 5.148167164167157139 9.726211911005050226 1.581270873045462208e-15 1 7.443751568242853281e-32 12 -1.897525047654554492e-14 0 forward_v I I I I #
coedge $-1 -1 $-1 $699 $698 $684 $1099 reversed $415 $-1 #
edge $1651 -1 $-1 $1103 0 $1106 0.2948048634028076487 $684 $1652 forward @7 unknown #
coedge $-1 -1 $-1 $696 $685 $690 $1108 forward $682 $-1 #
coedge $-1 -1 $-1 $685 $696 $699 $1113 reversed $682 $-1 #
DXID-attrib $-1 -1 $-1 $-1 $686 @10 Revit:Edge @7 Edge:11 #
vertex $-1 -1 $-1 $686 $1653 #
straight-curve $-1 -1 $-1 9.402685607388484357 5.148167164167134047 9.726211911005050226 -1.976833435177038601e-14 -12 0 F 5.827942386483761286e-17 F 1.078304408125007052 #
DXID-attrib $-1 -1 $-1 $-1 $688 @10 Revit:Edge @6 Edge:4 #
vertex $-1 -1 $-1 $1099 $1654 #
straight-curve $-1 -1 $-1 9.40268560738846304 -7.791485733332947028 6.188553550171359774 1.976833435177038601e-14 12 3.830114780655511855e-14 F -1.165588477296752257e-16 F 1.07830440812500683 #
edge $1655 -1 $-1 $694 -1.193583701587921153 $704 0 $1100 $1656 forward @7 unknown #
point $-1 -1 $-1 9.402685607388484357 5.148167164167133159 6.18855355017140063 #
point $-1 -1 $-1 9.402685607388484357 5.148167164167133159 9.726211911005050226 #
DXID-attrib $-1 -1 $-1 $-1 $697 @10 Revit:Edge @7 Edge:10 #
straight-curve $-1 -1 $-1 -4.920318811666588132 -7.7914857333329266 9.726211911005050226 1.915057390327755927e-14 12 0 F 0 F 1.078304408125007052 #
edge $1657 -1 $-1 $1103 -1.193583701587920931 $701 0 $699 $1658 forward @7 unknown #
point $-1 -1 $-1 -4.920318811666588132 -7.7914857333329266 9.726211911005050226 #
point $-1 -1 $-1 -4.920318811666567704 5.148167164167157139 9.726211911005050226 #
DXID-attrib $-1 -1 $-1 $-1 $706 @10 Revit:Edge @7 Edge:17 #
straight-curve $-1 -1 $-1 -4.920318811666567704 5.148167164167157139 6.18855355017140063 12 -1.897525047654554492e-14 0 F 0 F 1.193583701587921153 #
DXID-attrib $-1 -1 $-1 $-1 $707 @10 Revit:Edge @6 Edge:8 #
straight-curve $-1 -1 $-1 -4.920318811666588132 -7.7914857333329266 6.188553550171359774 -12 1.897525047654554492e-14 0 F -1.193583701587920931 F 1.843111109106766382e-31 #
DXID-attrib $-1 -1 $-1 $711 $434 @10 Revit:Face @7 Face:87 #
rgb_color-st-attrib $-1 -1 $1659 $-1 $712 0 0 0 #
face $1660 -1 $-1 $1161 $1661 $39 $-1 $1662 forward single #
loop $-1 -1 $-1 $-1 $1663 $712 #
cone-surface $-1 -1 $-1 10.33555422583333261 4.212770569167029855 15.27177743850488412 1 0 0 0 -0.1113567375001012077 0 1 I I 0 1 0.1113567375001012077 forward I I I I #
coedge $-1 -1 $-1 $1664 $1665 $1666 $1667 forward $713 $-1 #
coedge $-1 -1 $-1 $1668 $715 $1669 $1670 forward $435 $-1 #
coedge $-1 -1 $-1 $715 $1671 $1672 $1673 forward $435 $-1 #
coedge $-1 -1 $-1 $1674 $1675 $715 $1129 reversed $1676 $-1 #
edge $1677 -1 $-1 $1678 -2.632521765167825212 $1679 -2.485465832359270433 $715 $1680 forward @7 unknown #
coedge $-1 -1 $-1 $1681 $716 $1682 $1683 forward $265 $-1 #
coedge $-1 -1 $-1 $1684 $1685 $716 $1132 reversed $1686 $-1 #
edge $1687 -1 $-1 $1141 1.871509734591371359e-31 $1688 1.210044755004473949 $716 $1689 forward @7 unknown #
coedge $-1 -1 $-1 $717 $1690 $1691 $1692 forward $265 $-1 #
coedge $-1 -1 $-1 $1693 $1694 $717 $1135 reversed $1695 $-1 #
edge $1696 -1 $-1 $1697 2.76950092421203256e-17 $1140 0.06307467853234810518 $717 $1698 forward @7 unknown #
coedge $-1 -1 $-1 $1699 $718 $1694 $1700 forward $1138 $-1 #
coedge $-1 -1 $-1 $718 $1699 $1684 $1701 reversed $1138 $-1 #
loop $-1 -1 $-1 $-1 $1136 $1702 #
DXID-attrib $-1 -1 $-1 $-1 $719 @10 Revit:Edge @8 Edge:440 #
vertex $-1 -1 $-1 $719 $1703 #
vertex $-1 -1 $-1 $719 $1704 #
ellipse-curve $-1 -1 $-1 -4.814420781976291863 4.53314673559247705 16.35707537486139529 2.721659914398514316e-16 0.1693912155993317903 0.9855488907597536041 0 1.261824769813121083 -0.2168761323116290551 0.1693912155993317625 F 1.067356950427921447 F 1.593017372283319188 #
coedge $-1 -1 $-1 $1705 $1706 $720 $1144 reversed $1707 $-1 #
edge $1708 -1 $-1 $1149 6.194373824029103304 $1155 6.390119968559428543 $720 $1709 forward @7 unknown #
coedge $-1 -1 $-1 $1710 $721 $726 $1160 reversed $1147 $-1 #
coedge $-1 -1 $-1 $721 $1710 $1705 $1711 reversed $1147 $-1 #
loop $-1 -1 $-1 $-1 $1710 $1712 #
DXID-attrib $-1 -1 $-1 $-1 $722 @10 Revit:Edge @8 Edge:438 #
vertex $-1 -1 $-1 $722 $1713 #
straight-curve $-1 -1 $-1 -5.833444059166945195 6.061372238690123204 14.58710012425570746 -1.94900600155427302e-14 -12 0 F 0 F 1.230412698205106237 #
coedge $-1 -1 $-1 $1714 $723 $1706 $1715 reversed $1153 $-1 #
coedge $-1 -1 $-1 $723 $1714 $725 $1158 reversed $1153 $-1 #
loop $-1 -1 $-1 $-1 $1714 $1716 #
DXID-attrib $-1 -1 $-1 $-1 $724 @10 Revit:Edge @8 Edge:439 #
vertex $-1 -1 $-1 $1144 $1717 #
straight-curve $-1 -1 $-1 -5.833444059166969176 -8.70302761801510627 14.64807250183808662 1.949368226116148138e-14 12 0 F -3.496765431890256525e-16 F 1.230184067362270595 #
coedge $-1 -1 $-1 $1718 $725 $1719 $1720 reversed $727 $-1 #
edge $1721 -1 $-1 $729 1.367521992617634963 $1722 2.11288424011265441 $725 $1723 forward @7 unknown #
coedge $-1 -1 $-1 $726 $1724 $1725 $1726 forward $727 $-1 #
edge $1727 -1 $-1 $1728 0.5761331950554210435 $730 1.213044027598271235 $726 $1729 forward @7 unknown #
face $1730 -1 $-1 $1731 $727 $39 $-1 $1732 forward single #
point $-1 -1 $-1 -5.833444059166945195 6.059181190332141753 14.64807250183807774 #
point $-1 -1 $-1 -5.833444059166945195 6.061372238690123204 14.58710012425571456 #
coedge $-1 -1 $-1 $1733 $732 $735 $1170 forward $1166 $-1 #
coedge $-1 -1 $-1 $732 $1734 $740 $1174 forward $1166 $-1 #
loop $-1 -1 $-1 $-1 $732 $1735 #
DXID-attrib $-1 -1 $-1 $-1 $733 @10 Revit:Edge @8 Edge:270 #
ellipse-curve $-1 -1 $-1 -5.833444059166970064 -8.370540768333926351 13.3675772272548965 -1 0 0 0 -0.3565155124432592415 0 1 F 5.992043310208665652 F 6.707157229871381965 #
coedge $-1 -1 $-1 $735 $734 $1736 $1737 reversed $736 $-1 #
edge $1738 -1 $-1 $738 10.7578148445754298 $1739 11.27543790472799046 $1164 $1740 forward @7 unknown #
face $1741 -1 $-1 $1742 $736 $39 $-1 $1743 forward single #
point $-1 -1 $-1 -5.833444059166969176 -8.712052929429834336 13.26524075068720698 #
coedge $-1 -1 $-1 $1176 $740 $1744 $1745 reversed $742 $-1 #
edge $1746 -1 $-1 $1747 9.657492938431639473 $744 10.11752666677633528 $1165 $1748 forward @7 unknown #
coedge $-1 -1 $-1 $741 $1176 $1749 $1750 reversed $742 $-1 #
coedge $-1 -1 $-1 $1175 $1173 $1751 $1752 forward $742 $-1 #
face $1753 -1 $-1 $1171 $742 $39 $-1 $1754 forward single #
point $-1 -1 $-1 -5.833444059166969176 -8.69549116347899087 13.51424198548860467 #
coedge $-1 -1 $-1 $1755 $746 $1756 $1757 forward $449 $-1 #
coedge $-1 -1 $-1 $1749 $1758 $746 $1181 forward $1759 $-1 #
edge $1760 -1 $-1 $1761 -1.329381911756576162 $1183 -1.748382715945117169e-16 $1180 $1762 forward @7 unknown #
DXID-attrib $-1 -1 $-1 $-1 $747 @10 Revit:Edge @8 Edge:459 #
vertex $-1 -1 $-1 $1750 $1763 #
intcurve-curve $-1 -1 $-1 forward { surfintcur full nubs 3 open 10 
	0.1997815274500043814 3 0.3995630549000087628 2 0.7991261098000175256 2 1.162741588119379443 2 1.344549327279060513 2 
	1.526357066438741583 2 1.714724792419000998 2 1.903092518399260191 2 2.279827970359778799 2 2.723089208452180721 3 
	-5.572889991350930217 5.877556379742935988 13.04088797899183483 
	-5.59598675819700464 5.887061998115122208 13.04575530411554141 
	-5.61798553566171055 5.899672807593971058 13.05274760103056586 
	-5.681544170723380027 5.940769055803951204 13.07983931574115211 
	-5.720398295158700464 5.972087550532954481 13.10634945752108571 
	-5.781469715786650809 6.022262661801117467 13.16786121528195608 
	-5.808484850911299624 6.045434488846613164 13.20590735444882391 
	-5.836433189786506048 6.068971956031034232 13.27118915431421797 
	-5.843727756053111122 6.07501526129087388 13.29430600597524759 
	-5.853457843833053786 6.082595731798845051 13.34165762644530595 
	-5.855889359110594938 6.084128498363152282 13.36589392246049357 
	-5.855889359110594938 6.082598400381273862 13.41444927724532832 
	-5.853283332394069838 6.079353059109715574 13.43934102970426991 
	-5.843077144573538995 6.068136781533961077 13.4876193202393786 
	-5.835481443392384726 6.060169804441417618 13.51100772078141254 
	-5.806710734217880088 6.030699275321685704 13.57663562520061085 
	-5.779279882853402661 6.003344410034453738 13.61426471816499451 
	-5.716405188118288017 5.94218528720464878 13.67660640848337827 
	-5.675962669899857538 5.903316830438712692 13.70268486169687527 
	-5.634430547864141658 5.8675568525656292 13.71968529980165208 
	0.0001747009354121197694 
	
	cone -5.499373846666866683 6.348833320724273754 13.3897413680879076 0 1 0 0.3565155124437288658 0 0 1 I I 0 1 0.3565155124437288658 forward I I I I 
	cone 10.33555422583333261 5.705032133957653961 13.37781879581337385 -1 0 0 0 -0.3785326811621000931 0 1 I I -0 -1 0.3785326811621000931 forward I I I I 
	nullbs 
	nullbs 
	I I 
	0 
	0 
	0 
	} F 1.85054496178241723 F 2.293342849095205249 #
coedge $-1 -1 $-1 $748 $1755 $1764 $1765 forward $449 $-1 #
coedge $-1 -1 $-1 $1766 $1736 $748 $1187 reversed $1767 $-1 #
edge $1768 -1 $-1 $1769 -2.437973909189960153 $1189 -2.351744462119770951 $748 $1770 forward @7 unknown #
DXID-attrib $-1 -1 $-1 $-1 $749 @10 Revit:Edge @8 Edge:458 #
vertex $-1 -1 $-1 $1187 $1771 #
intcurve-curve $-1 -1 $-1 forward { surfintcur full nubs 3 open 10 
	0.1997815274500043814 3 0.3995630549000087628 2 0.7991261098000175256 2 1.162741588119379443 2 1.344549327279060513 2 
	1.526357066438741583 2 1.714724792419000998 2 1.903092518399260191 2 2.279827970359778799 2 2.723089208452180721 3 
	-5.572889991350930217 5.877556379742935988 13.04088797899183483 
	-5.59598675819700464 5.887061998115122208 13.04575530411554141 
	-5.61798553566171055 5.899672807593971058 13.05274760103056586 
	-5.681544170723380027 5.940769055803951204 13.07983931574115211 
	-5.720398295158700464 5.972087550532954481 13.10634945752108571 
	-5.781469715786650809 6.022262661801117467 13.16786121528195608 
	-5.808484850911299624 6.045434488846613164 13.20590735444882391 
	-5.836433189786506048 6.068971956031034232 13.27118915431421797 
	-5.843727756053111122 6.07501526129087388 13.29430600597524759 
	-5.853457843833053786 6.082595731798845051 13.34165762644530595 
	-5.855889359110594938 6.084128498363152282 13.36589392246049357 
	-5.855889359110594938 6.082598400381273862 13.41444927724532832 
	-5.853283332394069838 6.079353059109715574 13.43934102970426991 
	-5.843077144573538995 6.068136781533961077 13.4876193202393786 
	-5.835481443392384726 6.060169804441417618 13.51100772078141254 
	-5.806710734217880088 6.030699275321685704 13.57663562520061085 
	-5.779279882853402661 6.003344410034453738 13.61426471816499451 
	-5.716405188118288017 5.94218528720464878 13.67660640848337827 
	-5.675962669899857538 5.903316830438712692 13.70268486169687527 
	-5.634430547864141658 5.8675568525656292 13.71968529980165208 
	0.0001747009354121197694 
	
	cone -5.499373846666866683 6.348833320724273754 13.3897413680879076 0 1 0 0.3565155124437288658 0 0 1 I I 0 1 0.3565155124437288658 forward I I I I 
	cone 10.33555422583333261 5.705032133957653961 13.37781879581337385 -1 0 0 0 -0.3785326811621000931 0 1 I I -0 -1 0.3785326811621000931 forward I I I I 
	nullbs 
	nullbs 
	I I 
	0 
	0 
	0 
	} F 0.6802790443686114186 F 1.206167479120277664 #
rgb_color-st-attrib $-1 -1 $1772 $-1 $750 0 0 0 #
face $1773 -1 $-1 $1774 $1775 $39 $-1 $1776 forward single #
cone-surface $-1 -1 $-1 10.33555422583333261 5.705032133957653961 13.37781879581337385 -1 0 0 0 -0.3785326811621000931 0 1 I I 0 1 0.3785326811621000931 forward I I I I #
shell $-1 -1 $-1 $-1 $-1 $1777 $-1 $753 #
face $1778 -1 $-1 $1779 $1780 $754 $-1 $1781 forward single #
DXID-attrib $-1 -1 $-1 $-1 $755 @10 Revit:Face @6 Face:0 #
face $1782 -1 $-1 $1783 $1784 $455 $-1 $1785 forward single #
loop $-1 -1 $-1 $-1 $1786 $755 #
plane-surface $-1 -1 $-1 -40.49956604000010429 10.97373132500001702 22.4570329218379392 0 0 1 -12 0 0 forward_v I I I I #
DXID-attrib $-1 -1 $-1 $-1 $757 @10 Revit:Face @7 Face:74 #
face $1787 -1 $-1 $1788 $1789 $273 $-1 $1790 forward single #
loop $-1 -1 $-1 $-1 $1791 $757 #
plane-surface $-1 -1 $-1 40.49956604000011851 -10.62609556500001418 22.4570329218379392 0 1 0 0 0 -12 forward_v I I I I #
coedge $-1 -1 $-1 $1792 $1793 $1791 $1794 forward $758 $-1 #
DXID-attrib $-1 -1 $-1 $-1 $761 @10 Revit:Face @7 Face:61 #
face $1795 -1 $-1 $1796 $1797 $164 $-1 $1798 forward single #
loop $-1 -1 $-1 $-1 $1799 $761 #
plane-surface $-1 -1 $-1 40.49956604000011851 10.62609556499990049 22.4570329218379392 1 0 0 0 0 -12 forward_v I I I I #
coedge $-1 -1 $-1 $1800 $1801 $764 $1212 reversed $762 $-1 #
coedge $-1 -1 $-1 $1802 $764 $1799 $1803 forward $459 $-1 #
coedge $-1 -1 $-1 $764 $1802 $1804 $1805 forward $459 $-1 #
edge $1806 -1 $-1 $1807 0 $1808 1.911996680000017657 $764 $1809 forward @7 unknown #
DXID-attrib $-1 -1 $-1 $-1 $766 @10 Revit:Face @7 Face:49 #
face $1810 -1 $-1 $1811 $1812 $94 $-1 $1813 forward single #
loop $-1 -1 $-1 $-1 $1814 $766 #
plane-surface $-1 -1 $-1 -5.344899810000128149 10.5826410949999854 22.4570329218379392 0 -1 0 0 0 -12 forward_v I I I I #
coedge $-1 -1 $-1 $1815 $1816 $770 $1221 reversed $767 $-1 #
coedge $-1 -1 $-1 $1817 $769 $1818 $1819 forward $463 $-1 #
coedge $-1 -1 $-1 $769 $1817 $1815 $1820 forward $463 $-1 #
coedge $-1 -1 $-1 $771 $770 $1814 $1821 forward $277 $-1 #
edge $1822 -1 $-1 $1226 0 $1823 0.03259085250000264 $770 $1824 forward @7 unknown #
coedge $-1 -1 $-1 $1825 $1818 $771 $1223 reversed $1812 $-1 #
edge $1826 -1 $-1 $1827 0 $1225 0.03259085250000264 $771 $1828 forward @7 unknown #
DXID-attrib $-1 -1 $-1 $-1 $772 @10 Revit:Edge @7 Edge:43 #
vertex $-1 -1 $-1 $772 $1829 #
vertex $-1 -1 $-1 $772 $1830 #
straight-curve $-1 -1 $-1 16.20851730999981299 10.97373132500001702 22.4570329218379392 -12 0 0 F 0 F 1.796118093333328503 #
DXID-attrib $-1 -1 $-1 $-1 $774 @10 Revit:Face @7 Face:37 #
face $1831 -1 $-1 $-1 $1832 $58 $-1 $1833 forward single #
loop $-1 -1 $-1 $-1 $782 $774 #
plane-surface $-1 -1 $-1 -27.50667951000003342 10.97373132500001702 22.4570329218379392 -1 0 0 0 0 -12 forward_v I I I I #
coedge $-1 -1 $-1 $1834 $1835 $780 $1239 reversed $775 $-1 #
coedge $-1 -1 $-1 $1836 $777 $779 $1238 reversed $468 $-1 #
coedge $-1 -1 $-1 $777 $1836 $1834 $1837 forward $468 $-1 #
coedge $-1 -1 $-1 $779 $778 $1838 $1839 reversed $281 $-1 #
coedge $-1 -1 $-1 $782 $1840 $778 $1237 reversed $1230 $-1 #
edge $1841 -1 $-1 $785 0 $1842 0.09419759854167344959 $778 $1843 forward @7 unknown #
edge $1844 -1 $-1 $1845 -0.09419759854167344959 $786 0 $779 $1846 forward @7 unknown #
edge $1847 -1 $-1 $1241 0 $1245 1.73093638833334329 $780 $1848 forward @7 unknown #
DXID-attrib $-1 -1 $-1 $-1 $781 @10 Revit:Edge @7 Edge:30 #
vertex $-1 -1 $-1 $781 $1849 #
straight-curve $-1 -1 $-1 -6.735442849999916604 10.62609556499990049 22.4570329218379392 0 12 0 F 0 F 0.02896964666667638244 #
coedge $-1 -1 $-1 $1840 $782 $1835 $1850 reversed $1230 $-1 #
DXID-attrib $-1 -1 $-1 $-1 $783 @10 Revit:Edge @7 Edge:38 #
vertex $-1 -1 $-1 $1239 $1851 #
straight-curve $-1 -1 $-1 -27.50667951000003342 10.97373132500001702 22.4570329218379392 0 -12 0 F 0 F 0.02896964666667638244 #
point $-1 -1 $-1 -27.50667951000003342 10.62609556499990049 22.4570329218379392 #
point $-1 -1 $-1 -6.735442849999916604 10.62609556499990049 22.4570329218379392 #
DXID-attrib $-1 -1 $-1 $-1 $789 @10 Revit:Face @7 Face:17 #
face $1852 -1 $-1 $1853 $807 $41 $-1 $1854 forward single #
loop $-1 -1 $-1 $-1 $804 $789 #
plane-surface $-1 -1 $-1 -40.10847580999996609 10.5826410949999854 22.4570329218379392 0 -1 0 0 0 -12 forward_v I I I I #
coedge $-1 -1 $-1 $1855 $1856 $799 $1267 reversed $790 $-1 #
coedge $-1 -1 $-1 $1857 $792 $794 $1257 reversed $476 $-1 #
coedge $-1 -1 $-1 $792 $1857 $1855 $1858 forward $476 $-1 #
coedge $-1 -1 $-1 $794 $793 $1859 $1860 reversed $286 $-1 #
edge $1861 -1 $-1 $1862 -0.09419759854167344959 $802 0 $794 $1863 forward @7 unknown #
coedge $-1 -1 $-1 $1864 $1859 $795 $1259 forward $1865 $-1 #
edge $1866 -1 $-1 $1265 4.662353909187009029e-16 $1262 1.039286074166663632 $1258 $1867 forward @7 unknown #
coedge $-1 -1 $-1 $796 $806 $1864 $1868 reversed $807 $-1 #
DXID-attrib $-1 -1 $-1 $-1 $797 @10 Revit:Edge @7 Edge:25 #
vertex $-1 -1 $-1 $1868 $1869 #
straight-curve $-1 -1 $-1 -28.02813315000014427 10.97373132500001702 22.4570329218379392 0 0 -12 F 0 F 0.09419759854167344959 #
DXID-attrib $-1 -1 $-1 $-1 $798 @10 Revit:Edge @6 Edge:8 #
vertex $-1 -1 $-1 $1860 $1870 #
straight-curve $-1 -1 $-1 -40.49956604000010429 10.97373132500001702 22.4570329218379392 0 0 12 F -0.09419759854167344959 F 0 #
edge $1871 -1 $-1 $1269 0 $1275 0.2172723500000018348 $799 $1872 forward @7 unknown #
DXID-attrib $-1 -1 $-1 $-1 $800 @10 Revit:Edge @7 Edge:10 #
vertex $-1 -1 $-1 $800 $1873 #
straight-curve $-1 -1 $-1 -40.49956604000010429 7.975372894999964046 22.4570329218379392 12 0 0 F 4.662353909187009029e-16 F 0.03259085250001184791 #
point $-1 -1 $-1 -40.49956604000009719 7.975372894999964046 22.4570329218379392 #
coedge $-1 -1 $-1 $1874 $804 $1856 $1875 reversed $1251 $-1 #
coedge $-1 -1 $-1 $804 $1874 $806 $1277 forward $1251 $-1 #
DXID-attrib $-1 -1 $-1 $-1 $805 @10 Revit:Edge @7 Edge:18 #
vertex $-1 -1 $-1 $1267 $1876 #
straight-curve $-1 -1 $-1 -40.10847580999996609 10.5826410949999854 22.4570329218379392 12 0 0 F 0 F 1.006695221666651818 #
edge $1877 -1 $-1 $1878 -0.09419759854167344959 $809 0 $1273 $1879 forward @7 unknown #
point $-1 -1 $-1 -28.02813315000014427 10.5826410949999854 22.4570329218379392 #
lump $-1 -1 $-1 $1880 $1881 $6 #
shell $-1 -1 $-1 $-1 $-1 $1882 $-1 $813 #
face $1883 -1 $-1 $1884 $1885 $814 $-1 $1886 forward single #
DXID-attrib $-1 -1 $-1 $-1 $815 @10 Revit:Face @6 Face:0 #
face $1887 -1 $-1 $1888 $1889 $491 $-1 $1890 forward single #
loop $-1 -1 $-1 $-1 $1891 $815 #
plane-surface $-1 -1 $-1 -35.89339222000001683 10.5826410949999854 22.10596108082838285 0 0 1 0 -12 0 forward_v I I I I #
DXID-attrib $-1 -1 $-1 $-1 $817 @10 Revit:Face @7 Face:66 #
face $1892 -1 $-1 $1893 $1894 $293 $-1 $1895 forward single #
loop $-1 -1 $-1 $-1 $1896 $817 #
plane-surface $-1 -1 $-1 -4.086920320017575214 10.5826410949999854 22.10596108082838285 0 1 0 0 0 -12 forward_v I I I I #
coedge $-1 -1 $-1 $1897 $1898 $1896 $1899 forward $818 $-1 #
DXID-attrib $-1 -1 $-1 $-1 $821 @10 Revit:Face @7 Face:53 #
face $1900 -1 $-1 $1901 $1902 $176 $-1 $1903 forward single #
loop $-1 -1 $-1 $-1 $1904 $821 #
plane-surface $-1 -1 $-1 -8.821257410000381327 9.929346395000038683 22.10596108082838285 0 -1 0 0 0 -12 forward_v I I I I #
coedge $-1 -1 $-1 $1905 $1906 $824 $1298 reversed $822 $-1 #
coedge $-1 -1 $-1 $1907 $824 $1904 $1908 forward $495 $-1 #
coedge $-1 -1 $-1 $824 $1907 $1909 $1910 forward $495 $-1 #
edge $1911 -1 $-1 $1912 0 $1913 0.05806243083332179172 $824 $1914 forward @7 unknown #
DXID-attrib $-1 -1 $-1 $-1 $826 @10 Revit:Face @7 Face:41 #
face $1915 -1 $-1 $1916 $1917 $101 $-1 $1918 forward single #
loop $-1 -1 $-1 $-1 $1919 $826 #
plane-surface $-1 -1 $-1 -25.20359260000020285 9.929346395000038683 22.10596108082838285 0 -1 0 0 0 -12 forward_v I I I I #
coedge $-1 -1 $-1 $1920 $1921 $830 $1307 reversed $827 $-1 #
coedge $-1 -1 $-1 $1922 $829 $1923 $1924 forward $499 $-1 #
coedge $-1 -1 $-1 $829 $1922 $1920 $1925 forward $499 $-1 #
coedge $-1 -1 $-1 $831 $830 $1919 $1926 forward $297 $-1 #
edge $1927 -1 $-1 $1312 0 $1928 0.05806243083332179172 $830 $1929 forward @7 unknown #
coedge $-1 -1 $-1 $1930 $1923 $831 $1309 reversed $1917 $-1 #
edge $1931 -1 $-1 $1932 0 $1311 0.05806243083332179172 $831 $1933 forward @7 unknown #
DXID-attrib $-1 -1 $-1 $-1 $832 @10 Revit:Edge @7 Edge:35 #
vertex $-1 -1 $-1 $832 $1934 #
vertex $-1 -1 $-1 $832 $1935 #
straight-curve $-1 -1 $-1 -24.59523002000003089 10.62609556499990049 22.10596108082838285 -12 0 0 F 0 F 0.05069688166668113311 #
DXID-attrib $-1 -1 $-1 $-1 $834 @10 Revit:Face @7 Face:29 #
face $1936 -1 $-1 $-1 $1937 $61 $-1 $1938 forward single #
loop $-1 -1 $-1 $-1 $842 $834 #
plane-surface $-1 -1 $-1 -31.37412733999974535 10.58264109499997474 22.10596108082838285 0 1 0 0 0 -12 forward_v I I I I #
coedge $-1 -1 $-1 $1939 $1940 $840 $1325 reversed $835 $-1 #
coedge $-1 -1 $-1 $1941 $837 $839 $1324 reversed $504 $-1 #
coedge $-1 -1 $-1 $837 $1941 $1939 $1942 forward $504 $-1 #
coedge $-1 -1 $-1 $839 $838 $1943 $1944 reversed $301 $-1 #
coedge $-1 -1 $-1 $842 $1945 $838 $1323 reversed $1316 $-1 #
edge $1946 -1 $-1 $845 -2.331176954593504514e-16 $1947 0.04361902086167396969 $838 $1948 forward @7 unknown #
edge $1949 -1 $-1 $1950 -0.04361902086167396969 $846 2.331176954593504514e-16 $839 $1951 forward @7 unknown #
edge $1952 -1 $-1 $1327 0 $1331 0.05444122499999565212 $840 $1953 forward @7 unknown #
DXID-attrib $-1 -1 $-1 $-1 $841 @10 Revit:Edge @7 Edge:22 #
vertex $-1 -1 $-1 $841 $1954 #
straight-curve $-1 -1 $-1 -32.02594438999983595 9.929346395000026249 22.10596108082838285 12 0 0 F 0 F 0.05431808750000762659 #
coedge $-1 -1 $-1 $1945 $842 $1940 $1955 reversed $1316 $-1 #
DXID-attrib $-1 -1 $-1 $-1 $843 @10 Revit:Edge @7 Edge:30 #
vertex $-1 -1 $-1 $1325 $1956 #
straight-curve $-1 -1 $-1 -31.37412733999974535 10.58264109499997474 22.10596108082838285 -12 0 0 F 0 F 0.05431808750000762659 #
point $-1 -1 $-1 -32.02594438999983595 10.58264109499997474 22.1059610808283864 #
point $-1 -1 $-1 -32.02594438999983595 9.929346395000026249 22.1059610808283864 #
DXID-attrib $-1 -1 $-1 $-1 $849 @10 Revit:Face @6 Face:1 #
loop $-1 -1 $-1 $-1 $1957 $849 #
plane-surface $-1 -1 $-1 -35.89339222000001683 10.5826410949999854 21.58253283048829729 0 0 -1 0 12 0 forward_v I I I I #
coedge $-1 -1 $-1 $1958 $852 $854 $1341 reversed $512 $-1 #
coedge $-1 -1 $-1 $852 $1958 $863 $1354 forward $512 $-1 #
coedge $-1 -1 $-1 $854 $853 $1959 $1960 reversed $306 $-1 #
edge $1961 -1 $-1 $1962 -0.04361902086167396969 $861 2.331176954593504514e-16 $854 $1963 forward @7 unknown #
coedge $-1 -1 $-1 $1957 $1959 $855 $1343 forward $1336 $-1 #
edge $1964 -1 $-1 $1349 0 $1346 0.05444122499999553416 $1342 $1965 forward @7 unknown #
coedge $-1 -1 $-1 $856 $863 $1957 $1966 reversed $850 $-1 #
DXID-attrib $-1 -1 $-1 $-1 $857 @10 Revit:Edge @7 Edge:17 #
vertex $-1 -1 $-1 $1966 $1967 #
straight-curve $-1 -1 $-1 -35.89339222000001683 10.5826410949999854 22.10596108082838285 0 0 -12 F -2.331176954593504514e-16 F 0.04361902086167396969 #
DXID-attrib $-1 -1 $-1 $-1 $858 @10 Revit:Edge @6 Edge:8 #
vertex $-1 -1 $-1 $1960 $1968 #
straight-curve $-1 -1 $-1 -35.89339222000001683 9.929346395000038683 22.10596108082838285 0 0 12 F -0.04361902086167396969 F 2.331176954593504514e-16 #
DXID-attrib $-1 -1 $-1 $-1 $859 @10 Revit:Edge @7 Edge:10 #
straight-curve $-1 -1 $-1 -35.24157516999992623 9.929346395000038683 22.10596108082838285 0 12 0 F 0 F 0.05444122499999553416 #
point $-1 -1 $-1 -35.24157516999992623 9.929346395000038683 22.1059610808283864 #
edge $1969 -1 $-1 $1970 -0.04361902086167396969 $865 2.331176954593504514e-16 $1339 $1971 forward @7 unknown #
point $-1 -1 $-1 -35.24157516999992623 10.5826410949999854 22.1059610808283864 #
DXID-attrib $-1 -1 $-1 $-1 $870 @10 Revit:Face @8 Face:113 #
face $1972 -1 $-1 $1973 $1974 $107 $-1 $1975 reversed single #
loop $-1 -1 $-1 $-1 $1976 $870 #
plane-surface $-1 -1 $-1 14.07424602583374629 9.885206811666648719 20.81688650017133568 -0.1709168644331399978 1.586375076312139414e-15 0.9852854537911049926 0 -12 1.932079768609035795e-14 forward_v I I I I #
coedge $-1 -1 $-1 $1977 $1978 $874 $1364 reversed $871 $-1 #
coedge $-1 -1 $-1 $1979 $873 $1980 $1981 forward $527 $-1 #
coedge $-1 -1 $-1 $873 $1979 $1977 $1982 forward $527 $-1 #
coedge $-1 -1 $-1 $1983 $874 $1976 $1984 forward $314 $-1 #
edge $1985 -1 $-1 $1370 3.244334472795214808 $1986 4.456103378640593249 $874 $1987 forward @7 unknown #
coedge $-1 -1 $-1 $875 $1988 $1989 $1990 forward $314 $-1 #
coedge $-1 -1 $-1 $1991 $1980 $875 $1367 reversed $1992 $-1 #
edge $1993 -1 $-1 $1994 3.918639361597773701e-32 $1369 0.330232778605325461 $875 $1995 forward @7 unknown #
DXID-attrib $-1 -1 $-1 $-1 $876 @10 Revit:Edge @8 Edge:107 #
vertex $-1 -1 $-1 $876 $1996 #
vertex $-1 -1 $-1 $876 $1997 #
straight-curve $-1 -1 $-1 13.80827633583333736 9.885206811666648719 20.39576782433789148 0 0 12 F 0 F 0.009235058680551086821 #
DXID-attrib $-1 -1 $-1 $-1 $878 @10 Revit:Face @7 Face:53 #
face $1998 -1 $-1 $1999 $2000 $64 $-1 $2001 forward single #
loop $-1 -1 $-1 $-1 $2002 $878 #
plane-surface $-1 -1 $-1 -6.715718075833213341 9.885206811666650495 22.6786743301712832 0.9931506043228987002 1.881221754696988427e-16 0.116841247567206083 0 -12 1.932079768609035795e-14 forward_v I I I I #
coedge $-1 -1 $-1 $2003 $2004 $884 $1384 reversed $879 $-1 #
coedge $-1 -1 $-1 $2005 $881 $883 $1382 reversed $532 $-1 #
coedge $-1 -1 $-1 $881 $2005 $2003 $2006 forward $532 $-1 #
coedge $-1 -1 $-1 $883 $882 $2007 $2008 reversed $318 $-1 #
coedge $-1 -1 $-1 $887 $2009 $882 $1381 reversed $1392 $-1 #
edge $2010 -1 $-1 $890 1.165588477296750532e-16 $2011 1.654922515555550033 $882 $2012 forward @7 unknown #
edge $2013 -1 $-1 $2014 -1.654922515555550033 $891 0 $883 $2015 forward @7 unknown #
coedge $-1 -1 $-1 $2016 $884 $2002 $2017 forward $190 $-1 #
edge $2018 -1 $-1 $1386 0 $2019 1.739885055416664716 $884 $2020 forward @7 unknown #
DXID-attrib $-1 -1 $-1 $-1 $885 @10 Revit:Edge @7 Edge:46 #
vertex $-1 -1 $-1 $885 $2021 #
straight-curve $-1 -1 $-1 -27.59433874083318727 9.885206811666648719 20.9941996268379043 0 1.898183632317666623e-14 12 F 0 F 0.1403728919444428569 #
coedge $-1 -1 $-1 $886 $2022 $2023 $2024 forward $190 $-1 #
coedge $-1 -1 $-1 $2025 $2026 $886 $1390 reversed $2027 $-1 #
edge $2028 -1 $-1 $2029 2.110548447398743621e-17 $1394 0.02040091142832967802 $886 $2030 forward @7 unknown #
coedge $-1 -1 $-1 $2009 $887 $2026 $2031 reversed $1392 $-1 #
loop $-1 -1 $-1 $-1 $887 $2032 #
DXID-attrib $-1 -1 $-1 $-1 $888 @10 Revit:Edge @8 Edge:102 #
vertex $-1 -1 $-1 $1390 $2033 #
straight-curve $-1 -1 $-1 -7.934745821666555621 9.885206811666645166 18.57830827600455237 -11.93503791419288618 2.470970027419142538e-15 1.246944259691783019 F 0 F 1.617503589400114627 #
point $-1 -1 $-1 -27.23971248750000385 9.885206811666648719 20.59524509183788865 #
point $-1 -1 $-1 -27.59433874083318727 9.885206811666648719 20.9941996268379043 #
DXID-attrib $-1 -1 $-1 $-1 $894 @10 Revit:Face @7 Face:17 #
face $2034 -1 $-1 $2035 $2036 $45 $-1 $2037 forward single #
loop $-1 -1 $-1 $-1 $2038 $894 #
cone-surface $-1 -1 $-1 -39.14318284174017037 -9.973863374999982767 21.58428085515028272 0 1 0 0.6298685695699060005 0 0 1 I I 0 1 0.6298685695699060005 forward I I I I #
coedge $-1 -1 $-1 $2039 $2040 $906 $1418 reversed $895 $-1 #
coedge $-1 -1 $-1 $2041 $897 $899 $1406 reversed $540 $-1 #
coedge $-1 -1 $-1 $897 $2041 $2039 $2042 forward $540 $-1 #
coedge $-1 -1 $-1 $899 $898 $2043 $2044 reversed $323 $-1 #
edge $2045 -1 $-1 $2046 -1.654922515555550033 $909 1.165588477296756202e-16 $899 $2047 forward @7 unknown #
coedge $-1 -1 $-1 $2048 $2043 $900 $1408 forward $2049 $-1 #
edge $2050 -1 $-1 $1415 -1 $1412 0 $1407 $2051 forward @7 unknown #
pcurve $-1 -1 $-1 0 reversed { exppc nubs 1 open 2 
	-1 1 0 1 
	0.999999999999999889 0 
	-3.330669073875469621e-16 -4.202232469069352809e-17 
	0 
	spline forward { ref 0 } I I I I 
	} 0 0 #
coedge $-1 -1 $-1 $901 $914 $2048 $2052 reversed $915 $-1 #
DXID-attrib $-1 -1 $-1 $-1 $902 @10 Revit:Edge @7 Edge:41 #
vertex $-1 -1 $-1 $2052 $2053 #
straight-curve $-1 -1 $-1 -28.01545741666662792 9.885206811666650495 21.50397486600457597 0 -12 1.7710731212249494e-14 F -1.7202853521248294e-30 F 1.654922515555550033 #
DXID-attrib $-1 -1 $-1 $-1 $904 @10 Revit:Edge @6 Edge:8 #
vertex $-1 -1 $-1 $2044 $2054 #
straight-curve $-1 -1 $-1 -28.96851547249988101 9.885206811666646942 20.21845469767125891 0 12 -1.932079768609035795e-14 F -1.654922515555550033 F 1.165588477296748559e-16 #
coedge $-1 -1 $-1 $2055 $906 $2038 $2056 forward $111 $-1 #
edge $2057 -1 $-1 $1420 2.450731028767065255e-17 $2058 0.6500562987579814322 $906 $2059 forward @7 unknown #
DXID-attrib $-1 -1 $-1 $-1 $907 @10 Revit:Edge @7 Edge:10 #
vertex $-1 -1 $-1 $907 $2060 #
straight-curve $-1 -1 $-1 -29.25664930333330105 9.885206811666646942 20.17412641600466827 -12 0 -5.443847398345623918e-14 F 1.057547633278926892e-30 F 0.1957832440277533503 #
point $-1 -1 $-1 -29.25664930333330105 9.885206811666648719 20.17412641600466827 #
coedge $-1 -1 $-1 $911 $2055 $2061 $2062 forward $111 $-1 #
coedge $-1 -1 $-1 $2063 $2064 $911 $1425 reversed $2065 $-1 #
edge $2066 -1 $-1 $2067 4.662353909187016918e-16 $1430 0.8876210686110906911 $911 $2068 forward @7 unknown #
coedge $-1 -1 $-1 $2069 $912 $2064 $2070 reversed $1428 $-1 #
coedge $-1 -1 $-1 $912 $2069 $914 $1432 forward $1428 $-1 #
loop $-1 -1 $-1 $-1 $912 $2071 #
DXID-attrib $-1 -1 $-1 $-1 $913 @10 Revit:Edge @7 Edge:34 #
vertex $-1 -1 $-1 $1425 $2072 #
straight-curve $-1 -1 $-1 -28.95585024916667294 9.885206811666650495 22.65651018933806782 10.56565319906717981 0 -5.6891978764182074 F 0 F 0.04285411660178223975 #
edge $2073 -1 $-1 $2074 -1.654922515555550033 $917 1.165588477296756202e-16 $1427 $2075 forward @14 tangent_not_g2 #
face $2076 -1 $-1 $2077 $915 $45 $-1 $2078 forward single #
point $-1 -1 $-1 -28.50306851499985683 9.885206811666650495 22.41270464017143382 #
DXID-attrib $-1 -1 $-1 $-1 $922 @10 Revit:Face @7 Face:13 #
face $2079 -1 $-1 $2080 $2081 $46 $-1 $2082 forward single #
loop $-1 -1 $-1 $-1 $1459 $922 #
plane-surface $-1 -1 $-1 -13.46555118110243043 -7.624464446666686435 16.36189419267144274 1.582420323009555754e-15 1 0 12 -1.898904387611466904e-14 0 forward_v I I I I #
coedge $-1 -1 $-1 $2083 $925 $2084 $2085 forward $199 $-1 #
coedge $-1 -1 $-1 $2086 $2087 $925 $1441 reversed $2088 $-1 #
edge $2089 -1 $-1 $1446 0 $2090 0.02585816430555129553 $925 $2091 forward @7 unknown #
coedge $-1 -1 $-1 $947 $926 $932 $1454 forward $1444 $-1 #
coedge $-1 -1 $-1 $926 $947 $2086 $2092 reversed $1444 $-1 #
loop $-1 -1 $-1 $-1 $947 $2093 #
DXID-attrib $-1 -1 $-1 $-1 $927 @10 Revit:Edge @7 Edge:59 #
vertex $-1 -1 $-1 $927 $2094 #
straight-curve $-1 -1 $-1 13.47581422333355228 9.885206811666627402 17.97987647350474205 0 12 0 F 0 F 0.005541035208343077743 #
coedge $-1 -1 $-1 $928 $2095 $2096 $2097 forward $199 $-1 #
coedge $-1 -1 $-1 $942 $941 $928 $1450 reversed $557 $-1 #
edge $2098 -1 $-1 $2099 2.331176954593504514e-16 $1452 0.0203171290972174283 $928 $2100 forward @7 unknown #
DXID-attrib $-1 -1 $-1 $-1 $930 @10 Revit:Edge @6 Edge:4 #
vertex $-1 -1 $-1 $1450 $2101 #
straight-curve $-1 -1 $-1 13.47581422333354872 7.624464446666570083 16.11808864350483006 1.414332902511149404e-14 12 0 F 0 F 0.1883951970833381562 #
edge $2102 -1 $-1 $936 -2.245113783702996191 $950 0 $1442 $2103 forward @7 unknown #
face $2104 -1 $-1 $-1 $933 $46 $-1 $2105 forward single #
point $-1 -1 $-1 13.47581422333355228 9.885206811666627402 16.11808864350483361 #
point $-1 -1 $-1 13.47581422333355228 9.885206811666627402 17.97987647350474205 #
coedge $-1 -1 $-1 $2106 $938 $2107 $2108 forward $115 $-1 #
coedge $-1 -1 $-1 $2109 $2110 $938 $1460 reversed $1437 $-1 #
edge $2111 -1 $-1 $1464 2.331176954593504514e-16 $2112 0.0203171290972174283 $938 $2113 forward @7 unknown #
coedge $-1 -1 $-1 $2096 $939 $942 $1466 reversed $923 $-1 #
coedge $-1 -1 $-1 $939 $2096 $2109 $2114 forward $923 $-1 #
DXID-attrib $-1 -1 $-1 $-1 $940 @10 Revit:Edge @7 Edge:10 #
vertex $-1 -1 $-1 $940 $2115 #
straight-curve $-1 -1 $-1 -13.46555118110240379 7.624464446666614492 16.36189419267144274 -2.096830756629958737e-14 -12 0 F -0 F 1.27074407444444204 #
edge $2116 -1 $-1 $2099 -2.245113783702996191 $944 0 $942 $2117 forward @7 unknown #
point $-1 -1 $-1 -13.46555118110240379 7.624464446666614492 16.36189419267143919 #
coedge $-1 -1 $-1 $946 $2118 $2119 $2120 forward $115 $-1 #
coedge $-1 -1 $-1 $2087 $2086 $946 $1470 reversed $2088 $-1 #
edge $2121 -1 $-1 $2122 2.331176954593504514e-16 $1472 0.02585816430555152798 $946 $2123 forward @7 unknown #
DXID-attrib $-1 -1 $-1 $-1 $948 @10 Revit:Edge @7 Edge:58 #
vertex $-1 -1 $-1 $1470 $2124 #
straight-curve $-1 -1 $-1 -13.46555118110240024 9.951699234166788699 17.97987647350474205 0 -12 0 F 1.165588477296752257e-16 F 0.005541035208343310196 #
point $-1 -1 $-1 -13.46555118110240024 9.885206811666670035 17.97987647350474205 #
DXID-attrib $-1 -1 $-1 $-1 $952 @10 Revit:Edge @7 Edge:65 #
straight-curve $-1 -1 $-1 -13.46555118110240024 9.885206811666670035 16.11808864350483006 12 -1.898904387611466904e-14 0 F 0 F 2.245113783702996191 #
DXID-attrib $-1 -1 $-1 $-1 $953 @10 Revit:Edge @6 Edge:8 #
straight-curve $-1 -1 $-1 -13.46555118110240379 7.624464446666613604 16.11808864350483006 -12 1.898904387611466904e-14 0 F -2.245113783702996191 F 0 #
DXID-attrib $-1 -1 $-1 $-1 $957 @10 Revit:Face @7 Face:13 #
face $2125 -1 $-1 $2126 $2127 $47 $-1 $2128 reversed single #
loop $-1 -1 $-1 $-1 $1502 $957 #
plane-surface $-1 -1 $-1 16.26849596833327993 9.885206811666700233 21.19752169427837174 0.1709168644331390263 -1.589924013843030046e-15 -0.9852854537911052146 0 -12 1.936402094713295374e-14 forward_v I I I I #
coedge $-1 -1 $-1 $1492 $960 $2129 $2130 forward $204 $-1 #
coedge $-1 -1 $-1 $2131 $2132 $960 $1485 reversed $2127 $-1 #
edge $2133 -1 $-1 $1490 2.937281898649393153 $2134 4.451350325199559421 $960 $2135 forward @7 unknown #
coedge $-1 -1 $-1 $982 $961 $967 $1498 forward $1488 $-1 #
coedge $-1 -1 $-1 $961 $982 $2131 $2136 reversed $1488 $-1 #
loop $-1 -1 $-1 $-1 $982 $2126 #
DXID-attrib $-1 -1 $-1 $-1 $962 @10 Revit:Edge @7 Edge:23 #
vertex $-1 -1 $-1 $962 $2137 #
straight-curve $-1 -1 $-1 13.81149747477357437 -9.92953509333335127 18.26801030433802708 -1.506145826899959373e-14 2.259218740349939218e-14 12 F -2.194432776203976863e-31 F 0.1769108416669510075 #
coedge $-1 -1 $-1 $963 $1483 $2138 $2139 forward $204 $-1 #
coedge $-1 -1 $-1 $977 $976 $963 $1494 reversed $577 $-1 #
edge $2140 -1 $-1 $2141 0 $1496 1.773131266666647443 $963 $2142 forward @7 unknown #
DXID-attrib $-1 -1 $-1 $-1 $965 @10 Revit:Edge @6 Edge:4 #
vertex $-1 -1 $-1 $1494 $2143 #
straight-curve $-1 -1 $-1 -5.009079231666492049 -9.929535093333344165 22.67867433017125123 1.812336131358572788e-14 -2.174803357630287345e-14 -12 F -2.331176954593504514e-16 F 0.3675553354861072486 #
edge $2144 -1 $-1 $971 -1.651228492083337329 $985 -1.165588477296752257e-16 $1486 $2145 forward @7 unknown #
face $2146 -1 $-1 $-1 $968 $47 $-1 $2147 forward single #
point $-1 -1 $-1 -5.009079231666484944 -9.929535093333353046 18.26801030433796313 #
point $-1 -1 $-1 13.81149747477357437 -9.929535093333353046 18.26801030433802708 #
coedge $-1 -1 $-1 $2148 $2149 $973 $1503 reversed $1481 $-1 #
edge $2150 -1 $-1 $1507 -6.9728881170871363e-32 $2151 0.1855849603497171374 $973 $2152 forward @7 unknown #
coedge $-1 -1 $-1 $2138 $974 $977 $1509 reversed $958 $-1 #
coedge $-1 -1 $-1 $974 $2138 $2148 $2153 forward $958 $-1 #
DXID-attrib $-1 -1 $-1 $-1 $975 @10 Revit:Edge @7 Edge:10 #
vertex $-1 -1 $-1 $975 $2154 #
straight-curve $-1 -1 $-1 16.26849596833327638 9.885206811666703786 22.67867433017128675 2.158752739884138701e-14 -2.158752739884138701e-14 -12 F 0 F 0.1234293863244095985 #
edge $2155 -1 $-1 $2141 -1.651228492083337329 $979 0 $977 $2156 forward @7 unknown #
point $-1 -1 $-1 16.26849596833327638 9.885206811666703786 22.67867433017128675 #
coedge $-1 -1 $-1 $2132 $2131 $981 $1512 reversed $2127 $-1 #
edge $2157 -1 $-1 $2151 1.831834981980027033 $1514 3.34590340853018553 $981 $2158 forward @7 unknown #
DXID-attrib $-1 -1 $-1 $-1 $983 @10 Revit:Edge @7 Edge:22 #
vertex $-1 -1 $-1 $1512 $2159 #
straight-curve $-1 -1 $-1 13.81149747477357259 9.885206811666698457 20.39094040434140709 1.506145826899959373e-14 -2.259218740349939218e-14 -12 F 0 F 0.1769108416669510075 #
point $-1 -1 $-1 13.81149747477357437 9.885206811666693127 18.26801030433799511 #
DXID-attrib $-1 -1 $-1 $-1 $987 @10 Revit:Edge @7 Edge:29 #
straight-curve $-1 -1 $-1 -5.009079231666484944 9.885206811666694904 18.26801030433793471 0 -12 1.936402094713295374e-14 F 1.165588477296752257e-16 F 1.651228492083337329 #
DXID-attrib $-1 -1 $-1 $-1 $988 @10 Revit:Edge @6 Edge:8 #
straight-curve $-1 -1 $-1 -5.009079231666492049 9.885206811666703786 22.67867433017121925 0 12 -1.936402094713295374e-14 F -1.651228492083337329 F 3.761746615018519194e-31 #
DXID-attrib $-1 -1 $-1 $992 $597 @10 Revit:Face @7 Face:45 #
rgb_color-st-attrib $-1 -1 $2160 $-1 $993 0 0 0 #
face $2161 -1 $-1 $2162 $2163 $121 $-1 $2164 forward single #
loop $-1 -1 $-1 $-1 $2165 $993 #
plane-surface $-1 -1 $-1 17.04424089750015625 9.885206811666659377 22.74516675267122423 -1 0 0 0 -12 1.93207976860903611e-14 forward_v I I I I #
coedge $-1 -1 $-1 $2166 $2167 $997 $1530 reversed $994 $-1 #
coedge $-1 -1 $-1 $2168 $996 $2169 $2170 forward $598 $-1 #
coedge $-1 -1 $-1 $996 $2168 $2166 $2171 forward $598 $-1 #
coedge $-1 -1 $-1 $998 $997 $2165 $2172 forward $349 $-1 #
edge $2173 -1 $-1 $1535 0 $2174 1.943056346388877254 $997 $2175 forward @7 unknown #
coedge $-1 -1 $-1 $2176 $2169 $998 $1532 reversed $2163 $-1 #
edge $2177 -1 $-1 $2178 0 $1534 1.943056346388877254 $998 $2179 forward @7 unknown #
DXID-attrib $-1 -1 $-1 $-1 $999 @10 Revit:Edge @6 Edge:9 #
vertex $-1 -1 $-1 $999 $2180 #
vertex $-1 -1 $-1 $999 $2181 #
straight-curve $-1 -1 $-1 40.36091705416668418 9.885206811666661153 24.67587228204347838 0 -1.656100457722342721e-14 -12 F 0 F 0.1608921274476877716 #
DXID-attrib $-1 -1 $-1 $1001 $603 @10 Revit:Face @7 Face:39 #
rgb_color-st-attrib $-1 -1 $2182 $-1 $1002 0 0 0 #
face $2183 -1 $-1 $2184 $2185 $69 $-1 $2186 reversed single #
loop $-1 -1 $-1 $-1 $1010 $1002 #
plane-surface $-1 -1 $-1 -27.63866702250000529 9.885206811666661153 24.67587228204347838 0 1.610066473840863557e-15 1 0 -12 1.93207976860903611e-14 forward_v I I I I #
coedge $-1 -1 $-1 $2187 $2188 $1008 $1549 reversed $1003 $-1 #
coedge $-1 -1 $-1 $2189 $1005 $1007 $1548 reversed $604 $-1 #
coedge $-1 -1 $-1 $1005 $2190 $2187 $2191 forward $604 $-1 #
coedge $-1 -1 $-1 $1007 $1006 $2192 $2193 forward $354 $-1 #
coedge $-1 -1 $-1 $1010 $2194 $1006 $1547 reversed $1540 $-1 #
edge $2195 -1 $-1 $1013 0 $2196 0.3700227360867053283 $1006 $2197 forward @7 unknown #
edge $2198 -1 $-1 $2199 -0.3700227360867052173 $1014 4.19670373259247704e-31 $1007 $2200 forward @7 unknown #
edge $2201 -1 $-1 $1551 -2.331176954593504514e-16 $1555 0.1664331626560213995 $1008 $2202 forward @7 unknown #
DXID-attrib $-1 -1 $-1 $-1 $1009 @10 Revit:Edge @6 Edge:6 #
vertex $-1 -1 $-1 $1009 $2203 #
straight-curve $-1 -1 $-1 16.26849596833327638 9.885206811666659377 22.67867433017121925 -12 0 0 F 0 F 3.658930249236107102 #
coedge $-1 -1 $-1 $2204 $1010 $2188 $2205 reversed $1540 $-1 #
DXID-attrib $-1 -1 $-1 $-1 $1011 @10 Revit:Edge @6 Edge:8 #
vertex $-1 -1 $-1 $1549 $2206 #
straight-curve $-1 -1 $-1 -27.63866702250000529 9.885206811666661153 24.67587228204347838 12 0 0 F 0 F 3.658930249236107102 #
point $-1 -1 $-1 16.26849596833327638 9.885206811666661153 24.67587228204347838 #
point $-1 -1 $-1 16.26849596833327638 9.885206811666659377 22.67867433017121925 #
DXID-attrib $-1 -1 $-1 $1017 $612 @10 Revit:Face @7 Face:33 #
rgb_color-st-attrib $-1 -1 $2207 $-1 $1018 0 0 0 #
loop $-1 -1 $-1 $-1 $2208 $1018 #
plane-surface $-1 -1 $-1 -27.74948772666637709 -9.973863374999934805 24.65651018933806782 0 -1 1.618667433348004174e-15 0 1.942400920017605009e-14 12 forward_v I I I I #
coedge $-1 -1 $-1 $2209 $1021 $1023 $1566 reversed $613 $-1 #
coedge $-1 -1 $-1 $1021 $2209 $1032 $1579 forward $613 $-1 #
coedge $-1 -1 $-1 $1023 $1022 $2210 $2211 reversed $360 $-1 #
edge $2212 -1 $-1 $2213 -1.654922515555549811 $1030 -3.7533498591814468e-31 $1023 $2214 forward @7 unknown #
coedge $-1 -1 $-1 $2208 $2210 $1024 $1568 forward $1561 $-1 #
edge $2215 -1 $-1 $1574 -2.331176954593504514e-16 $1571 0.1683218224770400284 $1567 $2216 forward @7 unknown #
coedge $-1 -1 $-1 $1025 $1032 $2208 $2217 reversed $1019 $-1 #
DXID-attrib $-1 -1 $-1 $-1 $1026 @10 Revit:Edge @7 Edge:27 #
vertex $-1 -1 $-1 $2217 $2218 #
straight-curve $-1 -1 $-1 -27.74948772666637709 9.885206811666661153 24.67637205906251197 0 -12 1.93207976860903611e-14 F 0 F 1.654922515555549589 #
DXID-attrib $-1 -1 $-1 $-1 $1027 @10 Revit:Edge @7 Edge:28 #
vertex $-1 -1 $-1 $2211 $2219 #
straight-curve $-1 -1 $-1 -27.74948772666637709 9.885206811666659377 22.65651018933803229 0 12 -1.93207976860903611e-14 F -1.654922515555549811 F -3.7533498591814468e-31 #
DXID-attrib $-1 -1 $-1 $-1 $1028 @10 Revit:Edge @6 Edge:3 #
straight-curve $-1 -1 $-1 -39.69595963583318365 9.885206811666659377 22.65651018933803229 0 1.583000480798520939e-14 12 F 2.331176954593504514e-16 F 0.1683218224770400284 #
point $-1 -1 $-1 -39.69595963583318365 9.885206811666659377 22.65651018933803584 #
edge $2220 -1 $-1 $2221 -1.654922515555549589 $1034 0 $1564 $2222 forward @7 unknown #
point $-1 -1 $-1 -39.69595963583318365 9.885206811666661153 24.67637205906251197 #
DXID-attrib $-1 -1 $2223 $-1 $1038 @10 Revit:Edge @7 Edge:12 #
vertex $-1 -1 $-1 $1038 $2224 #
ellipse-curve $-1 -1 $-1 21.92057813242646702 -9.423954413505306604 1.667068820171276888 0 1 -6.123031769111886291e-17 1.662310562500011635 0 0 1 I I #
DXID-attrib $-1 -1 $-1 $1041 $633 @10 Revit:Edge @6 Edge:7 #
point $-1 -1 $-1 -3.79005148583310536 -9.423954413505304828 1.667068820171362153 #
DXID-attrib $-1 -1 $-1 $-1 $1045 @10 Revit:Face @7 Face:61 #
face $2225 -1 $-1 $2226 $2227 $35 $-1 $2228 reversed single #
loop $-1 -1 $-1 $-1 $2229 $1045 #
plane-surface $-1 -1 $-1 -13.46555118110241089 9.384762270608899115 2.376321326838109815 -5.213356659229380875e-30 -3.312691821145814019e-15 1 12 -1.888502863786280006e-14 0 forward_v I I I I #
coedge $-1 -1 $-1 $1060 $1059 $2229 $2230 forward $1046 $-1 #
coedge $-1 -1 $-1 $2231 $1079 $1048 $1592 reversed $1632 $-1 #
edge $2232 -1 $-1 $1626 -6.061060081943156801e-15 $1082 3.342800133922685824 $1048 $2233 forward @7 unknown #
coedge $-1 -1 $-1 $2234 $1049 $2235 $2236 forward $382 $-1 #
coedge $-1 -1 $-1 $1050 $2237 $2231 $2238 forward $382 $-1 #
coedge $-1 -1 $-1 $2239 $1051 $1054 $1600 forward $233 $-1 #
coedge $-1 -1 $-1 $1051 $2240 $1059 $1603 forward $233 $-1 #
DXID-attrib $-1 -1 $-1 $-1 $1052 @10 Revit:Edge @7 Edge:97 #
straight-curve $-1 -1 $-1 -13.42743123000025918 -9.423954413505267524 0.6788297724987435444 0 12 0 F 0 F 1.567393057009514035 #
coedge $-1 -1 $-1 $1054 $1053 $2241 $2242 reversed $1055 $-1 #
edge $2243 -1 $-1 $1057 0 $2244 0.1414576295282804486 $1595 $2245 forward @7 unknown #
face $2246 -1 $-1 $1074 $1055 $35 $-1 $2247 reversed single #
point $-1 -1 $-1 -13.42743123000025918 -9.423954413505267524 0.6788297724987435444 #
edge $2248 -1 $-1 $2249 0 $1062 0.1414576295282805596 $1596 $2250 forward @7 unknown #
point $-1 -1 $-1 -13.42743123000025918 9.384762270608899115 0.6788297724987435444 #
coedge $-1 -1 $-1 $2237 $1064 $2251 $2252 forward $382 $-1 #
coedge $-1 -1 $-1 $2229 $2253 $1064 $1607 reversed $1588 $-1 #
edge $2254 -1 $-1 $1609 6.506299398206889961 $2255 6.579221244655747647 $1064 $2256 forward @7 unknown #
DXID-attrib $-1 -1 $-1 $-1 $1065 @10 Revit:Edge @8 Edge:179 #
vertex $-1 -1 $-1 $1065 $2257 #
straight-curve $-1 -1 $-1 26.54355316980907986 9.384762270608572265 0.6788297724987435444 0 0 12 F 0 F 0.1414576295282805596 #
coedge $-1 -1 $-1 $1066 $2234 $2258 $2259 forward $382 $-1 #
coedge $-1 -1 $-1 $2260 $2241 $1066 $1613 reversed $2261 $-1 #
edge $2262 -1 $-1 $2263 5.987146893756081667 $1615 6.063294968731375967 $1066 $2264 forward @7 unknown #
DXID-attrib $-1 -1 $-1 $-1 $1067 @10 Revit:Edge @8 Edge:187 #
vertex $-1 -1 $-1 $1613 $2265 #
straight-curve $-1 -1 $-1 26.57387052052532539 -9.423954413505597927 2.376321326838109815 0 0 -12 F 8.741913579725641313e-17 F 0.1414576295282805596 #
coedge $-1 -1 $-1 $1085 $2235 $1072 $1618 reversed $1641 $-1 #
edge $2266 -1 $-1 $1088 -3.342738793769871819 $1620 -7.459766254699156071e-15 $1072 $2267 forward @7 unknown #
DXID-attrib $-1 -1 $-1 $-1 $1073 @10 Revit:Edge @8 Edge:188 #
vertex $-1 -1 $-1 $1073 $2268 #
ellipse-curve $-1 -1 $-1 -33.02300105019102006 -0.2028964331896752071 0.3838280956508941522 9.159339953157541458e-16 0.5547001962239250794 0.8320502943387131367 59.70843534542918718 -8.707088181810549443 5.804725454520590411 1 F 6.282516066404134847 F 6.283185307179583567 #
DXID-attrib $-1 -1 $-1 $-1 $1074 @10 Revit:Face @7 Face:81 #
face $2269 -1 $-1 $-1 $1641 $35 $-1 $2270 reversed single #
plane-surface $-1 -1 $-1 -13.4655511811024482 -14.29276093027453243 9.77707109367554672 8.891266975486702692e-16 0.5547001962239250794 0.8320502943387131367 12 -1.818558313275676692e-14 -6.994455051060296867e-16 forward_v I I I I #
DXID-attrib $-1 -1 $-1 $-1 $1076 @10 Revit:Edge @8 Edge:178 #
vertex $-1 -1 $-1 $2238 $2271 #
ellipse-curve $-1 -1 $-1 -31.90522214088251474 0.0238285946362375399 0.5678102448722145423 -8.604228440844964174e-16 -0.5422723017881474483 0.8402028033239263838 58.58414718629573059 8.743184262784208016 5.642907446132459093 1 F 6.282487675016942497 F 6.283185307179585344 #
coedge $-1 -1 $-1 $2240 $1078 $2272 $2273 forward $233 $-1 #
coedge $-1 -1 $-1 $2274 $2275 $1078 $1630 reversed $2276 $-1 #
edge $2277 -1 $-1 $1634 1.918967866221301888 $2278 3.101521816686667155 $1078 $2279 forward @7 unknown #
coedge $-1 -1 $-1 $1079 $2231 $2274 $2280 reversed $1632 $-1 #
loop $-1 -1 $-1 $-1 $1591 $2281 #
DXID-attrib $-1 -1 $-1 $-1 $1080 @10 Revit:Edge @8 Edge:142 #
vertex $-1 -1 $-1 $1080 $2282 #
straight-curve $-1 -1 $-1 -13.42743123000025918 8.732671488333414445 6.188553550171357998 0 11.95593241462413303 -1.027462941881550407 F -9.979991382554649936e-18 F 0.2372888979529870768 #
point $-1 -1 $-1 -13.42743123000025918 8.732671488333414445 6.188553550171359774 #
coedge $-1 -1 $-1 $1084 $2239 $2283 $2284 forward $233 $-1 #
coedge $-1 -1 $-1 $2285 $2286 $1084 $1639 reversed $2287 $-1 #
edge $2288 -1 $-1 $2289 0.2641933799035953712 $1643 1.306602946891721739 $1084 $2290 forward @7 unknown #
coedge $-1 -1 $-1 $2235 $1085 $2286 $2291 reversed $1641 $-1 #
loop $-1 -1 $-1 $-1 $1640 $1623 #
DXID-attrib $-1 -1 $-1 $-1 $1086 @10 Revit:Edge @8 Edge:148 #
vertex $-1 -1 $-1 $1639 $2292 #
straight-curve $-1 -1 $-1 -13.42743123000025918 -11.74699464166665663 5.944748001004751536 0 11.95593241462414014 1.027462941881505554 F -8.120083897626552458e-17 F 0.2372888979529977349 #
point $-1 -1 $-1 -13.42743123000025918 -8.909984614999972408 6.188553550171359774 #
DXID-attrib $-1 -1 $2293 $-1 $1090 @10 Revit:Edge @7 Edge:15 #
vertex $-1 -1 $-1 $1090 $2294 #
ellipse-curve $-1 -1 $-1 21.92057813242646702 9.423954413505306604 1.667068820171276888 0 -1 -6.123031769111886291e-17 1.662310562500011635 0 0 1 I I #
DXID-attrib $-1 -1 $-1 $1093 $677 @10 Revit:Edge @6 Edge:4 #
point $-1 -1 $-1 -7.11467261083312863 9.423954413505304828 1.667068820171360377 #
DXID-attrib $-1 -1 $-1 $-1 $1099 @10 Revit:Edge @6 Edge:7 #
straight-curve $-1 -1 $-1 9.40268560738846304 -7.791485733332948804 9.726211911005050226 0 0 -12 F 0 F 0.2948048634028076487 #
point $-1 -1 $-1 9.40268560738846304 -7.791485733332948804 9.726211911005050226 #
point $-1 -1 $-1 9.40268560738846304 -7.791485733332948804 6.188553550171359774 #
DXID-attrib $-1 -1 $-1 $-1 $1108 @10 Revit:Edge @7 Edge:16 #
straight-curve $-1 -1 $-1 -4.920318811666567704 5.148167164167157139 9.726211911005050226 -12 1.897525047654554492e-14 0 F -1.193583701587921153 F 0 #
DXID-attrib $-1 -1 $-1 $-1 $1113 @10 Revit:Edge @7 Edge:12 #
straight-curve $-1 -1 $-1 -4.920318811666588132 -7.7914857333329266 9.726211911005050226 -12 1.897525047654554492e-14 0 F -1.193583701587920931 F 0 #
DXID-attrib $-1 -1 $-1 $1121 $712 @10 Revit:Face @7 Face:89 #
rgb_color-st-attrib $-1 -1 $2295 $-1 $1122 0 0 0 #
loop $-1 -1 $-1 $-1 $2296 $1122 #
plane-surface $-1 -1 $-1 -5.833444059166948747 4.212770569166750967 15.16042070100478156 2.67480800671598175e-16 0.1664752371725246594 0.9860456355607238876 12 -1.928076308870352365e-14 0 forward_v I I I I #
coedge $-1 -1 $-1 $2297 $2298 $2299 $2300 forward $1123 $-1 #
coedge $-1 -1 $-1 $1672 $1125 $1674 $2301 forward $713 $-1 #
coedge $-1 -1 $-1 $1125 $2302 $2297 $2303 forward $713 $-1 #
coedge $-1 -1 $-1 $2299 $2304 $1125 $1667 reversed $2305 $-1 #
edge $2306 -1 $-1 $2307 -0.6753302149951374567 $2308 -0.308052781025662914 $1125 $2309 forward @7 unknown #
coedge $-1 -1 $-1 $2310 $1126 $1690 $2311 reversed $435 $-1 #
coedge $-1 -1 $-1 $2312 $1691 $1126 $1670 reversed $2313 $-1 #
edge $2314 -1 $-1 $1679 4.898569702298234851 $2315 6.471633913666126503 $1126 $2316 forward @7 unknown #
coedge $-1 -1 $-1 $1127 $2310 $2317 $2318 forward $435 $-1 #
coedge $-1 -1 $-1 $2319 $1664 $1127 $1673 reversed $713 $-1 #
edge $2320 -1 $-1 $2321 -1.280442089576738773 $1678 1.631823868215452519e-15 $1127 $2322 forward @7 unknown #
coedge $-1 -1 $-1 $2323 $1128 $1664 $2301 reversed $1676 $-1 #
coedge $-1 -1 $-1 $1128 $2324 $2312 $2325 forward $1676 $-1 #
loop $-1 -1 $-1 $-1 $2323 $2326 #
DXID-attrib $-1 -1 $-1 $-1 $1129 @10 Revit:Edge @8 Edge:443 #
vertex $-1 -1 $-1 $1129 $2327 #
vertex $-1 -1 $-1 $1129 $2328 #
ellipse-curve $-1 -1 $-1 -6.910080709152718548 5.6826795041668694 15.88980733162996906 0.1622066002982550381 0 0.9867568184814748955 -1.66795369004996763 0 0.2741841682272742609 0.1622066002982550104 F -2.632521765167825212 F -2.485465832359270433 #
coedge $-1 -1 $-1 $2329 $1130 $2330 $2331 forward $265 $-1 #
coedge $-1 -1 $-1 $2332 $2333 $1130 $1683 reversed $2334 $-1 #
edge $2335 -1 $-1 $1688 1.548575281306396434 $2336 2.074235703161880995 $1130 $2337 forward @7 unknown #
coedge $-1 -1 $-1 $2338 $1131 $1137 $1701 forward $1686 $-1 #
coedge $-1 -1 $-1 $1131 $2338 $2332 $2339 forward $1686 $-1 #
loop $-1 -1 $-1 $-1 $1684 $2340 #
DXID-attrib $-1 -1 $-1 $-1 $1132 @10 Revit:Edge @8 Edge:818 #
vertex $-1 -1 $-1 $1132 $2341 #
straight-curve $-1 -1 $-1 -5.031243372499890398 4.505109977424702095 16.36189419267147827 12 -1.926762082204313589e-14 0 F 1.871509734591371359e-31 F 1.210044755004473949 #
coedge $-1 -1 $-1 $1133 $2329 $1668 $2311 forward $265 $-1 #
coedge $-1 -1 $-1 $1669 $2342 $1133 $1692 reversed $2313 $-1 #
edge $2343 -1 $-1 $2315 2.620595679523040289 $1697 2.824103437034346076 $1133 $2344 forward @7 unknown #
coedge $-1 -1 $-1 $2345 $1134 $2342 $2346 reversed $1695 $-1 #
coedge $-1 -1 $-1 $1134 $2345 $1136 $1700 reversed $1695 $-1 #
loop $-1 -1 $-1 $-1 $1694 $2347 #
DXID-attrib $-1 -1 $-1 $-1 $1135 @10 Revit:Edge @8 Edge:442 #
vertex $-1 -1 $-1 $1692 $2348 #
straight-curve $-1 -1 $-1 -5.543916541666843223 5.665081240456424361 16.16252413183790182 8.553793660086187245 -8.294587791587954229 1.425632276679168919 F 2.76950092421203256e-17 F 0.06307467853234810518 #
coedge $-1 -1 $-1 $1137 $1136 $2349 $2350 reversed $1138 $-1 #
edge $2351 -1 $-1 $1140 -5.827942386483761286e-17 $2352 1.070969915496164715 $1136 $2353 forward @7 unknown #
edge $2354 -1 $-1 $1141 2.913971193241880766e-16 $2355 0.9659156858965057824 $1684 $2356 forward @7 unknown #
face $2357 -1 $-1 $2358 $1138 $39 $-1 $2359 forward single #
point $-1 -1 $-1 -5.00438875632487612 5.141902781943667122 16.25244542939478265 #
point $-1 -1 $-1 -5.031243372499890398 4.505109977424700318 16.36189419267147827 #
coedge $-1 -1 $-1 $2360 $1143 $1146 $1711 forward $1707 $-1 #
coedge $-1 -1 $-1 $1143 $2361 $1151 $1715 forward $1707 $-1 #
loop $-1 -1 $-1 $-1 $1143 $2362 #
DXID-attrib $-1 -1 $-1 $-1 $1144 @10 Revit:Edge @8 Edge:274 #
ellipse-curve $-1 -1 $-1 -5.833444059166970064 -8.392812115833821807 14.61477268725495371 -1 0 0 0 -0.3119976529476544136 0 1 F 6.194373824029103304 F 6.390119968559428543 #
coedge $-1 -1 $-1 $1146 $1145 $2363 $2364 reversed $1147 $-1 #
edge $2365 -1 $-1 $1149 4.326702430839457492 $2366 4.981164503521828379 $1705 $2367 forward @7 unknown #
face $2368 -1 $-1 $1716 $1147 $39 $-1 $2369 forward single #
point $-1 -1 $-1 -5.833444059166969176 -8.703580139771149859 14.58710012425587266 #
coedge $-1 -1 $-1 $1152 $1151 $2370 $2371 forward $1153 $-1 #
edge $2372 -1 $-1 $2373 3.422556793767454142 $1155 4.172106577714366438 $1706 $2374 forward @7 unknown #
face $2375 -1 $-1 $2376 $1153 $39 $-1 $2377 forward single #
point $-1 -1 $-1 -5.833444059166969176 -8.703027618015109823 14.64807250183792142 #
coedge $-1 -1 $-1 $2378 $1157 $2379 $2380 forward $727 $-1 #
coedge $-1 -1 $-1 $2296 $2381 $1157 $1720 forward $1661 $-1 #
edge $2382 -1 $-1 $2383 -1.321400449739506433 $1722 -6.527295472861813232e-15 $1719 $2384 forward @7 unknown #
DXID-attrib $-1 -1 $-1 $-1 $1158 @10 Revit:Edge @8 Edge:451 #
tvertex-vertex $-1 -1 $-1 $2385 $2386 0.0004561813621952426584 #
intcurve-curve $-1 -1 $-1 forward { surfintcur full nubs 3 open 23 
	-2.484708051558683906 3 -2.299366025625133148 2 -1.928681973758031631 2 -1.609302823189768361 2 -1.449613247905636726 2 
	-1.289923672621505091 2 -1.134351655211031762 2 -0.978779637800558433 2 -0.6676356029796108871 2 -0.3338178014898058876 2 
	-0.1669089007449029438 2 0 3 0.1678395271455722093 2 0.3356790542911444186 2 0.6713581085822888372 2 
	0.980731985737513523 2 1.13541892431512581 2 1.290105862892738209 2 1.450910849430014693 2 1.611715835967291177 2 
	1.933325809041844145 2 2.301545926007924958 2 2.485655984490965587 3 
	-5.467671602197236247 5.842667235131229653 14.9158448852797374 
	-5.448799663075948096 5.853865904328756642 14.91188688823288189 
	-5.430819925699759132 5.867609295952579629 14.90631279932983766 
	-5.377320787670408109 5.911428723995363121 14.88401532415531214 
	-5.343231343530645994 5.943492071701920842 14.86157075535560956 
	-5.290184621244075736 5.994217894429097804 14.80852403306903931 
	-5.266976317579253219 6.017142937358925359 14.77639613669769858 
	-5.242674793632311037 6.041922351862826446 14.72053420579693572 
	-5.236268879857675529 6.048639814800405468 14.70065021747518053 
	-5.22766828330508293 6.058153556000163142 14.65964869027931528 
	-5.225477504674368667 6.060946455824492318 14.6385295487265541 
	-5.225477504674368667 6.062425828198906075 14.59718309373849721 
	-5.227559808682504361 6.061231590361435551 14.57642963066475339 
	-5.235912597421874537 6.055028691314371159 14.53585319519696917 
	-5.242179676045722658 6.050023830109717338 14.51602894091059959 
	-5.266231753589051046 6.030447168261637181 14.46000944978197467 
	-5.289524695719459935 6.011085328237883552 14.42730851854937235 
	-5.341784551033925688 5.969831764413337183 14.3750486632349066 
	-5.374780204449547405 5.944439025383147168 14.35252248869769787 
	-5.429142845292191488 5.91167699221248899 14.32941776254502031 
	-5.448053612557791858 5.90173150322823048 14.32343038058931128 
	-5.487632557180649684 5.887026206136846795 14.31515327410287242 
	-5.508321084299912407 5.882335266338392543 14.3128386782054875 
	-5.53022513951577821 5.882335266338392543 14.3128386782054875 
	-5.552251324180551784 5.882335266338392543 14.3128386782054875 
	-5.573033395821153313 5.887076313023776208 14.31517770629428021 
	-5.612779870127008408 5.901904361517014586 14.3235315049306049 
	-5.63176424306511958 5.911923150945845862 14.32957216525967681 
	-5.686334937728434902 5.944899294101372966 14.35288631402506176 
	-5.719445391187152339 5.970424059105440939 14.37561851905854304 
	-5.771542557760746206 6.011594417805405932 14.42812520568226908 
	-5.794622491440676093 6.030779706759933134 14.46073858622339969 
	-5.818443113450366688 6.050162327420410158 14.51653911303173139 
	-5.824647382430552689 6.055113762977690328 14.53627597193841403 
	-5.832913901283128588 6.061245325839734299 14.5766553687676943 
	-5.834972774357188641 6.062421674945847272 14.59729917153855894 
	-5.834972774357188641 6.060941221731179773 14.63867583454836208 
	-5.832751635510473598 6.058115202600633964 14.65993023848096755 
	-5.824042825965921821 6.048491392469130368 14.70117133515836727 
	-5.817559049647979208 6.041696978923451589 14.72115963824126261 
	-5.792975254384912454 6.01664405717394235 14.7772792602885481 
	-5.769512307325745049 5.993477334823796632 14.80950375342782799 
	-5.716299420584923574 5.942636779126546642 14.86222097334588099 
	-5.682370563646785833 5.910754392232401955 14.88441784678373736 
	-5.629128183797637242 5.86722500335029995 14.9064779067689539 
	-5.611233215397160023 5.853578664848442692 14.911996055622188 
	-5.592449346713070923 5.842472151233693012 14.91591376566755756 
	0.0001560197662363001019 
	
	cone -5.530225139515777322 6.348833320724273754 14.61758631304689615 0 1 0 0.3047476348414097647 0 0 1 I I 0 1 0.3047476348414097647 forward I I I I 
	cone 10.33555422583333261 5.733096924689293772 14.60582907526679897 -1 0 0 0 -0.3288091473610770255 0 1 I I -0 -1 0.3288091473610770255 forward I I I I 
	nullbs 
	nullbs 
	I I 
	0 
	0 
	0 
	} F 1.367521992617634963 F 2.11288424011265441 #
coedge $-1 -1 $-1 $1159 $2378 $2387 $2388 forward $727 $-1 #
coedge $-1 -1 $-1 $2389 $2363 $1159 $1726 reversed $2390 $-1 #
edge $2391 -1 $-1 $2392 -2.42148327278517117 $1728 -2.324475689081413776 $1159 $2393 forward @7 unknown #
DXID-attrib $-1 -1 $-1 $-1 $1160 @10 Revit:Edge @8 Edge:450 #
vertex $-1 -1 $-1 $1726 $2394 #
intcurve-curve $-1 -1 $-1 forward { surfintcur full nubs 3 open 23 
	-2.484708051558683906 3 -2.299366025625133148 2 -1.928681973758031631 2 -1.609302823189768361 2 -1.449613247905636726 2 
	-1.289923672621505091 2 -1.134351655211031762 2 -0.978779637800558433 2 -0.6676356029796108871 2 -0.3338178014898058876 2 
	-0.1669089007449029438 2 0 3 0.1678395271455722093 2 0.3356790542911444186 2 0.6713581085822888372 2 
	0.980731985737513523 2 1.13541892431512581 2 1.290105862892738209 2 1.450910849430014693 2 1.611715835967291177 2 
	1.933325809041844145 2 2.301545926007924958 2 2.485655984490965587 3 
	-5.467671602197236247 5.842667235131229653 14.9158448852797374 
	-5.448799663075948096 5.853865904328756642 14.91188688823288189 
	-5.430819925699759132 5.867609295952579629 14.90631279932983766 
	-5.377320787670408109 5.911428723995363121 14.88401532415531214 
	-5.343231343530645994 5.943492071701920842 14.86157075535560956 
	-5.290184621244075736 5.994217894429097804 14.80852403306903931 
	-5.266976317579253219 6.017142937358925359 14.77639613669769858 
	-5.242674793632311037 6.041922351862826446 14.72053420579693572 
	-5.236268879857675529 6.048639814800405468 14.70065021747518053 
	-5.22766828330508293 6.058153556000163142 14.65964869027931528 
	-5.225477504674368667 6.060946455824492318 14.6385295487265541 
	-5.225477504674368667 6.062425828198906075 14.59718309373849721 
	-5.227559808682504361 6.061231590361435551 14.57642963066475339 
	-5.235912597421874537 6.055028691314371159 14.53585319519696917 
	-5.242179676045722658 6.050023830109717338 14.51602894091059959 
	-5.266231753589051046 6.030447168261637181 14.46000944978197467 
	-5.289524695719459935 6.011085328237883552 14.42730851854937235 
	-5.341784551033925688 5.969831764413337183 14.3750486632349066 
	-5.374780204449547405 5.944439025383147168 14.35252248869769787 
	-5.429142845292191488 5.91167699221248899 14.32941776254502031 
	-5.448053612557791858 5.90173150322823048 14.32343038058931128 
	-5.487632557180649684 5.887026206136846795 14.31515327410287242 
	-5.508321084299912407 5.882335266338392543 14.3128386782054875 
	-5.53022513951577821 5.882335266338392543 14.3128386782054875 
	-5.552251324180551784 5.882335266338392543 14.3128386782054875 
	-5.573033395821153313 5.887076313023776208 14.31517770629428021 
	-5.612779870127008408 5.901904361517014586 14.3235315049306049 
	-5.63176424306511958 5.911923150945845862 14.32957216525967681 
	-5.686334937728434902 5.944899294101372966 14.35288631402506176 
	-5.719445391187152339 5.970424059105440939 14.37561851905854304 
	-5.771542557760746206 6.011594417805405932 14.42812520568226908 
	-5.794622491440676093 6.030779706759933134 14.46073858622339969 
	-5.818443113450366688 6.050162327420410158 14.51653911303173139 
	-5.824647382430552689 6.055113762977690328 14.53627597193841403 
	-5.832913901283128588 6.061245325839734299 14.5766553687676943 
	-5.834972774357188641 6.062421674945847272 14.59729917153855894 
	-5.834972774357188641 6.060941221731179773 14.63867583454836208 
	-5.832751635510473598 6.058115202600633964 14.65993023848096755 
	-5.824042825965921821 6.048491392469130368 14.70117133515836727 
	-5.817559049647979208 6.041696978923451589 14.72115963824126261 
	-5.792975254384912454 6.01664405717394235 14.7772792602885481 
	-5.769512307325745049 5.993477334823796632 14.80950375342782799 
	-5.716299420584923574 5.942636779126546642 14.86222097334588099 
	-5.682370563646785833 5.910754392232401955 14.88441784678373736 
	-5.629128183797637242 5.86722500335029995 14.9064779067689539 
	-5.611233215397160023 5.853578664848442692 14.911996055622188 
	-5.592449346713070923 5.842472151233693012 14.91591376566755756 
	0.0001560197662363001019 
	
	cone -5.530225139515777322 6.348833320724273754 14.61758631304689615 0 1 0 0.3047476348414097647 0 0 1 I I 0 1 0.3047476348414097647 forward I I I I 
	cone 10.33555422583333261 5.733096924689293772 14.60582907526679897 -1 0 0 0 -0.3288091473610770255 0 1 I I -0 -1 0.3288091473610770255 forward I I I I 
	nullbs 
	nullbs 
	I I 
	0 
	0 
	0 
	} F 0.5761331950554210435 F 1.213044027598271235 #
rgb_color-st-attrib $-1 -1 $2395 $-1 $1161 0 0 0 #
face $2396 -1 $-1 $2397 $2398 $39 $-1 $2399 forward single #
cone-surface $-1 -1 $-1 10.33555422583333261 5.733096924689293772 14.60582907526679897 -1 0 0 0 -0.3288091473610770255 0 1 I I 0 1 0.3288091473610770255 forward I I I I #
coedge $-1 -1 $-1 $2400 $1164 $2401 $2402 forward $1166 $-1 #
coedge $-1 -1 $-1 $1165 $2403 $2404 $2405 forward $1166 $-1 #
face $2406 -1 $-1 $2407 $1166 $39 $-1 $2408 forward single #
coedge $-1 -1 $-1 $1186 $2401 $1169 $1737 forward $1767 $-1 #
edge $2409 -1 $-1 $1739 -1.216026404017227058 $1189 5.827942386483761286e-17 $1736 $2410 forward @7 unknown #
DXID-attrib $-1 -1 $-1 $-1 $1170 @10 Revit:Edge @8 Edge:494 #
vertex $-1 -1 $-1 $1170 $2411 #
intcurve-curve $-1 -1 $-1 forward { surfintcur full nubs 3 open 10 
	9.141058807428439792 3 9.315828488440025978 2 9.665367850463201904 2 10.00358878713835153 2 10.34180972381350117 2 
	10.65234519738532271 2 10.96288067095714425 2 11.17713995178743502 2 11.39139923261772402 2 11.67322570058676234 3 
	-5.637793554792068562 -8.434609726894933601 13.71828861737733263 
	-5.646522525852028629 -8.454740827076530962 13.71461101964634821 
	-5.658015578822534586 -8.473999549987262014 13.70933341153050833 
	-5.6954984346801103 -8.530217676876848287 13.68882268473482711 
	-5.72413744324330942 -8.565336036051476754 13.66865315006816672 
	-5.772955805195944201 -8.624267161293348138 13.62079646334999872 
	-5.797334007592053418 -8.652608943551301834 13.5898145775568242 
	-5.835188036213116547 -8.697356339835289774 13.51638411344302071 
	-5.848571648117935062 -8.713695486257357459 13.47384756385985227 
	-5.858138988888065057 -8.728611005144490065 13.39057343393579202 
	-5.855797333463270249 -8.72887293203195469 13.34683563860061817 
	-5.835976137706448519 -8.714482638458779462 13.26493152373994278 
	-5.818586208383121239 -8.69996130655544242 13.22672060408248562 
	-5.784550554859051452 -8.671093485146945667 13.1742668447929816 
	-5.767466350563119626 -8.65648258393528458 13.15327094040625511 
	-5.729955761447661722 -8.624871541391838647 13.11656773702937606 
	-5.709540457270295022 -8.607909192499185735 13.1008165881513996 
	-5.663878909148487573 -8.571564740476331323 13.07196317194875768 
	-5.63394569822396285 -8.548533255442960055 13.05792140915084865 
	-5.60203033886159929 -8.529227552343220609 13.04832526532649872 
	0.0001917639064392591961 
	
	cone 10.33555422583333261 -8.370540768333926351 13.3675772272548965 -1 0 0 0 -0.3565155124432592415 0 1 I I 0 1 0.3565155124432592415 forward I I I I 
	cone -5.499373846666866683 6.348833320724273754 13.3897413680879076 0 1 0 0.3565155124437288658 0 0 1 I I 0 1 0.3565155124437288658 forward I I I I 
	nullbs 
	nullbs 
	I I 
	0 
	0 
	0 
	} F 10.7578148445754298 F 11.27543790472799046 #
rgb_color-st-attrib $-1 -1 $2412 $-1 $1171 0 0 0 #
face $2413 -1 $-1 $2414 $2415 $39 $-1 $2416 reversed single #
cone-surface $-1 -1 $-1 -5.499373846666866683 6.348833320724273754 13.3897413680879076 0 1 0 0.3565155124437288658 0 0 1 I I 0 1 0.3565155124437288658 forward I I I I #
coedge $-1 -1 $-1 $2404 $2417 $1173 $1745 forward $2418 $-1 #
edge $2419 -1 $-1 $2420 -2.46685171136665593 $1747 -2.372727209254176017 $1744 $2421 forward @7 unknown #
DXID-attrib $-1 -1 $-1 $-1 $1174 @10 Revit:Edge @8 Edge:495 #
vertex $-1 -1 $-1 $2405 $2422 #
intcurve-curve $-1 -1 $-1 forward { surfintcur full nubs 3 open 10 
	9.141058807428439792 3 9.315828488440025978 2 9.665367850463201904 2 10.00358878713835153 2 10.34180972381350117 2 
	10.65234519738532271 2 10.96288067095714425 2 11.17713995178743502 2 11.39139923261772402 2 11.67322570058676234 3 
	-5.637793554792068562 -8.434609726894933601 13.71828861737733263 
	-5.646522525852028629 -8.454740827076530962 13.71461101964634821 
	-5.658015578822534586 -8.473999549987262014 13.70933341153050833 
	-5.6954984346801103 -8.530217676876848287 13.68882268473482711 
	-5.72413744324330942 -8.565336036051476754 13.66865315006816672 
	-5.772955805195944201 -8.624267161293348138 13.62079646334999872 
	-5.797334007592053418 -8.652608943551301834 13.5898145775568242 
	-5.835188036213116547 -8.697356339835289774 13.51638411344302071 
	-5.848571648117935062 -8.713695486257357459 13.47384756385985227 
	-5.858138988888065057 -8.728611005144490065 13.39057343393579202 
	-5.855797333463270249 -8.72887293203195469 13.34683563860061817 
	-5.835976137706448519 -8.714482638458779462 13.26493152373994278 
	-5.818586208383121239 -8.69996130655544242 13.22672060408248562 
	-5.784550554859051452 -8.671093485146945667 13.1742668447929816 
	-5.767466350563119626 -8.65648258393528458 13.15327094040625511 
	-5.729955761447661722 -8.624871541391838647 13.11656773702937606 
	-5.709540457270295022 -8.607909192499185735 13.1008165881513996 
	-5.663878909148487573 -8.571564740476331323 13.07196317194875768 
	-5.63394569822396285 -8.548533255442960055 13.05792140915084865 
	-5.60203033886159929 -8.529227552343220609 13.04832526532649872 
	0.0001917639064392591961 
	
	cone 10.33555422583333261 -8.370540768333926351 13.3675772272548965 -1 0 0 0 -0.3565155124432592415 0 1 I I 0 1 0.3565155124432592415 forward I I I I 
	cone -5.499373846666866683 6.348833320724273754 13.3897413680879076 0 1 0 0.3565155124437288658 0 0 1 I I 0 1 0.3565155124437288658 forward I I I I 
	nullbs 
	nullbs 
	I I 
	0 
	0 
	0 
	} F 9.657492938431639473 F 10.11752666677633528 #
coedge $-1 -1 $-1 $2423 $1180 $1175 $1750 forward $1759 $-1 #
edge $2424 -1 $-1 $1183 2.372727209254168468 $2425 2.466851711366657707 $1749 $2426 forward @7 unknown #
coedge $-1 -1 $-1 $2427 $2428 $1176 $1752 reversed $2415 $-1 #
edge $2429 -1 $-1 $2420 -1.191792208074773152 $2425 1.748382715945128263e-16 $1176 $2430 forward @7 unknown #
rgb_color-st-attrib $-1 -1 $2431 $-1 $1177 0 0 0 #
cone-surface $-1 -1 $-1 -5.499373846666866683 6.348833320724273754 13.3897413680879076 0 1 0 0.3565155124437288658 0 0 1 I I 0 1 0.3565155124437288658 forward I I I I #
coedge $-1 -1 $-1 $1185 $1179 $2432 $2433 forward $449 $-1 #
coedge $-1 -1 $-1 $2434 $2435 $1179 $1757 reversed $2436 $-1 #
edge $2437 -1 $-1 $1761 4.039358043993642511 $2438 5.652421848720397435 $1179 $2439 forward @7 unknown #
coedge $-1 -1 $-1 $1180 $2440 $2434 $2441 forward $1759 $-1 #
loop $-1 -1 $-1 $-1 $1749 $2442 #
DXID-attrib $-1 -1 $-1 $-1 $1181 @10 Revit:Edge @8 Edge:843 #
vertex $-1 -1 $-1 $2441 $2443 #
straight-curve $-1 -1 $-1 -5.747266313012528549 5.972207021667027327 13.64596907100482603 -12 1.002170721421806274e-14 -1.002170721421806274e-14 F -1.329381911756576162 F -1.748382715945117169e-16 #
point $-1 -1 $-1 -5.747266313012526773 5.972207021667043314 13.64596907100482603 #
coedge $-1 -1 $-1 $2444 $2445 $1185 $1765 reversed $1775 $-1 #
edge $2446 -1 $-1 $2447 -1.302651870018768365 $1769 1.282147325026426867e-15 $1185 $2448 forward @7 unknown #
coedge $-1 -1 $-1 $2449 $1186 $2445 $2450 reversed $1767 $-1 #
loop $-1 -1 $-1 $-1 $2449 $2451 #
DXID-attrib $-1 -1 $-1 $-1 $1187 @10 Revit:Edge @8 Edge:457 #
vertex $-1 -1 $-1 $1765 $2452 #
ellipse-curve $-1 -1 $-1 -7.347549877667867158 5.705032133957653961 13.37781879581337385 0.1617750270663992906 0 0.9868276651055470916 -2.309049355090007527 0 0.3785326811621000931 0.1617750270663992906 F -2.437973909189960153 F -2.351744462119770951 #
point $-1 -1 $-1 -5.722087321666672111 5.973883613527886993 13.11134952433791057 #
DXID-attrib $-1 -1 $-1 $1191 $750 @10 Revit:Face @8 Face:101 #
rgb_color-st-attrib $-1 -1 $2453 $-1 $1192 0 0 0 #
face $2454 -1 $-1 $2455 $2456 $39 $-1 $2457 reversed single #
loop $-1 -1 $-1 $-1 $2458 $1192 #
plane-surface $-1 -1 $-1 -5.833444059166946083 5.949935674166819233 13.08918538350495808 2.599288308782447415e-16 0.1617750270665596624 -0.9868276651055207793 12 -1.928076308870352365e-14 0 forward_v I I I I #
face $2459 -1 $-1 $2460 $2461 $1194 $-1 $2462 forward single #
DXID-attrib $-1 -1 $-1 $-1 $1195 @10 Revit:Face @6 Face:0 #
face $2463 -1 $-1 $2464 $2465 $754 $-1 $2466 forward single #
loop $-1 -1 $-1 $-1 $2467 $1195 #
plane-surface $-1 -1 $-1 -40.49956604000010429 10.97373132500001702 22.4570329218379392 0 0 1 -12 0 0 forward_v I I I I #
DXID-attrib $-1 -1 $-1 $-1 $1197 @10 Revit:Face @7 Face:90 #
face $2468 -1 $-1 $2469 $2470 $455 $-1 $2471 forward single #
loop $-1 -1 $-1 $-1 $2472 $1197 #
plane-surface $-1 -1 $-1 16.20851730999981299 -10.58264109500009909 22.4570329218379392 0 1 0 0 0 -12 forward_v I I I I #
coedge $-1 -1 $-1 $2473 $2474 $2472 $2475 forward $1198 $-1 #
DXID-attrib $-1 -1 $-1 $-1 $1201 @10 Revit:Face @7 Face:77 #
face $2476 -1 $-1 $2477 $2478 $273 $-1 $2479 forward single #
loop $-1 -1 $-1 $-1 $2480 $1201 #
plane-surface $-1 -1 $-1 17.55560587999990929 -10.62609556500001418 22.4570329218379392 -1 -0 -0 0 0 -12 forward_v I I I I #
coedge $-1 -1 $-1 $2481 $2482 $1204 $1794 reversed $1202 $-1 #
coedge $-1 -1 $-1 $2483 $1204 $2480 $2484 forward $758 $-1 #
coedge $-1 -1 $-1 $1204 $2483 $2485 $2486 forward $758 $-1 #
edge $2487 -1 $-1 $2488 0 $2489 1.911996680000017657 $1204 $2490 forward @7 unknown #
DXID-attrib $-1 -1 $-1 $-1 $1206 @10 Revit:Face @7 Face:65 #
face $2491 -1 $-1 $2492 $2493 $164 $-1 $2494 forward single #
loop $-1 -1 $-1 $-1 $2495 $1206 #
plane-surface $-1 -1 $-1 40.49956604000011851 10.97373132500001702 22.4570329218379392 0 1 0 0 0 -12 forward_v I I I I #
coedge $-1 -1 $-1 $2496 $2497 $1210 $1803 reversed $1207 $-1 #
coedge $-1 -1 $-1 $2498 $1209 $2499 $2500 forward $762 $-1 #
coedge $-1 -1 $-1 $1209 $2498 $2496 $2501 forward $762 $-1 #
coedge $-1 -1 $-1 $1211 $1210 $2495 $2502 forward $459 $-1 #
edge $2503 -1 $-1 $1808 0 $2504 0.02896964666667638244 $1210 $2505 forward @7 unknown #
coedge $-1 -1 $-1 $2506 $2499 $1211 $1805 reversed $2493 $-1 #
edge $2507 -1 $-1 $2508 0 $1807 0.02896964666667638244 $1211 $2509 forward @7 unknown #
DXID-attrib $-1 -1 $-1 $-1 $1212 @10 Revit:Edge @7 Edge:59 #
vertex $-1 -1 $-1 $1212 $2510 #
vertex $-1 -1 $-1 $1212 $2511 #
straight-curve $-1 -1 $-1 17.55560587999990929 10.62609556499990049 22.4570329218379392 12 0 0 F 0 F 1.911996680000017657 #
DXID-attrib $-1 -1 $-1 $-1 $1214 @10 Revit:Face @7 Face:53 #
face $2512 -1 $-1 $-1 $2513 $94 $-1 $2514 forward single #
loop $-1 -1 $-1 $-1 $1222 $1214 #
plane-surface $-1 -1 $-1 16.20851730999981299 10.5826410949999854 22.4570329218379392 1 0 0 0 0 -12 forward_v I I I I #
coedge $-1 -1 $-1 $2515 $2516 $1220 $1821 reversed $1215 $-1 #
coedge $-1 -1 $-1 $2517 $1217 $1219 $1820 reversed $767 $-1 #
coedge $-1 -1 $-1 $1217 $2517 $2515 $2518 forward $767 $-1 #
coedge $-1 -1 $-1 $1219 $1218 $2519 $2520 reversed $463 $-1 #
coedge $-1 -1 $-1 $1222 $2521 $1218 $1819 reversed $1812 $-1 #
edge $2522 -1 $-1 $1225 0 $2523 0.09419759854167344959 $1218 $2524 forward @7 unknown #
edge $2525 -1 $-1 $2526 -0.09419759854167344959 $1226 0 $1219 $2527 forward @7 unknown #
edge $2528 -1 $-1 $1823 0 $1827 1.796118093333328503 $1220 $2529 forward @7 unknown #
DXID-attrib $-1 -1 $-1 $-1 $1221 @10 Revit:Edge @7 Edge:46 #
vertex $-1 -1 $-1 $1221 $2530 #
straight-curve $-1 -1 $-1 -5.344899810000128149 10.97373132500001702 22.4570329218379392 0 -12 0 F 0 F 0.03259085250000264 #
coedge $-1 -1 $-1 $2521 $1222 $2516 $2531 reversed $1812 $-1 #
DXID-attrib $-1 -1 $-1 $-1 $1223 @10 Revit:Edge @7 Edge:54 #
vertex $-1 -1 $-1 $1821 $2532 #
straight-curve $-1 -1 $-1 16.20851730999981299 10.5826410949999854 22.4570329218379392 0 12 0 F 0 F 0.03259085250000264 #
point $-1 -1 $-1 16.20851730999981299 10.97373132500001702 22.4570329218379392 #
point $-1 -1 $-1 -5.344899810000128149 10.97373132500001702 22.4570329218379392 #
DXID-attrib $-1 -1 $-1 $-1 $1229 @10 Revit:Face @6 Face:1 #
loop $-1 -1 $-1 $-1 $2533 $1229 #
plane-surface $-1 -1 $-1 -40.49956604000010429 10.97373132500001702 21.32666173933785814 -0 -0 -1 12 0 0 forward_v I I I I #
coedge $-1 -1 $-1 $2534 $1232 $1234 $1837 reversed $775 $-1 #
coedge $-1 -1 $-1 $1232 $2534 $1243 $1850 forward $775 $-1 #
coedge $-1 -1 $-1 $1234 $1233 $2535 $2536 reversed $468 $-1 #
edge $2537 -1 $-1 $2538 -0.09419759854167344959 $1241 0 $1234 $2539 forward @7 unknown #
coedge $-1 -1 $-1 $2533 $2535 $1235 $1839 forward $1832 $-1 #
edge $2540 -1 $-1 $1845 0 $1842 1.73093638833334329 $1838 $2541 forward @7 unknown #
coedge $-1 -1 $-1 $1236 $1243 $2533 $2542 reversed $1230 $-1 #
DXID-attrib $-1 -1 $-1 $-1 $1237 @10 Revit:Edge @7 Edge:41 #
vertex $-1 -1 $-1 $2542 $2543 #
straight-curve $-1 -1 $-1 -27.50667951000003342 10.62609556499990049 22.4570329218379392 0 0 -12 F 0 F 0.09419759854167344959 #
DXID-attrib $-1 -1 $-1 $-1 $1238 @10 Revit:Edge @7 Edge:32 #
vertex $-1 -1 $-1 $2536 $2544 #
straight-curve $-1 -1 $-1 -6.735442849999916604 10.62609556499990049 22.4570329218379392 0 0 12 F -0.09419759854167344959 F 0 #
DXID-attrib $-1 -1 $-1 $-1 $1239 @10 Revit:Edge @7 Edge:34 #
straight-curve $-1 -1 $-1 -6.735442849999916604 10.97373132500001702 22.4570329218379392 -12 0 0 F 0 F 1.73093638833334329 #
point $-1 -1 $-1 -6.735442849999916604 10.97373132500001702 22.4570329218379392 #
edge $2545 -1 $-1 $2546 -0.09419759854167344959 $1245 0 $1835 $2547 forward @7 unknown #
point $-1 -1 $-1 -27.50667951000003342 10.97373132500001702 22.4570329218379392 #
DXID-attrib $-1 -1 $-1 $-1 $1250 @10 Revit:Face @7 Face:21 #
face $2548 -1 $-1 $-1 $1865 $41 $-1 $2549 forward single #
plane-surface $-1 -1 $-1 -28.02813315000014427 10.5826410949999854 22.4570329218379392 1 0 0 0 0 -12 forward_v I I I I #
coedge $-1 -1 $-1 $2550 $1253 $1255 $1858 reversed $790 $-1 #
coedge $-1 -1 $-1 $1253 $2550 $1272 $1875 forward $790 $-1 #
coedge $-1 -1 $-1 $1255 $1254 $2551 $2552 reversed $476 $-1 #
edge $2553 -1 $-1 $2554 -0.09419759854167344959 $1269 0 $1255 $2555 forward @7 unknown #
coedge $-1 -1 $-1 $1258 $2551 $1256 $1860 forward $1865 $-1 #
edge $2556 -1 $-1 $1862 0 $1265 0.249863202500004461 $1859 $2557 forward @7 unknown #
DXID-attrib $-1 -1 $-1 $-1 $1257 @10 Revit:Edge @7 Edge:12 #
vertex $-1 -1 $-1 $2552 $2558 #
straight-curve $-1 -1 $-1 -40.49956604000010429 7.975372894999964046 22.4570329218379392 0 0 12 F -0.09419759854167344959 F 0 #
coedge $-1 -1 $-1 $2559 $1258 $1260 $1868 forward $1865 $-1 #
loop $-1 -1 $-1 $-1 $1864 $1853 #
DXID-attrib $-1 -1 $-1 $-1 $1259 @10 Revit:Edge @6 Edge:4 #
straight-curve $-1 -1 $-1 -40.49956604000010429 10.97373132500001702 21.32666173933785814 12 0 0 F 4.662353909187009029e-16 F 1.039286074166663632 #
edge $2560 -1 $-1 $1262 0 $1878 0.03259085250000264 $1864 $2561 forward @7 unknown #
point $-1 -1 $-1 -28.02813315000014427 10.97373132500001702 21.32666173933785814 #
point $-1 -1 $-1 -40.49956604000009719 10.97373132500001702 21.32666173933785814 #
DXID-attrib $-1 -1 $-1 $-1 $1267 @10 Revit:Edge @7 Edge:14 #
straight-curve $-1 -1 $-1 -40.10847580999996609 7.975372894999964046 22.4570329218379392 0 12 0 F 0 F 0.2172723500000018348 #
point $-1 -1 $-1 -40.10847580999996609 7.975372894999964046 22.4570329218379392 #
coedge $-1 -1 $-1 $1273 $1272 $2559 $2562 reversed $1251 $-1 #
edge $2563 -1 $-1 $2564 -0.09419759854167344959 $1275 0 $1856 $2565 forward @7 unknown #
point $-1 -1 $-1 -40.10847580999996609 10.5826410949999854 22.4570329218379392 #
DXID-attrib $-1 -1 $-1 $-1 $1277 @10 Revit:Edge @7 Edge:24 #
vertex $-1 -1 $-1 $1868 $2566 #
straight-curve $-1 -1 $-1 -28.02813315000014427 10.5826410949999854 22.4570329218379392 0 0 12 F -0.09419759854167344959 F 0 #
lump $-1 -1 $-1 $2567 $2568 $6 #
shell $-1 -1 $-1 $-1 $-1 $2569 $-1 $1279 #
face $2570 -1 $-1 $2571 $2572 $1280 $-1 $2573 forward single #
DXID-attrib $-1 -1 $-1 $-1 $1281 @10 Revit:Face @6 Face:0 #
face $2574 -1 $-1 $2575 $2576 $814 $-1 $2577 forward single #
loop $-1 -1 $-1 $-1 $2578 $1281 #
plane-surface $-1 -1 $-1 -35.89339222000001683 10.5826410949999854 22.10596108082838285 0 0 1 0 -12 0 forward_v I I I I #
DXID-attrib $-1 -1 $-1 $-1 $1283 @10 Revit:Face @7 Face:82 #
face $2579 -1 $-1 $2580 $2581 $491 $-1 $2582 forward single #
loop $-1 -1 $-1 $-1 $2583 $1283 #
plane-surface $-1 -1 $-1 7.778350129999701323 10.5826410949999854 22.10596108082838285 -1 0 0 0 0 -12 forward_v I I I I #
coedge $-1 -1 $-1 $2584 $2585 $2583 $2586 forward $1284 $-1 #
DXID-attrib $-1 -1 $-1 $-1 $1287 @10 Revit:Face @7 Face:69 #
face $2587 -1 $-1 $2588 $2589 $293 $-1 $2590 forward single #
loop $-1 -1 $-1 $-1 $2591 $1287 #
plane-surface $-1 -1 $-1 -4.649628289999898634 10.5826410949999854 22.10596108082838285 -1 -0 -0 0 0 -12 forward_v I I I I #
coedge $-1 -1 $-1 $2592 $2593 $1290 $1899 reversed $1288 $-1 #
coedge $-1 -1 $-1 $2594 $1290 $2591 $2595 forward $818 $-1 #
coedge $-1 -1 $-1 $1290 $2594 $2596 $2597 forward $818 $-1 #
edge $2598 -1 $-1 $2599 0 $2600 0.04689233083186028495 $1290 $2601 forward @7 unknown #
DXID-attrib $-1 -1 $-1 $-1 $1292 @10 Revit:Face @7 Face:57 #
face $2602 -1 $-1 $2603 $2604 $176 $-1 $2605 forward single #
loop $-1 -1 $-1 $-1 $2606 $1292 #
plane-surface $-1 -1 $-1 -8.212894830000205815 9.929346395000038683 22.10596108082838285 1 0 0 0 0 -12 forward_v I I I I #
coedge $-1 -1 $-1 $2607 $2608 $1296 $1908 reversed $1293 $-1 #
coedge $-1 -1 $-1 $2609 $1295 $2610 $2611 forward $822 $-1 #
coedge $-1 -1 $-1 $1295 $2609 $2607 $2612 forward $822 $-1 #
coedge $-1 -1 $-1 $1297 $1296 $2606 $2613 forward $495 $-1 #
edge $2614 -1 $-1 $1913 0 $2615 0.05069688166668125107 $1296 $2616 forward @7 unknown #
coedge $-1 -1 $-1 $2617 $2610 $1297 $1910 reversed $2604 $-1 #
edge $2618 -1 $-1 $2619 0 $1912 0.05069688166668125107 $1297 $2620 forward @7 unknown #
DXID-attrib $-1 -1 $-1 $-1 $1298 @10 Revit:Edge @7 Edge:51 #
vertex $-1 -1 $-1 $1298 $2621 #
vertex $-1 -1 $-1 $1298 $2622 #
straight-curve $-1 -1 $-1 -8.821257410000381327 10.62609556499990049 22.10596108082838285 0 -12 0 F 0 F 0.05806243083332179172 #
DXID-attrib $-1 -1 $-1 $-1 $1300 @10 Revit:Face @7 Face:45 #
face $2623 -1 $-1 $-1 $2624 $101 $-1 $2625 forward single #
loop $-1 -1 $-1 $-1 $1308 $1300 #
plane-surface $-1 -1 $-1 -24.59523002000003089 9.929346395000038683 22.10596108082838285 1 0 0 0 0 -12 forward_v I I I I #
coedge $-1 -1 $-1 $2626 $2627 $1306 $1926 reversed $1301 $-1 #
coedge $-1 -1 $-1 $2628 $1303 $1305 $1925 reversed $827 $-1 #
coedge $-1 -1 $-1 $1303 $2628 $2626 $2629 forward $827 $-1 #
coedge $-1 -1 $-1 $1305 $1304 $2630 $2631 reversed $499 $-1 #
coedge $-1 -1 $-1 $1308 $2632 $1304 $1924 reversed $1917 $-1 #
edge $2633 -1 $-1 $1311 -2.331176954593504514e-16 $2634 0.04361902086167396969 $1304 $2635 forward @7 unknown #
edge $2636 -1 $-1 $2637 -0.04361902086167396969 $1312 2.331176954593504514e-16 $1305 $2638 forward @7 unknown #
edge $2639 -1 $-1 $1928 0 $1932 0.05069688166668113311 $1306 $2640 forward @7 unknown #
DXID-attrib $-1 -1 $-1 $-1 $1307 @10 Revit:Edge @7 Edge:38 #
vertex $-1 -1 $-1 $1307 $2641 #
straight-curve $-1 -1 $-1 -25.20359260000020285 10.62609556499990049 22.10596108082838285 0 -12 0 F 0 F 0.05806243083332179172 #
coedge $-1 -1 $-1 $2632 $1308 $2627 $2642 reversed $1917 $-1 #
DXID-attrib $-1 -1 $-1 $-1 $1309 @10 Revit:Edge @7 Edge:46 #
vertex $-1 -1 $-1 $1926 $2643 #
straight-curve $-1 -1 $-1 -24.59523002000003089 9.929346395000038683 22.10596108082838285 0 12 0 F 0 F 0.05806243083332179172 #
point $-1 -1 $-1 -24.59523002000003089 10.62609556499990049 22.1059610808283864 #
point $-1 -1 $-1 -25.20359260000020285 10.62609556499990049 22.1059610808283864 #
DXID-attrib $-1 -1 $-1 $-1 $1315 @10 Revit:Face @6 Face:1 #
loop $-1 -1 $-1 $-1 $2644 $1315 #
plane-surface $-1 -1 $-1 -35.89339222000001683 10.5826410949999854 21.58253283048829729 0 0 -1 0 12 0 forward_v I I I I #
coedge $-1 -1 $-1 $2645 $1318 $1320 $1942 reversed $835 $-1 #
coedge $-1 -1 $-1 $1318 $2645 $1329 $1955 forward $835 $-1 #
coedge $-1 -1 $-1 $1320 $1319 $2646 $2647 reversed $504 $-1 #
edge $2648 -1 $-1 $2649 -0.04361902086167396969 $1327 2.331176954593504514e-16 $1320 $2650 forward @7 unknown #
coedge $-1 -1 $-1 $2644 $2646 $1321 $1944 forward $1937 $-1 #
edge $2651 -1 $-1 $1950 0 $1947 0.05444122499999565212 $1943 $2652 forward @7 unknown #
coedge $-1 -1 $-1 $1322 $1329 $2644 $2653 reversed $1316 $-1 #
DXID-attrib $-1 -1 $-1 $-1 $1323 @10 Revit:Edge @7 Edge:33 #
vertex $-1 -1 $-1 $2653 $2654 #
straight-curve $-1 -1 $-1 -32.02594438999983595 10.58264109499997474 22.10596108082838285 0 0 -12 F -2.331176954593504514e-16 F 0.04361902086167396969 #
DXID-attrib $-1 -1 $-1 $-1 $1324 @10 Revit:Edge @7 Edge:24 #
vertex $-1 -1 $-1 $2647 $2655 #
straight-curve $-1 -1 $-1 -32.02594438999983595 9.929346395000026249 22.10596108082838285 0 0 12 F -0.04361902086167396969 F 2.331176954593504514e-16 #
DXID-attrib $-1 -1 $-1 $-1 $1325 @10 Revit:Edge @7 Edge:26 #
straight-curve $-1 -1 $-1 -31.37412733999974535 9.929346395000026249 22.10596108082838285 0 12 0 F 0 F 0.05444122499999565212 #
point $-1 -1 $-1 -31.37412733999974535 9.929346395000026249 22.1059610808283864 #
edge $2656 -1 $-1 $2657 -0.04361902086167396969 $1331 2.331176954593504514e-16 $1940 $2658 forward @7 unknown #
point $-1 -1 $-1 -31.37412733999974535 10.58264109499997474 22.1059610808283864 #
coedge $-1 -1 $-1 $2659 $1342 $1344 $1966 forward $1336 $-1 #
coedge $-1 -1 $-1 $1339 $1338 $2659 $2660 reversed $512 $-1 #
coedge $-1 -1 $-1 $1342 $2659 $1340 $1960 forward $1336 $-1 #
edge $2661 -1 $-1 $1962 0 $1349 0.05431808750000762659 $1959 $2662 forward @7 unknown #
DXID-attrib $-1 -1 $-1 $-1 $1341 @10 Revit:Edge @7 Edge:12 #
vertex $-1 -1 $-1 $2660 $2663 #
straight-curve $-1 -1 $-1 -35.24157516999992623 9.929346395000038683 22.10596108082838285 0 0 12 F -0.04361902086167396969 F 2.331176954593504514e-16 #
DXID-attrib $-1 -1 $-1 $-1 $1343 @10 Revit:Edge @6 Edge:4 #
straight-curve $-1 -1 $-1 -35.89339222000001683 9.929346395000038683 21.58253283048829729 0 12 0 F 0 F 0.05444122499999553416 #
edge $2664 -1 $-1 $1346 0 $1970 0.05431808750000762659 $1957 $2665 forward @7 unknown #
point $-1 -1 $-1 -35.89339222000001683 10.5826410949999854 21.58253283048829729 #
point $-1 -1 $-1 -35.89339222000001683 9.929346395000038683 21.58253283048829729 #
DXID-attrib $-1 -1 $-1 $-1 $1354 @10 Revit:Edge @7 Edge:16 #
vertex $-1 -1 $-1 $1966 $2666 #
straight-curve $-1 -1 $-1 -35.24157516999992623 10.5826410949999854 22.10596108082838285 0 0 12 F -0.04361902086167396969 F 2.331176954593504514e-16 #
DXID-attrib $-1 -1 $-1 $-1 $1357 @10 Revit:Face @8 Face:117 #
face $2667 -1 $-1 $2668 $2669 $107 $-1 $2670 forward single #
loop $-1 -1 $-1 $-1 $2671 $1357 #
cone-surface $-1 -1 $-1 16.13995987477336769 -9.929535093333381468 21.73163355528028617 0 -1 0 0.5483724659199609164 0 0 1 I I 0 1 0.5483724659199609164 forward I I I I #
coedge $-1 -1 $-1 $2672 $2673 $1363 $1984 reversed $1358 $-1 #
coedge $-1 -1 $-1 $2674 $1360 $1362 $1982 reversed $871 $-1 #
coedge $-1 -1 $-1 $1360 $2674 $2672 $2675 forward $871 $-1 #
coedge $-1 -1 $-1 $1362 $1361 $2676 $2677 reversed $527 $-1 #
coedge $-1 -1 $-1 $1366 $2678 $1361 $1981 reversed $1992 $-1 #
edge $2679 -1 $-1 $1369 0 $2680 1.654922515555550033 $1361 $2681 forward @7 unknown #
edge $2682 -1 $-1 $2683 -1.654922515555550033 $1370 -1.165588477296756695e-16 $1362 $2684 forward @7 unknown #
coedge $-1 -1 $-1 $2685 $1363 $2671 $2686 forward $314 $-1 #
edge $2687 -1 $-1 $1986 0 $2688 0.1837103647906841997 $1363 $2689 forward @7 unknown #
DXID-attrib $-1 -1 $-1 $-1 $1364 @10 Revit:Edge @8 Edge:110 #
vertex $-1 -1 $-1 $1364 $2690 #
ellipse-curve $-1 -1 $-1 14.16520264151755271 9.885206811666650495 20.46978769089431793 0 1 0 0.3588184629282586968 0 0 1 F 3.244334472795214808 F 4.456103378640593249 #
coedge $-1 -1 $-1 $1365 $2691 $2692 $2693 forward $314 $-1 #
coedge $-1 -1 $-1 $2694 $2695 $1365 $1990 reversed $2696 $-1 #
edge $2697 -1 $-1 $2698 1.341122590992253727 $1994 1.706324040780972995 $1365 $2699 forward @7 unknown #
coedge $-1 -1 $-1 $2678 $1366 $2695 $2700 reversed $1992 $-1 #
loop $-1 -1 $-1 $-1 $1366 $2701 #
DXID-attrib $-1 -1 $-1 $-1 $1367 @10 Revit:Edge @8 Edge:186 #
vertex $-1 -1 $-1 $1990 $2702 #
straight-curve $-1 -1 $-1 17.74735423693466529 9.885206811666646942 19.9628748000560492 -11.9281856808317599 4.03432886092278388e-15 1.310872367395147675 F 3.918639361597773701e-32 F 0.330232778605325461 #
point $-1 -1 $-1 13.80827633583333736 9.885206811666648719 20.39576782433789148 #
point $-1 -1 $-1 13.8082763358333338 9.885206811666648719 20.50658852850450486 #
DXID-attrib $-1 -1 $-1 $-1 $1373 @10 Revit:Face @7 Face:57 #
face $2703 -1 $-1 $2704 $2705 $64 $-1 $2706 forward single #
loop $-1 -1 $-1 $-1 $2707 $1373 #
plane-surface $-1 -1 $-1 -6.671389794166620923 9.885206811666650495 22.30188393600460017 -3.082520428550263935e-15 1.61006647384086336e-15 1 0 -12 1.932079768609035795e-14 forward_v I I I I #
coedge $-1 -1 $-1 $2708 $2709 $1383 $2017 reversed $1374 $-1 #
coedge $-1 -1 $-1 $2710 $1376 $1378 $2006 reversed $879 $-1 #
coedge $-1 -1 $-1 $1376 $2710 $2708 $2711 forward $879 $-1 #
coedge $-1 -1 $-1 $1378 $1377 $2712 $2713 reversed $532 $-1 #
edge $2714 -1 $-1 $2715 -1.654922515555550033 $1386 0 $1378 $2716 forward @7 unknown #
coedge $-1 -1 $-1 $2717 $2712 $1379 $2008 forward $2718 $-1 #
edge $2719 -1 $-1 $2014 3.349088880025733683 $2011 4.387381108516787975 $2007 $2720 forward @7 unknown #
coedge $-1 -1 $-1 $1380 $1391 $2717 $2721 reversed $1392 $-1 #
DXID-attrib $-1 -1 $-1 $-1 $1381 @10 Revit:Edge @8 Edge:105 #
vertex $-1 -1 $-1 $2721 $2722 #
straight-curve $-1 -1 $-1 -27.23971248750000029 9.885206811666650495 20.59524509183790641 -6.44026589536345265e-15 -12 3.220132947681726325e-15 F 1.165588477296750532e-16 F 1.654922515555550033 #
DXID-attrib $-1 -1 $-1 $-1 $1382 @10 Revit:Edge @7 Edge:48 #
vertex $-1 -1 $-1 $2713 $2723 #
straight-curve $-1 -1 $-1 -27.59433874083318727 9.885206811666648719 20.9941996268379043 0 12 -1.932079768609035795e-14 F -1.654922515555550033 F 0 #
coedge $-1 -1 $-1 $2724 $1383 $2707 $2725 forward $190 $-1 #
edge $2726 -1 $-1 $2019 2.315209801238155492e-16 $2727 0.03161574828351190747 $1383 $2728 forward @7 unknown #
DXID-attrib $-1 -1 $-1 $-1 $1384 @10 Revit:Edge @7 Edge:50 #
vertex $-1 -1 $-1 $1384 $2729 #
straight-curve $-1 -1 $-1 -27.59433874083318727 9.885206811666650495 22.67867433017121925 12 0 3.82860817558760738e-14 F 0 F 1.739885055416664716 #
point $-1 -1 $-1 -27.59433874083318727 9.885206811666650495 22.67867433017121925 #
coedge $-1 -1 $-1 $1388 $2730 $2731 $2732 forward $190 $-1 #
coedge $-1 -1 $-1 $2733 $2734 $1388 $2024 reversed $2735 $-1 #
edge $2736 -1 $-1 $2737 2.36840594354574015e-15 $2029 0.1338032210010806911 $1388 $2738 forward @7 unknown #
coedge $-1 -1 $-1 $2739 $1389 $2734 $2740 reversed $2027 $-1 #
coedge $-1 -1 $-1 $1389 $2739 $1391 $2031 forward $2027 $-1 #
loop $-1 -1 $-1 $-1 $1389 $2741 #
DXID-attrib $-1 -1 $-1 $-1 $1390 @10 Revit:Edge @7 Edge:98 #
vertex $-1 -1 $-1 $2024 $2742 #
straight-curve $-1 -1 $-1 -7.690940272499868335 9.885206811666645166 18.55614413517136185 -11.95071847761308881 0 1.086428952503144751 F 2.110548447398743621e-17 F 0.02040091142832967802 #
edge $2743 -1 $-1 $2744 -1.654922515555549811 $1394 0 $2026 $2745 forward @2 g2 #
face $2746 -1 $-1 $2747 $1392 $64 $-1 $2748 forward single #
point $-1 -1 $-1 -7.934745821666555621 9.885206811666645166 18.57830827600455237 #
DXID-attrib $-1 -1 $-1 $-1 $1399 @10 Revit:Face @7 Face:21 #
face $2749 -1 $-1 $2750 $2751 $45 $-1 $2752 forward single #
loop $-1 -1 $-1 $-1 $2753 $1399 #
plane-surface $-1 -1 $-1 -39.69595963583318365 9.885206811666650495 21.28233345767132789 -1 0 0 0 -12 1.932079768609035795e-14 forward_v I I I I #
coedge $-1 -1 $-1 $2754 $2755 $1417 $2056 reversed $1400 $-1 #
coedge $-1 -1 $-1 $2756 $1402 $1404 $2042 reversed $895 $-1 #
coedge $-1 -1 $-1 $1402 $2756 $2754 $2757 forward $895 $-1 #
coedge $-1 -1 $-1 $1404 $1403 $2758 $2759 reversed $540 $-1 #
edge $2760 -1 $-1 $2761 -1.654922515555550033 $1420 1.165588477296748559e-16 $1404 $2762 forward @7 unknown #
coedge $-1 -1 $-1 $1407 $2758 $1405 $2044 forward $2049 $-1 #
edge $2763 -1 $-1 $2046 3.544722037124565484e-17 $1415 0.02429364643537006152 $2043 $2764 forward @7 unknown #
DXID-attrib $-1 -1 $-1 $-1 $1406 @10 Revit:Edge @7 Edge:12 #
vertex $-1 -1 $-1 $2759 $2765 #
straight-curve $-1 -1 $-1 -29.25664930333330105 9.885206811666646942 20.17412641600466827 0 12 -1.932079768609035795e-14 F -1.654922515555550033 F 1.165588477296756202e-16 #
coedge $-1 -1 $-1 $2766 $1407 $1410 $2052 forward $2049 $-1 #
loop $-1 -1 $-1 $-1 $2048 $2077 #
DXID-attrib $-1 -1 $-1 $-1 $1408 @10 Revit:Edge @6 Edge:4 #
intcurve-curve $-1 -1 $-1 forward { exactcur full nubs 3 open 2 
	-1 3 0 3 
	-28.96851547249988101 -9.973863374999949016 20.21845469767129444 
	-28.38116574041653806 -9.973863374999949016 20.33038360887974605 
	-27.97039033030554123 -9.973863374999949016 20.916255731574104 
	-28.01545741666662792 -9.973863374999949016 21.50397486600457242 
	0 
	
	null_surface 
	null_surface 
	nullbs 
	nullbs 
	I I 
	0 
	0 
	0 
	F 1 F 0 } F -1 F 0 #
edge $2767 -1 $-1 $1412 -0.0918834261320046336 $2074 1.076854957875514884 $2048 $2768 forward @7 unknown #
point $-1 -1 $-1 -28.01545741666662082 -9.973863374999949016 21.50397486600459018 #
point $-1 -1 $-1 -28.96851547249988101 -9.973863374999950793 20.21845469767129444 #
coedge $-1 -1 $-1 $1423 $1417 $2753 $2769 forward $111 $-1 #
edge $2770 -1 $-1 $2058 1.928131320745568145 $2771 2.641642730068871181 $1417 $2772 forward @7 unknown #
DXID-attrib $-1 -1 $-1 $-1 $1418 @10 Revit:Edge @7 Edge:14 #
vertex $-1 -1 $-1 $1418 $2773 #
straight-curve $-1 -1 $-1 -31.60604823166634247 9.885206811666646942 20.17412641600465761 -11.93350376957890013 2.049464995717541041e-15 1.261541827069617261 F 2.450731028767065255e-17 F 0.6500562987579814322 #
point $-1 -1 $-1 -31.60604823166634247 9.885206811666648719 20.17412641600466117 #
coedge $-1 -1 $-1 $2774 $2775 $1423 $2062 reversed $2751 $-1 #
edge $2776 -1 $-1 $2777 0 $2067 0.01044827618829334039 $1423 $2778 forward @7 unknown #
coedge $-1 -1 $-1 $2779 $1424 $2775 $2780 reversed $2065 $-1 #
coedge $-1 -1 $-1 $1424 $2779 $1426 $2070 forward $2065 $-1 #
loop $-1 -1 $-1 $-1 $1424 $2750 #
DXID-attrib $-1 -1 $-1 $-1 $1425 @10 Revit:Edge @7 Edge:30 #
vertex $-1 -1 $-1 $2062 $2781 #
straight-curve $-1 -1 $-1 -39.60730307249976079 9.885206811666650495 22.65651018933803229 12 0 4.202637245393022507e-14 F 4.662353909187016918e-16 F 0.8876210686110906911 #
coedge $-1 -1 $-1 $1427 $1426 $2766 $2782 reversed $1428 $-1 #
edge $2783 -1 $-1 $2784 -1.654922515555550033 $1430 0 $2064 $2785 forward @7 unknown #
face $2786 -1 $-1 $1433 $1428 $45 $-1 $2787 forward single #
point $-1 -1 $-1 -28.95585024916667294 9.885206811666650495 22.65651018933806782 #
DXID-attrib $-1 -1 $-1 $-1 $1432 @10 Revit:Edge @7 Edge:40 #
vertex $-1 -1 $-1 $2052 $2788 #
straight-curve $-1 -1 $-1 -28.50306851499986038 9.885206811666650495 22.41270464017143382 0 12 -1.93207976860903611e-14 F -1.654922515555550033 F 1.165588477296756202e-16 #
DXID-attrib $-1 -1 $-1 $-1 $1433 @10 Revit:Face @7 Face:37 #
face $2789 -1 $-1 $-1 $2049 $45 $-1 $2790 forward single #
cone-surface $-1 -1 $-1 -28.94620513020948849 -9.973863374999956122 21.58973664049604224 0 1 -1.618667433348004174e-15 0.9346905307261954565 0 0 1 I I 0 1 0.9346905307261954565 forward I I I I #
DXID-attrib $-1 -1 $-1 $-1 $1436 @10 Revit:Face @7 Face:17 #
face $2791 -1 $-1 $2792 $2793 $46 $-1 $2794 forward single #
loop $-1 -1 $-1 $-1 $2107 $1436 #
plane-surface $-1 -1 $-1 -13.46555118110243043 -7.624464446666686435 16.11808864350483006 0 0 -1 12 -1.898904387611466904e-14 0 forward_v I I I I #
coedge $-1 -1 $-1 $2795 $1439 $2796 $2797 forward $199 $-1 #
coedge $-1 -1 $-1 $2798 $2799 $1439 $2085 reversed $2800 $-1 #
edge $2801 -1 $-1 $2090 1.165588477296752257e-16 $2802 0.007388046944451220031 $1439 $2803 forward @7 unknown #
coedge $-1 -1 $-1 $1469 $1440 $1443 $2092 forward $2088 $-1 #
coedge $-1 -1 $-1 $1440 $1469 $2798 $2804 reversed $2088 $-1 #
loop $-1 -1 $-1 $-1 $1469 $2805 #
DXID-attrib $-1 -1 $-1 $-1 $1441 @10 Revit:Edge @7 Edge:55 #
vertex $-1 -1 $-1 $1441 $2806 #
straight-curve $-1 -1 $-1 13.47581422333355228 9.951699234166746066 17.97987647350474205 0 0 12 F 0 F 0.02585816430555129553 #
edge $2807 -1 $-1 $1446 -2.245113783702996191 $1472 -1.844450894740142872e-31 $2086 $2808 forward @7 unknown #
face $2809 -1 $-1 $1455 $1444 $46 $-1 $2810 forward single #
point $-1 -1 $-1 13.47581422333355228 9.95169923416674429 17.97987647350474205 #
coedge $-1 -1 $-1 $1448 $2811 $2812 $2813 forward $199 $-1 #
coedge $-1 -1 $-1 $1462 $1461 $1448 $2097 reversed $923 $-1 #
edge $2814 -1 $-1 $2815 0 $2099 1.27074407444444204 $1448 $2816 forward @7 unknown #
DXID-attrib $-1 -1 $-1 $-1 $1450 @10 Revit:Edge @6 Edge:7 #
vertex $-1 -1 $-1 $2097 $2817 #
straight-curve $-1 -1 $-1 13.47581422333354872 7.624464446666570083 16.36189419267144274 0 0 -12 F 2.331176954593504514e-16 F 0.0203171290972174283 #
point $-1 -1 $-1 13.47581422333354872 7.624464446666570083 16.11808864350483361 #
DXID-attrib $-1 -1 $-1 $-1 $1454 @10 Revit:Edge @7 Edge:64 #
straight-curve $-1 -1 $-1 -13.46555118110240024 9.885206811666670035 17.97987647350474205 -12 1.898904387611466904e-14 0 F -2.245113783702996191 F 0 #
DXID-attrib $-1 -1 $-1 $-1 $1455 @10 Revit:Face @7 Face:61 #
plane-surface $-1 -1 $-1 -13.46555118110240024 9.885206811666670035 17.97987647350474205 1.582420323009555754e-15 1 1.415445505334569414e-31 12 -1.898904387611466904e-14 0 forward_v I I I I #
coedge $-1 -1 $-1 $2818 $1458 $2819 $2820 forward $115 $-1 #
coedge $-1 -1 $-1 $2821 $2822 $1458 $2108 reversed $2081 $-1 #
edge $2823 -1 $-1 $2112 0 $2824 0.1911657146874952973 $1458 $2825 forward @7 unknown #
coedge $-1 -1 $-1 $2812 $1459 $1462 $2114 reversed $1437 $-1 #
coedge $-1 -1 $-1 $1459 $2812 $2821 $2826 forward $1437 $-1 #
DXID-attrib $-1 -1 $-1 $-1 $1460 @10 Revit:Edge @7 Edge:14 #
vertex $-1 -1 $-1 $1460 $2827 #
straight-curve $-1 -1 $-1 -13.46555118110243043 -7.624464446666686435 16.36189419267144274 0 0 -12 F 2.331176954593504514e-16 F 0.0203171290972174283 #
edge $2828 -1 $-1 $2815 -2.245113783702996191 $1464 0 $1462 $2829 forward @7 unknown #
point $-1 -1 $-1 -13.46555118110243043 -7.624464446666686435 16.36189419267143919 #
DXID-attrib $-1 -1 $-1 $-1 $1466 @10 Revit:Edge @7 Edge:12 #
straight-curve $-1 -1 $-1 -13.46555118110240379 7.624464446666614492 16.36189419267144274 -12 1.898904387611466904e-14 0 F -2.245113783702996191 F 0 #
coedge $-1 -1 $-1 $1468 $2830 $2831 $2832 forward $115 $-1 #
coedge $-1 -1 $-1 $2799 $2798 $1468 $2120 reversed $2800 $-1 #
edge $2833 -1 $-1 $2834 0 $2122 0.007388046944451220031 $1468 $2835 forward @7 unknown #
DXID-attrib $-1 -1 $-1 $-1 $1470 @10 Revit:Edge @7 Edge:54 #
vertex $-1 -1 $-1 $2120 $2836 #
straight-curve $-1 -1 $-1 -13.46555118110240024 9.951699234166788699 18.29017444517135971 0 0 -12 F 2.331176954593504514e-16 F 0.02585816430555152798 #
point $-1 -1 $-1 -13.46555118110240024 9.951699234166788699 17.97987647350474205 #
DXID-attrib $-1 -1 $-1 $-1 $1480 @10 Revit:Face @7 Face:17 #
face $2837 -1 $-1 $1499 $1488 $47 $-1 $2838 forward single #
loop $-1 -1 $-1 $-1 $1511 $1480 #
cone-surface $-1 -1 $-1 14.16828242793772397 -9.929535093333347717 20.46486691674012093 0 -1 1.618667433348004174e-15 0.3643633242242975689 0 0 1 I I 0 1 0.3643633242242975689 forward I I I I #
coedge $-1 -1 $-1 $2149 $2148 $1483 $2130 reversed $1481 $-1 #
edge $2839 -1 $-1 $2134 2.296874743574027833e-16 $2840 0.1855849603497173872 $1483 $2841 forward @7 unknown #
coedge $-1 -1 $-1 $1511 $1484 $1487 $2136 forward $2127 $-1 #
coedge $-1 -1 $-1 $1484 $1511 $2149 $2842 reversed $2127 $-1 #
DXID-attrib $-1 -1 $-1 $-1 $1485 @10 Revit:Edge @7 Edge:19 #
vertex $-1 -1 $-1 $1485 $2843 #
ellipse-curve $-1 -1 $-1 14.16828242793772397 -9.929535093333347717 20.46486691674012093 0 1 -1.618667433348004174e-15 0.3643633242242975689 0 0 1 F 2.937281898649393153 F 4.451350325199559421 #
edge $2844 -1 $-1 $1490 -1.651228492083337329 $1514 0 $2131 $2845 forward @7 unknown #
point $-1 -1 $-1 13.81149747477357259 -9.929535093333347717 20.39094040434143906 #
coedge $-1 -1 $-1 $1505 $1504 $1492 $2139 reversed $958 $-1 #
edge $2846 -1 $-1 $2840 2.096847765784787989e-31 $2141 0.1234293863244098344 $1492 $2847 forward @7 unknown #
DXID-attrib $-1 -1 $-1 $-1 $1494 @10 Revit:Edge @6 Edge:7 #
vertex $-1 -1 $-1 $2139 $2848 #
straight-curve $-1 -1 $-1 16.26849596833327638 -9.929535093333344165 22.67867433017132228 -12 0 -3.907094643187190956e-14 F 0 F 1.773131266666647443 #
point $-1 -1 $-1 -5.009079231666492049 -9.929535093333344165 22.67867433017125478 #
DXID-attrib $-1 -1 $-1 $-1 $1498 @10 Revit:Edge @7 Edge:28 #
straight-curve $-1 -1 $-1 13.81149747477357437 9.885206811666694904 18.26801030433799511 0 12 -1.936402094713295374e-14 F -1.651228492083337329 F -1.165588477296752257e-16 #
DXID-attrib $-1 -1 $-1 $-1 $1499 @10 Revit:Face @7 Face:25 #
plane-surface $-1 -1 $-1 13.81149747477357437 9.885206811666694904 18.26801030433799511 3.256239801532663132e-15 -1.61366841226107961e-15 -1 0 -12 1.936402094713295374e-14 forward_v I I I I #
coedge $-1 -1 $-1 $2129 $1502 $1505 $2153 reversed $1481 $-1 #
coedge $-1 -1 $-1 $1502 $2129 $2132 $2842 forward $1481 $-1 #
DXID-attrib $-1 -1 $-1 $-1 $1503 @10 Revit:Edge @7 Edge:14 #
vertex $-1 -1 $-1 $1503 $2849 #
straight-curve $-1 -1 $-1 16.26849596833327993 9.885206811666700233 21.19752169427837174 -11.82342544549326036 -7.178747820080115673e-15 -2.051002373197667872 F -6.9728881170871363e-32 F 0.1855849603497171374 #
edge $2850 -1 $-1 $2840 -1.651228492083337329 $1507 1.165588477296752257e-16 $1505 $2851 forward @7 unknown #
point $-1 -1 $-1 16.26849596833327993 9.885206811666702009 21.19752169427837174 #
DXID-attrib $-1 -1 $-1 $-1 $1509 @10 Revit:Edge @7 Edge:12 #
straight-curve $-1 -1 $-1 16.26849596833327638 9.885206811666703786 22.67867433017128675 0 12 -1.936402094713295374e-14 F -1.651228492083337329 F 0 #
DXID-attrib $-1 -1 $-1 $-1 $1512 @10 Revit:Edge @7 Edge:18 #
ellipse-curve $-1 -1 $-1 14.16828242793772397 9.885206811666698457 20.46486691674008895 0 -1 1.618667433348004174e-15 0.3643633242242975689 0 0 1 F 1.831834981980027033 F 3.34590340853018553 #
point $-1 -1 $-1 13.81149747477357259 9.885206811666698457 20.39094040434140709 #
DXID-attrib $-1 -1 $-1 $1522 $993 @10 Revit:Face @7 Face:47 #
rgb_color-st-attrib $-1 -1 $2852 $-1 $1523 0 0 0 #
face $2853 -1 $-1 $2854 $2855 $121 $-1 $2856 forward single #
loop $-1 -1 $-1 $-1 $1531 $1523 #
plane-surface $-1 -1 $-1 17.04424089750015625 9.885206811666661153 24.67587228204347838 0 1.610066473840863557e-15 1 0 -12 1.93207976860903611e-14 forward_v I I I I #
coedge $-1 -1 $-1 $2857 $2858 $1529 $2172 reversed $1524 $-1 #
coedge $-1 -1 $-1 $2859 $1526 $1528 $2171 reversed $994 $-1 #
coedge $-1 -1 $-1 $1526 $2860 $2857 $2861 forward $994 $-1 #
coedge $-1 -1 $-1 $1528 $1527 $2862 $2863 reversed $598 $-1 #
coedge $-1 -1 $-1 $1531 $2864 $1527 $2170 reversed $2163 $-1 #
edge $2865 -1 $-1 $1534 0 $2866 1.654922515555549589 $1527 $2867 forward @7 unknown #
edge $2868 -1 $-1 $2869 -1.654922515555549811 $1535 0 $1528 $2870 forward @7 unknown #
edge $2871 -1 $-1 $2174 0 $2178 0.1608921274476877716 $1529 $2872 forward @7 unknown #
DXID-attrib $-1 -1 $-1 $-1 $1530 @10 Revit:Edge @7 Edge:10 #
vertex $-1 -1 $-1 $1530 $2873 #
straight-curve $-1 -1 $-1 40.36091705416668418 9.885206811666659377 22.74516675267122423 -12 0 0 F 0 F 1.943056346388877254 #
coedge $-1 -1 $-1 $2874 $1531 $2858 $2875 reversed $2163 $-1 #
DXID-attrib $-1 -1 $-1 $-1 $1532 @10 Revit:Edge @7 Edge:12 #
vertex $-1 -1 $-1 $2172 $2876 #
straight-curve $-1 -1 $-1 17.04424089750015625 9.885206811666661153 24.67587228204347838 12 0 0 F 0 F 1.943056346388877254 #
point $-1 -1 $-1 40.36091705416668418 9.885206811666661153 24.67587228204347838 #
point $-1 -1 $-1 40.36091705416668418 9.885206811666659377 22.74516675267122423 #
DXID-attrib $-1 -1 $-1 $1538 $1002 @10 Revit:Face @7 Face:41 #
rgb_color-st-attrib $-1 -1 $2877 $-1 $1539 0 0 0 #
face $2878 -1 $-1 $2879 $2880 $69 $-1 $2881 reversed single #
loop $-1 -1 $-1 $-1 $2882 $1539 #
plane-surface $-1 -1 $-1 16.38233519000016258 5.511083796621821129 27.86388309622504877 -0.5024173645398213317 0.864625231998731536 0 0 0 -12 forward_v I I I I #
coedge $-1 -1 $-1 $2883 $1542 $1544 $2191 reversed $1003 $-1 #
coedge $-1 -1 $-1 $1542 $2883 $1553 $2205 forward $1003 $-1 #
coedge $-1 -1 $-1 $2884 $1543 $2885 $2886 forward $604 $-1 #
coedge $-1 -1 $-1 $1544 $2887 $2888 $2889 reversed $604 $-1 #
edge $2890 -1 $-1 $2891 -1.654922515555549811 $1551 3.7533498591814468e-31 $1544 $2892 forward @7 unknown #
coedge $-1 -1 $-1 $2893 $2885 $1545 $2193 reversed $2185 $-1 #
edge $2894 -1 $-1 $2196 5.831454249027092928e-32 $2199 0.1664331626560211774 $1545 $2895 forward @7 unknown #
coedge $-1 -1 $-1 $1546 $2896 $2893 $2897 forward $1540 $-1 #
DXID-attrib $-1 -1 $-1 $-1 $1547 @10 Revit:Edge @7 Edge:84 #
vertex $-1 -1 $-1 $1547 $2898 #
straight-curve $-1 -1 $-1 16.26849596833327638 9.885206811666661153 24.67587228204347838 0 -12 1.440200830511133451e-14 F 0 F 0.3700227360867053283 #
DXID-attrib $-1 -1 $-1 $-1 $1548 @10 Revit:Edge @7 Edge:89 #
vertex $-1 -1 $-1 $2193 $2899 #
straight-curve $-1 -1 $-1 16.26849596833327638 9.885206811666659377 22.67867433017121925 0 12 -2.160301245766701124e-14 F -0.3700227360867052173 F 4.19670373259247704e-31 #
DXID-attrib $-1 -1 $-1 $-1 $1549 @10 Revit:Edge @6 Edge:7 #
straight-curve $-1 -1 $-1 -27.63866702250000529 9.885206811666659377 22.67867433017121925 -3.201928289504834394e-14 1.600964144752417197e-14 12 F -2.331176954593504514e-16 F 0.1664331626560213995 #
point $-1 -1 $-1 -27.63866702250000529 9.885206811666659377 22.67867433017121925 #
coedge $-1 -1 $-1 $2900 $1553 $2901 $2902 reversed $1540 $-1 #
edge $2903 -1 $-1 $2904 -1.654922515555549589 $1555 0 $2188 $2905 forward @7 unknown #
point $-1 -1 $-1 -27.63866702250000529 9.885206811666661153 24.67587228204347838 #
DXID-attrib $-1 -1 $-1 $1560 $1018 @10 Revit:Face @7 Face:13 #
coedge $-1 -1 $-1 $2906 $1567 $1569 $2217 forward $1561 $-1 #
coedge $-1 -1 $-1 $1564 $1563 $2906 $2907 reversed $613 $-1 #
coedge $-1 -1 $-1 $1567 $2906 $1565 $2211 forward $1561 $-1 #
edge $2908 -1 $-1 $2213 0 $1574 0.9955393257639005844 $2210 $2909 forward @7 unknown #
DXID-attrib $-1 -1 $-1 $-1 $1566 @10 Revit:Edge @7 Edge:30 #
vertex $-1 -1 $-1 $2907 $2910 #
straight-curve $-1 -1 $-1 -39.69595963583318365 9.885206811666659377 22.65651018933803229 0 12 -1.93207976860903611e-14 F -1.654922515555549811 F -3.7533498591814468e-31 #
DXID-attrib $-1 -1 $-1 $-1 $1568 @10 Revit:Edge @7 Edge:17 #
straight-curve $-1 -1 $-1 -27.74948772666637709 -9.973863374999936582 22.65651018933806427 0 1.583000480798520939e-14 12 F -2.331176954593504514e-16 F 0.1683218224770400284 #
edge $2911 -1 $-1 $1571 0 $2221 0.9955393257639005844 $2208 $2912 forward @7 unknown #
point $-1 -1 $-1 -27.74948772666637709 -9.973863374999934805 24.67637205906254394 #
point $-1 -1 $-1 -27.74948772666637709 -9.973863374999936582 22.65651018933806071 #
DXID-attrib $-1 -1 $-1 $-1 $1579 @10 Revit:Edge @7 Edge:32 #
vertex $-1 -1 $-1 $2217 $2913 #
straight-curve $-1 -1 $-1 -39.69595963583318365 9.885206811666661153 24.67637205906251197 0 12 -1.93207976860903611e-14 F -1.654922515555549589 F 0 #
DXID-attrib $-1 -1 $-1 $1581 $1038 @10 Revit:Edge @7 Edge:15 #
point $-1 -1 $-1 23.58288869492648132 -9.423954413505304828 1.667068820171274002 #
DXID-attrib $-1 -1 $-1 $-1 $1587 @10 Revit:Face @7 Face:63 #
face $2914 -1 $-1 $2281 $2276 $35 $-1 $2915 forward single #
loop $-1 -1 $-1 $-1 $2916 $1587 #
plane-surface $-1 -1 $-1 -13.46555118110240556 12.40104261333341817 2.376321326838117809 -1.611284298266132086e-15 -0.9872826524747583266 -0.1589747279362530019 12 -1.958447414296882689e-14 0 forward_v I I I I #
coedge $-1 -1 $-1 $2917 $1606 $1590 $2230 reversed $1588 $-1 #
edge $2918 -1 $-1 $2249 -3.330915366650773812 $1609 4.662353909187043147e-15 $1590 $2919 forward @7 unknown #
coedge $-1 -1 $-1 $1631 $1591 $1594 $2238 reversed $1632 $-1 #
DXID-attrib $-1 -1 $-1 $-1 $1592 @10 Revit:Edge @8 Edge:159 #
straight-curve $-1 -1 $-1 26.68617037707196715 8.732671488333348719 6.188553550171359774 -12 1.952887137507487424e-14 0 F -6.061060081943156801e-15 F 3.342800133922685824 #
coedge $-1 -1 $-1 $1611 $1593 $2920 $2921 forward $382 $-1 #
coedge $-1 -1 $-1 $1617 $1640 $1593 $2236 reversed $1641 $-1 #
edge $2922 -1 $-1 $1620 1.7784001424454563 $2923 1.846673574084916281 $1593 $2924 forward @7 unknown #
coedge $-1 -1 $-1 $1594 $1605 $2925 $2926 forward $382 $-1 #
edge $2927 -1 $-1 $2928 1.295003939793050174 $1626 1.363275954570224213 $1594 $2929 forward @7 unknown #
coedge $-1 -1 $-1 $1637 $1595 $2930 $2931 forward $233 $-1 #
coedge $-1 -1 $-1 $1596 $1628 $2917 $2932 forward $233 $-1 #
coedge $-1 -1 $-1 $1612 $2930 $1599 $2242 forward $2261 $-1 #
edge $2933 -1 $-1 $2244 -3.333441812543803895 $1615 -6.061060081943063716e-15 $2241 $2934 forward @7 unknown #
DXID-attrib $-1 -1 $-1 $-1 $1600 @10 Revit:Edge @8 Edge:146 #
vertex $-1 -1 $-1 $1600 $2935 #
straight-curve $-1 -1 $-1 -13.42743123000025918 -9.423954413505267524 0.6788297724987435444 0 0 12 F 0 F 0.1414576295282804486 #
DXID-attrib $-1 -1 $-1 $-1 $1601 @10 Revit:Face @7 Face:75 #
plane-surface $-1 -1 $-1 -13.46555118110244287 -9.423954413505267524 2.376321326838109815 1.632039511914069105e-15 1 4.076837647256259273e-30 12 -1.958447414296882689e-14 0 forward_v I I I I #
DXID-attrib $-1 -1 $-1 $-1 $1603 @10 Revit:Edge @8 Edge:138 #
vertex $-1 -1 $-1 $2932 $2936 #
straight-curve $-1 -1 $-1 -13.42743123000025918 9.384762270608897339 2.376321326838109815 0 0 -12 F 0 F 0.1414576295282805596 #
coedge $-1 -1 $-1 $2916 $2937 $1605 $2252 reversed $2227 $-1 #
edge $2938 -1 $-1 $2255 1.274760389318727816 $2939 1.287000405882960496 $1605 $2940 forward @7 unknown #
coedge $-1 -1 $-1 $1606 $2917 $2916 $2941 forward $1588 $-1 #
DXID-attrib $-1 -1 $-1 $-1 $1607 @10 Revit:Edge @8 Edge:180 #
vertex $-1 -1 $-1 $1607 $2942 #
ellipse-curve $-1 -1 $-1 -15.2018194635030266 -0.0869089400000883916 2.376321326838109815 0 0 1 42.80640947119901796 0 0 1 F 6.506299398206889961 F 6.579221244655747647 #
point $-1 -1 $-1 26.54355316980907986 9.384762270608575818 2.376321326838109815 #
coedge $-1 -1 $-1 $2943 $2944 $1611 $2259 reversed $2945 $-1 #
edge $2946 -1 $-1 $2947 1.854754773837269388 $2263 1.866834740218390909 $1611 $2948 forward @7 unknown #
coedge $-1 -1 $-1 $2930 $1612 $2944 $2949 reversed $2261 $-1 #
loop $-1 -1 $-1 $-1 $2260 $2950 #
DXID-attrib $-1 -1 $-1 $-1 $1613 @10 Revit:Edge @8 Edge:186 #
vertex $-1 -1 $-1 $2259 $2951 #
ellipse-curve $-1 -1 $-1 -15.2018194635030266 -0.0869089400000883916 2.376321326838117809 0 0 1 42.80640947119901796 0 0 1 F 5.987146893756081667 F 6.063294968731375967 #
point $-1 -1 $-1 26.57387052052531118 -9.423954413505683192 2.376321326838108927 #
DXID-attrib $-1 -1 $-1 $-1 $1618 @10 Revit:Edge @8 Edge:176 #
straight-curve $-1 -1 $-1 26.6854342952381991 -8.909984615000036356 6.188553550171359774 12 -1.952922973509889522e-14 0 F -3.342738793769871819 F -7.459766254699156071e-15 #
point $-1 -1 $-1 26.68543429523811028 -8.909984615000464458 6.188553550171387307 #
DXID-attrib $-1 -1 $-1 $-1 $1623 @10 Revit:Face @7 Face:83 #
plane-surface $-1 -1 $-1 -13.46555118110244287 -8.909984614999970631 6.188553550171359774 1.397383431815074194e-16 0.0856219118234589488 -0.9963277012186783077 12 -1.958447414296883004e-14 0 forward_v I I I I #
point $-1 -1 $-1 26.68617037707204176 8.732671488333018317 6.188553550171326023 #
coedge $-1 -1 $-1 $2937 $2916 $1628 $2273 reversed $2227 $-1 #
edge $2952 -1 $-1 $2278 7.897210362491872785e-17 $2953 0.2631877707387474397 $1628 $2954 forward @7 unknown #
coedge $-1 -1 $-1 $2925 $1629 $1631 $2280 forward $2276 $-1 #
coedge $-1 -1 $-1 $1629 $2925 $2937 $2955 reversed $2276 $-1 #
loop $-1 -1 $-1 $-1 $2275 $2226 #
DXID-attrib $-1 -1 $-1 $-1 $1630 @10 Revit:Edge @8 Edge:141 #
vertex $-1 -1 $-1 $1630 $2956 #
ellipse-curve $-1 -1 $-1 -13.42743123000025918 11.39895179650199175 5.474363487378846926 -1 0 0 0 -0.5004100592888360843 0 1 F 1.918967866221301888 F 3.101521816686667155 #
edge $2957 -1 $-1 $1634 -3.284529605209193015 $2928 6.061060081943146546e-15 $2274 $2958 forward @7 unknown #
face $2959 -1 $-1 $2960 $1632 $35 $-1 $2961 reversed single #
point $-1 -1 $-1 -13.42743123000025918 11.569681514999969 5.944748001004743543 #
coedge $-1 -1 $-1 $2944 $2943 $1637 $2284 reversed $2945 $-1 #
edge $2962 -1 $-1 $2963 0 $2289 0.2728068094867007742 $1637 $2964 forward @7 unknown #
coedge $-1 -1 $-1 $2920 $1638 $2943 $2965 forward $2287 $-1 #
coedge $-1 -1 $-1 $1638 $2920 $1640 $2291 forward $2287 $-1 #
loop $-1 -1 $-1 $-1 $2286 $2960 #
DXID-attrib $-1 -1 $-1 $-1 $1639 @10 Revit:Edge @8 Edge:143 #
vertex $-1 -1 $-1 $2284 $2966 #
ellipse-curve $-1 -1 $-1 -13.42743123000025918 -11.62370660828089264 5.48899785511878946 -1 0 0 0 -0.4721314802586364379 0 1 F 0.2641933799035953712 F 1.306602946891721739 #
edge $2967 -1 $-1 $2923 8.858472427455270514e-15 $1643 3.284447161048411612 $2286 $2968 forward @7 unknown #
point $-1 -1 $-1 -13.42743123000025562 -11.74699464166665841 5.944748001004756865 #
DXID-attrib $-1 -1 $-1 $1646 $1090 @10 Revit:Edge @7 Edge:12 #
point $-1 -1 $-1 20.25826756992645983 9.423954413505304828 1.667068820171272225 #
DXID-attrib $-1 -1 $-1 $1660 $1122 @10 Revit:Face @7 Face:91 #
coedge $-1 -1 $-1 $2969 $1719 $2970 $2385 forward $1661 $-1 #
coedge $-1 -1 $-1 $2971 $1663 $1665 $2303 reversed $1123 $-1 #
coedge $-1 -1 $-1 $1663 $2971 $2969 $2972 forward $1123 $-1 #
coedge $-1 -1 $-1 $2973 $1666 $1663 $2300 reversed $2305 $-1 #
edge $2974 -1 $-1 $2975 0.9535142918739115681 $2307 1.907028583745645767 $1663 $2976 forward @7 unknown #
edge $2977 -1 $-1 $2308 3.83889894229652668e-17 $1678 0.1757050234417408818 $1664 $2978 forward @7 unknown #
coedge $-1 -1 $-1 $1665 $2319 $2979 $2980 forward $713 $-1 #
edge $2981 -1 $-1 $2982 -1.025048544127866945 $2307 -3.661078491572880724e-31 $1665 $2983 forward @7 unknown #
coedge $-1 -1 $-1 $1666 $2984 $2323 $2985 forward $2305 $-1 #
loop $-1 -1 $-1 $-1 $2973 $2986 #
DXID-attrib $-1 -1 $-1 $-1 $1667 @10 Revit:Edge @8 Edge:445 #
vertex $-1 -1 $-1 $1667 $2987 #
vertex $-1 -1 $-1 $1667 $2988 #
ellipse-curve $-1 -1 $-1 -4.001625727291908241 3.61080094666447371 15.28280590558794572 -2.641448271881085148e-16 -0.1643989873053536555 0.9863939238321444147 0 0.7712609763692477305 0.1285434960615383371 0.1643989873053536277 F -0.6753302149951374567 F -0.308052781025662914 #
coedge $-1 -1 $-1 $1671 $1668 $2989 $2990 forward $435 $-1 #
edge $2991 -1 $-1 $2992 -1.303779072905414838 $2315 -1.748382715945107802e-16 $1690 $2993 forward @7 unknown #
coedge $-1 -1 $-1 $2994 $1669 $1675 $2325 reversed $2313 $-1 #
loop $-1 -1 $-1 $-1 $2312 $2995 #
DXID-attrib $-1 -1 $-1 $-1 $1670 @10 Revit:Edge @8 Edge:444 #
vertex $-1 -1 $-1 $2311 $2996 #
intcurve-curve $-1 -1 $-1 forward { surfintcur full nubs 3 periodic 49 
	0 3 0.1111538375610954532 2 0.2223076751221909064 2 0.4446153502443818128 2 0.6010971068684578533 2 
	0.7575788634925340048 2 0.9884114076906840296 2 1.219243951888834054 2 1.477486448393538598 2 1.735728944898243364 2 
	2.001986115944977662 2 2.135114701468344478 2 2.268243286991711738 2 2.401371872515078998 2 2.534500458038445814 2 
	2.800757629085180334 2 3.059000125589884878 2 3.317242622094589422 2 3.548075166292739446 2 3.778907710490889471 2 
	3.935389467114965623 2 4.091871223739041774 2 4.314178898861232625 2 4.425332736422328495 2 4.536486573983423476 2 
	4.647640411544520234 2 4.75879424910561788 2 4.981101924227813171 2 5.137583680851889767 2 5.294065437475965474 2 
	5.524897981674115499 2 5.755730525872265524 2 6.013973022376969624 2 6.272215518881674612 2 6.538472689928408244 2 
	6.671601275451775948 2 6.804729860975142763 2 6.937858446498509579 2 7.070987032021877283 2 7.337244203068610915 2 
	7.595486699573315903 2 7.853729196078020003 2 8.084561740276170028 2 8.315394284474319164 2 8.471876041098393983 2 
	8.628357797722470579 2 8.850665472844665871 2 8.961819310405763517 2 9.072973147966861163 3 
	-5.460248506463843299 5.569885895247856489 15.63989822836738774 
	-5.445661388673673109 5.569885895247856489 15.63989822836738774 
	-5.431468187464204789 5.567181284684420639 15.64108521621570169 
	-5.403987229020803973 5.558115008584565864 15.64550031390028373 
	-5.39068297138225283 5.551805659618077371 15.64873297902071769 
	-5.352190450231606889 5.530452750798929173 15.66116930093956583 
	-5.328366117005132629 5.513184014016585976 15.6732806893009311 
	-5.293630588750587229 5.486927150865625435 15.69726181293527212 
	-5.278862610258451937 5.475230925220715861 15.70963633149492189 
	-5.251977832539244773 5.453593472412374688 15.73809677746233504 
	-5.239868504642833713 5.443684485423045061 15.75421425524151431 
	-5.215798450957900734 5.424204151803740714 15.79452183041102487 
	-5.203837218870665637 5.414744987417563493 15.82378062690113119 
	-5.191312152870498409 5.406761462786036532 15.88560421761182084 
	-5.190801598246482129 5.408326040116073763 15.91819124527424556 
	-5.200074157893018523 5.421688436213155882 15.98027935427776391 
	-5.211332644988783791 5.435116237772492198 16.01206049304225942 
	-5.241985835090795298 5.47056091027767355 16.06655319990201747 
	-5.26132067749803678 5.492531187154794381 16.08932870259597436 
	-5.299874870217595735 5.537601585961241746 16.12425826720378907 
	-5.322363195020094473 5.564128402333097689 16.13879699580287053 
	-5.35225794580569314 5.605950622454844989 16.15345029746560357 
	-5.361513055221124979 5.620134111486449591 16.15718673581251963 
	-5.375937108536720466 5.649787724515159759 16.16242753722870518 
	-5.381185511662185839 5.665208561184800651 16.16399149985724293 
	-5.381185511662185839 5.700150447148939037 16.16399149985724293 
	-5.375937108536721354 5.715571283818579928 16.16242753722870518 
	-5.361513055221124979 5.745224896847290985 16.15718673581251963 
	-5.35225794580569314 5.759408385878894698 16.15345029746560357 
	-5.322363195020094473 5.801230606000641998 16.13879699580287053 
	-5.299874870217595735 5.827757422372497054 16.12425826720378907 
	-5.26132067749803678 5.872827821178944419 16.08932870259597436 
	-5.241985835090795298 5.894798098056066138 16.06655319990201747 
	-5.211332644988783791 5.930242770561246601 16.01206049304225942 
	-5.200074157893018523 5.943670572120582918 15.98027935427776391 
	-5.190801598246482129 5.957032968217665925 15.91819124527424556 
	-5.191312152870498409 5.958597545547702268 15.88560421761182084 
	-5.203837218870665637 5.950614020916175306 15.82378062690113119 
	-5.215798450957900734 5.941154856529998973 15.79452183041102487 
	-5.239868504642833713 5.921674522910693739 15.75421425524151431 
	-5.251977832539244773 5.911765535921364112 15.73809677746233504 
	-5.278862610258452825 5.890128083113023827 15.70963633149491834 
	-5.293630588750587229 5.878431857468113364 15.69726181293527212 
	-5.328366117005132629 5.852174994317153711 15.6732806893009311 
	-5.352190450231606889 5.834906257534810514 15.66116930093956583 
	-5.39068297138225283 5.813553348715661429 15.64873297902071769 
	-5.403987229020803973 5.807243999749172936 15.64550031390028373 
	-5.431468187464204789 5.79817772364931816 15.64108521621570169 
	-5.445661388673673109 5.795473113085882311 15.63989822836738774 
	-5.474835624254013489 5.795473113085882311 15.63989822836738774 
	-5.489028825463483585 5.79817772364931372 15.64108521621569814 
	-5.516509783906883513 5.807243999749167607 15.64550031390028195 
	-5.529814041545432879 5.813553348715662317 15.64873297902071769 
	-5.568306562696081485 5.834906257534811402 15.66116930093956583 
	-5.592130895922556633 5.852174994317152823 15.6732806893009311 
	-5.626866424177102033 5.878431857468113364 15.69726181293527212 
	-5.641634402669237325 5.890128083113023827 15.70963633149491834 
	-5.668519180388445378 5.911765535921364112 15.73809677746233504 
	-5.680628508284855549 5.921674522910693739 15.75421425524151431 
	-5.704698561969789417 5.941154856529998973 15.79452183041102487 
	-5.716659794057024513 5.950614020916175306 15.82378062690113119 
	-5.729184860057191742 5.958597545547702268 15.88560421761182084 
	-5.729695414681208021 5.957032968217665925 15.91819124527424556 
	-5.720422855034672516 5.943670572120582918 15.98027935427776391 
	-5.709164367938907247 5.930242770561244825 16.01206049304225942 
	-5.678511177836896628 5.894798098056064362 16.06655319990201747 
	-5.659176335429653371 5.872827821178944419 16.08932870259597436 
	-5.620622142710094415 5.827757422372497942 16.12425826720378907 
	-5.598133817907593901 5.801230606000642886 16.13879699580286697 
	-5.568239067121996122 5.759408385878894698 16.15345029746560002 
	-5.558983957706559842 5.74522489684729365 16.15718673581251608 
	-5.544559904390963467 5.715571283818581705 16.16242753722870162 
	-5.539311501265504312 5.700150447148939037 16.16399149985724293 
	-5.539311501265504312 5.665208561184800651 16.16399149985724293 
	-5.544559904390968796 5.649787724515160647 16.16242753722870518 
	-5.558983957706564283 5.620134111486449591 16.15718673581251963 
	-5.568239067121993457 5.605950622454844101 16.15345029746560002 
	-5.598133817907592125 5.564128402333095025 16.13879699580286697 
	-5.620622142710094415 5.537601585961241746 16.12425826720378907 
	-5.659176335429653371 5.492531187154795269 16.08932870259597436 
	-5.678511177836894852 5.47056091027767355 16.06655319990201747 
	-5.709164367938906359 5.435116237772493086 16.01206049304225942 
	-5.720422855034671628 5.421688436213155882 15.98027935427776391 
	-5.729695414681208021 5.408326040116073763 15.91819124527424556 
	-5.729184860057189965 5.406761462786036532 15.88560421761181551 
	-5.716659794057022737 5.41474498741756527 15.82378062690112586 
	-5.704698561969789417 5.424204151803741603 15.79452183041102487 
	-5.680628508284856437 5.443684485423045949 15.75421425524151786 
	-5.668519180388445378 5.453593472412374688 15.73809677746233504 
	-5.641634402669238213 5.475230925220715861 15.70963633149492189 
	-5.626866424177102921 5.486927150865625435 15.69726181293527212 
	-5.592130895922556633 5.513184014016585976 15.6732806893009311 
	-5.568306562696081485 5.530452750798928285 15.66116930093956583 
	-5.529814041545432879 5.551805659618076483 15.64873297902071769 
	-5.516509783906883513 5.558115008584566752 15.64550031390028373 
	-5.489028825463482697 5.567181284684420639 15.64108521621570169 
	-5.474835624254013489 5.569885895247856489 15.63989822836738774 
	-5.460248506463843299 5.569885895247856489 15.63989822836738774 
	0.0001520513531447900473 
	
	cone 10.33555422583333261 5.6826795041668694 15.88980733162996906 -1 0 0 0 -0.2741841682272742609 0 1 I I 0 1 0.2741841682272742609 forward I I I I 
	cone -5.460248506463845075 6.348833320724273754 15.9079084563649289 0 1 0 0.2680102279975399848 0 0 1 I I 0 1 0.2680102279975399848 forward I I I I 
	nullbs 
	nullbs 
	I I 
	0 
	0 
	0 
	} F 4.898569702298234851 F 6.471633913666126503 #
coedge $-1 -1 $-1 $2997 $2998 $1671 $2318 reversed $2999 $-1 #
edge $3000 -1 $-1 $3001 2.48546583235935481 $2321 2.632521765167859851 $1671 $3002 forward @7 unknown #
coedge $-1 -1 $-1 $2302 $1672 $2998 $3003 forward $713 $-1 #
DXID-attrib $-1 -1 $-1 $-1 $1673 @10 Revit:Edge @8 Edge:823 #
vertex $-1 -1 $-1 $2318 $3004 #
straight-curve $-1 -1 $-1 -5.453627379933434938 5.816307589166748393 15.65039034600498269 -12 1.924878239110816964e-14 0 F -1.280442089576738773 F 1.631823868215452519e-15 #
coedge $-1 -1 $-1 $3005 $1674 $2304 $2985 reversed $1676 $-1 #
coedge $-1 -1 $-1 $1675 $3005 $3006 $3007 reversed $1676 $-1 #
edge $3008 -1 $-1 $3009 -1.193395810775205623 $1679 1.165588477296752257e-16 $1675 $3010 forward @7 unknown #
face $3011 -1 $-1 $2995 $1676 $39 $-1 $3012 reversed single #
point $-1 -1 $-1 -5.453627379933454478 5.816307589166743952 15.65039034600498624 #
point $-1 -1 $-1 -5.588459236666621699 5.849946235874655009 15.67255448683782504 #
coedge $-1 -1 $-1 $1690 $1681 $3013 $3014 forward $265 $-1 #
coedge $-1 -1 $-1 $3015 $3016 $1681 $2331 reversed $3017 $-1 #
edge $3018 -1 $-1 $2336 -1.435105024390147137e-16 $3019 0.06307467853234842436 $1681 $3020 forward @7 unknown #
coedge $-1 -1 $-1 $3021 $1682 $1685 $2339 reversed $2334 $-1 #
coedge $-1 -1 $-1 $1682 $3021 $3015 $3022 forward $2334 $-1 #
loop $-1 -1 $-1 $-1 $2333 $3023 #
DXID-attrib $-1 -1 $-1 $-1 $1683 @10 Revit:Edge @9 Edge:2843 #
vertex $-1 -1 $-1 $1683 $3024 #
ellipse-curve $-1 -1 $-1 9.272471097030196674 4.533146735592550769 16.35707537486137753 2.721659914398514316e-16 0.1693912155993317903 0.9855488907597536041 0 -1.261824769813121083 0.2168761323116290551 0.1693912155993317625 F 1.548575281306396434 F 2.074235703161880995 #
coedge $-1 -1 $-1 $1685 $1684 $3025 $3026 reversed $1686 $-1 #
edge $3027 -1 $-1 $3028 -7.502470275940001819e-31 $1688 0.9659156858965054493 $1685 $3029 forward @7 unknown #
face $3030 -1 $-1 $1702 $1686 $39 $-1 $3031 forward single #
point $-1 -1 $-1 9.489293687553795209 4.505109977424676337 16.36189419267147827 #
coedge $-1 -1 $-1 $1691 $3032 $1693 $2346 forward $2313 $-1 #
DXID-attrib $-1 -1 $-1 $-1 $1692 @10 Revit:Edge @8 Edge:441 #
ellipse-curve $-1 -1 $-1 -5.460248506463845075 7.146481534117381074 15.9079084563649289 2.721659914398514316e-16 0.1693912155993317903 0.9855488907597536041 0 1.559332235622058693 -0.2680102279975399848 0.169391215599331818 F 2.620595679523040289 F 2.824103437034346076 #
coedge $-1 -1 $-1 $1694 $1693 $3033 $3034 reversed $1695 $-1 #
edge $3035 -1 $-1 $3036 -1.15728073671174303 $1697 0 $2342 $3037 forward @7 unknown #
face $3038 -1 $-1 $3023 $1695 $39 $-1 $3039 reversed single #
point $-1 -1 $-1 -5.54391654166684944 5.665081240456416367 16.16252413183790182 #
coedge $-1 -1 $-1 $3033 $3025 $1699 $2350 forward $3040 $-1 #
edge $3041 -1 $-1 $2355 -1.593017372283148658 $2352 -1.067356950427920781 $2349 $3042 forward @7 unknown #
DXID-attrib $-1 -1 $-1 $-1 $1700 @10 Revit:Edge @8 Edge:378 #
vertex $-1 -1 $-1 $2350 $3043 #
straight-curve $-1 -1 $-1 -5.004388756324879672 5.141902781943666234 16.25244542939478265 0 -12 0 F -5.827942386483761286e-17 F 1.070969915496164715 #
DXID-attrib $-1 -1 $-1 $-1 $1701 @10 Revit:Edge @8 Edge:513 #
vertex $-1 -1 $-1 $2350 $3044 #
straight-curve $-1 -1 $-1 -5.031243372499890398 4.505109977424703871 16.36189419267147827 0 -12 -3.861982383357028247e-14 F 2.913971193241880766e-16 F 0.9659156858965057824 #
rgb_color-st-attrib $-1 -1 $3045 $-1 $1702 0 0 0 #
face $3046 -1 $-1 $3047 $3048 $39 $-1 $3049 reversed single #
cone-surface $-1 -1 $-1 -4.814420781976291863 6.348833320724273754 16.35707537486139529 0 1 0 0.2168761323116290551 0 0 1 I I 0 1 0.2168761323116290551 forward I I I I #
coedge $-1 -1 $-1 $3050 $1705 $3051 $3052 forward $1707 $-1 #
coedge $-1 -1 $-1 $1706 $3053 $3054 $3055 forward $1707 $-1 #
face $3056 -1 $-1 $3057 $1707 $39 $-1 $3058 forward single #
coedge $-1 -1 $-1 $1725 $3051 $1710 $2364 forward $2390 $-1 #
edge $3059 -1 $-1 $2366 -1.214340273953268268 $1728 0 $2363 $3060 forward @7 unknown #
DXID-attrib $-1 -1 $-1 $-1 $1711 @10 Revit:Edge @8 Edge:502 #
vertex $-1 -1 $-1 $1711 $3061 #
intcurve-curve $-1 -1 $-1 forward { surfintcur full nubs 3 open 11 
	3.013305005049692564 3 3.211811965382003642 2 3.608825886046625353 2 3.929139543982119065 2 4.089296372949865699 2 
	4.249453201917612333 2 4.407844052424922054 2 4.566234902932230888 2 4.883016603946849443 2 5.256284005939506621 2 
	5.442917706935835653 3 
	-5.590145459773376402 -8.472640226249341211 14.9163850350970737 
	-5.607957844830282923 -8.486131654382708334 14.91281369768517528 
	-5.625499075962664186 -8.501691341199258289 14.90769889405250836 
	-5.679173930308210494 -8.550685177960440697 14.88623222712368843 
	-5.715125643461800742 -8.585762075800014159 14.86358676212581464 
	-5.769898355437076631 -8.639399501288508532 14.8089530611607394 
	-5.793215550017984938 -8.662498592265047037 14.77684960508549494 
	-5.817654480189823119 -8.686917105571975384 14.72088155663009346 
	-5.824105031163474777 -8.693412614155283435 14.70093841884124686 
	-5.832765980404725603 -8.702259566864398721 14.65980010057626792 
	-5.834972774357188641 -8.704607539727517107 14.63860341493260542 
	-5.834972774357188641 -8.704984533767030186 14.59680095744057127 
	-5.832813293548585243 -8.70306342909166375 14.57578127635263954 
	-5.824281763327030959 -8.695129275812202962 14.53489439059296551 
	-5.817913260039278001 -8.689119824859682595 14.51502574802014678 
	-5.793698680513867494 -8.666209318716633803 14.45915396472912562 
	-5.770497153453632677 -8.64418367912965202 14.42693879112849409 
	-5.717070119218721658 -8.594402371825950127 14.37338454840493718 
	-5.68259413744521602 -8.562430212589847045 14.35084524056140509 
	-5.628994475976696776 -8.51828011414626296 14.32864040681068118 
	-5.611081663277060372 -8.504349006193917759 14.32313996337894224 
	-5.592374234240537589 -8.492836411575391153 14.31924320355191682 
	0.0001518805049577321114 
	
	cone -5.530225139515777322 6.348833320724273754 14.61758631304689615 0 1 0 0.3047476348414097647 0 0 1 I I 0 1 0.3047476348414097647 forward I I I I 
	cone 10.33555422583333261 -8.392812115833821807 14.61477268725495371 -1 0 0 0 -0.3119976529476544136 0 1 I I -0 -1 0.3119976529476544136 forward I I I I 
	nullbs 
	nullbs 
	I I 
	0 
	0 
	0 
	} F 4.326702430839457492 F 4.981164503521828379 #
rgb_color-st-attrib $-1 -1 $3062 $-1 $1712 0 0 0 #
cone-surface $-1 -1 $-1 -5.530225139515777322 6.348833320724273754 14.61758631304689615 0 1 0 0.3047476348414097647 0 0 1 I I 0 1 0.3047476348414097647 forward I I I I #
coedge $-1 -1 $-1 $3063 $2970 $1714 $2371 reversed $3064 $-1 #
edge $3065 -1 $-1 $2373 -37.89641588420575147 $1722 -1.069685177018193656 $1714 $3066 forward @7 unknown #
DXID-attrib $-1 -1 $-1 $-1 $1715 @10 Revit:Edge @8 Edge:503 #
tvertex-vertex $-1 -1 $-1 $3055 $3067 0.0002344352701250421135 #
intcurve-curve $-1 -1 $-1 forward { surfintcur full nubs 3 open 11 
	3.013305005049692564 3 3.211811965382003642 2 3.608825886046625353 2 3.929139543982119065 2 4.089296372949865699 2 
	4.249453201917612333 2 4.407844052424922054 2 4.566234902932230888 2 4.883016603946849443 2 5.256284005939506621 2 
	5.442917706935835653 3 
	-5.590145459773376402 -8.472640226249341211 14.9163850350970737 
	-5.607957844830282923 -8.486131654382708334 14.91281369768517528 
	-5.625499075962664186 -8.501691341199258289 14.90769889405250836 
	-5.679173930308210494 -8.550685177960440697 14.88623222712368843 
	-5.715125643461800742 -8.585762075800014159 14.86358676212581464 
	-5.769898355437076631 -8.639399501288508532 14.8089530611607394 
	-5.793215550017984938 -8.662498592265047037 14.77684960508549494 
	-5.817654480189823119 -8.686917105571975384 14.72088155663009346 
	-5.824105031163474777 -8.693412614155283435 14.70093841884124686 
	-5.832765980404725603 -8.702259566864398721 14.65980010057626792 
	-5.834972774357188641 -8.704607539727517107 14.63860341493260542 
	-5.834972774357188641 -8.704984533767030186 14.59680095744057127 
	-5.832813293548585243 -8.70306342909166375 14.57578127635263954 
	-5.824281763327030959 -8.695129275812202962 14.53489439059296551 
	-5.817913260039278001 -8.689119824859682595 14.51502574802014678 
	-5.793698680513867494 -8.666209318716633803 14.45915396472912562 
	-5.770497153453632677 -8.64418367912965202 14.42693879112849409 
	-5.717070119218721658 -8.594402371825950127 14.37338454840493718 
	-5.68259413744521602 -8.562430212589847045 14.35084524056140509 
	-5.628994475976696776 -8.51828011414626296 14.32864040681068118 
	-5.611081663277060372 -8.504349006193917759 14.32313996337894224 
	-5.592374234240537589 -8.492836411575391153 14.31924320355191682 
	0.0001518805049577321114 
	
	cone -5.530225139515777322 6.348833320724273754 14.61758631304689615 0 1 0 0.3047476348414097647 0 0 1 I I 0 1 0.3047476348414097647 forward I I I I 
	cone 10.33555422583333261 -8.392812115833821807 14.61477268725495371 -1 0 0 0 -0.3119976529476544136 0 1 I I -0 -1 0.3119976529476544136 forward I I I I 
	nullbs 
	nullbs 
	I I 
	0 
	0 
	0 
	} F 3.422556793767454142 F 4.172106577714366438 #
rgb_color-st-attrib $-1 -1 $3068 $-1 $1716 0 0 0 #
face $3069 -1 $-1 $2986 $3064 $39 $-1 $3070 reversed single #
cone-surface $-1 -1 $-1 -5.530225139515777322 6.348833320724273754 14.61758631304689615 0 1 0 0.3047476348414097647 0 0 1 I I 0 1 0.3047476348414097647 forward I I I I #
coedge $-1 -1 $-1 $1724 $1718 $3071 $3072 forward $727 $-1 #
coedge $-1 -1 $-1 $3073 $3074 $1718 $2380 reversed $3075 $-1 #
edge $3076 -1 $-1 $2383 -2.112875628343075629 $3077 -0.5761331950554656745 $1718 $3078 forward @7 unknown #
coedge $-1 -1 $-1 $1719 $2969 $3079 $3080 forward $1661 $-1 #
DXID-attrib $-1 -1 $-1 $-1 $1720 @10 Revit:Edge @8 Edge:831 #
tvertex-vertex $-1 -1 $-1 $3080 $3081 0.000231861532600807378 #
straight-curve $-1 -1 $-1 -5.699172734164436704 5.927664326666783445 14.87089318350487765 -12 1.260312539889799936e-14 -1.008250031911839981e-14 F -1.321400449739506433 F -6.527295472861813232e-15 #
edge $3082 -1 $-1 $1722 4.610729874331176809e-15 $2975 0.2048123696274166128 $2296 $3083 forward @7 unknown #
point $-1 -1 $-1 -5.699605208974774406 5.9277903090573556 14.87082110436981885 #
coedge $-1 -1 $-1 $3084 $3085 $1724 $2388 reversed $2398 $-1 #
edge $3086 -1 $-1 $3087 -1.303357092681728169 $2392 9.324707818374014114e-16 $1724 $3088 forward @7 unknown #
coedge $-1 -1 $-1 $3089 $1725 $3085 $3090 reversed $2390 $-1 #
loop $-1 -1 $-1 $-1 $3089 $3091 #
DXID-attrib $-1 -1 $-1 $-1 $1726 @10 Revit:Edge @8 Edge:449 #
vertex $-1 -1 $-1 $2388 $3092 #
ellipse-curve $-1 -1 $-1 -7.051708078293413173 5.733096924689293772 14.60582907526679897 0.1668583036927596963 0 0.9859808854581182391 -1.942963143499050638 0 0.3288091473610770255 0.1668583036927596963 F -2.42148327278517117 F -2.324475689081413776 #
point $-1 -1 $-1 -5.722087321666685433 5.972856639159645376 14.38081633183786501 #
DXID-attrib $-1 -1 $-1 $1730 $1161 @10 Revit:Face @7 Face:93 #
rgb_color-st-attrib $-1 -1 $3093 $-1 $1731 0 0 0 #
face $3094 -1 $-1 $2442 $3095 $39 $-1 $3096 reversed single #
loop $-1 -1 $-1 $-1 $3085 $1731 #
plane-surface $-1 -1 $-1 -5.833444059166946083 5.949935674166801469 14.35865219100501733 2.443148787948663448e-16 0.1520571842540872631 -0.9883716976505947382 12 -1.928076308870352365e-14 0 forward_v I I I I #
coedge $-1 -1 $-1 $3097 $1733 $3098 $3099 reversed $1166 $-1 #
coedge $-1 -1 $-1 $1736 $3100 $1733 $2402 reversed $1767 $-1 #
edge $3101 -1 $-1 $1739 2.372727209255775183 $3102 2.466851711368097444 $1733 $3103 forward @7 unknown #
coedge $-1 -1 $-1 $1734 $3097 $3104 $3105 forward $1166 $-1 #
coedge $-1 -1 $-1 $3106 $1744 $1734 $2405 reversed $2418 $-1 #
edge $3107 -1 $-1 $3108 -1.329381911756574608 $1747 -5.82794238648387222e-17 $1734 $3109 forward @7 unknown #
rgb_color-st-attrib $-1 -1 $3110 $-1 $1735 0 0 0 #
face $3111 -1 $-1 $3112 $2418 $39 $-1 $3113 forward single #
cone-surface $-1 -1 $-1 10.33555422583333261 -8.370540768333926351 13.3675772272548965 -1 0 0 0 -0.3565155124432592415 0 1 I I 0 1 0.3565155124432592415 forward I I I I #
DXID-attrib $-1 -1 $-1 $-1 $1737 @10 Revit:Edge @8 Edge:411 #
straight-curve $-1 -1 $-1 -5.722087321666673887 5.973883613527886105 13.11134952433790701 0 12 0 F -1.216026404017227058 F 5.827942386483761286e-17 #
point $-1 -1 $-1 -5.722087321666669446 -8.61843323467883593 13.11134952433790524 #
DXID-attrib $-1 -1 $-1 $1741 $1171 @10 Revit:Face @8 Face:241 #
rgb_color-st-attrib $-1 -1 $3114 $-1 $1742 0 0 0 #
face $3115 -1 $-1 $3091 $3116 $39 $-1 $3117 reversed single #
loop $-1 -1 $-1 $-1 $1751 $1742 #
plane-surface $-1 -1 $-1 -5.722087321666676552 -9.198118445833415535 13.66813321183790642 0.1668583036929089658 0 -0.9859808854580930371 0 12 0 forward_v I I I I #
coedge $-1 -1 $-1 $1744 $3118 $2427 $3119 forward $2418 $-1 #
loop $-1 -1 $-1 $-1 $1744 $2407 #
DXID-attrib $-1 -1 $-1 $-1 $1745 @10 Revit:Edge @8 Edge:496 #
vertex $-1 -1 $-1 $1745 $3120 #
ellipse-curve $-1 -1 $-1 -5.499373846666866683 -10.10732703329531823 13.3897413680879076 -2.612220215166127633e-16 -0.1668583036930587626 0.985980885458067613 0 -2.106682573529167879 -0.3565155124437288658 0.1668583036930587626 F -2.46685171136665593 F -2.372727209254176017 #
point $-1 -1 $-1 -5.747266313012514338 -8.593254243333040776 13.64596907100484202 #
coedge $-1 -1 $-1 $3121 $1749 $2428 $3122 forward $1759 $-1 #
DXID-attrib $-1 -1 $-1 $-1 $1750 @10 Revit:Edge @8 Edge:455 #
vertex $-1 -1 $-1 $1750 $3123 #
ellipse-curve $-1 -1 $-1 -5.499373846666866683 7.509573239168847003 13.3897413680879076 2.641448271880767139e-16 0.1643989873053338657 0.9863939238321476344 0 2.139093074662686611 -0.3565155124437288658 0.1643989873053338657 F 2.372727209254168468 F 2.466851711366657707 #
coedge $-1 -1 $-1 $3124 $1751 $2417 $3119 reversed $2415 $-1 #
coedge $-1 -1 $-1 $1751 $3125 $2423 $3122 reversed $2415 $-1 #
DXID-attrib $-1 -1 $-1 $-1 $1752 @10 Revit:Edge @8 Edge:415 #
straight-curve $-1 -1 $-1 -5.722087321666676552 5.839222176668604547 13.66813321183790642 0 12 0 F -1.191792208074773152 F 1.748382715945128263e-16 #
DXID-attrib $-1 -1 $-1 $1753 $1177 @10 Revit:Face @8 Face:241 #
coedge $-1 -1 $-1 $3126 $3127 $1755 $2433 reversed $3128 $-1 #
edge $3129 -1 $-1 $2438 2.351744462119836676 $2447 2.437973909189969035 $1755 $3130 forward @7 unknown #
coedge $-1 -1 $-1 $3131 $1756 $1758 $2441 reversed $2436 $-1 #
coedge $-1 -1 $-1 $1756 $3104 $3126 $3132 reversed $2436 $-1 #
loop $-1 -1 $-1 $-1 $2435 $3133 #
DXID-attrib $-1 -1 $-1 $-1 $1757 @10 Revit:Edge @9 Edge:2990 #
vertex $-1 -1 $-1 $1757 $3134 #
intcurve-curve $-1 -1 $-1 forward { surfintcur full nubs 3 open 10 
	3.609611684636864215 3 4.052872922729214622 2 4.429608374689727235 2 4.617976100669983097 2 4.806343826650239848 2 
	4.988151565809925359 2 5.169959304969610869 2 5.533574783288982779 2 5.933137838189004754 2 6.132919365639015297 3 
	10.09248086291803403 5.867556852565663839 13.71968529980163609 
	10.1340129849537508 5.903316830438740226 13.70268486169685751 
	10.17445550317217595 5.94218528720466832 13.67660640848336051 
	10.23733019790728882 6.003344410034465284 13.61426471816498029 
	10.26476104927176713 6.030699275321695474 13.57663562520059664 
	10.29353175844627089 6.060169804441423835 13.51100772078139833 
	10.3011274596274216 6.068136781533965518 13.48761932023936438 
	10.31133364744795422 6.079353059109718238 13.4393410297042557 
	10.31393967416448021 6.082598400381275638 13.41444927724531588 
	10.31393967416448021 6.084128498363151394 13.36589392246047936 
	10.31150815888694083 6.082595731798844163 13.34165762644529174 
	10.30177807110699639 6.075015261290871216 13.2943060059752316 
	10.29448350484039132 6.068971956031029791 13.27118915431420199 
	10.26653516596518401 6.04543448884660517 13.20590735444880437 
	10.2395200308405343 6.022262661801106809 13.16786121528194009 
	10.17844861021258396 5.972087550532937605 13.10634945752106972 
	10.13959448577726263 5.940769055803933441 13.07983931574113434 
	10.07603585071559493 5.899672807593947077 13.05274760103055343 
	10.05403707325088902 5.887061998115097339 13.04575530411552542 
	10.03094030640481549 5.877556379742909343 13.04088797899181884 
	0.0001747009354114622008 
	
	cone 9.957424161720751954 6.348833320724273754 13.38974136808789339 0 1 0 -0.3565155124437288658 0 0 1 I I 0 1 0.3565155124437288658 forward I I I I 
	cone 10.33555422583333261 5.705032133957653961 13.37781879581337385 -1 0 0 0 -0.3785326811621000931 0 1 I I -0 -1 0.3785326811621000931 forward I I I I 
	nullbs 
	nullbs 
	I I 
	0 
	0 
	0 
	} F 4.039358043993642511 F 5.652421848720397435 #
coedge $-1 -1 $-1 $1758 $3121 $3135 $3136 forward $1759 $-1 #
edge $3137 -1 $-1 $3138 0.67474094222313441 $1761 0.7688654443355625867 $1758 $3139 forward @7 unknown #
face $3140 -1 $-1 $750 $1759 $39 $-1 $3141 forward single #
point $-1 -1 $-1 10.20531662806638273 5.972207021667013116 13.64596907100484025 #
coedge $-1 -1 $-1 $3142 $1764 $3127 $3143 forward $1775 $-1 #
coedge $-1 -1 $-1 $1764 $2458 $1766 $2450 forward $1775 $-1 #
DXID-attrib $-1 -1 $-1 $-1 $1765 @10 Revit:Edge @8 Edge:845 #
vertex $-1 -1 $-1 $2433 $3144 #
straight-curve $-1 -1 $-1 -5.586886062585611157 5.949935674166818345 13.08918538350495808 -12 1.892059706352962201e-14 0 F -1.302651870018768365 F 1.282147325026426867e-15 #
coedge $-1 -1 $-1 $3100 $1766 $3145 $3146 reversed $1767 $-1 #
edge $3147 -1 $-1 $3148 4.093566225482969503e-17 $1769 0.1451387045517988639 $2445 $3149 forward @7 unknown #
face $3150 -1 $-1 $1177 $1767 $39 $-1 $3151 reversed single #
point $-1 -1 $-1 -5.586886062585626256 5.949935674166813904 13.08918538350496164 #
DXID-attrib $-1 -1 $-1 $1773 $1192 @10 Revit:Face @8 Face:103 #
rgb_color-st-attrib $-1 -1 $3152 $-1 $1774 0 0 0 #
face $3153 -1 $-1 $3154 $3155 $39 $-1 $3156 forward single #
loop $-1 -1 $-1 $-1 $3157 $1774 #
cone-surface $-1 -1 $-1 10.33555422583333261 4.616438742604412226 12.7551151710048174 1 0 0 0 -0.1141406559375466312 0 1 I I 0 1 0.1141406559375466312 forward I I I I #
coedge $-1 -1 $-1 $2445 $3158 $3159 $3160 forward $1775 $-1 #
DXID-attrib $-1 -1 $-1 $-1 $1777 @10 Revit:Face @6 Face:0 #
face $3161 -1 $-1 $3162 $3163 $1194 $-1 $3164 forward single #
loop $-1 -1 $-1 $-1 $3165 $1777 #
plane-surface $-1 -1 $-1 -40.49956604000010429 10.97373132500001702 22.4570329218379392 0 0 1 -12 0 0 forward_v I I I I #
DXID-attrib $-1 -1 $-1 $-1 $1779 @10 Revit:Face @8 Face:106 #
face $3166 -1 $-1 $3167 $3168 $754 $-1 $3169 forward single #
loop $-1 -1 $-1 $-1 $3170 $1779 #
plane-surface $-1 -1 $-1 -6.735442849999916604 -10.62609556500001418 22.4570329218379392 0 1 0 0 0 -12 forward_v I I I I #
coedge $-1 -1 $-1 $3171 $3172 $3170 $3173 forward $1780 $-1 #
DXID-attrib $-1 -1 $-1 $-1 $1783 @10 Revit:Face @7 Face:93 #
face $3174 -1 $-1 $3175 $3176 $455 $-1 $3177 forward single #
loop $-1 -1 $-1 $-1 $3178 $1783 #
plane-surface $-1 -1 $-1 -5.344899810000128149 -10.58264109500009909 22.4570329218379392 -1 0 0 0 0 -12 forward_v I I I I #
coedge $-1 -1 $-1 $3179 $3180 $1786 $2475 reversed $1784 $-1 #
coedge $-1 -1 $-1 $3181 $1786 $3178 $3182 forward $1198 $-1 #
coedge $-1 -1 $-1 $1786 $3181 $3183 $3184 forward $1198 $-1 #
edge $3185 -1 $-1 $3186 0 $3187 1.796118093333328503 $1786 $3188 forward @7 unknown #
DXID-attrib $-1 -1 $-1 $-1 $1788 @10 Revit:Face @7 Face:81 #
face $3189 -1 $-1 $3190 $3191 $273 $-1 $3192 forward single #
loop $-1 -1 $-1 $-1 $3193 $1788 #
plane-surface $-1 -1 $-1 17.55560587999990929 -10.97373132500001702 22.4570329218379392 0 -1 0 0 0 -12 forward_v I I I I #
coedge $-1 -1 $-1 $3194 $3195 $1792 $2484 reversed $1789 $-1 #
coedge $-1 -1 $-1 $3196 $1791 $3197 $3198 forward $1202 $-1 #
coedge $-1 -1 $-1 $1791 $3196 $3194 $3199 forward $1202 $-1 #
coedge $-1 -1 $-1 $1793 $1792 $3193 $3200 forward $758 $-1 #
edge $3201 -1 $-1 $2489 0 $3202 0.02896964666666694208 $1792 $3203 forward @7 unknown #
coedge $-1 -1 $-1 $3204 $3197 $1793 $2486 reversed $3191 $-1 #
edge $3205 -1 $-1 $3206 0 $2488 0.02896964666666694208 $1793 $3207 forward @7 unknown #
DXID-attrib $-1 -1 $-1 $-1 $1794 @10 Revit:Edge @7 Edge:75 #
vertex $-1 -1 $-1 $1794 $3208 #
vertex $-1 -1 $-1 $1794 $3209 #
straight-curve $-1 -1 $-1 40.49956604000011851 -10.62609556500001418 22.4570329218379392 -12 0 0 F 0 F 1.911996680000017657 #
DXID-attrib $-1 -1 $-1 $-1 $1796 @10 Revit:Face @7 Face:69 #
face $3210 -1 $-1 $-1 $3211 $164 $-1 $3212 forward single #
loop $-1 -1 $-1 $-1 $1804 $1796 #
plane-surface $-1 -1 $-1 17.55560587999990929 10.97373132500001702 22.4570329218379392 -1 0 0 0 0 -12 forward_v I I I I #
coedge $-1 -1 $-1 $3213 $3214 $1802 $2502 reversed $1797 $-1 #
coedge $-1 -1 $-1 $3215 $1799 $1801 $2501 reversed $1207 $-1 #
coedge $-1 -1 $-1 $1799 $3215 $3213 $3216 forward $1207 $-1 #
coedge $-1 -1 $-1 $1801 $1800 $3217 $3218 reversed $762 $-1 #
coedge $-1 -1 $-1 $1804 $3219 $1800 $2500 reversed $2493 $-1 #
edge $3220 -1 $-1 $1807 0 $3221 0.09419759854167344959 $1800 $3222 forward @7 unknown #
edge $3223 -1 $-1 $3224 -0.09419759854167344959 $1808 0 $1801 $3225 forward @7 unknown #
edge $3226 -1 $-1 $2504 0 $2508 1.911996680000017657 $1802 $3227 forward @7 unknown #
DXID-attrib $-1 -1 $-1 $-1 $1803 @10 Revit:Edge @7 Edge:62 #
vertex $-1 -1 $-1 $1803 $3228 #
straight-curve $-1 -1 $-1 40.49956604000011851 10.62609556499990049 22.4570329218379392 0 12 0 F 0 F 0.02896964666667638244 #
coedge $-1 -1 $-1 $3219 $1804 $3214 $3229 reversed $2493 $-1 #
DXID-attrib $-1 -1 $-1 $-1 $1805 @10 Revit:Edge @7 Edge:70 #
vertex $-1 -1 $-1 $2502 $3230 #
straight-curve $-1 -1 $-1 17.55560587999990929 10.97373132500001702 22.4570329218379392 0 -12 0 F 0 F 0.02896964666667638244 #
point $-1 -1 $-1 17.55560587999990929 10.62609556499990049 22.4570329218379392 #
point $-1 -1 $-1 40.49956604000011851 10.62609556499990049 22.4570329218379392 #
DXID-attrib $-1 -1 $-1 $-1 $1811 @10 Revit:Face @6 Face:1 #
loop $-1 -1 $-1 $-1 $3231 $1811 #
plane-surface $-1 -1 $-1 -40.49956604000010429 10.97373132500001702 21.32666173933785814 -0 -0 -1 12 0 0 forward_v I I I I #
coedge $-1 -1 $-1 $3232 $1814 $1816 $2518 reversed $1215 $-1 #
coedge $-1 -1 $-1 $1814 $3232 $1825 $2531 forward $1215 $-1 #
coedge $-1 -1 $-1 $1816 $1815 $3233 $3234 reversed $767 $-1 #
edge $3235 -1 $-1 $3236 -0.09419759854167344959 $1823 0 $1816 $3237 forward @7 unknown #
coedge $-1 -1 $-1 $3231 $3233 $1817 $2520 forward $2513 $-1 #
edge $3238 -1 $-1 $2526 0 $2523 1.796118093333328503 $2519 $3239 forward @7 unknown #
coedge $-1 -1 $-1 $1818 $1825 $3231 $3240 reversed $1812 $-1 #
DXID-attrib $-1 -1 $-1 $-1 $1819 @10 Revit:Edge @7 Edge:57 #
vertex $-1 -1 $-1 $3240 $3241 #
straight-curve $-1 -1 $-1 16.20851730999981299 10.97373132500001702 22.4570329218379392 0 0 -12 F 0 F 0.09419759854167344959 #
DXID-attrib $-1 -1 $-1 $-1 $1820 @10 Revit:Edge @7 Edge:48 #
vertex $-1 -1 $-1 $3234 $3242 #
straight-curve $-1 -1 $-1 -5.344899810000128149 10.97373132500001702 22.4570329218379392 0 0 12 F -0.09419759854167344959 F 0 #
DXID-attrib $-1 -1 $-1 $-1 $1821 @10 Revit:Edge @7 Edge:50 #
straight-curve $-1 -1 $-1 -5.344899810000128149 10.5826410949999854 22.4570329218379392 12 0 0 F 0 F 1.796118093333328503 #
point $-1 -1 $-1 -5.344899810000128149 10.5826410949999854 22.4570329218379392 #
edge $3243 -1 $-1 $3244 -0.09419759854167344959 $1827 0 $2516 $3245 forward @7 unknown #
point $-1 -1 $-1 16.20851730999981299 10.5826410949999854 22.4570329218379392 #
coedge $-1 -1 $-1 $3246 $1838 $1840 $2542 forward $1832 $-1 #
coedge $-1 -1 $-1 $1835 $1834 $3246 $3247 reversed $775 $-1 #
coedge $-1 -1 $-1 $1838 $3246 $1836 $2536 forward $1832 $-1 #
edge $3248 -1 $-1 $2538 0 $1845 0.02896964666667638244 $2535 $3249 forward @7 unknown #
DXID-attrib $-1 -1 $-1 $-1 $1837 @10 Revit:Edge @7 Edge:36 #
vertex $-1 -1 $-1 $3247 $3250 #
straight-curve $-1 -1 $-1 -6.735442849999916604 10.97373132500001702 22.4570329218379392 0 0 12 F -0.09419759854167344959 F 0 #
DXID-attrib $-1 -1 $-1 $-1 $1839 @10 Revit:Edge @7 Edge:28 #
straight-curve $-1 -1 $-1 -6.735442849999916604 10.62609556499990049 21.32666173933785814 -12 0 0 F 0 F 1.73093638833334329 #
edge $3251 -1 $-1 $1842 0 $2546 0.02896964666667638244 $2533 $3252 forward @7 unknown #
point $-1 -1 $-1 -27.50667951000003342 10.62609556499990049 21.32666173933785814 #
point $-1 -1 $-1 -6.735442849999916604 10.62609556499990049 21.32666173933785814 #
DXID-attrib $-1 -1 $-1 $-1 $1850 @10 Revit:Edge @7 Edge:40 #
vertex $-1 -1 $-1 $2542 $3253 #
straight-curve $-1 -1 $-1 -27.50667951000003342 10.97373132500001702 22.4570329218379392 0 0 12 F -0.09419759854167344959 F 0 #
DXID-attrib $-1 -1 $-1 $-1 $1853 @10 Revit:Face @6 Face:1 #
plane-surface $-1 -1 $-1 -40.49956604000010429 10.97373132500001702 21.32666173933785814 -0 -0 -1 12 0 0 forward_v I I I I #
coedge $-1 -1 $-1 $1856 $1855 $3254 $3255 reversed $790 $-1 #
coedge $-1 -1 $-1 $1859 $3254 $1857 $2552 forward $1865 $-1 #
edge $3256 -1 $-1 $2554 0 $1862 0.03259085250001138301 $2551 $3257 forward @7 unknown #
DXID-attrib $-1 -1 $-1 $-1 $1858 @10 Revit:Edge @7 Edge:16 #
vertex $-1 -1 $-1 $3255 $3258 #
straight-curve $-1 -1 $-1 -40.10847580999996609 7.975372894999964046 22.4570329218379392 0 0 12 F -0.09419759854167344959 F 0 #
DXID-attrib $-1 -1 $-1 $-1 $1860 @10 Revit:Edge @6 Edge:7 #
straight-curve $-1 -1 $-1 -40.49956604000010429 7.975372894999964046 21.32666173933785814 0 12 0 F 0 F 0.249863202500004461 #
point $-1 -1 $-1 -40.49956604000009719 7.975372894999964046 21.32666173933785814 #
coedge $-1 -1 $-1 $3254 $1864 $1874 $2562 forward $1865 $-1 #
DXID-attrib $-1 -1 $-1 $-1 $1868 @10 Revit:Edge @7 Edge:23 #
straight-curve $-1 -1 $-1 -28.02813315000014427 10.97373132500001702 21.32666173933785814 0 -12 0 F 0 F 0.03259085250000264 #
edge $3259 -1 $-1 $1878 0 $2564 1.006695221666651818 $2559 $3260 forward @7 unknown #
DXID-attrib $-1 -1 $-1 $-1 $1875 @10 Revit:Edge @7 Edge:20 #
vertex $-1 -1 $-1 $2562 $3261 #
straight-curve $-1 -1 $-1 -40.10847580999996609 10.5826410949999854 22.4570329218379392 0 0 12 F -0.09419759854167344959 F 0 #
point $-1 -1 $-1 -28.02813315000014427 10.5826410949999854 21.32666173933785814 #
lump $-1 -1 $-1 $3262 $3263 $6 #
shell $-1 -1 $-1 $-1 $-1 $3264 $-1 $1880 #
face $3265 -1 $-1 $3266 $3267 $1881 $-1 $3268 forward single #
DXID-attrib $-1 -1 $-1 $-1 $1882 @10 Revit:Face @6 Face:0 #
face $3269 -1 $-1 $3270 $3271 $1280 $-1 $3272 forward single #
loop $-1 -1 $-1 $-1 $3273 $1882 #
plane-surface $-1 -1 $-1 -35.89339222000001683 10.5826410949999854 22.10596108082838285 0 0 1 0 -12 0 forward_v I I I I #
DXID-attrib $-1 -1 $-1 $-1 $1884 @10 Revit:Face @7 Face:98 #
face $3274 -1 $-1 $3275 $3276 $814 $-1 $3277 forward single #
loop $-1 -1 $-1 $-1 $3278 $1884 #
plane-surface $-1 -1 $-1 13.81852145999994264 10.5826410949999854 22.10596108082838285 0 1 0 0 0 -12 forward_v I I I I #
coedge $-1 -1 $-1 $3279 $3280 $3278 $3281 forward $1885 $-1 #
DXID-attrib $-1 -1 $-1 $-1 $1888 @10 Revit:Face @7 Face:85 #
face $3282 -1 $-1 $3283 $3284 $491 $-1 $3285 forward single #
loop $-1 -1 $-1 $-1 $3286 $1888 #
plane-surface $-1 -1 $-1 7.778350129999701323 9.929346395000038683 22.10596108082838285 0 -1 0 0 0 -12 forward_v I I I I #
coedge $-1 -1 $-1 $3287 $3288 $1891 $2586 reversed $1889 $-1 #
coedge $-1 -1 $-1 $3289 $1891 $3286 $3290 forward $1284 $-1 #
coedge $-1 -1 $-1 $1891 $3289 $3291 $3292 forward $1284 $-1 #
edge $3293 -1 $-1 $3294 0 $3295 0.05444122499999553416 $1891 $3296 forward @7 unknown #
DXID-attrib $-1 -1 $-1 $-1 $1893 @10 Revit:Face @7 Face:73 #
face $3297 -1 $-1 $3298 $3299 $293 $-1 $3300 forward single #
loop $-1 -1 $-1 $-1 $3301 $1893 #
plane-surface $-1 -1 $-1 -4.649628289999898634 9.929346395000038683 22.10596108082838285 0 -1 0 0 0 -12 forward_v I I I I #
coedge $-1 -1 $-1 $3302 $3303 $1897 $2595 reversed $1894 $-1 #
coedge $-1 -1 $-1 $3304 $1896 $3305 $3306 forward $1288 $-1 #
coedge $-1 -1 $-1 $1896 $3304 $3302 $3307 forward $1288 $-1 #
coedge $-1 -1 $-1 $1898 $1897 $3301 $3308 forward $818 $-1 #
edge $3309 -1 $-1 $2600 0 $3310 0.05444122499999553416 $1897 $3311 forward @7 unknown #
coedge $-1 -1 $-1 $3312 $3305 $1898 $2597 reversed $3299 $-1 #
edge $3313 -1 $-1 $3314 0 $2599 0.05444122499999553416 $1898 $3315 forward @7 unknown #
DXID-attrib $-1 -1 $-1 $-1 $1899 @10 Revit:Edge @7 Edge:67 #
vertex $-1 -1 $-1 $1899 $3316 #
vertex $-1 -1 $-1 $1899 $3317 #
straight-curve $-1 -1 $-1 -4.086920320017575214 10.5826410949999854 22.10596108082838285 -12 0 0 F 0 F 0.04689233083186028495 #
DXID-attrib $-1 -1 $-1 $-1 $1901 @10 Revit:Face @7 Face:61 #
face $3318 -1 $-1 $-1 $3319 $176 $-1 $3320 forward single #
loop $-1 -1 $-1 $-1 $1909 $1901 #
plane-surface $-1 -1 $-1 -8.212894830000205815 10.62609556499990049 22.10596108082838285 0 1 0 0 0 -12 forward_v I I I I #
coedge $-1 -1 $-1 $3321 $3322 $1907 $2613 reversed $1902 $-1 #
coedge $-1 -1 $-1 $3323 $1904 $1906 $2612 reversed $1293 $-1 #
coedge $-1 -1 $-1 $1904 $3323 $3321 $3324 forward $1293 $-1 #
coedge $-1 -1 $-1 $1906 $1905 $3325 $3326 reversed $822 $-1 #
coedge $-1 -1 $-1 $1909 $3327 $1905 $2611 reversed $2604 $-1 #
edge $3328 -1 $-1 $1912 -2.331176954593504514e-16 $3329 0.04361902086167396969 $1905 $3330 forward @7 unknown #
edge $3331 -1 $-1 $3332 -0.04361902086167396969 $1913 2.331176954593504514e-16 $1906 $3333 forward @7 unknown #
edge $3334 -1 $-1 $2615 0 $2619 0.05806243083332179172 $1907 $3335 forward @7 unknown #
DXID-attrib $-1 -1 $-1 $-1 $1908 @10 Revit:Edge @7 Edge:54 #
vertex $-1 -1 $-1 $1908 $3336 #
straight-curve $-1 -1 $-1 -8.821257410000381327 9.929346395000038683 22.10596108082838285 12 0 0 F 0 F 0.05069688166668125107 #
coedge $-1 -1 $-1 $3327 $1909 $3322 $3337 reversed $2604 $-1 #
DXID-attrib $-1 -1 $-1 $-1 $1910 @10 Revit:Edge @7 Edge:62 #
vertex $-1 -1 $-1 $2613 $3338 #
straight-curve $-1 -1 $-1 -8.212894830000205815 10.62609556499990049 22.10596108082838285 -12 0 0 F 0 F 0.05069688166668125107 #
point $-1 -1 $-1 -8.821257410000381327 10.62609556499990049 22.1059610808283864 #
point $-1 -1 $-1 -8.821257410000381327 9.929346395000038683 22.1059610808283864 #
DXID-attrib $-1 -1 $-1 $-1 $1916 @10 Revit:Face @6 Face:1 #
loop $-1 -1 $-1 $-1 $3339 $1916 #
plane-surface $-1 -1 $-1 -35.89339222000001683 10.5826410949999854 21.58253283048829729 0 0 -1 0 12 0 forward_v I I I I #
coedge $-1 -1 $-1 $3340 $1919 $1921 $2629 reversed $1301 $-1 #
coedge $-1 -1 $-1 $1919 $3340 $1930 $2642 forward $1301 $-1 #
coedge $-1 -1 $-1 $1921 $1920 $3341 $3342 reversed $827 $-1 #
edge $3343 -1 $-1 $3344 -0.04361902086167396969 $1928 2.331176954593504514e-16 $1921 $3345 forward @7 unknown #
coedge $-1 -1 $-1 $3339 $3341 $1922 $2631 forward $2624 $-1 #
edge $3346 -1 $-1 $2637 0 $2634 0.05069688166668113311 $2630 $3347 forward @7 unknown #
coedge $-1 -1 $-1 $1923 $1930 $3339 $3348 reversed $1917 $-1 #
DXID-attrib $-1 -1 $-1 $-1 $1924 @10 Revit:Edge @7 Edge:49 #
vertex $-1 -1 $-1 $3348 $3349 #
straight-curve $-1 -1 $-1 -24.59523002000003089 10.62609556499990049 22.10596108082838285 0 0 -12 F -2.331176954593504514e-16 F 0.04361902086167396969 #
DXID-attrib $-1 -1 $-1 $-1 $1925 @10 Revit:Edge @7 Edge:40 #
vertex $-1 -1 $-1 $3342 $3350 #
straight-curve $-1 -1 $-1 -25.20359260000020285 10.62609556499990049 22.10596108082838285 0 0 12 F -0.04361902086167396969 F 2.331176954593504514e-16 #
DXID-attrib $-1 -1 $-1 $-1 $1926 @10 Revit:Edge @7 Edge:42 #
straight-curve $-1 -1 $-1 -25.20359260000020285 9.929346395000038683 22.10596108082838285 12 0 0 F 0 F 0.05069688166668113311 #
point $-1 -1 $-1 -25.20359260000020285 9.929346395000038683 22.1059610808283864 #
edge $3351 -1 $-1 $3352 -0.04361902086167396969 $1932 2.331176954593504514e-16 $2627 $3353 forward @7 unknown #
point $-1 -1 $-1 -24.59523002000003089 9.929346395000038683 22.1059610808283864 #
coedge $-1 -1 $-1 $3354 $1943 $1945 $2653 forward $1937 $-1 #
coedge $-1 -1 $-1 $1940 $1939 $3354 $3355 reversed $835 $-1 #
coedge $-1 -1 $-1 $1943 $3354 $1941 $2647 forward $1937 $-1 #
edge $3356 -1 $-1 $2649 0 $1950 0.05431808750000762659 $2646 $3357 forward @7 unknown #
DXID-attrib $-1 -1 $-1 $-1 $1942 @10 Revit:Edge @7 Edge:28 #
vertex $-1 -1 $-1 $3355 $3358 #
straight-curve $-1 -1 $-1 -31.37412733999974535 9.929346395000026249 22.10596108082838285 0 0 12 F -0.04361902086167396969 F 2.331176954593504514e-16 #
DXID-attrib $-1 -1 $-1 $-1 $1944 @10 Revit:Edge @7 Edge:20 #
straight-curve $-1 -1 $-1 -32.02594438999983595 9.929346395000026249 21.58253283048829729 0 12 0 F 0 F 0.05444122499999565212 #
edge $3359 -1 $-1 $1947 0 $2657 0.05431808750000762659 $2644 $3360 forward @7 unknown #
point $-1 -1 $-1 -32.02594438999983595 10.58264109499997474 21.58253283048829729 #
point $-1 -1 $-1 -32.02594438999983595 9.929346395000026249 21.58253283048829729 #
DXID-attrib $-1 -1 $-1 $-1 $1955 @10 Revit:Edge @7 Edge:32 #
vertex $-1 -1 $-1 $2653 $3361 #
straight-curve $-1 -1 $-1 -31.37412733999974535 10.58264109499997474 22.10596108082838285 0 0 12 F -0.04361902086167396969 F 2.331176954593504514e-16 #
coedge $-1 -1 $-1 $1959 $1957 $1958 $2660 forward $1336 $-1 #
edge $3362 -1 $-1 $1970 0 $1962 0.05444122499999553416 $2659 $3363 forward @7 unknown #
DXID-attrib $-1 -1 $-1 $-1 $1960 @10 Revit:Edge @6 Edge:7 #
straight-curve $-1 -1 $-1 -35.24157516999992623 9.929346395000038683 21.58253283048829729 -12 0 0 F 0 F 0.05431808750000762659 #
point $-1 -1 $-1 -35.24157516999992623 9.929346395000038683 21.58253283048829729 #
DXID-attrib $-1 -1 $-1 $-1 $1966 @10 Revit:Edge @7 Edge:15 #
straight-curve $-1 -1 $-1 -35.89339222000001683 10.5826410949999854 21.58253283048829729 12 0 0 F 0 F 0.05431808750000762659 #
point $-1 -1 $-1 -35.24157516999992623 10.5826410949999854 21.58253283048829729 #
DXID-attrib $-1 -1 $-1 $-1 $1973 @10 Revit:Face @8 Face:121 #
face $3364 -1 $-1 $3365 $3366 $107 $-1 $3367 forward single #
loop $-1 -1 $-1 $-1 $3368 $1973 #
plane-surface $-1 -1 $-1 16.35661693305853959 9.885206811666650495 22.23539151350459164 -3.219070005126388596e-15 1.61006647384086336e-15 1 0 -12 1.932079768609035795e-14 forward_v I I I I #
coedge $-1 -1 $-1 $3369 $3370 $1983 $2686 reversed $1974 $-1 #
coedge $-1 -1 $-1 $3371 $1976 $1978 $2675 reversed $1358 $-1 #
coedge $-1 -1 $-1 $1976 $3371 $3369 $3372 forward $1358 $-1 #
coedge $-1 -1 $-1 $1978 $1977 $3373 $3374 reversed $871 $-1 #
edge $3375 -1 $-1 $3376 -1.654922515555550033 $1986 0 $1978 $3377 forward @7 unknown #
coedge $-1 -1 $-1 $3378 $3373 $1979 $2677 forward $3379 $-1 #
edge $3380 -1 $-1 $2683 0 $2680 0.009235058680551321009 $2676 $3381 forward @7 unknown #
coedge $-1 -1 $-1 $1980 $1991 $3378 $3382 reversed $1992 $-1 #
DXID-attrib $-1 -1 $-1 $-1 $1981 @10 Revit:Edge @8 Edge:189 #
vertex $-1 -1 $-1 $3382 $3383 #
straight-curve $-1 -1 $-1 13.80827633583333736 9.885206811666648719 20.39576782433789148 0 -12 1.932079768609035795e-14 F 0 F 1.654922515555550033 #
DXID-attrib $-1 -1 $-1 $-1 $1982 @10 Revit:Edge @8 Edge:112 #
vertex $-1 -1 $-1 $3374 $3384 #
straight-curve $-1 -1 $-1 13.80827633583332847 9.885206811666650495 20.50658852850450131 -1.610066473840863162e-15 12 -1.932079768609035479e-14 F -1.654922515555550033 F -1.165588477296756695e-16 #
coedge $-1 -1 $-1 $3385 $1983 $3368 $3386 forward $314 $-1 #
edge $3387 -1 $-1 $2688 4.907604086332135296 $3388 7.447814661539960746 $1983 $3389 forward @7 unknown #
DXID-attrib $-1 -1 $-1 $-1 $1984 @10 Revit:Edge @8 Edge:114 #
vertex $-1 -1 $-1 $1984 $3390 #
straight-curve $-1 -1 $-1 14.07424602583374629 9.885206811666648719 20.81688650017133568 11.82342544549325858 7.2520003488543265e-15 2.051002373197677642 F 0 F 0.1837103647906841997 #
point $-1 -1 $-1 14.07424602583374629 9.885206811666648719 20.81688650017133568 #
coedge $-1 -1 $-1 $1988 $3391 $3392 $3393 forward $314 $-1 #
coedge $-1 -1 $-1 $3394 $3395 $1988 $2693 reversed $3396 $-1 #
edge $3397 -1 $-1 $3398 2.127220708161007953e-16 $2698 0.1208415742894228678 $1988 $3399 forward @7 unknown #
coedge $-1 -1 $-1 $3400 $1989 $3395 $3401 reversed $2696 $-1 #
coedge $-1 -1 $-1 $1989 $3400 $1991 $2700 forward $2696 $-1 #
loop $-1 -1 $-1 $-1 $1989 $3402 #
DXID-attrib $-1 -1 $-1 $-1 $1990 @10 Revit:Edge @8 Edge:182 #
vertex $-1 -1 $-1 $2693 $3403 #
ellipse-curve $-1 -1 $-1 17.8404450335897522 9.885206811666646942 20.64554064219040441 0 1 0 0.6889837069473009334 0 0 1 F 1.341122590992253727 F 1.706324040780972995 #
edge $3404 -1 $-1 $3405 -1.654922515555550033 $1994 1.165588477296752257e-16 $2695 $3406 forward @7 unknown #
face $3407 -1 $-1 $3408 $1992 $107 $-1 $3409 forward single #
point $-1 -1 $-1 17.74735423693466529 9.885206811666648719 19.9628748000560492 #
DXID-attrib $-1 -1 $-1 $-1 $1999 @10 Revit:Face @7 Face:61 #
face $3410 -1 $-1 $3411 $3412 $64 $-1 $3413 forward single #
loop $-1 -1 $-1 $-1 $3414 $1999 #
cone-surface $-1 -1 $-1 -5.840234512916570253 -9.929535093333381468 22.06916045725458986 0 1 0 0.2350862142363780993 0 0 1 I I 0 1 0.2350862142363780993 forward I I I I #
coedge $-1 -1 $-1 $3415 $3416 $2016 $2725 reversed $2000 $-1 #
coedge $-1 -1 $-1 $3417 $2002 $2004 $2711 reversed $1374 $-1 #
coedge $-1 -1 $-1 $2002 $3417 $3415 $3418 forward $1374 $-1 #
coedge $-1 -1 $-1 $2004 $2003 $3419 $3420 reversed $879 $-1 #
edge $3421 -1 $-1 $3422 -1.654922515555550033 $2019 3.753349859181446362e-31 $2004 $3423 forward @7 unknown #
coedge $-1 -1 $-1 $2007 $3419 $2005 $2713 forward $2718 $-1 #
edge $3424 -1 $-1 $2715 0 $2014 0.1403728919444424128 $2712 $3425 forward @7 unknown #
DXID-attrib $-1 -1 $-1 $-1 $2006 @10 Revit:Edge @7 Edge:52 #
vertex $-1 -1 $-1 $3420 $3426 #
straight-curve $-1 -1 $-1 -27.59433874083318727 9.885206811666650495 22.67867433017121925 0 12 -1.932079768609035795e-14 F -1.654922515555550033 F 0 #
coedge $-1 -1 $-1 $3427 $2007 $2009 $2721 forward $2718 $-1 #
loop $-1 -1 $-1 $-1 $2717 $2747 #
DXID-attrib $-1 -1 $-1 $-1 $2008 @10 Revit:Edge @7 Edge:44 #
ellipse-curve $-1 -1 $-1 -27.06794039604076474 -9.973863374999949016 21.10502033100517139 0 -1 0 0.5379372136897764278 0 0 1 F 3.349088880025733683 F 4.387381108516787975 #
edge $3428 -1 $-1 $2011 0 $2744 1.617503589400115072 $2717 $3429 forward @7 unknown #
point $-1 -1 $-1 -27.23971248750001095 -9.973863374999949016 20.59524509183791352 #
point $-1 -1 $-1 -27.59433874083318727 -9.973863374999949016 20.99419962683793983 #
coedge $-1 -1 $-1 $3430 $2016 $3414 $3431 forward $190 $-1 #
edge $3432 -1 $-1 $2727 -7.18590058510021397e-31 $3433 0.07203345770832625394 $2016 $3434 forward @7 unknown #
DXID-attrib $-1 -1 $-1 $-1 $2017 @10 Revit:Edge @7 Edge:54 #
vertex $-1 -1 $-1 $2017 $3435 #
straight-curve $-1 -1 $-1 -6.715718075833213341 9.885206811666650495 22.6786743301712832 1.402094970806389673 0 -11.91780725187479284 F 2.315209801238155492e-16 F 0.03161574828351190747 #
point $-1 -1 $-1 -6.715718075833213341 9.885206811666650495 22.6786743301712832 #
coedge $-1 -1 $-1 $2022 $3436 $3437 $3438 forward $190 $-1 #
coedge $-1 -1 $-1 $3439 $3440 $2022 $2732 reversed $3441 $-1 #
edge $3442 -1 $-1 $3443 1.031733309686978961 $2737 1.697211555844204911 $2022 $3444 forward @7 unknown #
coedge $-1 -1 $-1 $3445 $2023 $3440 $3446 reversed $2735 $-1 #
coedge $-1 -1 $-1 $2023 $3445 $2025 $2740 forward $2735 $-1 #
loop $-1 -1 $-1 $-1 $2023 $3447 #
DXID-attrib $-1 -1 $-1 $-1 $2024 @10 Revit:Edge @7 Edge:94 #
vertex $-1 -1 $-1 $2732 $3448 #
straight-curve $-1 -1 $-1 -6.095122132500921275 9.885206811666645166 18.37883100850466178 -11.92660481608329981 0 1.325178312899268684 F 2.36840594354574015e-15 F 0.1338032210010806911 #
coedge $-1 -1 $-1 $2026 $2025 $3427 $3449 reversed $2027 $-1 #
edge $3450 -1 $-1 $3451 -1.654922515555549811 $2029 -3.753349859181446362e-31 $2734 $3452 forward @7 unknown #
face $3453 -1 $-1 $2032 $2027 $64 $-1 $3454 forward single #
point $-1 -1 $-1 -7.690940272499868335 9.885206811666645166 18.55614413517136541 #
DXID-attrib $-1 -1 $-1 $-1 $2031 @10 Revit:Edge @8 Edge:104 #
vertex $-1 -1 $-1 $2721 $3455 #
straight-curve $-1 -1 $-1 -7.934745821666555621 9.885206811666645166 18.57830827600455237 0 12 -1.932079768609035795e-14 F -1.654922515555549811 F 0 #
DXID-attrib $-1 -1 $-1 $-1 $2032 @10 Revit:Face @8 Face:101 #
face $3456 -1 $-1 $-1 $2718 $64 $-1 $3457 forward single #
plane-surface $-1 -1 $-1 -7.934745821666555621 9.885206811666645166 18.57830827600455237 -0.1039120216409818998 -1.601350367471796262e-15 -0.9945864928494072554 0 -12 1.932079768609035795e-14 forward_v I I I I #
DXID-attrib $-1 -1 $-1 $-1 $2035 @10 Revit:Face @7 Face:25 #
face $3458 -1 $-1 $2071 $2065 $45 $-1 $3459 forward single #
loop $-1 -1 $-1 $-1 $2061 $2035 #
plane-surface $-1 -1 $-1 -39.69595963583318365 9.885206811666650495 22.56785362600460942 -0.7071067811865581199 1.138488921813970352e-15 0.7071067811865369146 0 -12 1.932079768609035795e-14 forward_v I I I I #
coedge $-1 -1 $-1 $3460 $3461 $2055 $2769 reversed $2036 $-1 #
coedge $-1 -1 $-1 $3462 $2038 $2040 $2757 reversed $1400 $-1 #
coedge $-1 -1 $-1 $2038 $3462 $3460 $3463 forward $1400 $-1 #
coedge $-1 -1 $-1 $2040 $2039 $3464 $3465 reversed $895 $-1 #
edge $3466 -1 $-1 $3467 -1.654922515555550033 $2058 -1.16558847729675275e-16 $2040 $3468 forward @7 unknown #
coedge $-1 -1 $-1 $2043 $3464 $2041 $2759 forward $2049 $-1 #
edge $3469 -1 $-1 $2761 -1.057547633278926892e-30 $2046 0.1957832440277533503 $2758 $3470 forward @7 unknown #
DXID-attrib $-1 -1 $-1 $-1 $2042 @10 Revit:Edge @7 Edge:16 #
vertex $-1 -1 $-1 $3465 $3471 #
straight-curve $-1 -1 $-1 -31.60604823166634247 9.885206811666646942 20.17412641600465761 0 12 -1.932079768609035795e-14 F -1.654922515555550033 F 1.165588477296748559e-16 #
DXID-attrib $-1 -1 $-1 $-1 $2044 @10 Revit:Edge @6 Edge:7 #
straight-curve $-1 -1 $-1 -29.25664930333330105 -9.973863374999950793 20.17412641600470025 11.86046037180796553 0 1.824686211043641926 F 3.544722037124565484e-17 F 0.02429364643537006152 #
point $-1 -1 $-1 -29.25664930333330105 -9.973863374999950793 20.1741264160047038 #
coedge $-1 -1 $-1 $3472 $2048 $2069 $2782 forward $2049 $-1 #
DXID-attrib $-1 -1 $-1 $-1 $2052 @10 Revit:Edge @7 Edge:39 #
ellipse-curve $-1 -1 $-1 -28.94620513020948849 -9.973863374999949016 21.58973664049604224 0 -1 1.618667433348004174e-15 0.9346905307261954565 0 0 1 F -0.0918834261320046336 F 1.076854957875514884 #
edge $3473 -1 $-1 $2771 -2.331176954593504514e-16 $2777 0.1071266806944401184 $2055 $3474 forward @7 unknown #
DXID-attrib $-1 -1 $-1 $-1 $2056 @10 Revit:Edge @7 Edge:18 #
vertex $-1 -1 $-1 $2056 $3475 #
ellipse-curve $-1 -1 $-1 -39.14318284174017037 9.885206811666650495 21.58428085515028272 0 1 0 0.6298685695699060005 0 0 1 F 1.928131320745568145 F 2.641642730068871181 #
point $-1 -1 $-1 -39.36349752333322272 9.885206811666648719 20.99419962683792207 #
coedge $-1 -1 $-1 $3476 $2061 $3461 $3477 reversed $2751 $-1 #
coedge $-1 -1 $-1 $2061 $3476 $2063 $2780 forward $2751 $-1 #
DXID-attrib $-1 -1 $-1 $-1 $2062 @10 Revit:Edge @7 Edge:26 #
vertex $-1 -1 $-1 $2769 $3478 #
straight-curve $-1 -1 $-1 -39.69595963583318365 9.885206811666650495 22.56785362600460942 8.485281374238441643 0 8.485281374238695662 F 0 F 0.01044827618829334039 #
coedge $-1 -1 $-1 $2064 $2063 $3472 $3479 reversed $2065 $-1 #
edge $3480 -1 $-1 $3481 -1.654922515555550033 $2067 -3.753349859181446362e-31 $2775 $3482 forward @7 unknown #
point $-1 -1 $-1 -39.60730307249975368 9.885206811666650495 22.65651018933803584 #
edge $3483 -1 $-1 $2074 5.210278456284462388e-16 $2784 0.04285411660178276017 $2766 $3484 forward @7 unknown #
DXID-attrib $-1 -1 $-1 $-1 $2070 @10 Revit:Edge @7 Edge:36 #
vertex $-1 -1 $-1 $2782 $3485 #
straight-curve $-1 -1 $-1 -28.95585024916667294 9.885206811666650495 22.65651018933806782 0 12 -1.932079768609035795e-14 F -1.654922515555550033 F 0 #
DXID-attrib $-1 -1 $-1 $-1 $2071 @10 Revit:Face @7 Face:33 #
plane-surface $-1 -1 $-1 -28.95585024916667294 9.885206811666650495 22.65651018933806782 0.4740998230348506537 1.41761699917062783e-15 0.8804710999222651324 0 -12 1.932079768609035795e-14 forward_v I I I I #
point $-1 -1 $-1 -28.50306851499985683 -9.973863374999949016 22.4127046401714658 #
DXID-attrib $-1 -1 $-1 $-1 $2077 @10 Revit:Face @6 Face:1 #
plane-surface $-1 -1 $-1 -28.01545741666662792 -9.973863374999949016 21.50397486600457242 0 -1 1.618667433348004174e-15 -0.9174825326213206234 1.936715296792305882e-14 11.9648746672221673 forward_v I I I I #
DXID-attrib $-1 -1 $-1 $-1 $2080 @10 Revit:Face @7 Face:21 #
face $3486 -1 $-1 $3487 $3488 $46 $-1 $3489 forward single #
loop $-1 -1 $-1 $-1 $2819 $2080 #
plane-surface $-1 -1 $-1 -13.46555118110243399 -9.918453022916629891 16.11808864350483006 -1.582420323009555754e-15 -1 -1.43117019896971463e-15 12 -1.898904387611466904e-14 0 forward_v I I I I #
coedge $-1 -1 $-1 $3490 $2083 $3491 $3492 forward $199 $-1 #
coedge $-1 -1 $-1 $3493 $3494 $2083 $2797 reversed $3495 $-1 #
edge $3496 -1 $-1 $2802 -2.331176954593504514e-16 $3497 0.02216414083335365923 $2083 $3498 forward @7 unknown #
coedge $-1 -1 $-1 $2119 $2084 $2087 $2804 forward $2800 $-1 #
coedge $-1 -1 $-1 $2084 $2119 $3493 $3499 reversed $2800 $-1 #
loop $-1 -1 $-1 $-1 $2119 $3500 #
DXID-attrib $-1 -1 $-1 $-1 $2085 @10 Revit:Edge @7 Edge:51 #
vertex $-1 -1 $-1 $2085 $3501 #
straight-curve $-1 -1 $-1 13.47581422333355228 9.951699234166746066 18.29017444517135971 0 -12 0 F 1.165588477296752257e-16 F 0.007388046944451220031 #
edge $3502 -1 $-1 $2090 -2.245113783702996191 $2122 -1.844450894740142872e-31 $2798 $3503 forward @7 unknown #
face $3504 -1 $-1 $2093 $2088 $46 $-1 $3505 forward single #
point $-1 -1 $-1 13.47581422333355228 9.95169923416674429 18.29017444517135971 #
DXID-attrib $-1 -1 $-1 $-1 $2092 @10 Revit:Edge @7 Edge:60 #
straight-curve $-1 -1 $-1 -13.46555118110240024 9.951699234166788699 17.97987647350474205 -12 1.898904387611466904e-14 0 F -2.245113783702996191 F -1.844450894740142872e-31 #
DXID-attrib $-1 -1 $-1 $-1 $2093 @10 Revit:Face @7 Face:57 #
plane-surface $-1 -1 $-1 -13.46555118110240024 9.951699234166788699 17.97987647350474205 0 0 -1 12 -1.898904387611466904e-14 0 forward_v I I I I #
coedge $-1 -1 $-1 $2095 $3506 $3507 $3508 forward $199 $-1 #
coedge $-1 -1 $-1 $2110 $2109 $2095 $2813 reversed $1437 $-1 #
edge $3509 -1 $-1 $3510 2.331176954593504514e-16 $2815 0.0203171290972174283 $2095 $3511 forward @7 unknown #
DXID-attrib $-1 -1 $-1 $-1 $2097 @10 Revit:Edge @7 Edge:11 #
vertex $-1 -1 $-1 $2813 $3512 #
straight-curve $-1 -1 $-1 13.4758142233335203 -7.624464446666729067 16.36189419267144274 2.096830756629958737e-14 12 0 F 0 F 1.27074407444444204 #
point $-1 -1 $-1 13.47581422333354872 7.624464446666570971 16.36189419267143919 #
coedge $-1 -1 $-1 $3513 $2106 $3514 $3515 forward $115 $-1 #
coedge $-1 -1 $-1 $3516 $3517 $2106 $2820 reversed $2793 $-1 #
edge $3518 -1 $-1 $2824 2.331176954593504514e-16 $3519 0.1551489858333259531 $2106 $3520 forward @7 unknown #
coedge $-1 -1 $-1 $3507 $2107 $2110 $2826 reversed $2081 $-1 #
coedge $-1 -1 $-1 $2107 $3507 $3516 $3521 forward $2081 $-1 #
DXID-attrib $-1 -1 $-1 $-1 $2108 @10 Revit:Edge @7 Edge:18 #
vertex $-1 -1 $-1 $2108 $3522 #
straight-curve $-1 -1 $-1 -13.46555118110243043 -7.624464446666686435 16.11808864350483006 -1.393835324213956431e-14 -12 0 F 0 F 0.1911657146874952973 #
edge $3523 -1 $-1 $3510 -2.245113783702996191 $2112 0 $2110 $3524 forward @7 unknown #
point $-1 -1 $-1 -13.46555118110243043 -7.624464446666686435 16.11808864350483361 #
DXID-attrib $-1 -1 $-1 $-1 $2114 @10 Revit:Edge @7 Edge:16 #
straight-curve $-1 -1 $-1 -13.46555118110243043 -7.624464446666686435 16.36189419267144274 -12 1.898904387611466904e-14 0 F -2.245113783702996191 F 0 #
coedge $-1 -1 $-1 $2118 $3525 $3526 $3527 forward $115 $-1 #
coedge $-1 -1 $-1 $3494 $3493 $2118 $2832 reversed $3495 $-1 #
edge $3528 -1 $-1 $3529 2.331176954593504514e-16 $2834 0.0221641408333541276 $2118 $3530 forward @7 unknown #
DXID-attrib $-1 -1 $-1 $-1 $2120 @10 Revit:Edge @7 Edge:50 #
vertex $-1 -1 $-1 $2832 $3531 #
straight-curve $-1 -1 $-1 -13.46555118110240024 9.863042670833372938 18.29017444517135971 0 12 0 F 0 F 0.007388046944451220031 #
point $-1 -1 $-1 -13.46555118110240024 9.951699234166788699 18.29017444517135971 #
DXID-attrib $-1 -1 $-1 $-1 $2126 @10 Revit:Face @7 Face:21 #
plane-surface $-1 -1 $-1 13.81149747477357259 9.885206811666698457 20.39094040434140709 1 2.025349954272756804e-30 1.255121522416632679e-15 0 -12 1.936402094713295374e-14 forward_v I I I I #
DXID-attrib $-1 -1 $-1 $-1 $2130 @10 Revit:Edge @7 Edge:15 #
vertex $-1 -1 $-1 $2130 $3532 #
straight-curve $-1 -1 $-1 14.0742460258335722 -9.929535093333347717 20.81688650017133568 11.82342544549326036 7.178747820080115673e-15 2.051002373197667872 F 2.296874743574027833e-16 F 0.1855849603497173872 #
edge $3533 -1 $-1 $2134 -1.651228492083337329 $2151 0 $2149 $3534 forward @7 unknown #
point $-1 -1 $-1 14.07424602583357576 -9.929535093333347717 20.81688650017133568 #
DXID-attrib $-1 -1 $-1 $-1 $2136 @10 Revit:Edge @7 Edge:24 #
straight-curve $-1 -1 $-1 13.81149747477357259 9.885206811666698457 20.39094040434140709 0 12 -1.936402094713295374e-14 F -1.651228492083337329 F 0 #
DXID-attrib $-1 -1 $-1 $-1 $2139 @10 Revit:Edge @7 Edge:11 #
straight-curve $-1 -1 $-1 16.26849596833327993 -9.929535093333345941 21.19752169427840371 -2.158752739884138701e-14 2.158752739884138701e-14 12 F 2.096847765784787989e-31 F 0.1234293863244098344 #
point $-1 -1 $-1 16.26849596833327638 -9.929535093333344165 22.67867433017132228 #
point $-1 -1 $-1 14.07424602583357576 9.885206811666698457 20.81688650017130726 #
DXID-attrib $-1 -1 $-1 $-1 $2153 @10 Revit:Edge @7 Edge:16 #
straight-curve $-1 -1 $-1 16.26849596833327993 9.885206811666700233 21.19752169427837174 0 12 -1.936402094713295374e-14 F -1.651228492083337329 F 1.165588477296752257e-16 #
DXID-attrib $-1 -1 $-1 $2161 $1523 @10 Revit:Face @7 Face:49 #
rgb_color-st-attrib $-1 -1 $3535 $-1 $2162 0 0 0 #
face $3536 -1 $-1 $3537 $3538 $121 $-1 $3539 forward single #
loop $-1 -1 $-1 $-1 $3540 $2162 #
plane-surface $-1 -1 $-1 -27.74948772666637709 -9.973863374999934805 24.65651018933806782 0 -1 1.618667433348004174e-15 0 1.942400920017605009e-14 12 forward_v I I I I #
coedge $-1 -1 $-1 $3541 $2165 $2167 $2861 reversed $1524 $-1 #
coedge $-1 -1 $-1 $2165 $3541 $2176 $2875 forward $1524 $-1 #
coedge $-1 -1 $-1 $3542 $2166 $3543 $3544 reversed $994 $-1 #
coedge $-1 -1 $-1 $2167 $3545 $3546 $3547 forward $994 $-1 #
edge $3548 -1 $-1 $3549 -0.3645102512537367057 $2174 0 $2167 $3550 forward @7 unknown #
coedge $-1 -1 $-1 $3540 $3543 $2168 $2863 forward $2855 $-1 #
edge $3551 -1 $-1 $2869 0 $2866 0.1608921274476879937 $2862 $3552 forward @7 unknown #
coedge $-1 -1 $-1 $2169 $3553 $3540 $3554 reversed $2163 $-1 #
DXID-attrib $-1 -1 $-1 $-1 $2170 @10 Revit:Edge @7 Edge:43 #
vertex $-1 -1 $-1 $3554 $3555 #
straight-curve $-1 -1 $-1 40.36091705416668418 9.885206811666661153 24.67587228204347838 0 -12 1.93207976860903611e-14 F 0 F 1.654922515555549589 #
DXID-attrib $-1 -1 $-1 $-1 $2171 @10 Revit:Edge @7 Edge:44 #
vertex $-1 -1 $-1 $3544 $3556 #
straight-curve $-1 -1 $-1 40.36091705416668418 9.885206811666659377 22.74516675267122423 0 12 -1.93207976860903611e-14 F -1.654922515555549811 F 0 #
DXID-attrib $-1 -1 $-1 $-1 $2172 @10 Revit:Edge @7 Edge:11 #
straight-curve $-1 -1 $-1 17.04424089750015625 9.885206811666659377 22.74516675267122423 0 1.656100457722342721e-14 12 F 0 F 0.1608921274476877716 #
point $-1 -1 $-1 17.04424089750015625 9.885206811666659377 22.74516675267122423 #
coedge $-1 -1 $-1 $3557 $2176 $3558 $3559 forward $2163 $-1 #
edge $3560 -1 $-1 $3561 -0.3645102512537368167 $2178 0 $2858 $3562 forward @7 unknown #
point $-1 -1 $-1 17.04424089750015625 9.885206811666661153 24.67587228204347838 #
DXID-attrib $-1 -1 $-1 $2183 $1539 @10 Revit:Face @7 Face:68 #
rgb_color-st-attrib $-1 -1 $3563 $-1 $2184 0 0 0 #
face $3564 -1 $-1 $3565 $3566 $69 $-1 $3567 reversed single #
loop $-1 -1 $-1 $-1 $3568 $2184 #
plane-surface $-1 -1 $-1 12.86252311999999698 3.465787593783816511 27.86388309622504877 -1 -0 -0 0 0 -12 forward_v I I I I #
coedge $-1 -1 $-1 $2885 $2893 $3568 $3569 forward $2185 $-1 #
coedge $-1 -1 $-1 $2188 $2187 $3570 $3571 reversed $1003 $-1 #
coedge $-1 -1 $-1 $3572 $2189 $3573 $3574 forward $604 $-1 #
coedge $-1 -1 $-1 $2192 $2882 $2189 $2886 reversed $2185 $-1 #
edge $3575 -1 $-1 $2199 0 $3576 0.3282706312402137727 $2189 $3577 forward @7 unknown #
coedge $-1 -1 $-1 $2190 $3572 $3578 $3579 reversed $604 $-1 #
coedge $-1 -1 $-1 $3580 $3570 $2190 $2889 forward $3581 $-1 #
edge $3582 -1 $-1 $2891 0 $3583 3.658930249236107102 $2888 $3584 forward @7 unknown #
DXID-attrib $-1 -1 $-1 $-1 $2191 @10 Revit:Edge @7 Edge:38 #
vertex $-1 -1 $-1 $3571 $3585 #
straight-curve $-1 -1 $-1 -27.63866702250000529 9.885206811666659377 22.67867433017121925 0 12 -1.93207976860903611e-14 F -1.654922515555549811 F 3.7533498591814468e-31 #
coedge $-1 -1 $-1 $2882 $2192 $2194 $2897 reversed $2185 $-1 #
DXID-attrib $-1 -1 $-1 $-1 $2193 @10 Revit:Edge @8 Edge:124 #
straight-curve $-1 -1 $-1 16.26849596833327638 5.444933978626196769 24.67587228204348193 1.600964144752419406e-14 1.200723108564314554e-14 -12 F 5.831454249027092928e-32 F 0.1664331626560211774 #
coedge $-1 -1 $-1 $2194 $3586 $3587 $3588 forward $1540 $-1 #
edge $3589 -1 $-1 $3590 0 $2196 0.3282706312402137727 $2194 $3591 forward @7 unknown #
point $-1 -1 $-1 16.26849596833327638 5.444933978626196769 24.67587228204348193 #
point $-1 -1 $-1 16.26849596833327638 5.444933978626196769 22.67867433017122991 #
coedge $-1 -1 $-1 $3586 $2204 $3592 $3593 reversed $1540 $-1 #
coedge $-1 -1 $-1 $3570 $3580 $2204 $2902 forward $3581 $-1 #
edge $3594 -1 $-1 $3595 0 $2904 3.658930249236107102 $2901 $3596 forward @7 unknown #
DXID-attrib $-1 -1 $-1 $-1 $2205 @10 Revit:Edge @7 Edge:40 #
vertex $-1 -1 $-1 $2902 $3597 #
straight-curve $-1 -1 $-1 -27.63866702250000529 9.885206811666661153 24.67587228204347838 0 12 -1.93207976860903611e-14 F -1.654922515555549589 F 0 #
coedge $-1 -1 $-1 $2210 $2208 $2209 $2907 forward $1561 $-1 #
edge $3598 -1 $-1 $2221 0 $2213 0.1683218224770402505 $2906 $3599 forward @7 unknown #
DXID-attrib $-1 -1 $-1 $-1 $2211 @10 Revit:Edge @7 Edge:16 #
straight-curve $-1 -1 $-1 -39.69595963583318365 -9.973863374999936582 22.65651018933806427 12 0 0 F 0 F 0.9955393257639005844 #
point $-1 -1 $-1 -39.69595963583318365 -9.973863374999936582 22.65651018933806071 #
DXID-attrib $-1 -1 $-1 $-1 $2217 @10 Revit:Edge @7 Edge:14 #
straight-curve $-1 -1 $-1 -27.74948772666637709 -9.973863374999934805 24.67637205906254394 -12 0 0 F 0 F 0.9955393257639005844 #
point $-1 -1 $-1 -39.69595963583318365 -9.973863374999934805 24.67637205906254394 #
DXID-attrib $-1 -1 $-1 $-1 $2226 @10 Revit:Face @7 Face:65 #
cone-surface $-1 -1 $-1 32.24840777036369843 11.39895179650199175 5.474363487378846926 1 0 0 0 -0.5004100592888360843 0 1 I I 0 1 0.5004100592888360843 forward I I I I #
coedge $-1 -1 $-1 $2272 $2251 $2253 $2941 reversed $2227 $-1 #
coedge $-1 -1 $-1 $2253 $2229 $2240 $2932 reversed $1588 $-1 #
DXID-attrib $-1 -1 $-1 $-1 $2230 @10 Revit:Edge @8 Edge:160 #
straight-curve $-1 -1 $-1 26.54355316980902302 9.384762270608836943 2.376321326838109815 12 -1.879860990038291664e-14 0 F -3.330915366650773812 F 4.662353909187043147e-15 #
coedge $-1 -1 $-1 $2286 $2285 $2234 $2921 reversed $2287 $-1 #
edge $3600 -1 $-1 $2923 2.158265868547716959 $2947 3.376627464863505068 $2234 $3601 forward @7 unknown #
DXID-attrib $-1 -1 $-1 $-1 $2236 @10 Revit:Edge @8 Edge:189 #
vertex $-1 -1 $-1 $2236 $3602 #
ellipse-curve $-1 -1 $-1 -15.2018194635030266 -0.0869089400000883916 6.94678661599147329 1.397383431815074194e-16 0.0856219118234589488 -0.9963277012186783077 0 42.80640947119901796 3.678675813930253558 0.9963277012186781967 F 1.7784001424454563 F 1.846673574084916281 #
coedge $-1 -1 $-1 $2275 $2274 $2237 $2926 reversed $2276 $-1 #
edge $3603 -1 $-1 $2939 0.05060381983581285076 $2928 1.512378187868171686 $2237 $3604 forward @7 unknown #
DXID-attrib $-1 -1 $-1 $-1 $2238 @10 Revit:Edge @8 Edge:183 #
vertex $-1 -1 $-1 $2926 $3605 #
ellipse-curve $-1 -1 $-1 -15.2018194635030266 -0.0869089400000883916 6.946486243231111857 -1.397383431815132865e-16 -0.08562191182346255702 -0.9963277012186779746 0 42.80640947119901796 -3.678675813930409877 0.9963277012186779746 F 1.295003939793050174 F 1.363275954570224213 #
coedge $-1 -1 $-1 $2241 $2260 $2239 $2931 reversed $2261 $-1 #
edge $3606 -1 $-1 $2244 2.331176954593508459e-16 $2963 0.2625839546535662095 $2239 $3607 forward @7 unknown #
edge $3608 -1 $-1 $2953 2.331176954593507473e-16 $2249 0.2513566952270432919 $2240 $3609 forward @7 unknown #
DXID-attrib $-1 -1 $-1 $-1 $2242 @10 Revit:Edge @8 Edge:174 #
straight-curve $-1 -1 $-1 26.57387052052538223 -9.423954413505331473 2.376321326838109815 12 -1.958369682719678797e-14 0 F -3.333441812543803895 F -6.061060081943063716e-15 #
point $-1 -1 $-1 -13.42743123000025918 -9.423954413505267524 2.376321326838108927 #
point $-1 -1 $-1 -13.42743123000025918 9.384762270608899115 2.376321326838109815 #
coedge $-1 -1 $-1 $2251 $2272 $2275 $2955 forward $2227 $-1 #
DXID-attrib $-1 -1 $-1 $-1 $2252 @10 Revit:Edge @8 Edge:181 #
vertex $-1 -1 $-1 $2252 $3610 #
ellipse-curve $-1 -1 $-1 -15.2018194635030266 -0.0869089400000883916 79.93039607572038108 -1.611284298266132086e-15 -0.9872826524747583266 -0.1589747279362530019 0 42.80640947119901796 -265.8411562282562954 0.1589747279362530019 F 1.274760389318727816 F 1.287000405882960496 #
edge $3611 -1 $-1 $2953 -3.26416344074662268 $2255 4.196118518268333074e-15 $2253 $3612 forward @7 unknown #
point $-1 -1 $-1 25.74253005895926449 12.40104261333317126 2.376321326837623538 #
coedge $-1 -1 $-1 $2283 $2258 $2285 $2965 reversed $2945 $-1 #
coedge $-1 -1 $-1 $2258 $2283 $2260 $2949 forward $2945 $-1 #
loop $-1 -1 $-1 $-1 $2943 $3613 #
DXID-attrib $-1 -1 $-1 $-1 $2259 @10 Revit:Edge @8 Edge:185 #
vertex $-1 -1 $-1 $2921 $3614 #
ellipse-curve $-1 -1 $-1 -15.2018194635030266 -0.0869089400000883916 83.93127502051410715 1.613236253685194134e-15 0.9884786746328080298 -0.1513601988508447294 0 42.80640947119901796 279.5531666919710574 0.1513601988508447294 F 1.854754773837269388 F 1.866834740218390909 #
edge $3615 -1 $-1 $2963 -3.264160864110305482 $2263 -9.324707818373974276e-15 $2944 $3616 forward @7 unknown #
face $3617 -1 $-1 $1601 $2261 $35 $-1 $3618 reversed single #
point $-1 -1 $-1 25.74249913932329292 -12.57496186934848481 2.376321326838052528 #
DXID-attrib $-1 -1 $-1 $-1 $2273 @10 Revit:Edge @8 Edge:140 #
vertex $-1 -1 $-1 $2273 $3619 #
straight-curve $-1 -1 $-1 -13.42743123000025918 11.8989601623413197 5.494409971564549799 0 1.907696735235036023 -11.84739182969710036 F 7.897210362491872785e-17 F 0.2631877707387474397 #
edge $3620 -1 $-1 $2278 -3.276645262006122383 $2939 2.797412345512202459e-15 $2937 $3621 forward @7 unknown #
point $-1 -1 $-1 -13.42743123000025918 11.89896016234127352 5.494409971564540918 #
DXID-attrib $-1 -1 $-1 $-1 $2280 @10 Revit:Edge @8 Edge:166 #
straight-curve $-1 -1 $-1 25.98692403251005345 11.5696815149999086 5.944748001004750648 12 -1.946971222819472434e-14 0 F -3.284529605209193015 F 6.061060081943146546e-15 #
DXID-attrib $-1 -1 $-1 $-1 $2281 @10 Revit:Face @7 Face:67 #
face $3622 -1 $-1 $3613 $2287 $35 $-1 $3623 forward single #
plane-surface $-1 -1 $-1 -13.46555118110240912 11.56968151499997255 5.944748001004750648 -1.397383431815132865e-16 -0.08562191182346255702 -0.9963277012186779746 12 -1.958447414296882373e-14 0 forward_v I I I I #
DXID-attrib $-1 -1 $-1 $-1 $2284 @10 Revit:Edge @8 Edge:144 #
vertex $-1 -1 $-1 $2931 $3624 #
straight-curve $-1 -1 $-1 -13.42743123000025918 -12.57496186934805849 2.376321326838117809 0 1.816322386210153628 11.8617440955936928 F 0 F 0.2728068094867007742 #
edge $3625 -1 $-1 $2289 -3.276482882034283506 $2947 -4.196118518268283376e-15 $2285 $3626 forward @7 unknown #
point $-1 -1 $-1 -13.42743123000025918 -12.07945675416680054 5.612285888504745301 #
DXID-attrib $-1 -1 $-1 $-1 $2291 @10 Revit:Edge @8 Edge:169 #
straight-curve $-1 -1 $-1 25.98593470258068194 -11.74699464166671881 5.944748001004741766 -12 1.825331338581238175e-14 5.070364829392327562e-15 F 8.858472427455270514e-15 F 3.284447161048411612 #
coedge $-1 -1 $-1 $2381 $2296 $2298 $2972 reversed $1661 $-1 #
coedge $-1 -1 $-1 $2370 $3627 $2296 $2385 reversed $3064 $-1 #
coedge $-1 -1 $-1 $2298 $2297 $3628 $3629 forward $1123 $-1 #
edge $3630 -1 $-1 $3631 -1.03186445568919094 $2975 2.565790709083377996e-05 $2298 $3632 forward @7 unknown #
coedge $-1 -1 $-1 $3633 $2299 $3627 $3634 reversed $2305 $-1 #
DXID-attrib $-1 -1 $-1 $-1 $2300 @10 Revit:Edge @8 Edge:447 #
tvertex-vertex $-1 -1 $-1 $2300 $3635 0.0002431414416140409852 #
intcurve-curve $-1 -1 $-1 forward { surfintcur full nubs 3 periodic 23 
	0 3 0.05794913813295431843 2 0.1158982762659086369 2 0.2317965525318172737 2 0.3417972204978459438 2 
	0.4517978884638745862 2 0.5712625516299150163 2 0.6907272147959553354 2 0.8221207533345746832 2 0.8878175226038844681 2 
	0.9206659072385392495 2 0.9535142918731941419 2 0.9863626765078490344 2 1.019211061142503816 2 1.084907830411813601 2 
	1.216301368950432948 2 1.335766032116473268 2 1.455230695282513587 2 1.565231363248542173 2 1.675232031214570982 2 
	1.791130307480479633 2 1.849079445613433847 2 1.907028583746388284 3 
	-3.921266107240243493 4.212770569167029855 15.38313417600498489 
	-3.921266107240243493 4.220375442937758237 15.38313417600498489 
	-3.920262648659063487 4.227951762555121284 15.38234986871200682 
	-3.916679116580496611 4.242661986852071188 15.37930991809512449 
	-3.91411890752676328 4.249800999304873983 15.37705560940977989 
	-3.905323848172669976 4.270147724989139526 15.36834803267479899 
	-3.898073696577029512 4.282323673098867189 15.3598515772858466 
	-3.886222311600902479 4.30139196604966223 15.34049176398888825 
	-3.880625894179436486 4.309779397279930535 15.32840166336692 
	-3.873642264138853264 4.321160669928730158 15.30124950835890552 
	-3.872317675297549222 4.324127306667130632 15.28615999349319488 
	-3.874901286457041572 4.324127306667130632 15.25615746892727742 
	-3.879305748932469822 4.320679535239170477 15.24044588718190241 
	-3.892632081197537453 4.308519189473164701 15.21297087659466207 
	-3.901520512735480395 4.299841856651532623 15.20117566193528624 
	-3.920313400578205876 4.280519511703615443 15.18227412328634784 
	-3.931749239031905763 4.268386767569486651 15.17429801824668978 
	-3.947086760527066307 4.249043663724312303 15.16626304868753827 
	-3.951848505614291795 4.242475743928806331 15.16422248068410994 
	-3.957516536747368363 4.232079076649107208 15.16205034158272902 
	-3.959149609846773554 4.228526874266012925 15.16147654555070901 
	-3.961548316122556201 4.221027612052781208 15.16066322116793508 
	-3.962315524050766147 4.217081380798874513 15.16042070100478512 
	-3.962315524050766147 4.208459757535184309 15.16042070100478156 
	-3.961548316122556201 4.204513526281278502 15.16066322116793508 
	-3.959149609846773998 4.197014264068048561 15.16147654555070901 
	-3.957516536747368363 4.19346206168495339 15.16205034158272724 
	-3.951848505614291795 4.183065394405252491 15.16422248068410994 
	-3.947086760527066307 4.176497474609746519 15.16626304868753827 
	-3.931749239031905763 4.157154370764572171 15.17429801824668978 
	-3.920313400578205876 4.145021626630443379 15.18227412328634784 
	-3.901520512735480395 4.125699281682526198 15.20117566193528624 
	-3.892632081197537453 4.117021948860894121 15.21297087659466207 
	-3.879305748932469822 4.104861603094889233 15.24044588718190241 
	-3.874901286457041572 4.101413831666928189 15.25615746892727742 
	-3.872317675297549222 4.101413831666928189 15.28615999349319488 
	-3.873642264138853264 4.104380468405327775 15.30124950835890196 
	-3.880625894179436486 4.11576174105412651 15.32840166336691823 
	-3.886222311600902035 4.12414917228439748 15.34049176398888825 
	-3.898073696577029512 4.14321746523519252 15.3598515772858466 
	-3.905323848172669976 4.155393413344919296 15.36834803267479899 
	-3.914118907526762392 4.175740139029184839 15.37705560940977989 
	-3.916679116580499276 4.182879151481986746 15.37930991809512449 
	-3.920262648659066151 4.197589375778936649 15.38234986871200682 
	-3.921266107240243493 4.205165695396300585 15.38313417600498489 
	-3.921266107240243493 4.212770569167029855 15.38313417600498489 
	8.797475868296890139e-05 
	
	cone 10.33555422583333261 4.212770569167029855 15.27177743850488412 1 0 0 0 -0.1113567375001012077 0 1 I I 0 1 0.1113567375001012077 forward I I I I 
	cone -4.001625727291908241 6.348833320724273754 15.28280590558794572 0 -1 0 0.1285434960615383371 0 0 1 I I 0 1 0.1285434960615383371 forward I I I I 
	nullbs 
	nullbs 
	I I 
	0 
	0 
	0 
	} F 0.9535142918739115681 F 1.907028583745645767 #
DXID-attrib $-1 -1 $-1 $-1 $2301 @10 Revit:Edge @8 Edge:446 #
straight-curve $-1 -1 $-1 -3.962650869166656431 4.34575541416448452 15.40529831683794626 -8.485679473251709126 8.369437288683228005 1.394906214780504028 F 3.83889894229652668e-17 F 0.1757050234417408818 #
coedge $-1 -1 $-1 $3636 $3628 $2302 $2980 reversed $3637 $-1 #
edge $3638 -1 $-1 $3639 -2.833539872564096118 $2982 -2.466262438594843509 $2302 $3640 forward @7 unknown #
DXID-attrib $-1 -1 $-1 $-1 $2303 @10 Revit:Edge @8 Edge:825 #
vertex $-1 -1 $-1 $2980 $3641 #
straight-curve $-1 -1 $-1 -3.921266107240242604 4.212770569166740309 15.38313417600498845 -12 1.884582026787207589e-14 0 F -1.025048544127866945 F -3.661078491572880724e-31 #
coedge $-1 -1 $-1 $2304 $3633 $3642 $3643 reversed $2305 $-1 #
edge $3644 -1 $-1 $3645 -0.9427131708329371529 $2308 0 $2304 $3646 forward @7 unknown #
face $3647 -1 $-1 $2326 $2305 $39 $-1 $3648 reversed single #
point $-1 -1 $-1 -3.921266107240242604 4.212770569166737644 15.38313417600498845 #
point $-1 -1 $-1 -3.962650869166653766 4.345755414164488073 15.40529831683794626 #
coedge $-1 -1 $-1 $3013 $3649 $2310 $2990 reversed $3650 $-1 #
edge $3651 -1 $-1 $2992 2.601339234300860781 $3001 4.174403445668937174 $2310 $3652 forward @7 unknown #
DXID-attrib $-1 -1 $-1 $-1 $2311 @10 Revit:Edge @8 Edge:821 #
vertex $-1 -1 $-1 $3014 $3653 #
straight-curve $-1 -1 $-1 -5.593649279905559268 5.794036241666966625 16.1403599910048321 -12 1.583868669713340097e-14 -8.174806037230141264e-15 F -1.303779072905414838 F -1.748382715945107802e-16 #
coedge $-1 -1 $-1 $3032 $2312 $3654 $3655 reversed $2313 $-1 #
face $3656 -1 $-1 $2347 $2313 $39 $-1 $3657 forward single #
point $-1 -1 $-1 -5.593649279905556604 5.794036241666985276 16.1403599910048321 #
coedge $-1 -1 $-1 $3658 $2317 $3649 $3659 forward $2999 $-1 #
coedge $-1 -1 $-1 $2317 $3660 $2319 $3003 reversed $2999 $-1 #
loop $-1 -1 $-1 $-1 $3660 $3661 #
DXID-attrib $-1 -1 $-1 $-1 $2318 @10 Revit:Edge @9 Edge:2846 #
vertex $-1 -1 $-1 $2990 $3662 #
ellipse-curve $-1 -1 $-1 11.36813102420671839 5.6826795041668694 15.88980733162996906 -0.1622066002982551769 0 0.9867568184814747845 1.667953690049965854 0 0.2741841682272742609 0.1622066002982551769 F 2.48546583235935481 F 2.632521765167859851 #
edge $3663 -1 $-1 $2321 -3.138864429295628247e-16 $3639 0.175705023441750624 $2319 $3664 forward @7 unknown #
point $-1 -1 $-1 9.911677694987428566 5.816307589166724412 15.65039034600498624 #
coedge $-1 -1 $-1 $2324 $2323 $3665 $3666 reversed $1676 $-1 #
coedge $-1 -1 $-1 $3667 $3654 $2324 $3007 forward $3668 $-1 #
edge $3669 -1 $-1 $3009 2.483723702311469328 $3670 2.629054372682702478 $3006 $3671 forward @7 unknown #
DXID-attrib $-1 -1 $-1 $-1 $2325 @10 Revit:Edge @8 Edge:431 #
vertex $-1 -1 $-1 $3007 $3672 #
straight-curve $-1 -1 $-1 -5.588459236666621699 5.849946235874653233 15.67255448683782504 0 12 0 F -1.193395810775205623 F 1.165588477296752257e-16 #
rgb_color-st-attrib $-1 -1 $3673 $-1 $2326 0 0 0 #
plane-surface $-1 -1 $-1 -3.962650869166652878 -9.198118445833415535 15.40529831683794626 0.1622066002982550381 0 0.9867568184814748955 0 12 0 forward_v I I I I #
coedge $-1 -1 $-1 $3674 $2989 $2329 $3014 reversed $3650 $-1 #
edge $3675 -1 $-1 $3019 0.3174892165554666357 $2992 0.5209969740666086091 $2329 $3676 forward @7 unknown #
coedge $-1 -1 $-1 $3677 $2330 $2333 $3022 reversed $3017 $-1 #
coedge $-1 -1 $-1 $2330 $3677 $3674 $3678 reversed $3017 $-1 #
loop $-1 -1 $-1 $-1 $3016 $3679 #
DXID-attrib $-1 -1 $-1 $-1 $2331 @10 Revit:Edge @9 Edge:2845 #
vertex $-1 -1 $-1 $2331 $3680 #
straight-curve $-1 -1 $-1 9.462439071378781819 5.14190278194375594 16.25244542939476489 8.553793660086299155 8.294587791587836989 -1.425632276679163146 F -1.435105024390147137e-16 F 0.06307467853234842436 #
coedge $-1 -1 $-1 $2333 $2332 $3681 $3682 reversed $2334 $-1 #
edge $3683 -1 $-1 $3684 -1.070969915496182256 $2336 -1.165588477296752257e-16 $2333 $3685 forward @7 unknown #
face $3686 -1 $-1 $3687 $2334 $39 $-1 $3688 forward single #
point $-1 -1 $-1 9.462439071378783595 5.141902781943751499 16.25244542939476844 #
coedge $-1 -1 $-1 $2349 $3681 $2338 $3026 forward $3040 $-1 #
edge $3689 -1 $-1 $3028 -1.210044755004474393 $2355 -1.748382715945128263e-16 $3025 $3690 forward @7 unknown #
DXID-attrib $-1 -1 $-1 $-1 $2339 @10 Revit:Edge @9 Edge:3071 #
vertex $-1 -1 $-1 $3682 $3691 #
straight-curve $-1 -1 $-1 9.489293687553795209 -7.085878253333388166 16.36189419267144274 0 12 3.861982383357028247e-14 F -7.502470275940001819e-31 F 0.9659156858965054493 #
rgb_color-st-attrib $-1 -1 $3692 $-1 $2340 0 0 0 #
plane-surface $-1 -1 $-1 -5.833444059166966511 -7.085878253333363297 16.36189419267144274 -5.038380984112591691e-30 -3.218318652797524065e-15 1 12 -1.878638454796753198e-14 0 forward_v I I I I #
coedge $-1 -1 $-1 $2342 $2994 $3693 $3694 reversed $2313 $-1 #
coedge $-1 -1 $-1 $3693 $2349 $2345 $3034 forward $3040 $-1 #
edge $3695 -1 $-1 $2352 -3.355794294522613463e-17 $3036 0.06246582424102486986 $3033 $3696 forward @7 unknown #
DXID-attrib $-1 -1 $-1 $-1 $2346 @10 Revit:Edge @8 Edge:435 #
vertex $-1 -1 $-1 $3034 $3697 #
straight-curve $-1 -1 $-1 -5.543916541666852993 5.665081240456416367 16.16252413183790537 0 12 0 F -1.15728073671174303 F 0 #
rgb_color-st-attrib $-1 -1 $3698 $-1 $2347 0 0 0 #
plane-surface $-1 -1 $-1 -5.543916541666852993 -9.198118445833415535 16.16252413183790537 0.1643989873051487638 0 -0.9863939238321786096 0 12 0 forward_v I I I I #
loop $-1 -1 $-1 $-1 $2349 $3699 #
DXID-attrib $-1 -1 $-1 $-1 $2350 @10 Revit:Edge @8 Edge:510 #
ellipse-curve $-1 -1 $-1 -4.814420781976291863 -7.113345514850645479 16.35707537486139529 -2.420470023698658132e-16 -0.1727994780081299475 0.9849570246463130729 0 -1.236193954176250998 -0.2168761323116290551 0.1727994780081299475 F -1.593017372283148658 F -1.067356950427920781 #
point $-1 -1 $-1 -5.004388756324877896 -7.709736204010309457 16.25244542939478265 #
point $-1 -1 $-1 -5.031243372499892175 -7.085878253333364185 16.36189419267143919 #
DXID-attrib $-1 -1 $-1 $2357 $1702 @10 Revit:Face @8 Face:212 #
rgb_color-st-attrib $-1 -1 $3700 $-1 $2358 0 0 0 #
face $3701 -1 $-1 $3702 $3703 $39 $-1 $3704 forward single #
loop $-1 -1 $-1 $-1 $3705 $2358 #
plane-surface $-1 -1 $-1 -5.118821822618487616 -9.198118445833415535 9.465447583264461784 0.9582877607732102065 2.44915477728426435e-17 0.2858051216340718459 0 12 -1.028318077694920494e-15 forward_v I I I I #
coedge $-1 -1 $-1 $3706 $2360 $3707 $3708 reversed $1707 $-1 #
coedge $-1 -1 $-1 $2363 $3709 $2360 $3052 reversed $2390 $-1 #
edge $3710 -1 $-1 $2366 2.418655468943400777 $3711 2.533790657477823949 $2360 $3712 forward @7 unknown #
coedge $-1 -1 $-1 $2361 $3706 $3713 $3714 forward $1707 $-1 #
coedge $-1 -1 $-1 $3715 $3716 $2361 $3055 reversed $3717 $-1 #
edge $3718 -1 $-1 $3719 -1.321366315281875536 $2373 3.389185293444378134e-05 $2361 $3720 forward @7 unknown #
rgb_color-st-attrib $-1 -1 $3721 $-1 $2362 0 0 0 #
face $3722 -1 $-1 $3723 $3717 $39 $-1 $3724 forward single #
cone-surface $-1 -1 $-1 10.33555422583333261 -8.392812115833821807 14.61477268725495371 -1 0 0 0 -0.3119976529476544136 0 1 I I 0 1 0.3119976529476544136 forward I I I I #
DXID-attrib $-1 -1 $-1 $-1 $2364 @10 Revit:Edge @8 Edge:423 #
straight-curve $-1 -1 $-1 -5.72208732166668721 5.972856639159645376 14.38081633183786501 0 12 0 F -1.214340273953268268 F 0 #
point $-1 -1 $-1 -5.722087321666682769 -8.599226648279572061 14.38081633183786501 #
DXID-attrib $-1 -1 $-1 $2368 $1712 @10 Revit:Face @8 Face:249 #
coedge $-1 -1 $-1 $3627 $2370 $3716 $3725 reversed $3064 $-1 #
loop $-1 -1 $-1 $-1 $2370 $2376 #
DXID-attrib $-1 -1 $-1 $-1 $2371 @10 Revit:Edge @8 Edge:361 #
straight-curve $-1 -1 $-1 -5.699815974166677179 6.348833320724273754 14.87078597683783343 0 0.3937007874015747699 0 F -37.89641588420575147 F -1.069685177018193656 #
point $-1 -1 $-1 -5.699603754611410444 -8.57110857465493936 14.87082134676371226 #
DXID-attrib $-1 -1 $-1 $2375 $1716 @10 Revit:Face @8 Face:249 #
rgb_color-st-attrib $-1 -1 $3726 $-1 $2376 0 0 0 #
plane-surface $-1 -1 $-1 -5.699815974166676291 -9.198118445833415535 14.87078597683783698 0.1643989873054184092 0 -0.9863939238321336456 0 12 0 forward_v I I I I #
coedge $-1 -1 $-1 $3727 $3728 $2378 $3072 reversed $3729 $-1 #
edge $3730 -1 $-1 $3077 2.324475689081473284 $3087 2.421483272785176499 $2378 $3731 forward @7 unknown #
coedge $-1 -1 $-1 $3713 $2379 $3732 $3733 forward $3075 $-1 #
coedge $-1 -1 $-1 $2379 $3713 $3727 $3734 reversed $3075 $-1 #
loop $-1 -1 $-1 $-1 $3073 $3735 #
DXID-attrib $-1 -1 $-1 $-1 $2380 @10 Revit:Edge @9 Edge:2979 #
vertex $-1 -1 $-1 $2380 $3736 #
intcurve-curve $-1 -1 $-1 forward { surfintcur full nubs 3 open 23 
	-2.48565598449092473 3 -2.30154592600790675 2 -1.933325809041870791 2 -1.611715835967325816 2 -1.450910849430053329 2 
	-1.290105862892780841 2 -1.135418924315164446 2 -0.9807319857375471628 2 -0.6713581085823134842 2 -0.3356790542911571862 2 
	-0.1678395271455785931 2 0 3 0.1678395271455783155 2 0.3356790542911566311 2 0.6713581085823132621 2 
	0.9807319857375469407 2 1.13541892431516378 2 1.290105862892780619 2 1.450910849430053329 2 1.611715835967325816 2 
	1.933325809041870791 2 2.30154592600790675 2 2.48565598449092473 3 
	10.0504996617786766 5.84247215120891461 14.91591376565331295 
	10.06928312716583562 5.853579316384674769 14.91199596917785364 
	10.08717849885153406 5.867225003350343471 14.90647790676893436 
	10.14042087870068265 5.910754392232434817 14.88441784678371782 
	10.17434973563882394 5.942636779126568847 14.86222097334586145 
	10.22756262237964187 5.993477334823810843 14.809503753427812 
	10.25102556943880749 6.01664405717395212 14.77727926028852856 
	10.27560936470187514 6.041696978923457806 14.72115963824124307 
	10.28209314101981775 6.048491392469135697 14.70117133515835128 
	10.29080195056436864 6.058115202600637517 14.65993023848095334 
	10.29302308941108457 6.06094122173118155 14.63867583454834431 
	10.29302308941108457 6.062421674945846384 14.59729917153854295 
	10.29096421633702718 6.061245325839733411 14.57665536876767653 
	10.28269769748444773 6.055113762977684999 14.53627597193839094 
	10.27649342850425995 6.050162327420403052 14.5165391130317083 
	10.25267280649456936 6.030779706759922476 14.46073858622337838 
	10.22959287281464213 6.011594417805393498 14.42812520568224954 
	10.17749570624104827 5.970424059105422288 14.37561851905851995 
	10.14438525278232994 5.944899294101350762 14.35288631402504755 
	10.0898145581190164 5.911923150945819216 14.32957216525966615 
	10.07083018518090256 5.901904361516991493 14.32353150493058713 
	10.0310837108750448 5.887076313023749563 14.31517770629426423 
	10.0103016392344486 5.882335266338359681 14.31283867820546973 
	9.988275454569674139 5.882335266338359681 14.31283867820546973 
	9.966249269904899677 5.882335266338359681 14.31283867820546973 
	9.9454671982643017 5.887076313023749563 14.31517770629426423 
	9.905720723958445717 5.901904361516991493 14.32353150493058713 
	9.886736351020331881 5.911923150945819216 14.32957216525966615 
	9.832165656357018335 5.944899294101350762 14.35288631402504755 
	9.79905520289830001 5.970424059105422288 14.37561851905851995 
	9.746958036324706143 6.011594417805393498 14.42812520568224954 
	9.723878102644777144 6.030779706759922476 14.46073858622337838 
	9.700057480635086549 6.050162327420403052 14.5165391130317083 
	9.693853211654900548 6.055113762977684999 14.53627597193839094 
	9.685586692802321096 6.061245325839733411 14.57665536876767653 
	9.683527819728263708 6.062421674945846384 14.59729917153854295 
	9.683527819728263708 6.06094122173118155 14.63867583454834431 
	9.685748958574979639 6.058115202600638405 14.65993023848095334 
	9.694457768119530527 6.048491392469135697 14.70117133515835306 
	9.700941544437469588 6.041696978923457806 14.72115963824124485 
	9.725525339700537231 6.016644057173953009 14.77727926028853211 
	9.748988286759704636 5.993477334823810843 14.809503753427812 
	9.802201173500524334 5.942636779126568847 14.86222097334586145 
	9.836130030438663852 5.910754392232434817 14.88441784678371782 
	9.889372410287814219 5.867225003350343471 14.90647790676893436 
	9.907267378688290549 5.853578664848485325 14.91199605562217023 
	9.926051247372381425 5.842472151233740085 14.91591376566753979 
	0.0001556132508124023436 
	
	cone 9.988275454569674139 6.348833320724273754 14.61758631304688016 0 1 0 -0.3047476348414097647 0 0 1 I I 0 1 0.3047476348414097647 forward I I I I 
	cone 10.33555422583333261 5.733096924689293772 14.60582907526679897 -1 0 0 0 -0.3288091473610770255 0 1 I I -0 -1 0.3288091473610770255 forward I I I I 
	nullbs 
	nullbs 
	I I 
	0 
	0 
	0 
	} F -2.112875628343075629 F -0.5761331950554656745 #
coedge $-1 -1 $-1 $3737 $3732 $2381 $3080 reversed $3738 $-1 #
edge $3739 -1 $-1 $3631 3.224263550656576136e-05 $2383 0.2048710551600737284 $2381 $3740 forward @7 unknown #
point $-1 -1 $-1 10.15765679244747943 5.927792683483173342 14.87082089296667142 #
DXID-attrib $-1 -1 $-1 $-1 $2385 @10 Revit:Edge @8 Edge:448 #
straight-curve $-1 -1 $-1 -5.699172734164397625 5.927664326666823413 14.87089318350488298 8.480404174701153153 -8.371681044262754057 1.413400695784070349 F 4.610729874331176809e-15 F 0.2048123696274166128 #
coedge $-1 -1 $-1 $3741 $2387 $3728 $3742 forward $2398 $-1 #
coedge $-1 -1 $-1 $2387 $3741 $2389 $3090 forward $2398 $-1 #
DXID-attrib $-1 -1 $-1 $-1 $2388 @10 Revit:Edge @8 Edge:835 #
vertex $-1 -1 $-1 $3072 $3743 #
straight-curve $-1 -1 $-1 -5.591117398563372198 5.949935674166800581 14.35865219100501733 -12 1.891035947482822157e-14 0 F -1.303357092681728169 F 9.324707818374014114e-16 #
tcoedge-coedge $-1 -1 $-1 $3709 $2389 $3744 $3745 reversed $2390 $3746 -5.827942386483791115e-16 0.9706595618750057941 #
edge $3747 -1 $-1 $3748 1.875723235835076971e-08 $2392 0.1640884292102630648 $3085 $3749 forward @7 unknown #
face $3750 -1 $-1 $1712 $2390 $39 $-1 $3751 reversed single #
point $-1 -1 $-1 -5.591117398563383745 5.949935674166797916 14.35865219100501911 #
DXID-attrib $-1 -1 $-1 $2396 $1731 @10 Revit:Face @7 Face:95 #
rgb_color-st-attrib $-1 -1 $3752 $-1 $2397 0 0 0 #
loop $-1 -1 $-1 $-1 $3753 $2397 #
cone-surface $-1 -1 $-1 10.33555422583333261 4.541272944792134503 14.01344630475481878 1 0 0 0 -0.128543496061539031 0 1 I I 0 1 0.128543496061539031 forward I I I I #
coedge $-1 -1 $-1 $2403 $2400 $3754 $3755 forward $1166 $-1 #
coedge $-1 -1 $-1 $3756 $3757 $2400 $3099 forward $3758 $-1 #
edge $3759 -1 $-1 $3760 -1.302651870018758817 $3102 9.90750205702240565e-16 $3098 $3761 forward @7 unknown #
coedge $-1 -1 $-1 $2401 $2449 $3756 $3762 reversed $1767 $-1 #
DXID-attrib $-1 -1 $-1 $-1 $2402 @10 Revit:Edge @8 Edge:493 #
vertex $-1 -1 $-1 $3099 $3763 #
ellipse-curve $-1 -1 $-1 -7.285076309461121724 -8.370540768333926351 13.3675772272548965 0.1617750270663992906 0 0.9868276651055470916 -2.174744625905008721 0 0.3565155124432592415 0.1617750270663992906 F 2.372727209255775183 F 2.466851711368097444 #
coedge $-1 -1 $-1 $2435 $3764 $2403 $3105 reversed $2436 $-1 #
edge $3765 -1 $-1 $3766 0.6796142638278296344 $3108 2.297559230124231799 $2403 $3767 forward @7 unknown #
coedge $-1 -1 $-1 $3768 $2404 $3764 $3769 forward $2418 $-1 #
DXID-attrib $-1 -1 $-1 $-1 $2405 @10 Revit:Edge @8 Edge:869 #
vertex $-1 -1 $-1 $3105 $3770 #
straight-curve $-1 -1 $-1 -5.747266313012515226 -8.593254243333031894 13.64596907100484025 -12 1.904124370701433687e-14 0 F -1.329381911756574608 F -5.82794238648387222e-17 #
DXID-attrib $-1 -1 $-1 $2406 $1735 @10 Revit:Face @8 Face:141 #
rgb_color-st-attrib $-1 -1 $3771 $-1 $2407 0 0 0 #
face $3772 -1 $-1 $3773 $3774 $39 $-1 $3775 reversed single #
plane-surface $-1 -1 $-1 -5.833444059166969176 -8.593254243333031894 13.64596907100484025 -2.612220215166127633e-16 -0.1668583036930587626 0.985980885458067613 12 -1.878638454796753198e-14 0 forward_v I I I I #
DXID-attrib $-1 -1 $-1 $2413 $1742 @10 Revit:Face @8 Face:243 #
rgb_color-st-attrib $-1 -1 $3776 $-1 $2414 0 0 0 #
loop $-1 -1 $-1 $-1 $3744 $2414 #
cone-surface $-1 -1 $-1 -4.299505000104634433 6.348833320724273754 14.02447477183799762 0 -1 0 0.1141406559376818425 0 0 1 I I 0 1 0.1141406559376818425 forward I I I I #
coedge $-1 -1 $-1 $2417 $3768 $3777 $3778 forward $2418 $-1 #
edge $3779 -1 $-1 $3780 -8.183570997790348629e-17 $2420 0.1562778093721706452 $2417 $3781 forward @7 unknown #
point $-1 -1 $-1 -5.722087321666676552 -8.462284320228672385 13.66813321183790642 #
coedge $-1 -1 $-1 $2440 $2423 $3782 $3783 reversed $1759 $-1 #
edge $3784 -1 $-1 $2425 4.997993618926803458e-18 $3785 0.157467563173737557 $2423 $3786 forward @7 unknown #
point $-1 -1 $-1 -5.722087321666673887 5.839222176668606323 13.66813321183790464 #
coedge $-1 -1 $-1 $3787 $2427 $3788 $3789 reversed $2415 $-1 #
coedge $-1 -1 $-1 $2428 $3787 $3753 $3790 reversed $2415 $-1 #
coedge $-1 -1 $-1 $3754 $2432 $2435 $3132 forward $3128 $-1 #
coedge $-1 -1 $-1 $2432 $3791 $2444 $3143 reversed $3128 $-1 #
loop $-1 -1 $-1 $-1 $3791 $3792 #
DXID-attrib $-1 -1 $-1 $-1 $2433 @10 Revit:Edge @9 Edge:2989 #
ellipse-curve $-1 -1 $-1 11.80560019272186878 5.705032133957653961 13.37781879581337385 -0.1617750270663984302 0 0.9868276651055472026 2.309049355090019962 0 0.3785326811621000931 0.1617750270663984302 F 2.351744462119836676 F 2.437973909189969035 #
coedge $-1 -1 $-1 $3764 $2434 $3793 $3794 forward $2436 $-1 #
edge $3795 -1 $-1 $2438 -1.748382715945128263e-16 $3766 1.216026404017223728 $3126 $3796 forward @7 unknown #
face $3797 -1 $-1 $3798 $2436 $39 $-1 $3799 forward single #
point $-1 -1 $-1 10.18013763672055738 5.973883613527870118 13.11134952433789103 #
coedge $-1 -1 $-1 $3800 $3793 $2440 $3136 reversed $3801 $-1 #
edge $3802 -1 $-1 $3803 -4.373244416519928195e-17 $3138 0.1574675631737477155 $2440 $3804 forward @7 unknown #
DXID-attrib $-1 -1 $-1 $-1 $2441 @10 Revit:Edge @9 Edge:2986 #
vertex $-1 -1 $-1 $3136 $3805 #
ellipse-curve $-1 -1 $-1 9.957424161720751954 7.509573239168905623 13.38974136808789339 2.641448271880767139e-16 0.1643989873053338657 0.9863939238321476344 0 -2.139093074662686611 0.3565155124437288658 0.1643989873053338657 F 0.67474094222313441 F 0.7688654443355625867 #
rgb_color-st-attrib $-1 -1 $3806 $-1 $2442 0 0 0 #
plane-surface $-1 -1 $-1 -5.833444059166947859 4.502298086666872479 13.8909538935048289 2.641448271880767139e-16 0.1643989873053338657 0.9863939238321476344 12 -1.928076308870352365e-14 0 forward_v I I I I #
coedge $-1 -1 $-1 $3158 $2444 $3807 $3808 forward $1775 $-1 #
edge $3809 -1 $-1 $2447 -2.315213684903080878e-16 $3810 0.145138704551811909 $2444 $3811 forward @7 unknown #
point $-1 -1 $-1 10.04493637763960834 5.949935674166794364 13.08918538350496164 #
coedge $-1 -1 $-1 $3159 $3812 $2449 $3146 forward $3813 $-1 #
edge $3814 -1 $-1 $3815 -1.008040670055388999 $3148 1.748382715945128263e-16 $3145 $3816 forward @7 unknown #
DXID-attrib $-1 -1 $-1 $-1 $2450 @10 Revit:Edge @8 Edge:461 #
vertex $-1 -1 $-1 $3160 $3817 #
straight-curve $-1 -1 $-1 -4.363535124166766366 4.726584735749222332 12.88863604933803764 -8.428840137416578671 8.428840137408011302 1.38177707170691888 F 4.093566225482969503e-17 F 0.1451387045517988639 #
rgb_color-st-attrib $-1 -1 $3818 $-1 $2451 0 0 0 #
plane-surface $-1 -1 $-1 -4.363535124166767254 -9.198118445833415535 12.88863604933803764 0.1617750270663992906 0 0.9868276651055470916 0 12 0 forward_v I I I I #
DXID-attrib $-1 -1 $-1 $2454 $1774 @10 Revit:Face @8 Face:105 #
rgb_color-st-attrib $-1 -1 $3819 $-1 $2455 0 0 0 #
face $3820 -1 $-1 $3821 $3822 $39 $-1 $3823 forward single #
loop $-1 -1 $-1 $-1 $3824 $2455 #
plane-surface $-1 -1 $-1 -5.833444059166947859 4.591383476667005858 12.6437584335047557 2.729945836930102108e-16 0.1699069165076496357 0.9854601157443474424 12 -1.928076308870352365e-14 0 forward_v I I I I #
coedge $-1 -1 $-1 $3825 $3826 $3827 $3828 forward $2456 $-1 #
coedge $-1 -1 $-1 $2458 $3142 $3829 $3830 forward $1775 $-1 #
coedge $-1 -1 $-1 $3831 $3145 $2458 $3160 reversed $3813 $-1 #
edge $3832 -1 $-1 $3833 -0.6738468129368477832 $3148 -0.2213144423481255563 $2458 $3834 forward @7 unknown #
DXID-attrib $-1 -1 $-1 $-1 $2460 @10 Revit:Face @8 Face:122 #
face $3835 -1 $-1 $3836 $3837 $1194 $-1 $3838 forward single #
loop $-1 -1 $-1 $-1 $3839 $2460 #
plane-surface $-1 -1 $-1 -28.02813315000014427 -10.66955003499992927 22.4570329218379392 0 1 0 0 0 -12 forward_v I I I I #
coedge $-1 -1 $-1 $3840 $3841 $3839 $3842 forward $2461 $-1 #
DXID-attrib $-1 -1 $-1 $-1 $2464 @10 Revit:Face @8 Face:109 #
face $3843 -1 $-1 $3844 $3845 $754 $-1 $3846 forward single #
loop $-1 -1 $-1 $-1 $3847 $2464 #
plane-surface $-1 -1 $-1 -27.50667951000003342 -10.62609556500001418 22.4570329218379392 -1 0 0 0 0 -12 forward_v I I I I #
coedge $-1 -1 $-1 $3848 $3849 $2467 $3173 reversed $2465 $-1 #
coedge $-1 -1 $-1 $3850 $2467 $3847 $3851 forward $1780 $-1 #
coedge $-1 -1 $-1 $2467 $3850 $3852 $3853 forward $1780 $-1 #
edge $3854 -1 $-1 $3855 0 $3856 1.73093638833334329 $2467 $3857 forward @7 unknown #
DXID-attrib $-1 -1 $-1 $-1 $2469 @10 Revit:Face @7 Face:97 #
face $3858 -1 $-1 $3859 $3860 $455 $-1 $3861 forward single #
loop $-1 -1 $-1 $-1 $3862 $2469 #
plane-surface $-1 -1 $-1 -5.344899810000128149 -10.97373132500001702 22.4570329218379392 0 -1 0 0 0 -12 forward_v I I I I #
coedge $-1 -1 $-1 $3863 $3864 $2473 $3182 reversed $2470 $-1 #
coedge $-1 -1 $-1 $3865 $2472 $3866 $3867 forward $1784 $-1 #
coedge $-1 -1 $-1 $2472 $3865 $3863 $3868 forward $1784 $-1 #
coedge $-1 -1 $-1 $2474 $2473 $3862 $3869 forward $1198 $-1 #
edge $3870 -1 $-1 $3187 0 $3871 0.03259085249999319617 $2473 $3872 forward @7 unknown #
coedge $-1 -1 $-1 $3873 $3866 $2474 $3184 reversed $3860 $-1 #
edge $3874 -1 $-1 $3875 0 $3186 0.03259085249999319617 $2474 $3876 forward @7 unknown #
DXID-attrib $-1 -1 $-1 $-1 $2475 @10 Revit:Edge @7 Edge:91 #
vertex $-1 -1 $-1 $2475 $3877 #
vertex $-1 -1 $-1 $2475 $3878 #
straight-curve $-1 -1 $-1 16.20851730999981299 -10.58264109500009909 22.4570329218379392 -12 0 0 F 0 F 1.796118093333328503 #
DXID-attrib $-1 -1 $-1 $-1 $2477 @10 Revit:Face @7 Face:85 #
face $3879 -1 $-1 $-1 $3880 $273 $-1 $3881 forward single #
loop $-1 -1 $-1 $-1 $2485 $2477 #
plane-surface $-1 -1 $-1 40.49956604000011851 -10.97373132500001702 22.4570329218379392 1 0 0 0 0 -12 forward_v I I I I #
coedge $-1 -1 $-1 $3882 $3883 $2483 $3200 reversed $2478 $-1 #
coedge $-1 -1 $-1 $3884 $2480 $2482 $3199 reversed $1789 $-1 #
coedge $-1 -1 $-1 $2480 $3884 $3882 $3885 forward $1789 $-1 #
coedge $-1 -1 $-1 $2482 $2481 $3886 $3887 reversed $1202 $-1 #
coedge $-1 -1 $-1 $2485 $3888 $2481 $3198 reversed $3191 $-1 #
edge $3889 -1 $-1 $2488 0 $3890 0.09419759854167344959 $2481 $3891 forward @7 unknown #
edge $3892 -1 $-1 $3893 -0.09419759854167344959 $2489 0 $2482 $3894 forward @7 unknown #
edge $3895 -1 $-1 $3202 0 $3206 1.911996680000017657 $2483 $3896 forward @7 unknown #
DXID-attrib $-1 -1 $-1 $-1 $2484 @10 Revit:Edge @7 Edge:78 #
vertex $-1 -1 $-1 $2484 $3897 #
straight-curve $-1 -1 $-1 17.55560587999990929 -10.62609556500001418 22.4570329218379392 0 -12 0 F 0 F 0.02896964666666694208 #
coedge $-1 -1 $-1 $3888 $2485 $3883 $3898 reversed $3191 $-1 #
DXID-attrib $-1 -1 $-1 $-1 $2486 @10 Revit:Edge @7 Edge:86 #
vertex $-1 -1 $-1 $3200 $3899 #
straight-curve $-1 -1 $-1 40.49956604000011851 -10.97373132500001702 22.4570329218379392 0 12 0 F 0 F 0.02896964666666694208 #
point $-1 -1 $-1 40.49956604000011851 -10.62609556500001418 22.4570329218379392 #
point $-1 -1 $-1 17.55560587999990929 -10.62609556500001418 22.4570329218379392 #
DXID-attrib $-1 -1 $-1 $-1 $2492 @10 Revit:Face @6 Face:1 #
loop $-1 -1 $-1 $-1 $3900 $2492 #
plane-surface $-1 -1 $-1 -40.49956604000010429 10.97373132500001702 21.32666173933785814 -0 -0 -1 12 0 0 forward_v I I I I #
coedge $-1 -1 $-1 $3901 $2495 $2497 $3216 reversed $1797 $-1 #
coedge $-1 -1 $-1 $2495 $3901 $2506 $3229 forward $1797 $-1 #
coedge $-1 -1 $-1 $2497 $2496 $3902 $3903 reversed $1207 $-1 #
edge $3904 -1 $-1 $3905 -0.09419759854167344959 $2504 0 $2497 $3906 forward @7 unknown #
coedge $-1 -1 $-1 $3900 $3902 $2498 $3218 forward $3211 $-1 #
edge $3907 -1 $-1 $3224 0 $3221 1.911996680000017657 $3217 $3908 forward @7 unknown #
coedge $-1 -1 $-1 $2499 $2506 $3900 $3909 reversed $2493 $-1 #
DXID-attrib $-1 -1 $-1 $-1 $2500 @10 Revit:Edge @7 Edge:73 #
vertex $-1 -1 $-1 $3909 $3910 #
straight-curve $-1 -1 $-1 17.55560587999990929 10.62609556499990049 22.4570329218379392 0 0 -12 F 0 F 0.09419759854167344959 #
DXID-attrib $-1 -1 $-1 $-1 $2501 @10 Revit:Edge @7 Edge:64 #
vertex $-1 -1 $-1 $3903 $3911 #
straight-curve $-1 -1 $-1 40.49956604000011851 10.62609556499990049 22.4570329218379392 0 0 12 F -0.09419759854167344959 F 0 #
DXID-attrib $-1 -1 $-1 $-1 $2502 @10 Revit:Edge @7 Edge:66 #
straight-curve $-1 -1 $-1 40.49956604000011851 10.97373132500001702 22.4570329218379392 -12 0 0 F 0 F 1.911996680000017657 #
point $-1 -1 $-1 40.49956604000011851 10.97373132500001702 22.4570329218379392 #
edge $3912 -1 $-1 $3913 -0.09419759854167344959 $2508 0 $3214 $3914 forward @7 unknown #
point $-1 -1 $-1 17.55560587999990929 10.97373132500001702 22.4570329218379392 #
coedge $-1 -1 $-1 $3915 $2519 $2521 $3240 forward $2513 $-1 #
coedge $-1 -1 $-1 $2516 $2515 $3915 $3916 reversed $1215 $-1 #
coedge $-1 -1 $-1 $2519 $3915 $2517 $3234 forward $2513 $-1 #
edge $3917 -1 $-1 $3236 0 $2526 0.03259085250000264 $3233 $3918 forward @7 unknown #
DXID-attrib $-1 -1 $-1 $-1 $2518 @10 Revit:Edge @7 Edge:52 #
vertex $-1 -1 $-1 $3916 $3919 #
straight-curve $-1 -1 $-1 -5.344899810000128149 10.5826410949999854 22.4570329218379392 0 0 12 F -0.09419759854167344959 F 0 #
DXID-attrib $-1 -1 $-1 $-1 $2520 @10 Revit:Edge @7 Edge:44 #
straight-curve $-1 -1 $-1 -5.344899810000128149 10.97373132500001702 21.32666173933785814 12 0 0 F 0 F 1.796118093333328503 #
edge $3920 -1 $-1 $2523 0 $3244 0.03259085250000264 $3231 $3921 forward @7 unknown #
point $-1 -1 $-1 16.20851730999981299 10.97373132500001702 21.32666173933785814 #
point $-1 -1 $-1 -5.344899810000128149 10.97373132500001702 21.32666173933785814 #
DXID-attrib $-1 -1 $-1 $-1 $2531 @10 Revit:Edge @7 Edge:56 #
vertex $-1 -1 $-1 $3240 $3922 #
straight-curve $-1 -1 $-1 16.20851730999981299 10.5826410949999854 22.4570329218379392 0 0 12 F -0.09419759854167344959 F 0 #
coedge $-1 -1 $-1 $2535 $2533 $2534 $3247 forward $1832 $-1 #
edge $3923 -1 $-1 $2546 0 $2538 1.73093638833334329 $3246 $3924 forward @7 unknown #
DXID-attrib $-1 -1 $-1 $-1 $2536 @10 Revit:Edge @7 Edge:31 #
straight-curve $-1 -1 $-1 -6.735442849999916604 10.97373132500001702 21.32666173933785814 0 -12 0 F 0 F 0.02896964666667638244 #
point $-1 -1 $-1 -6.735442849999916604 10.97373132500001702 21.32666173933785814 #
DXID-attrib $-1 -1 $-1 $-1 $2542 @10 Revit:Edge @7 Edge:39 #
straight-curve $-1 -1 $-1 -27.50667951000003342 10.62609556499990049 21.32666173933785814 0 12 0 F 0 F 0.02896964666667638244 #
point $-1 -1 $-1 -27.50667951000003342 10.97373132500001702 21.32666173933785814 #
coedge $-1 -1 $-1 $2551 $2559 $2550 $3255 forward $1865 $-1 #
edge $3925 -1 $-1 $2564 0 $2554 0.2172723500000018348 $3254 $3926 forward @7 unknown #
DXID-attrib $-1 -1 $-1 $-1 $2552 @10 Revit:Edge @7 Edge:11 #
straight-curve $-1 -1 $-1 -40.10847580999996609 7.975372894999964046 21.32666173933785814 -12 0 0 F 0 F 0.03259085250001138301 #
point $-1 -1 $-1 -40.10847580999996609 7.975372894999964046 21.32666173933785814 #
DXID-attrib $-1 -1 $-1 $-1 $2562 @10 Revit:Edge @7 Edge:19 #
straight-curve $-1 -1 $-1 -28.02813315000014427 10.5826410949999854 21.32666173933785814 -12 0 0 F 0 F 1.006695221666651818 #
point $-1 -1 $-1 -40.10847580999996609 10.5826410949999854 21.32666173933785814 #
lump $-1 -1 $-1 $3927 $3928 $6 #
shell $-1 -1 $-1 $-1 $-1 $3929 $-1 $2567 #
face $3930 -1 $-1 $3931 $3932 $2568 $-1 $3933 forward single #
DXID-attrib $-1 -1 $-1 $-1 $2569 @10 Revit:Face @6 Face:0 #
face $3934 -1 $-1 $3935 $3936 $1881 $-1 $3937 forward single #
loop $-1 -1 $-1 $-1 $3938 $2569 #
plane-surface $-1 -1 $-1 -35.89339222000001683 10.5826410949999854 22.10596108082838285 0 0 1 0 -12 0 forward_v I I I I #
DXID-attrib $-1 -1 $-1 $-1 $2571 @10 Revit:Face @8 Face:114 #
face $3939 -1 $-1 $3940 $3941 $1280 $-1 $3942 forward single #
loop $-1 -1 $-1 $-1 $3943 $2571 #
plane-surface $-1 -1 $-1 20.33669195999995338 10.62609556499990049 22.10596108082838285 0 1 0 0 0 -12 forward_v I I I I #
coedge $-1 -1 $-1 $3944 $3945 $3943 $3946 forward $2572 $-1 #
DXID-attrib $-1 -1 $-1 $-1 $2575 @10 Revit:Face @8 Face:101 #
face $3947 -1 $-1 $3948 $3949 $814 $-1 $3950 forward single #
loop $-1 -1 $-1 $-1 $3951 $2575 #
plane-surface $-1 -1 $-1 13.2101588800000016 10.5826410949999854 22.10596108082838285 -1 -0 -0 0 0 -12 forward_v I I I I #
coedge $-1 -1 $-1 $3952 $3953 $2578 $3281 reversed $2576 $-1 #
coedge $-1 -1 $-1 $3954 $2578 $3951 $3955 forward $1885 $-1 #
coedge $-1 -1 $-1 $2578 $3954 $3956 $3957 forward $1885 $-1 #
edge $3958 -1 $-1 $3959 0 $3960 0.05069688166666178747 $2578 $3961 forward @7 unknown #
DXID-attrib $-1 -1 $-1 $-1 $2580 @10 Revit:Face @7 Face:89 #
face $3962 -1 $-1 $3963 $3964 $491 $-1 $3965 forward single #
loop $-1 -1 $-1 $-1 $3966 $2580 #
plane-surface $-1 -1 $-1 8.299803770000046654 9.929346395000038683 22.10596108082838285 1 0 0 0 0 -12 forward_v I I I I #
coedge $-1 -1 $-1 $3967 $3968 $2584 $3290 reversed $2581 $-1 #
coedge $-1 -1 $-1 $3969 $2583 $3970 $3971 forward $1889 $-1 #
coedge $-1 -1 $-1 $2583 $3969 $3967 $3972 forward $1889 $-1 #
coedge $-1 -1 $-1 $2585 $2584 $3966 $3973 forward $1284 $-1 #
edge $3974 -1 $-1 $3295 0 $3975 0.04345447000002873594 $2584 $3976 forward @7 unknown #
coedge $-1 -1 $-1 $3977 $3970 $2585 $3292 reversed $3964 $-1 #
edge $3978 -1 $-1 $3979 0 $3294 0.04345447000002873594 $2585 $3980 forward @7 unknown #
DXID-attrib $-1 -1 $-1 $-1 $2586 @10 Revit:Edge @7 Edge:83 #
vertex $-1 -1 $-1 $2586 $3981 #
vertex $-1 -1 $-1 $2586 $3982 #
straight-curve $-1 -1 $-1 7.778350129999701323 10.5826410949999854 22.10596108082838285 0 -12 0 F 0 F 0.05444122499999553416 #
DXID-attrib $-1 -1 $-1 $-1 $2588 @10 Revit:Face @7 Face:77 #
face $3983 -1 $-1 $-1 $3984 $293 $-1 $3985 forward single #
loop $-1 -1 $-1 $-1 $2596 $2588 #
plane-surface $-1 -1 $-1 -4.086920320017575214 9.929346395000038683 22.10596108082838285 1 0 0 0 0 -12 forward_v I I I I #
coedge $-1 -1 $-1 $3986 $3987 $2594 $3308 reversed $2589 $-1 #
coedge $-1 -1 $-1 $3988 $2591 $2593 $3307 reversed $1894 $-1 #
coedge $-1 -1 $-1 $2591 $3988 $3986 $3989 forward $1894 $-1 #
coedge $-1 -1 $-1 $2593 $2592 $3990 $3991 reversed $1288 $-1 #
coedge $-1 -1 $-1 $2596 $3992 $2592 $3306 reversed $3299 $-1 #
edge $3993 -1 $-1 $2599 -2.331176954593504514e-16 $3994 0.04361902086167396969 $2592 $3995 forward @7 unknown #
edge $3996 -1 $-1 $3997 -0.04361902086167396969 $2600 2.331176954593504514e-16 $2593 $3998 forward @7 unknown #
edge $3999 -1 $-1 $3310 0 $3314 0.04689233083186028495 $2594 $4000 forward @7 unknown #
DXID-attrib $-1 -1 $-1 $-1 $2595 @10 Revit:Edge @7 Edge:70 #
vertex $-1 -1 $-1 $2595 $4001 #
straight-curve $-1 -1 $-1 -4.649628289999898634 10.5826410949999854 22.10596108082838285 0 -12 0 F 0 F 0.05444122499999553416 #
coedge $-1 -1 $-1 $3992 $2596 $3987 $4002 reversed $3299 $-1 #
DXID-attrib $-1 -1 $-1 $-1 $2597 @10 Revit:Edge @7 Edge:78 #
vertex $-1 -1 $-1 $3308 $4003 #
straight-curve $-1 -1 $-1 -4.086920320017575214 9.929346395000038683 22.10596108082838285 0 12 0 F 0 F 0.05444122499999553416 #
point $-1 -1 $-1 -4.086920320017575214 10.5826410949999854 22.1059610808283864 #
point $-1 -1 $-1 -4.649628289999898634 10.5826410949999854 22.1059610808283864 #
DXID-attrib $-1 -1 $-1 $-1 $2603 @10 Revit:Face @6 Face:1 #
loop $-1 -1 $-1 $-1 $4004 $2603 #
plane-surface $-1 -1 $-1 -35.89339222000001683 10.5826410949999854 21.58253283048829729 0 0 -1 0 12 0 forward_v I I I I #
coedge $-1 -1 $-1 $4005 $2606 $2608 $3324 reversed $1902 $-1 #
coedge $-1 -1 $-1 $2606 $4005 $2617 $3337 forward $1902 $-1 #
coedge $-1 -1 $-1 $2608 $2607 $4006 $4007 reversed $1293 $-1 #
edge $4008 -1 $-1 $4009 -0.04361902086167396969 $2615 2.331176954593504514e-16 $2608 $4010 forward @7 unknown #
coedge $-1 -1 $-1 $4004 $4006 $2609 $3326 forward $3319 $-1 #
edge $4011 -1 $-1 $3332 0 $3329 0.05806243083332179172 $3325 $4012 forward @7 unknown #
coedge $-1 -1 $-1 $2610 $2617 $4004 $4013 reversed $2604 $-1 #
DXID-attrib $-1 -1 $-1 $-1 $2611 @10 Revit:Edge @7 Edge:65 #
vertex $-1 -1 $-1 $4013 $4014 #
straight-curve $-1 -1 $-1 -8.821257410000381327 10.62609556499990049 22.10596108082838285 0 0 -12 F -2.331176954593504514e-16 F 0.04361902086167396969 #
DXID-attrib $-1 -1 $-1 $-1 $2612 @10 Revit:Edge @7 Edge:56 #
vertex $-1 -1 $-1 $4007 $4015 #
straight-curve $-1 -1 $-1 -8.821257410000381327 9.929346395000038683 22.10596108082838285 0 0 12 F -0.04361902086167396969 F 2.331176954593504514e-16 #
DXID-attrib $-1 -1 $-1 $-1 $2613 @10 Revit:Edge @7 Edge:58 #
straight-curve $-1 -1 $-1 -8.212894830000205815 9.929346395000038683 22.10596108082838285 0 12 0 F 0 F 0.05806243083332179172 #
point $-1 -1 $-1 -8.212894830000205815 9.929346395000038683 22.1059610808283864 #
edge $4016 -1 $-1 $4017 -0.04361902086167396969 $2619 2.331176954593504514e-16 $3322 $4018 forward @7 unknown #
point $-1 -1 $-1 -8.212894830000205815 10.62609556499990049 22.1059610808283864 #
coedge $-1 -1 $-1 $4019 $2630 $2632 $3348 forward $2624 $-1 #
coedge $-1 -1 $-1 $2627 $2626 $4019 $4020 reversed $1301 $-1 #
coedge $-1 -1 $-1 $2630 $4019 $2628 $3342 forward $2624 $-1 #
edge $4021 -1 $-1 $3344 0 $2637 0.05806243083332179172 $3341 $4022 forward @7 unknown #
DXID-attrib $-1 -1 $-1 $-1 $2629 @10 Revit:Edge @7 Edge:44 #
vertex $-1 -1 $-1 $4020 $4023 #
straight-curve $-1 -1 $-1 -25.20359260000020285 9.929346395000038683 22.10596108082838285 0 0 12 F -0.04361902086167396969 F 2.331176954593504514e-16 #
DXID-attrib $-1 -1 $-1 $-1 $2631 @10 Revit:Edge @7 Edge:36 #
straight-curve $-1 -1 $-1 -25.20359260000020285 10.62609556499990049 21.58253283048829729 12 0 0 F 0 F 0.05069688166668113311 #
edge $4024 -1 $-1 $2634 0 $3352 0.05806243083332179172 $3339 $4025 forward @7 unknown #
point $-1 -1 $-1 -24.59523002000003089 10.62609556499990049 21.58253283048829729 #
point $-1 -1 $-1 -25.20359260000020285 10.62609556499990049 21.58253283048829729 #
DXID-attrib $-1 -1 $-1 $-1 $2642 @10 Revit:Edge @7 Edge:48 #
vertex $-1 -1 $-1 $3348 $4026 #
straight-curve $-1 -1 $-1 -24.59523002000003089 9.929346395000038683 22.10596108082838285 0 0 12 F -0.04361902086167396969 F 2.331176954593504514e-16 #
coedge $-1 -1 $-1 $2646 $2644 $2645 $3355 forward $1937 $-1 #
edge $4027 -1 $-1 $2657 0 $2649 0.05444122499999565212 $3354 $4028 forward @7 unknown #
DXID-attrib $-1 -1 $-1 $-1 $2647 @10 Revit:Edge @7 Edge:23 #
straight-curve $-1 -1 $-1 -31.37412733999974535 9.929346395000026249 21.58253283048829729 -12 0 0 F 0 F 0.05431808750000762659 #
point $-1 -1 $-1 -31.37412733999974535 9.929346395000026249 21.58253283048829729 #
DXID-attrib $-1 -1 $-1 $-1 $2653 @10 Revit:Edge @7 Edge:31 #
straight-curve $-1 -1 $-1 -32.02594438999983595 10.58264109499997474 21.58253283048829729 12 0 0 F 0 F 0.05431808750000762659 #
point $-1 -1 $-1 -31.37412733999974535 10.58264109499997474 21.58253283048829729 #
DXID-attrib $-1 -1 $-1 $-1 $2660 @10 Revit:Edge @7 Edge:11 #
straight-curve $-1 -1 $-1 -35.24157516999992623 10.5826410949999854 21.58253283048829729 0 -12 0 F 0 F 0.05444122499999553416 #
DXID-attrib $-1 -1 $-1 $-1 $2668 @10 Revit:Face @8 Face:125 #
face $4029 -1 $-1 $4030 $4031 $107 $-1 $4032 forward single #
loop $-1 -1 $-1 $-1 $4033 $2668 #
plane-surface $-1 -1 $-1 40.36091705416669129 9.885206811666650495 22.2353915135046698 1 0 0 0 -12 1.932079768609035795e-14 forward_v I I I I #
coedge $-1 -1 $-1 $4034 $4035 $2685 $3386 reversed $2669 $-1 #
coedge $-1 -1 $-1 $4036 $2671 $2673 $3372 reversed $1974 $-1 #
coedge $-1 -1 $-1 $2671 $4036 $4034 $4037 forward $1974 $-1 #
coedge $-1 -1 $-1 $2673 $2672 $4038 $4039 reversed $1358 $-1 #
edge $4040 -1 $-1 $4041 -1.654922515555550033 $2688 1.251116619727148714e-31 $2673 $4042 forward @7 unknown #
coedge $-1 -1 $-1 $2676 $4038 $2674 $3374 forward $3379 $-1 #
edge $4043 -1 $-1 $3376 1.827081928538967892 $2683 3.038850834384276389 $3373 $4044 forward @7 unknown #
DXID-attrib $-1 -1 $-1 $-1 $2675 @10 Revit:Edge @8 Edge:116 #
vertex $-1 -1 $-1 $4039 $4045 #
straight-curve $-1 -1 $-1 14.07424602583374629 9.885206811666648719 20.81688650017133568 0 12 -1.932079768609035795e-14 F -1.654922515555550033 F 0 #
coedge $-1 -1 $-1 $4046 $2676 $2678 $3382 forward $3379 $-1 #
loop $-1 -1 $-1 $-1 $3378 $3408 #
DXID-attrib $-1 -1 $-1 $-1 $2677 @10 Revit:Edge @8 Edge:108 #
straight-curve $-1 -1 $-1 13.80827633583333736 -9.973863374999949016 20.50658852850453684 0 0 -12 F 0 F 0.009235058680551321009 #
edge $4047 -1 $-1 $2680 0 $3405 0.330232778605325461 $3378 $4048 forward @7 unknown #
point $-1 -1 $-1 13.80827633583333736 -9.973863374999949016 20.3957678243379199 #
point $-1 -1 $-1 13.8082763358333338 -9.973863374999949016 20.50658852850453684 #
coedge $-1 -1 $-1 $4049 $2685 $4033 $4050 forward $314 $-1 #
edge $4051 -1 $-1 $3388 7.504221811173822492e-31 $4052 2.000358343425679308 $2685 $4053 forward @7 unknown #
DXID-attrib $-1 -1 $-1 $-1 $2686 @10 Revit:Edge @8 Edge:118 #
vertex $-1 -1 $-1 $2686 $4054 #
ellipse-curve $-1 -1 $-1 16.13995987477336769 9.885206811666650495 21.73163355528028617 0 -1 0 0.5483724659199609164 0 0 1 F 4.907604086332135296 F 7.447814661539960746 #
point $-1 -1 $-1 16.24633182750076799 9.885206811666650495 21.19367689433805069 #
coedge $-1 -1 $-1 $2691 $4055 $4056 $4057 forward $314 $-1 #
coedge $-1 -1 $-1 $4058 $4059 $2691 $3393 reversed $4060 $-1 #
edge $4061 -1 $-1 $4062 -2.813084245981404668e-16 $3398 0.05745266094040545057 $2691 $4063 forward @7 unknown #
coedge $-1 -1 $-1 $4064 $2692 $4059 $4065 reversed $3396 $-1 #
coedge $-1 -1 $-1 $2692 $4064 $2694 $3401 forward $3396 $-1 #
loop $-1 -1 $-1 $-1 $2692 $4066 #
DXID-attrib $-1 -1 $-1 $-1 $2693 @10 Revit:Edge @8 Edge:178 #
vertex $-1 -1 $-1 $3393 $4067 #
straight-curve $-1 -1 $-1 19.32052771327131779 9.885206811666648719 20.56782066158014999 -10.9501118941797646 -1.102491123095863727e-14 -4.908670849114129986 F 2.127220708161007953e-16 F 0.1208415742894228678 #
coedge $-1 -1 $-1 $2695 $2694 $4046 $4068 reversed $2696 $-1 #
edge $4069 -1 $-1 $4070 -1.654922515555550033 $2698 1.165588477296755215e-16 $3395 $4071 forward @7 unknown #
face $4072 -1 $-1 $2701 $2696 $107 $-1 $4073 forward single #
point $-1 -1 $-1 17.99729895333329921 9.885206811666648719 19.97464914850460715 #
DXID-attrib $-1 -1 $-1 $-1 $2700 @10 Revit:Edge @8 Edge:188 #
vertex $-1 -1 $-1 $3382 $4074 #
straight-curve $-1 -1 $-1 17.74735423693466529 9.885206811666646942 19.9628748000560492 0 12 -1.932079768609035795e-14 F -1.654922515555550033 F 1.165588477296752257e-16 #
DXID-attrib $-1 -1 $-1 $-1 $2701 @10 Revit:Face @8 Face:185 #
face $4075 -1 $-1 $-1 $3379 $107 $-1 $4076 forward single #
plane-surface $-1 -1 $-1 17.74735423693466529 9.885206811666646942 19.9628748000560492 -0.1092393639495954361 -1.600430988204655994e-15 -0.994015473402646732 0 -12 1.932079768609035795e-14 forward_v I I I I #
DXID-attrib $-1 -1 $-1 $-1 $2704 @10 Revit:Face @7 Face:65 #
face $4077 -1 $-1 $4078 $4079 $64 $-1 $4080 reversed single #
loop $-1 -1 $-1 $-1 $4081 $2704 #
plane-surface $-1 -1 $-1 -5.607511034166535069 9.885206811666650495 22.10240666850447866 1 2.688325681675081259e-30 1.669698565464814158e-15 0 -12 1.932079768609035795e-14 forward_v I I I I #
coedge $-1 -1 $-1 $4082 $4083 $2724 $3431 reversed $2705 $-1 #
coedge $-1 -1 $-1 $4084 $2707 $2709 $3418 reversed $2000 $-1 #
coedge $-1 -1 $-1 $2707 $4084 $4082 $4085 forward $2000 $-1 #
coedge $-1 -1 $-1 $2709 $2708 $4086 $4087 reversed $1374 $-1 #
edge $4088 -1 $-1 $4089 -1.654922515555550033 $2727 3.753349859181446362e-31 $2709 $4090 forward @7 unknown #
coedge $-1 -1 $-1 $2712 $4086 $2710 $3420 forward $2718 $-1 #
edge $4091 -1 $-1 $3422 -7.437635955915093647e-31 $2715 1.739885055416664716 $3419 $4092 forward @7 unknown #
DXID-attrib $-1 -1 $-1 $-1 $2711 @10 Revit:Edge @7 Edge:56 #
vertex $-1 -1 $-1 $4087 $4093 #
straight-curve $-1 -1 $-1 -6.715718075833213341 9.885206811666650495 22.6786743301712832 0 12 -1.932079768609035795e-14 F -1.654922515555550033 F 3.753349859181446362e-31 #
DXID-attrib $-1 -1 $-1 $-1 $2713 @10 Revit:Edge @7 Edge:47 #
straight-curve $-1 -1 $-1 -27.59433874083318727 -9.973863374999949016 22.67867433017124768 0 -1.898183632317666623e-14 -12 F 0 F 0.1403728919444424128 #
point $-1 -1 $-1 -27.59433874083318727 -9.973863374999949016 22.67867433017124768 #
coedge $-1 -1 $-1 $4094 $2717 $2739 $3449 forward $2718 $-1 #
DXID-attrib $-1 -1 $-1 $-1 $2721 @10 Revit:Edge @8 Edge:103 #
straight-curve $-1 -1 $-1 -27.23971248750001095 -9.973863374999949016 20.59524509183791352 11.93503791419288618 -2.470970027419142538e-15 -1.246944259691783019 F 0 F 1.617503589400115072 #
coedge $-1 -1 $-1 $4095 $2724 $4081 $4096 forward $190 $-1 #
edge $4097 -1 $-1 $3433 4.854286034988266607 $4098 6.141288252575933804 $2724 $4099 forward @7 unknown #
DXID-attrib $-1 -1 $-1 $-1 $2725 @10 Revit:Edge @7 Edge:58 #
vertex $-1 -1 $-1 $2725 $4100 #
straight-curve $-1 -1 $-1 -6.671389794166620923 9.885206811666650495 22.30188393600460017 12 0 3.699024514260391506e-14 F -7.18590058510021397e-31 F 0.07203345770832625394 #
point $-1 -1 $-1 -6.671389794166620923 9.885206811666650495 22.30188393600460017 #
coedge $-1 -1 $-1 $2730 $4101 $4102 $4103 forward $190 $-1 #
coedge $-1 -1 $-1 $4104 $4105 $2730 $3438 reversed $4106 $-1 #
edge $4107 -1 $-1 $4108 -0 $3443 0.02770517604167023473 $2730 $4109 forward @7 unknown #
coedge $-1 -1 $-1 $4110 $2731 $4105 $4111 reversed $3441 $-1 #
coedge $-1 -1 $-1 $2731 $4110 $2733 $3446 forward $3441 $-1 #
loop $-1 -1 $-1 $-1 $2731 $4112 #
DXID-attrib $-1 -1 $-1 $-1 $2732 @10 Revit:Edge @7 Edge:90 #
vertex $-1 -1 $-1 $3438 $4113 #
ellipse-curve $-1 -1 $-1 -5.907198512882071206 9.885206811666645166 19.85746214857152125 0 1 0 1.490525187705991073 0 0 1 F 1.031733309686978961 F 1.697211555844204911 #
coedge $-1 -1 $-1 $2734 $2733 $4094 $4114 reversed $2735 $-1 #
edge $4115 -1 $-1 $4116 -1.654922515555549811 $2737 -7.506699718362892725e-31 $3440 $4117 forward @14 tangent_not_g2 #
face $4118 -1 $-1 $2741 $2735 $64 $-1 $4119 forward single #
point $-1 -1 $-1 -6.095122132500949697 9.885206811666645166 18.37883100850466533 #
edge $4120 -1 $-1 $2744 0 $3451 0.02040091142832967802 $3427 $4121 forward @7 unknown #
DXID-attrib $-1 -1 $-1 $-1 $2740 @10 Revit:Edge @8 Edge:100 #
vertex $-1 -1 $-1 $3449 $4122 #
straight-curve $-1 -1 $-1 -7.690940272499868335 9.885206811666645166 18.55614413517136185 0 12 -1.932079768609035795e-14 F -1.654922515555549811 F -3.753349859181446362e-31 #
DXID-attrib $-1 -1 $-1 $-1 $2741 @10 Revit:Face @7 Face:97 #
plane-surface $-1 -1 $-1 -7.690940272499868335 9.885206811666645166 18.55614413517136185 -0.09053574604192826669 -1.603454263259613369e-15 -0.9958932064677575857 0 -12 1.932079768609035795e-14 forward_v I I I I #
point $-1 -1 $-1 -7.934745821666555621 -9.973863374999952569 18.57830827600458434 #
DXID-attrib $-1 -1 $-1 $-1 $2747 @10 Revit:Face @6 Face:1 #
plane-surface $-1 -1 $-1 -28.01545741666662792 -9.973863374999949016 21.50397486600457242 0 -1 1.618667433348004174e-15 -0.9174825326213206234 1.936715296792305882e-14 11.9648746672221673 forward_v I I I I #
DXID-attrib $-1 -1 $-1 $-1 $2750 @10 Revit:Face @7 Face:29 #
plane-surface $-1 -1 $-1 -39.60730307249976079 9.885206811666650495 22.65651018933803229 -3.50219770449418516e-15 1.61006647384086336e-15 1 0 -12 1.932079768609035795e-14 forward_v I I I I #
coedge $-1 -1 $-1 $4123 $2753 $2755 $3463 reversed $2036 $-1 #
coedge $-1 -1 $-1 $2753 $4123 $2774 $3477 forward $2036 $-1 #
coedge $-1 -1 $-1 $2755 $2754 $4124 $4125 reversed $1400 $-1 #
edge $4126 -1 $-1 $4127 -1.654922515555550033 $2771 3.753349859181446362e-31 $2755 $4128 forward @7 unknown #
coedge $-1 -1 $-1 $2758 $4124 $2756 $3465 forward $2049 $-1 #
edge $4129 -1 $-1 $3467 4.881591265409547668e-16 $2761 0.6500562987579818763 $3464 $4130 forward @7 unknown #
DXID-attrib $-1 -1 $-1 $-1 $2757 @10 Revit:Edge @7 Edge:20 #
vertex $-1 -1 $-1 $4125 $4131 #
straight-curve $-1 -1 $-1 -39.36349752333320851 9.885206811666650495 20.99419962683794338 6.44026589536345265e-15 12 -3.220132947681726325e-15 F -1.654922515555550033 F -1.16558847729675275e-16 #
DXID-attrib $-1 -1 $-1 $-1 $2759 @10 Revit:Edge @7 Edge:11 #
straight-curve $-1 -1 $-1 -31.60604823166634247 -9.973863374999950793 20.17412641600468959 12 0 5.443847398345623918e-14 F -1.057547633278926892e-30 F 0.1957832440277533503 #
point $-1 -1 $-1 -31.60604823166634247 -9.973863374999950793 20.17412641600468604 #
coedge $-1 -1 $-1 $4132 $2766 $2779 $3479 forward $2049 $-1 #
DXID-attrib $-1 -1 $-1 $-1 $2769 @10 Revit:Edge @7 Edge:22 #
straight-curve $-1 -1 $-1 -39.69595963583318365 9.885206811666650495 21.28233345767132789 0 1.243637552208160313e-14 12 F -2.331176954593504514e-16 F 0.1071266806944401184 #
point $-1 -1 $-1 -39.69595963583318365 9.885206811666650495 21.28233345767132434 #
coedge $-1 -1 $-1 $2775 $2774 $4132 $4133 reversed $2751 $-1 #
edge $4134 -1 $-1 $4135 -1.654922515555550033 $2777 0 $3461 $4136 forward @7 unknown #
point $-1 -1 $-1 -39.69595963583318365 9.885206811666650495 22.56785362600460942 #
edge $4137 -1 $-1 $2784 0 $3481 0.887621068611090247 $3472 $4138 forward @7 unknown #
DXID-attrib $-1 -1 $-1 $-1 $2780 @10 Revit:Edge @7 Edge:32 #
vertex $-1 -1 $-1 $3479 $4139 #
straight-curve $-1 -1 $-1 -39.60730307249976079 9.885206811666650495 22.65651018933803229 0 12 -1.932079768609035795e-14 F -1.654922515555550033 F -3.753349859181446362e-31 #
DXID-attrib $-1 -1 $-1 $-1 $2782 @10 Revit:Edge @7 Edge:35 #
straight-curve $-1 -1 $-1 -28.50306851499984973 -9.973863374999949016 22.41270464017146224 -10.56565319906717981 0 5.6891978764182074 F 5.210278456284462388e-16 F 0.04285411660178276017 #
point $-1 -1 $-1 -28.95585024916667294 -9.973863374999949016 22.65651018933810334 #
DXID-attrib $-1 -1 $-1 $-1 $2792 @10 Revit:Face @7 Face:25 #
face $4140 -1 $-1 $4141 $4142 $46 $-1 $4143 forward single #
loop $-1 -1 $-1 $-1 $3514 $2792 #
plane-surface $-1 -1 $-1 -13.46555118110243399 -9.918453022916629891 17.97987647350474205 0 0 -1 12 -1.898904387611466904e-14 0 forward_v I I I I #
coedge $-1 -1 $-1 $4144 $2795 $4145 $4146 forward $199 $-1 #
coedge $-1 -1 $-1 $4147 $4148 $2795 $3492 reversed $4149 $-1 #
edge $4150 -1 $-1 $3497 7.548824857074217992e-31 $4151 1.645687456875000398 $2795 $4152 forward @7 unknown #
coedge $-1 -1 $-1 $2831 $2796 $2799 $3499 forward $3495 $-1 #
coedge $-1 -1 $-1 $2796 $2831 $4147 $4153 reversed $3495 $-1 #
loop $-1 -1 $-1 $-1 $2831 $4154 #
DXID-attrib $-1 -1 $-1 $-1 $2797 @10 Revit:Edge @7 Edge:47 #
vertex $-1 -1 $-1 $2797 $4155 #
straight-curve $-1 -1 $-1 13.47581422333355228 9.863042670833332082 18.29017444517135971 0 0 12 F -2.331176954593504514e-16 F 0.02216414083335365923 #
edge $4156 -1 $-1 $2802 -2.245113783702996191 $2834 0 $3493 $4157 forward @7 unknown #
face $4158 -1 $-1 $2805 $2800 $46 $-1 $4159 forward single #
point $-1 -1 $-1 13.47581422333355228 9.863042670833332082 18.29017444517135971 #
DXID-attrib $-1 -1 $-1 $-1 $2804 @10 Revit:Edge @7 Edge:56 #
straight-curve $-1 -1 $-1 -13.46555118110240024 9.951699234166788699 18.29017444517135971 -12 1.898904387611466904e-14 0 F -2.245113783702996191 F -1.844450894740142872e-31 #
DXID-attrib $-1 -1 $-1 $-1 $2805 @10 Revit:Face @7 Face:53 #
plane-surface $-1 -1 $-1 -13.46555118110240024 9.951699234166788699 18.29017444517135971 1.582420323009555754e-15 1 -8.492673032008412284e-31 12 -1.898904387611466904e-14 0 forward_v I I I I #
coedge $-1 -1 $-1 $2811 $4160 $4161 $4162 forward $199 $-1 #
coedge $-1 -1 $-1 $2822 $2821 $2811 $3508 reversed $2081 $-1 #
edge $4163 -1 $-1 $4164 0 $3510 0.1911657146874951863 $2811 $4165 forward @7 unknown #
DXID-attrib $-1 -1 $-1 $-1 $2813 @10 Revit:Edge @7 Edge:15 #
vertex $-1 -1 $-1 $3508 $4166 #
straight-curve $-1 -1 $-1 13.4758142233335203 -7.624464446666729067 16.11808864350483006 0 0 12 F 2.331176954593504514e-16 F 0.0203171290972174283 #
point $-1 -1 $-1 13.4758142233335203 -7.624464446666729067 16.36189419267143919 #
coedge $-1 -1 $-1 $4167 $2818 $4168 $4169 forward $115 $-1 #
coedge $-1 -1 $-1 $4170 $4171 $2818 $3515 reversed $3488 $-1 #
edge $4172 -1 $-1 $3519 0 $4173 0.002770517604166934482 $2818 $4174 forward @7 unknown #
coedge $-1 -1 $-1 $4161 $2819 $2822 $3521 reversed $2793 $-1 #
coedge $-1 -1 $-1 $2819 $4161 $4170 $4175 forward $2793 $-1 #
DXID-attrib $-1 -1 $-1 $-1 $2820 @10 Revit:Edge @7 Edge:22 #
vertex $-1 -1 $-1 $2820 $4176 #
straight-curve $-1 -1 $-1 -13.46555118110243399 -9.918453022916629891 16.11808864350483006 0 0 12 F 2.331176954593504514e-16 F 0.1551489858333259531 #
edge $4177 -1 $-1 $4164 -2.245113783702996635 $2824 0 $2822 $4178 forward @7 unknown #
point $-1 -1 $-1 -13.46555118110243399 -9.918453022916629891 16.11808864350483361 #
DXID-attrib $-1 -1 $-1 $-1 $2826 @10 Revit:Edge @7 Edge:20 #
straight-curve $-1 -1 $-1 -13.46555118110243043 -7.624464446666686435 16.11808864350483006 -12 1.898904387611466904e-14 0 F -2.245113783702996191 F 0 #
coedge $-1 -1 $-1 $2830 $4167 $4179 $4180 forward $115 $-1 #
coedge $-1 -1 $-1 $4148 $4147 $2830 $3527 reversed $4149 $-1 #
edge $4181 -1 $-1 $4182 -7.548824857074217992e-31 $3529 1.645687456875000398 $2830 $4183 forward @7 unknown #
DXID-attrib $-1 -1 $-1 $-1 $2832 @10 Revit:Edge @7 Edge:46 #
vertex $-1 -1 $-1 $3527 $4184 #
straight-curve $-1 -1 $-1 -13.46555118110240024 9.863042670833372938 18.55614413517160699 0 0 -12 F 2.331176954593504514e-16 F 0.0221641408333541276 #
point $-1 -1 $-1 -13.46555118110240024 9.863042670833372938 18.29017444517135971 #
point $-1 -1 $-1 16.26849596833327993 -9.929535093333344165 21.19752169427840371 #
DXID-attrib $-1 -1 $-1 $-1 $2842 @10 Revit:Edge @7 Edge:20 #
straight-curve $-1 -1 $-1 14.07424602583357576 9.885206811666698457 20.81688650017130726 0 12 -1.936402094713295374e-14 F -1.651228492083337329 F 0 #
DXID-attrib $-1 -1 $-1 $2853 $2162 @10 Revit:Face @7 Face:13 #
rgb_color-st-attrib $-1 -1 $4185 $-1 $2854 0 0 0 #
face $4186 -1 $-1 $4187 $4188 $121 $-1 $4189 reversed single #
loop $-1 -1 $-1 $-1 $4190 $2854 #
plane-surface $-1 -1 $-1 17.04424089750015625 9.885206811666659377 22.74516675267122423 -1 0 0 0 -12 1.93207976860903611e-14 forward_v I I I I #
coedge $-1 -1 $-1 $4191 $2862 $2864 $3554 forward $2855 $-1 #
coedge $-1 -1 $-1 $2858 $2857 $4192 $4193 forward $1524 $-1 #
coedge $-1 -1 $-1 $4194 $2859 $4195 $4196 forward $994 $-1 #
coedge $-1 -1 $-1 $2862 $4191 $2859 $3544 forward $2855 $-1 #
edge $4197 -1 $-1 $4198 0 $2869 1.943056346388877254 $3543 $4199 forward @7 unknown #
coedge $-1 -1 $-1 $2860 $4200 $4201 $4202 forward $994 $-1 #
coedge $-1 -1 $-1 $4203 $4192 $2860 $3547 reversed $4204 $-1 #
edge $4205 -1 $-1 $4206 -3.227767601691976457e-31 $3549 0.01002289604163493497 $2860 $4207 forward @7 unknown #
DXID-attrib $-1 -1 $-1 $-1 $2861 @10 Revit:Edge @7 Edge:95 #
vertex $-1 -1 $-1 $3547 $4208 #
straight-curve $-1 -1 $-1 17.04424089750015625 9.885206811666659377 22.74516675267122423 0 12 -2.192971459597375362e-14 F -0.3645102512537367057 F 0 #
DXID-attrib $-1 -1 $-1 $-1 $2863 @10 Revit:Edge @7 Edge:25 #
straight-curve $-1 -1 $-1 40.36091705416668418 -9.973863374999936582 22.74516675267125621 0 1.656100457722342721e-14 12 F 0 F 0.1608921274476879937 #
coedge $-1 -1 $-1 $2864 $4209 $4210 $4211 reversed $2163 $-1 #
edge $4212 -1 $-1 $2866 0 $4213 1.943056346388877254 $3540 $4214 forward @7 unknown #
point $-1 -1 $-1 40.36091705416668418 -9.973863374999934805 24.67587228204351035 #
point $-1 -1 $-1 40.36091705416668418 -9.973863374999936582 22.74516675267125621 #
coedge $-1 -1 $-1 $4215 $2874 $4216 $4217 forward $2163 $-1 #
coedge $-1 -1 $-1 $4192 $4203 $2874 $3559 reversed $4204 $-1 #
edge $4218 -1 $-1 $3561 0 $4219 0.01002289604163493497 $2874 $4220 forward @7 unknown #
DXID-attrib $-1 -1 $-1 $-1 $2875 @10 Revit:Edge @7 Edge:99 #
vertex $-1 -1 $-1 $4193 $4221 #
straight-curve $-1 -1 $-1 17.04424089750015625 9.885206811666661153 24.67587228204347838 0 12 -1.461980973064915646e-14 F -0.3645102512537368167 F 0 #
DXID-attrib $-1 -1 $-1 $2878 $2184 @10 Revit:Face @7 Face:71 #
rgb_color-st-attrib $-1 -1 $4222 $-1 $2879 0 0 0 #
face $4223 -1 $-1 $4224 $4225 $69 $-1 $4226 forward single #
loop $-1 -1 $-1 $-1 $4227 $2879 #
plane-surface $-1 -1 $-1 12.86252311999999698 -3.420571456081081152 27.86388309622504877 -0.511075392877149981 -0.8595358880206612762 -0 0 0 -12 forward_v I I I I #
coedge $-1 -1 $-1 $3587 $3573 $2882 $3569 reversed $2880 $-1 #
edge $4228 -1 $-1 $3590 -0.1664331626560216493 $3576 -2.331176954593504514e-16 $2882 $4229 forward @7 unknown #
coedge $-1 -1 $-1 $2888 $2901 $2883 $3571 forward $3581 $-1 #
edge $4230 -1 $-1 $2904 0 $2891 0.1664331626560213995 $3570 $4231 forward @7 unknown #
coedge $-1 -1 $-1 $2887 $2884 $4232 $4233 forward $604 $-1 #
coedge $-1 -1 $-1 $3568 $4234 $2884 $3574 reversed $2880 $-1 #
edge $4235 -1 $-1 $3576 3.608004256378986665e-31 $4236 0.5738632541554082866 $2884 $4237 forward @7 unknown #
DXID-attrib $-1 -1 $-1 $-1 $2886 @10 Revit:Edge @8 Edge:126 #
vertex $-1 -1 $-1 $2886 $4238 #
straight-curve $-1 -1 $-1 16.26849596833327638 5.444933978626196769 22.67867433017122991 -10.37550278398477666 -6.02900837447785598 8.116885903054142828e-15 F 0 F 0.3282706312402137727 #
coedge $-1 -1 $-1 $4239 $4240 $2887 $3579 forward $4225 $-1 #
edge $4241 -1 $-1 $3583 -0.3773432394969946646 $4242 -5.827942386483761286e-17 $3578 $4243 forward @7 unknown #
coedge $-1 -1 $-1 $2901 $2888 $4240 $4244 forward $3581 $-1 #
loop $-1 -1 $-1 $-1 $2901 $4224 #
DXID-attrib $-1 -1 $-1 $-1 $2889 @10 Revit:Edge @7 Edge:20 #
vertex $-1 -1 $-1 $2889 $4245 #
straight-curve $-1 -1 $-1 -27.63866702250000529 -9.973863374999936582 22.67867433017125123 12 0 0 F 0 F 3.658930249236107102 #
point $-1 -1 $-1 -27.63866702250000529 -9.973863374999936582 22.67867433017125478 #
coedge $-1 -1 $-1 $2896 $2900 $4246 $4247 forward $1540 $-1 #
coedge $-1 -1 $-1 $4234 $3568 $2896 $3588 reversed $2880 $-1 #
edge $4248 -1 $-1 $4249 -5.827942386483761286e-17 $3590 0.5738632541554080646 $2896 $4250 forward @7 unknown #
DXID-attrib $-1 -1 $-1 $-1 $2897 @10 Revit:Edge @8 Edge:129 #
vertex $-1 -1 $-1 $3588 $4251 #
straight-curve $-1 -1 $-1 12.86252311999999698 3.465787593783816511 24.67587228204348904 10.37550278398477488 6.029008374477858645 -1.62337718061082825e-14 F 0 F 0.3282706312402137727 #
coedge $-1 -1 $-1 $4240 $4239 $2900 $3593 forward $4225 $-1 #
edge $4252 -1 $-1 $4253 -5.827942386483761286e-17 $3595 0.377343239496994387 $3592 $4254 forward @7 unknown #
DXID-attrib $-1 -1 $-1 $-1 $2902 @10 Revit:Edge @7 Edge:18 #
vertex $-1 -1 $-1 $2902 $4255 #
straight-curve $-1 -1 $-1 16.26849596833327638 -9.973863374999934805 24.67587228204351035 -12 0 0 F 0 F 3.658930249236107102 #
point $-1 -1 $-1 -27.63866702250000529 -9.973863374999934805 24.67587228204351035 #
DXID-attrib $-1 -1 $-1 $-1 $2907 @10 Revit:Edge @7 Edge:15 #
straight-curve $-1 -1 $-1 -39.69595963583318365 -9.973863374999934805 24.67637205906254394 0 -1.583000480798520939e-14 -12 F 0 F 0.1683218224770402505 #
DXID-attrib $-1 -1 $-1 $-1 $2921 @10 Revit:Edge @8 Edge:184 #
intcurve-curve $-1 -1 $-1 forward { surfintcur full nubs 3 periodic 17 
	0 3 0.4508029140343864372 2 0.9016058280687728743 2 1.371062729022514581 2 1.840519629976256066 2 
	2.31115218494924779 2 2.781784739922239069 2 3.23271473452720226 2 3.683644729132165008 2 4.134574723737127755 2 
	4.585504718342090946 2 5.056137273315082226 2 5.526769828288074393 2 5.996226729241815434 2 6.465683630195557363 2 
	6.916486544229943689 2 7.367289458264330015 3 
	26.14986555613790387 -11.15157512802225526 5.48899785511878946 
	26.14986555613790387 -11.15157512802225526 5.548158342524876829 
	26.14671057394425091 -11.16338681081416873 5.611113819612438824 
	26.13393862245798616 -11.21095504473737314 5.726574727902407957 
	26.12431726295934098 -11.24669846769163506 5.779085081625712661 
	26.10173616688851439 -11.32999224897159252 5.863568172066210948 
	26.08709961883252504 -11.38370257768834826 5.900500792687664919 
	26.05485538718259164 -11.50089885349307295 5.949274790564861526 
	26.03724207580988192 -11.56437777167674774 5.961129335377425953 
	26.0039921496715607 -11.68318402121881583 5.961129335377425953 
	25.98605395751024005 -11.746732657581342 5.949221228261812655 
	25.95268621443734958 -11.86396580811167212 5.900357160996240857 
	25.9372647063265731 -11.9176485491555546 5.863391455478368819 
	25.91325490635766826 -12.00081448751664759 5.778931809179793433 
	25.90288328764874493 -12.03649956069889804 5.726489867509109821 
	25.88903898088682709 -12.08401928235250189 5.611115497210961145 
	25.88557900027558034 -12.09583808853952824 5.548175019765110072 
	25.88557900027558034 -12.09583808853952824 5.429820690472468847 
	25.88903898088682709 -12.08401928235250189 5.366880213026617774 
	25.90288328764874493 -12.03649956069889804 5.251505842728469098 
	25.91325490635766826 -12.00081448751664759 5.199063901057786374 
	25.9372647063265731 -11.9176485491555546 5.114604254759211877 
	25.95268621443735313 -11.86396580811167034 5.07763854924133895 
	25.98605395751024716 -11.746732657581342 5.028774481975767152 
	26.0039921496715607 -11.68318402121881583 5.016866374860152966 
	26.03724207580988192 -11.56437777167674774 5.016866374860152078 
	26.05485538718259164 -11.50089885349307472 5.028720919672716505 
	26.08709961883252504 -11.38370257768834826 5.077494917549914 
	26.10173616688851084 -11.32999224897159074 5.114427538171367971 
	26.12431726295934098 -11.24669846769163506 5.198910628611866258 
	26.13393862245798616 -11.21095504473737137 5.251420982335172738 
	26.14671057394425091 -11.16338681081416873 5.366881890625141871 
	26.14986555613790387 -11.15157512802225526 5.42983736771270209 
	26.14986555613790387 -11.15157512802225526 5.48899785511878946 
	0.0001794055158773601112 
	
	cone -1.46555118110240179 -11.62370660828089264 5.48899785511878946 1 0 0 0 -0.4721314802586364379 0 1 I I 0 1 0.4721314802586364379 forward I I I I 
	cone -15.2018194635030266 -0.0869089400000883916 0.6788297724987435444 0 0 1 42.80640947119901796 0 0 1 I I -0 -1 42.80640947119901796 forward I I I I 
	nullbs 
	nullbs 
	I I 
	0 
	0 
	0 
	} F 2.158265868547716959 F 3.376627464863505068 #
point $-1 -1 $-1 25.98593470258057536 -11.74699464166708651 5.944748001004731996 #
DXID-attrib $-1 -1 $-1 $-1 $2926 @10 Revit:Edge @8 Edge:182 #
intcurve-curve $-1 -1 $-1 forward { surfintcur full nubs 3 periodic 17 
	0 3 0.4779510848153162295 2 0.9559021696306324589 2 1.454576683206503684 2 1.953251196782375132 2 
	2.450612269875548144 2 2.947973342968720711 2 3.42578254648732905 2 3.903591750005936944 2 4.381400953524543951 2 
	4.859210157043150957 2 5.356571230136323969 2 5.853932303229496981 2 6.352606816805367984 2 6.851281330381239876 2 
	7.32923241519655555 2 7.807183500011872113 3 
	25.89219475056380304 11.89936185579082739 5.474363487378846926 
	25.89219475056380304 11.89936185579082739 5.537086726855922514 
	25.89585498551162601 11.88683460992524665 5.60379945181541661 
	25.9104969524899893 11.83646384738990953 5.726090552178236592 
	25.92146473833767928 11.79863705128410878 5.781677483316881805 
	25.94684167780687645 11.71048788640846539 5.871188834840381787 
	25.96313400465678711 11.65359647856839587 5.91036365531026231 
	25.99836755748072648 11.52934910445148198 5.962150944215389714 
	26.01729984249407224 11.46199482704599326 5.974773546667682567 
	26.05237298087505593 11.33607481268027861 5.974773546667682567 
	26.07094088822989164 11.26879843988507979 5.962210800042435643 
	26.1049138549157469 11.14459228244543887 5.91052416279559889 
	26.12032533551181501 11.08767006072277184 5.871386320042588203 
	26.14409860219787163 10.9993780087439692 5.781848774514160461 
	26.15422413055262041 10.96148600585286381 5.726185392603988511 
	26.1676623951898577 10.91106102608843287 5.603797591480853768 
	26.17098035998573735 10.89854173721315433 5.53706810726317844 
	26.17098035998573735 10.89854173721315433 5.411658867494515412 
	26.1676623951898577 10.91106102608843287 5.344929383276839197 
	26.15422413055262041 10.96148600585286381 5.22254158215370623 
	26.14409860219787163 10.99937800874397098 5.166878200243533392 
	26.12032533551181501 11.08767006072277184 5.077340654715106538 
	26.1049138549157469 11.14459228244543887 5.038202811962094962 
	26.07094088822989164 11.26879843988507979 4.986516174715258209 
	26.05237298087505593 11.33607481268027861 4.973953428090010398 
	26.01729984249407224 11.46199482704599326 4.973953428090010398 
	25.99836755748072648 11.52934910445148198 4.986576030542303251 
	25.96313400465678711 11.65359647856839587 5.038363319447431543 
	25.94684167780687645 11.71048788640846539 5.077538139917311177 
	25.92146473833767928 11.79863705128410878 5.16704949144081116 
	25.9104969524899893 11.83646384738990953 5.222636422579458149 
	25.89585498551162601 11.88683460992524488 5.344927522942278131 
	25.89219475056380304 11.89936185579082739 5.411640247901771339 
	25.89219475056380304 11.89936185579082739 5.474363487378846926 
	0.000187885305182753249 
	
	cone 32.24840777036369843 11.39895179650199175 5.474363487378846926 1 0 0 0 -0.5004100592888360843 0 1 I I 0 1 0.5004100592888360843 forward I I I I 
	cone -15.2018194635030266 -0.0869089400000883916 0.6788297724987435444 0 0 1 42.80640947119901796 0 0 1 I I -0 -1 42.80640947119901796 forward I I I I 
	nullbs 
	nullbs 
	I I 
	0 
	0 
	0 
	} F 0.05060381983581285076 F 1.512378187868171686 #
point $-1 -1 $-1 25.9869240325101245 11.56968151499965458 5.944748001004758642 #
DXID-attrib $-1 -1 $-1 $-1 $2931 @10 Revit:Edge @8 Edge:145 #
straight-curve $-1 -1 $-1 -13.42743123000025918 -9.423954413505263972 2.376321326838107595 0 -12 4.058946042785844281e-14 F 2.331176954593508459e-16 F 0.2625839546535662095 #
DXID-attrib $-1 -1 $-1 $-1 $2932 @10 Revit:Edge @8 Edge:139 #
straight-curve $-1 -1 $-1 -13.42743123000025918 12.40104261333341817 2.376321326838120029 0 -12 -3.975230185374978558e-14 F 2.331176954593507473e-16 F 0.2513566952270432919 #
point $-1 -1 $-1 25.89231191407323962 11.8989601623411474 5.494409971564034656 #
DXID-attrib $-1 -1 $-1 $-1 $2941 @10 Revit:Edge @8 Edge:162 #
straight-curve $-1 -1 $-1 25.7425300589592112 12.40104261333335423 2.376321326838117809 12 -1.959119001828590499e-14 0 F -3.26416344074662268 F 4.196118518268333074e-15 #
face $4256 -1 $-1 $2950 $2945 $35 $-1 $4257 reversed single #
point $-1 -1 $-1 25.8903633544110896 -12.07945675416704212 5.612285888504693787 #
DXID-attrib $-1 -1 $-1 $-1 $2949 @10 Revit:Edge @8 Edge:172 #
straight-curve $-1 -1 $-1 25.74249913932340661 -12.57496186934811711 2.376321326838117809 12 -1.714230479764032616e-14 0 F -3.264160864110305482 F -9.324707818373974276e-15 #
DXID-attrib $-1 -1 $-1 $-1 $2950 @10 Revit:Face @7 Face:73 #
plane-surface $-1 -1 $-1 -13.46555118110244464 -12.57496186934806204 2.376321326838117809 4.73168594182411931e-30 3.38245503565487786e-15 1 12 -1.678669212254471327e-14 0 forward_v I I I I #
point $-1 -1 $-1 -13.42743123000025918 12.40104261333341462 2.376321326838119141 #
DXID-attrib $-1 -1 $-1 $-1 $2955 @10 Revit:Edge @8 Edge:164 #
straight-curve $-1 -1 $-1 25.89231191407320409 11.8989601623412522 5.494409971564540918 12 0 8.131900300580651925e-16 F -3.276645262006122383 F 2.797412345512202459e-15 #
DXID-attrib $-1 -1 $-1 $-1 $2960 @10 Revit:Face @7 Face:68 #
cone-surface $-1 -1 $-1 -1.46555118110240179 -11.62370660828089264 5.48899785511878946 1 0 0 0 -0.4721314802586364379 0 1 I I 0 1 0.4721314802586364379 forward I I I I #
point $-1 -1 $-1 -13.42743123000025918 -12.57496186934805849 2.376321326838117809 #
DXID-attrib $-1 -1 $-1 $-1 $2965 @10 Revit:Edge @8 Edge:170 #
straight-curve $-1 -1 $-1 25.89036335441113934 -12.07945675416686271 5.612285888504742637 12 -1.951752794713361417e-14 0 F -3.276482882034283506 F -4.196118518268283376e-15 #
coedge $-1 -1 $-1 $2970 $3063 $2973 $3634 forward $3064 $-1 #
coedge $-1 -1 $-1 $2979 $4258 $2971 $3629 reversed $3637 $-1 #
edge $4259 -1 $-1 $2982 7.780442956572233706e-13 $3631 0.9535142918723691352 $2971 $4260 forward @7 unknown #
DXID-attrib $-1 -1 $-1 $-1 $2972 @10 Revit:Edge @8 Edge:827 #
tvertex-vertex $-1 -1 $-1 $3629 $4261 0.0002431414415056204156 #
straight-curve $-1 -1 $-1 -3.962007629165673617 4.212770569166747414 15.16042070100478156 -12 1.872180099255900842e-14 0 F -1.03186445568919094 F 2.565790709083377996e-05 #
coedge $-1 -1 $-1 $2984 $2973 $4262 $4263 reversed $2305 $-1 #
edge $4264 -1 $-1 $4265 -33.48436381711718468 $2975 -5.425257121176450426 $3627 $4266 forward @7 unknown #
point $-1 -1 $-1 -3.96246014456097706 4.212953519461820839 15.16035191253681447 #
coedge $-1 -1 $-1 $4267 $2979 $3660 $4268 forward $3637 $-1 #
loop $-1 -1 $-1 $-1 $4258 $4269 #
DXID-attrib $-1 -1 $-1 $-1 $2980 @10 Revit:Edge @9 Edge:2848 #
vertex $-1 -1 $-1 $3003 $4270 #
ellipse-curve $-1 -1 $-1 8.459676042345803282 3.610800946664369349 15.28280590558793151 -2.641448271881085148e-16 -0.1643989873053536555 0.9863939238321444147 0 -0.7712609763692477305 -0.1285434960615383371 0.1643989873053536277 F -2.833539872564096118 F -2.466262438594843509 #
point $-1 -1 $-1 8.379316422294161626 4.212770569166723433 15.38313417600498845 #
coedge $-1 -1 $-1 $4271 $3665 $2984 $3643 forward $4272 $-1 #
edge $4273 -1 $-1 $3645 0.3080527810256802335 $4274 0.6753302149949196309 $3642 $4275 forward @7 unknown #
DXID-attrib $-1 -1 $-1 $-1 $2985 @10 Revit:Edge @8 Edge:427 #
vertex $-1 -1 $-1 $3643 $4276 #
straight-curve $-1 -1 $-1 -3.962650869166652878 4.345755414164488073 15.40529831683794626 0 12 0 F -0.9427131708329371529 F 0 #
rgb_color-st-attrib $-1 -1 $4277 $-1 $2986 0 0 0 #
cone-surface $-1 -1 $-1 -4.001625727291908241 6.348833320724273754 15.28280590558794572 0 -1 0 0.1285434960615383371 0 0 1 I I 0 1 0.1285434960615383371 forward I I I I #
coedge $-1 -1 $-1 $2989 $4278 $2997 $3659 reversed $3650 $-1 #
loop $-1 -1 $-1 $-1 $3649 $4279 #
DXID-attrib $-1 -1 $-1 $-1 $2990 @10 Revit:Edge @9 Edge:2847 #
intcurve-curve $-1 -1 $-1 forward { surfintcur full nubs 3 periodic 49 
	0 3 0.1111538375610880702 2 0.2223076751221761405 2 0.4446153502443522809 2 0.6010971068684418661 2 
	0.7575788634925315623 2 0.9884114076907019042 2 1.219243951888872246 2 1.477486448393597884 2 1.735728944898323522 2 
	2.001986115945106448 2 2.135114701468498133 2 2.268243286991889818 2 2.401371872515281503 2 2.534500458038673187 2 
	2.800757629085456113 2 3.059000125590181973 2 3.317242622094907389 2 3.548075166293073401 2 3.778907710491239857 2 
	3.935389467115332884 2 4.091871223739425467 2 4.314178898861602107 2 4.425332736422689983 2 4.536486573983777859 2 
	4.647640411544865735 2 4.758794249105953611 2 4.981101924228130251 2 5.137583680852223722 2 5.294065437476316305 2 
	5.524897981674482317 2 5.755730525872648329 2 6.013973022377373745 2 6.272215518882099161 2 6.538472689928882531 2 
	6.671601275452274216 2 6.8047298609756659 2 6.937858446499057585 2 7.07098703202244927 2 7.33724420306923264 2 
	7.595486699573958056 2 7.853729196078683472 2 8.084561740276853925 2 8.315394284475024378 2 8.471876041099115184 2 
	8.628357797723204214 2 8.850665472845379966 2 8.96181931040646873 2 9.072973147967555718 3 
	9.918298821517751662 5.569885895247893792 15.63989822836737176 
	9.932885939307920964 5.569885895247893792 15.63989822836737176 
	9.947079140517390172 5.567181284684461495 15.64108521621568215 
	9.974560098960784771 5.558115008584605832 15.64550031390026419 
	9.987864356599333249 5.55180565961811201 15.64873297902070348 
	10.02635687774997741 5.530452750798962924 15.66116930093954629 
	10.05018121097644901 5.513184014016617063 15.67328068930090268 
	10.08491673923099441 5.486927150865652969 15.69726181293524192 
	10.09968471772313059 5.47523092522074073 15.70963633149488992 
	10.12656949544233953 5.453593472412395116 15.73809677746230484 
	10.13867882333875237 5.443684485423061048 15.75421425524148766 
	10.16274887702368979 5.424204151803750484 15.79452183041099644 
	10.17471010911092577 5.414744987417570599 15.82378062690110276 
	10.18723517511109833 5.406761462786036532 15.88560421761179597 
	10.18774572973511638 5.408326040116071098 15.91819124527422424 
	10.17847317008857821 5.421688436213150553 15.98027935427774793 
	10.16721468299280851 5.435116237772485981 16.01206049304224877 
	10.13656149289079345 5.470560910277667332 16.06655319990201036 
	10.11722665048355019 5.492531187154787276 16.08932870259596726 
	10.07867245776398235 5.537601585961237305 16.12425826720378552 
	10.05618413296147473 5.564128402333093248 16.13879699580286342 
	10.02628938217586452 5.605950622454844101 16.15345029746560002 
	10.01703427276042824 5.620134111486446926 16.15718673581251963 
	10.00261021944482387 5.649787724515157983 16.16242753722870518 
	9.99736181631935672 5.665208561184797098 16.16399149985724293 
	9.99736181631935672 5.700150447148941701 16.16399149985724293 
	10.00261021944482387 5.715571283818581705 16.16242753722870518 
	10.01703427276042824 5.745224896847291873 16.15718673581251963 
	10.02628938217586452 5.759408385878895587 16.15345029746560002 
	10.05618413296147473 5.801230606000646439 16.13879699580286342 
	10.07867245776398235 5.827757422372501495 16.12425826720378552 
	10.11722665048355019 5.872827821178951524 16.08932870259596726 
	10.13656149289079345 5.894798098056072355 16.06655319990201036 
	10.16721468299280851 5.930242770561252819 16.01206049304224877 
	10.17847317008857821 5.943670572120589135 15.98027935427774793 
	10.18774572973511461 5.957032968217668589 15.91819124527422424 
	10.18723517511109833 5.958597545547702268 15.88560421761179597 
	10.17471010911092577 5.950614020916168201 15.82378062690110276 
	10.16274887702368979 5.941154856529989203 15.79452183041099644 
	10.13867882333875414 5.921674522910677751 15.75421425524148766 
	10.12656949544233953 5.911765535921341908 15.73809677746230484 
	10.09968471772312881 5.890128083112996293 15.70963633149489347 
	10.08491673923099263 5.87843185746808583 15.69726181293524192 
	10.05018121097644901 5.852174994317121737 15.67328068930090268 
	10.02635687774997741 5.834906257534775875 15.66116930093954629 
	9.987864356599333249 5.81355334871562679 15.64873297902070348 
	9.974560098960784771 5.807243999749132968 15.64550031390026419 
	9.947079140517390172 5.798177723649277304 15.64108521621568215 
	9.932885939307920964 5.795473113085845007 15.63989822836737176 
	9.903711703727582361 5.795473113085845007 15.63989822836737176 
	9.889518502518113152 5.798177723649277304 15.64108521621568215 
	9.862037544074716777 5.807243999749132968 15.64550031390026419 
	9.848733286436168299 5.81355334871562679 15.64873297902070348 
	9.81024076528552591 5.834906257534775875 15.66116930093954629 
	9.786416432059054316 5.852174994317121737 15.67328068930090268 
	9.751680903804510692 5.87843185746808583 15.69726181293524192 
	9.736912925312372735 5.89012808311299807 15.70963633149488992 
	9.710028147593162018 5.911765535921344572 15.73809677746230662 
	9.697918819696749182 5.921674522910677751 15.75421425524148766 
	9.673848766011811762 5.941154856529989203 15.79452183041099644 
	9.661887533924577554 5.950614020916168201 15.82378062690110276 
	9.649362467924404996 5.958597545547702268 15.88560421761179597 
	9.64885191330038694 5.957032968217668589 15.91819124527422424 
	9.65812447294692511 5.943670572120589135 15.98027935427774793 
	9.669382960042694819 5.930242770561252819 16.01206049304224877 
	9.700036150144709879 5.894798098056071467 16.06655319990201036 
	9.719370992551953137 5.872827821178951524 16.08932870259596726 
	9.757925185271520974 5.827757422372501495 16.12425826720378552 
	9.780413510074028594 5.801230606000646439 16.13879699580286342 
	9.810308260859638807 5.759408385878895587 16.15345029746560002 
	9.819563370275075087 5.745224896847291873 16.15718673581251963 
	9.833987423590679455 5.715571283818581705 16.16242753722870518 
	9.839235826716146605 5.700150447148941701 16.16399149985724293 
	9.839235826716146605 5.665208561184797098 16.16399149985724293 
	9.833987423590679455 5.649787724515157983 16.16242753722870518 
	9.819563370275075087 5.620134111486446926 16.15718673581251963 
	9.810308260859638807 5.605950622454844101 16.15345029746560002 
	9.780413510074028594 5.564128402333093248 16.13879699580286342 
	9.757925185271520974 5.537601585961237305 16.12425826720378552 
	9.719370992551953137 5.492531187154787276 16.08932870259596726 
	9.700036150144709879 5.470560910277667332 16.06655319990201036 
	9.669382960042694819 5.435116237772485981 16.01206049304224877 
	9.65812447294692511 5.421688436213150553 15.98027935427774793 
	9.64885191330038694 5.408326040116071098 15.91819124527422424 
	9.649362467924404996 5.406761462786036532 15.88560421761179597 
	9.661887533924577554 5.414744987417570599 15.82378062690110276 
	9.673848766011811762 5.424204151803750484 15.79452183041099644 
	9.697918819696750958 5.443684485423061048 15.75421425524148411 
	9.710028147593163794 5.453593472412396004 15.73809677746230484 
	9.736912925312374512 5.475230925220741618 15.70963633149488992 
	9.751680903804510692 5.486927150865652969 15.69726181293524192 
	9.786416432059054316 5.513184014016617063 15.67328068930090268 
	9.81024076528552591 5.530452750798962924 15.66116930093954629 
	9.848733286436168299 5.551805659618112898 15.64873297902070348 
	9.862037544074716777 5.558115008584605832 15.64550031390026419 
	9.889518502518114929 5.567181284684462383 15.64108521621568215 
	9.903711703727582361 5.569885895247893792 15.63989822836737176 
	9.918298821517751662 5.569885895247893792 15.63989822836737176 
	0.0001520513531458631093 
	
	cone 10.33555422583333261 5.6826795041668694 15.88980733162996906 -1 0 0 0 -0.2741841682272742609 0 1 I I 0 1 0.2741841682272742609 forward I I I I 
	cone 9.918298821517751662 6.348833320724273754 15.90790845636491113 0 1 0 -0.2680102279975399848 0 0 1 I I 0 1 0.2680102279975399848 forward I I I I 
	nullbs 
	nullbs 
	I I 
	0 
	0 
	0 
	} F 2.601339234300860781 F 4.174403445668937174 #
point $-1 -1 $-1 10.05169959495941967 5.794036241666947973 16.14035999100484275 #
coedge $-1 -1 $-1 $3006 $4280 $2994 $3655 forward $3668 $-1 #
edge $4281 -1 $-1 $4282 7.389306305793030383 $3009 8.839441302186273219 $3654 $4283 forward @7 unknown #
rgb_color-st-attrib $-1 -1 $4284 $-1 $2995 0 0 0 #
cone-surface $-1 -1 $-1 -5.460248506463845075 6.348833320724273754 15.9079084563649289 0 1 0 0.2680102279975399848 0 0 1 I I 0 1 0.2680102279975399848 forward I I I I #
coedge $-1 -1 $-1 $4285 $2997 $4286 $4287 reversed $2999 $-1 #
edge $4288 -1 $-1 $3001 -1.748382715945128263e-16 $4289 1.193395810775202737 $2997 $4290 forward @7 unknown #
coedge $-1 -1 $-1 $2998 $4285 $3636 $4268 reversed $2999 $-1 #
face $4291 -1 $-1 $4279 $2999 $39 $-1 $4292 reversed single #
point $-1 -1 $-1 10.0465095517205345 5.849946235874637246 15.6725544868378126 #
DXID-attrib $-1 -1 $-1 $-1 $3003 @10 Revit:Edge @9 Edge:2849 #
straight-curve $-1 -1 $-1 9.91167769498742679 5.816307589166722636 15.65039034600498269 -8.485679473251716232 -8.369437288683220899 -1.394906214780510245 F -3.138864429295628247e-16 F 0.175705023441750624 #
coedge $-1 -1 $-1 $3642 $4293 $3005 $3666 forward $4272 $-1 #
edge $4294 -1 $-1 $3670 1.275869354357772442e-16 $3645 0.1757050234417483758 $3665 $4295 forward @7 unknown #
coedge $-1 -1 $-1 $4286 $3006 $4293 $4296 reversed $3668 $-1 #
loop $-1 -1 $-1 $-1 $3006 $4297 #
DXID-attrib $-1 -1 $-1 $-1 $3007 @10 Revit:Edge @8 Edge:508 #
vertex $-1 -1 $-1 $4296 $4298 #
ellipse-curve $-1 -1 $-1 -6.918691982284886244 -8.301839323502569812 15.89122288337772204 0.1622066002982550381 0 0.9867568184814748955 -1.681078930415558004 0 0.2763417419860005331 0.1622066002982550381 F 2.483723702311469328 F 2.629054372682702478 #
point $-1 -1 $-1 -5.588459236666619034 -8.470803493427814246 15.67255448683782504 #
DXID-attrib $-1 -1 $-1 $3011 $2326 @10 Revit:Face @8 Face:255 #
coedge $-1 -1 $-1 $4299 $3013 $3016 $3678 forward $3650 $-1 #
DXID-attrib $-1 -1 $-1 $-1 $3014 @10 Revit:Edge @9 Edge:2844 #
ellipse-curve $-1 -1 $-1 9.918298821517751662 7.146481534117453904 15.90790845636491113 2.721659914398514316e-16 0.1693912155993317903 0.9855488907597536041 0 -1.559332235622058693 0.2680102279975399848 0.169391215599331818 F 0.3174892165554666357 F 0.5209969740666086091 #
coedge $-1 -1 $-1 $3016 $3015 $4300 $4301 reversed $3017 $-1 #
edge $4302 -1 $-1 $3019 5.827942386483761286e-17 $4303 1.157280736711760349 $3674 $4304 forward @7 unknown #
face $4305 -1 $-1 $-1 $3017 $39 $-1 $4306 reversed single #
point $-1 -1 $-1 10.00196685672076846 5.66508124045649808 16.16252413183788761 #
coedge $-1 -1 $-1 $3025 $4300 $3021 $3682 forward $3040 $-1 #
edge $4307 -1 $-1 $3684 -2.074235703161881883 $3028 -1.548575281306570961 $3681 $4308 forward @7 unknown #
DXID-attrib $-1 -1 $-1 $-1 $3022 @10 Revit:Edge @9 Edge:2970 #
vertex $-1 -1 $-1 $4301 $4309 #
straight-curve $-1 -1 $-1 9.462439071378783595 5.141902781943752387 16.25244542939476489 0 12 0 F -1.070969915496182256 F -1.165588477296752257e-16 #
rgb_color-st-attrib $-1 -1 $4310 $-1 $3023 0 0 0 #
face $4311 -1 $-1 $4312 $4313 $39 $-1 $4314 reversed single #
cone-surface $-1 -1 $-1 9.272471097030196674 6.348833320724273754 16.35707537486137753 0 1 0 -0.2168761323116290551 0 0 1 I I 0 1 0.2168761323116290551 forward I I I I #
DXID-attrib $-1 -1 $-1 $-1 $3026 @10 Revit:Edge @8 Edge:670 #
straight-curve $-1 -1 $-1 -5.031243372499893951 -7.085878253333364185 16.36189419267144274 -12 1.871711736998475408e-14 0 F -1.210044755004474393 F -1.748382715945128263e-16 #
point $-1 -1 $-1 9.489293687553796985 -7.085878253333388166 16.36189419267143919 #
DXID-attrib $-1 -1 $-1 $3030 $2340 @10 Revit:Face @8 Face:161 #
coedge $-1 -1 $-1 $4315 $3033 $3032 $3694 forward $3040 $-1 #
edge $4316 -1 $-1 $3036 -2.824103437034345632 $4282 -2.49527597931776679 $3693 $4317 forward @7 unknown #
DXID-attrib $-1 -1 $-1 $-1 $3034 @10 Revit:Edge @8 Edge:512 #
straight-curve $-1 -1 $-1 -5.00438875632487612 -7.70973620401031301 16.25244542939478265 -8.637167473532420203 -8.205309099844843246 -1.4395279122535245 F -3.355794294522613463e-17 F 0.06246582424102486986 #
point $-1 -1 $-1 -5.543916541666852993 -8.222287600084499104 16.16252413183790182 #
DXID-attrib $-1 -1 $-1 $3038 $2347 @10 Revit:Face @8 Face:259 #
face $4318 -1 $-1 $2340 $3040 $39 $-1 $4319 forward single #
DXID-attrib $-1 -1 $-1 $3046 $2358 @10 Revit:Face @8 Face:223 #
rgb_color-st-attrib $-1 -1 $4320 $-1 $3047 0 0 0 #
face $4321 -1 $-1 $4322 $4323 $39 $-1 $4324 reversed single #
loop $-1 -1 $-1 $-1 $4325 $3047 #
cone-surface $-1 -1 $-1 -5.480177362373793493 6.348833320724273754 11.08164153492059079 0 1 0 0.1159719072795646205 0 0 1 I I 0 1 0.1159719072795646205 forward I I I I #
tcoedge-coedge $-1 -1 $-1 $4326 $4327 $4325 $4328 forward $3048 $4329 -1.187805151876947463 -4.812304996021718808e-08 #
coedge $-1 -1 $-1 $3053 $3050 $4330 $4331 forward $1707 $-1 #
coedge $-1 -1 $-1 $4332 $4333 $3050 $3708 forward $4334 $-1 #
edge $4335 -1 $-1 $4336 -1.303357092681720619 $3711 9.324707818374027919e-16 $3707 $4337 forward @7 unknown #
coedge $-1 -1 $-1 $3051 $3089 $4332 $4338 reversed $2390 $-1 #
DXID-attrib $-1 -1 $-1 $-1 $3052 @10 Revit:Edge @8 Edge:501 #
vertex $-1 -1 $-1 $4338 $4339 #
ellipse-curve $-1 -1 $-1 -7.104556694587103038 -8.392812115833821807 14.61477268725495371 0.1668583036927596963 0 0.9859808854581182391 -1.843622494692371605 0 0.3119976529476544136 0.1668583036927596686 F 2.418655468943400777 F 2.533790657477823949 #
coedge $-1 -1 $-1 $3074 $3073 $3053 $3714 reversed $3075 $-1 #
edge $4340 -1 $-1 $4341 0.6483869044104384471 $3719 2.206986075234732336 $3053 $4342 forward @7 unknown #
coedge $-1 -1 $-1 $4343 $3054 $4344 $4345 forward $3717 $-1 #
coedge $-1 -1 $-1 $3054 $4343 $3063 $3725 forward $3717 $-1 #
loop $-1 -1 $-1 $-1 $3716 $3057 #
DXID-attrib $-1 -1 $-1 $-1 $3055 @10 Revit:Edge @8 Edge:656 #
tvertex-vertex $-1 -1 $-1 $3714 $4346 0.0004565383323952415789 #
straight-curve $-1 -1 $-1 -5.699172734164357657 -8.570982895833017423 14.87089318350489187 -12 1.915675060632505382e-14 0 F -1.321366315281875536 F 3.389185293444378134e-05 #
DXID-attrib $-1 -1 $-1 $3056 $2362 @10 Revit:Face @8 Face:149 #
rgb_color-st-attrib $-1 -1 $4347 $-1 $3057 0 0 0 #
face $4348 -1 $-1 $4349 $4350 $39 $-1 $4351 reversed single #
plane-surface $-1 -1 $-1 -5.833444059166969176 -8.570982895833017423 14.87089318350489187 -2.573718829011414752e-16 -0.1643989873052946193 0.9863939238321541847 12 -1.878638454796753198e-14 0 forward_v I I I I #
edge $4352 -1 $-1 $4265 3.774759954501782878e-05 $2373 0.206169647208181761 $3716 $4353 forward @7 unknown #
DXID-attrib $-1 -1 $-1 $3069 $2376 @10 Revit:Face @8 Face:251 #
coedge $-1 -1 $-1 $4330 $3071 $3074 $3734 forward $3729 $-1 #
coedge $-1 -1 $-1 $3071 $4354 $3084 $3742 reversed $3729 $-1 #
loop $-1 -1 $-1 $-1 $4354 $4355 #
DXID-attrib $-1 -1 $-1 $-1 $3072 @10 Revit:Edge @9 Edge:2978 #
ellipse-curve $-1 -1 $-1 11.50975839334740236 5.733096924689293772 14.60582907526679897 -0.1668583036927590857 0 0.9859808854581183502 1.942963143499057521 0 0.3288091473610770255 0.1668583036927591134 F 2.324475689081473284 F 2.421483272785176499 #
coedge $-1 -1 $-1 $3079 $4344 $3073 $3733 reversed $3738 $-1 #
edge $4356 -1 $-1 $2383 1.06967947589293999 $3719 37.89642155147082292 $3073 $4357 forward @7 unknown #
edge $4358 -1 $-1 $3077 -2.331176954593504514e-16 $4341 1.214340273953265159 $3727 $4359 forward @7 unknown #
face $4360 -1 $-1 $4361 $3075 $39 $-1 $4362 forward single #
point $-1 -1 $-1 10.1801376367205858 5.972856639159631165 14.38081633183785257 #
coedge $-1 -1 $-1 $4344 $3079 $4258 $4363 forward $3738 $-1 #
loop $-1 -1 $-1 $-1 $3732 $4361 #
DXID-attrib $-1 -1 $-1 $-1 $3080 @10 Revit:Edge @9 Edge:2976 #
straight-curve $-1 -1 $-1 8.42005794421947229 4.212770569166726986 15.16042070100478156 8.480404174701144271 8.371681044262764715 -1.413400695784065908 F 3.224263550656576136e-05 F 0.2048710551600737284 #
coedge $-1 -1 $-1 $3085 $3084 $4364 $4365 forward $2398 $-1 #
edge $4366 -1 $-1 $3087 -9.737853141408926565e-17 $4367 0.1640876498081330348 $3084 $4368 forward @7 unknown #
point $-1 -1 $-1 10.04916771361736316 5.949935674166777488 14.35865219100501733 #
tcoedge-coedge $-1 -1 $-1 $4369 $4370 $3089 $3745 forward $3116 $4371 -0.9706595618750057941 5.827942386483791115e-16 #
tedge-edge $4372 -1 $-1 $4373 -0.9706595618750057941 $3748 5.827942386483791115e-16 $3744 $4374 forward @7 unknown 3.266411960170731297e-05 #
pcurve $-1 -1 $-1 0 forward { exppc nubs 1 open 2 
	-5.827942386483791115e-16 1 0.9706595618750057941 1 
	1.141701377708357779 5.35417698384055285e-05 
	0.1710418158333515404 5.35417698429574429e-05 
	0 
	plane -4.274449734166826609 -9.198118445833415535 14.13583150933811439 -0.1668583036927596963 0 -0.9859808854581182391 0 12 0 reverse_v I I I I 
	} 0 0 #
DXID-attrib $-1 -1 $-1 $-1 $3090 @10 Revit:Edge @8 Edge:452 #
tvertex-vertex $-1 -1 $-1 $3090 $4375 0.000136006017757600605 #
straight-curve $-1 -1 $-1 -4.275083228106405286 4.5022980866669009 14.13593871600481577 -8.0202740485168178 8.822301453351766298 1.357277146670837986 F 1.875723235835076971e-08 F 0.1640884292102630648 #
rgb_color-st-attrib $-1 -1 $4376 $-1 $3091 0 0 0 #
plane-surface $-1 -1 $-1 -4.274449734166826609 -9.198118445833415535 14.13583150933811439 0.1668583036927596963 0 0.9859808854581182391 0 12 0 forward_v I I I I #
DXID-attrib $-1 -1 $-1 $3094 $2397 @10 Revit:Face @7 Face:97 #
coedge $-1 -1 $-1 $4377 $3782 $3125 $3790 forward $3095 $-1 #
coedge $-1 -1 $-1 $4378 $3126 $3097 $3755 reversed $3128 $-1 #
edge $4379 -1 $-1 $3760 -2.466851711368046818 $3766 -2.372727209255848901 $3097 $4380 forward @7 unknown #
coedge $-1 -1 $-1 $4381 $3098 $3100 $3762 forward $3758 $-1 #
coedge $-1 -1 $-1 $3098 $4382 $4378 $4383 forward $3758 $-1 #
loop $-1 -1 $-1 $-1 $4381 $4384 #
DXID-attrib $-1 -1 $-1 $-1 $3099 @10 Revit:Edge @8 Edge:646 #
vertex $-1 -1 $-1 $4383 $4385 #
straight-curve $-1 -1 $-1 -5.586886062585515234 -8.593254243333039 13.0891853835049421 -12 1.2272819716884168e-14 -1.022734976407013737e-14 F -1.302651870018758817 F 9.90750205702240565e-16 #
edge $4386 -1 $-1 $3102 2.174287634534609889e-16 $3815 0.1451387045517918417 $3756 $4387 forward @7 unknown #
point $-1 -1 $-1 -5.58688606258552678 -8.593254243333023012 13.0891853835049421 #
coedge $-1 -1 $-1 $3104 $3131 $3106 $3769 reversed $2436 $-1 #
DXID-attrib $-1 -1 $-1 $-1 $3105 @10 Revit:Edge @9 Edge:3045 #
vertex $-1 -1 $-1 $3755 $4388 #
intcurve-curve $-1 -1 $-1 forward { surfintcur full nubs 3 open 10 
	0.2818264679690209995 3 0.563652935938041999 2 0.7779122167683468758 2 0.9921714975986517526 2 1.302706971170491723 2 
	1.613242444742331694 2 1.951463381417495313 2 2.28968431809265871 2 2.639223680115872384 2 2.813993361127478998 3 
	10.06008065391547213 -8.529227552343186858 13.04832526532648274 
	10.09199601327783391 -8.548533255442926304 13.05792140915082911 
	10.12192922420235597 -8.571564740476299349 13.07196317194873636 
	10.16759077232416431 -8.607909192499155537 13.10081658815137651 
	10.18800607650153189 -8.624871541391813778 13.11656773702935119 
	10.22551666561699335 -8.656482583935263264 13.15327094040623024 
	10.24260086991292518 -8.671093485146926128 13.17426684479295496 
	10.27663652343699852 -8.699961306555429985 13.2267206040824572 
	10.29402645276032757 -8.714482638458772357 13.26493152373991435 
	10.31384764851715374 -8.72887293203195469 13.3468356386005933 
	10.3161893039419521 -8.728611005144491841 13.39057343393576893 
	10.30662196317182122 -8.713695486257361011 13.47384756385983451 
	10.29323835126700182 -8.697356339835295103 13.51638411344300295 
	10.25538432264593602 -8.652608943551310716 13.58981457755680999 
	10.23100612024982503 -8.624267161293355244 13.62079646334998806 
	10.18218775829718403 -8.565336036051482083 13.66865315006816139 
	10.15354874973398225 -8.53021767687685184 13.68882268473482533 
	10.11606589387639588 -8.473999549987263791 13.70933341153050655 
	10.10457284090588459 -8.454740827076534515 13.71461101964634821 
	10.09584386984592186 -8.434609726894935378 13.71828861737733263 
	0.0001917639064395009732 
	
	cone 10.33555422583333261 -8.370540768333926351 13.3675772272548965 -1 0 0 0 -0.3565155124432592415 0 1 I I 0 1 0.3565155124432592415 forward I I I I 
	cone 9.957424161720751954 6.348833320724273754 13.38974136808789339 0 1 0 -0.3565155124437288658 0 0 1 I I 0 1 0.3565155124437288658 forward I I I I 
	nullbs 
	nullbs 
	I I 
	0 
	0 
	0 
	} F 0.6796142638278296344 F 2.297559230124231799 #
coedge $-1 -1 $-1 $3118 $3106 $4389 $4390 forward $2418 $-1 #
edge $4391 -1 $-1 $3108 -0.7688654443355571466 $4392 -0.6747409422231350762 $3106 $4393 forward @7 unknown #
point $-1 -1 $-1 10.20531662806638096 -8.593254243333060316 13.64596907100484025 #
DXID-attrib $-1 -1 $-1 $3111 $2407 @10 Revit:Face @8 Face:143 #
rgb_color-st-attrib $-1 -1 $4394 $-1 $3112 0 0 0 #
face $4395 -1 $-1 $2362 $4334 $39 $-1 $4396 forward single #
loop $-1 -1 $-1 $-1 $3788 $3112 #
cone-surface $-1 -1 $-1 10.33555422583333261 -7.156752329583203398 14.01344630475493602 1 0 0 0 -0.1229975367382531992 0 1 I I 0 1 0.1229975367382531992 forward I I I I #
DXID-attrib $-1 -1 $-1 $3115 $2414 @10 Revit:Face @8 Face:245 #
coedge $-1 -1 $-1 $4397 $3788 $3118 $3778 reversed $3774 $-1 #
edge $4398 -1 $-1 $4399 -1.105740802466128603 $3780 1.16558847729675349e-16 $3118 $4400 forward @7 unknown #
DXID-attrib $-1 -1 $-1 $-1 $3119 @10 Revit:Edge @8 Edge:497 #
vertex $-1 -1 $-1 $3778 $4401 #
straight-curve $-1 -1 $-1 -4.405419657269868949 -7.14561665583308514 13.89095389350505805 -8.425173539905491893 -8.425173539897695463 -1.425798599060929206 F -8.183570997790348629e-17 F 0.1562778093721706452 #
coedge $-1 -1 $-1 $3753 $4402 $3121 $3783 forward $3095 $-1 #
edge $4403 -1 $-1 $3803 -1.105740802466355088 $3785 5.827942386483763505e-16 $3782 $4404 forward @7 unknown #
DXID-attrib $-1 -1 $-1 $-1 $3122 @10 Revit:Edge @8 Edge:456 #
vertex $-1 -1 $-1 $3790 $4405 #
straight-curve $-1 -1 $-1 -5.722087321666668558 5.839222176668611652 13.66813321183790464 8.361516733085723629 -8.490155452057573271 1.41502590867605349 F 4.997993618926803458e-18 F 0.157467563173737557 #
coedge $-1 -1 $-1 $3125 $3124 $4406 $4407 forward $2415 $-1 #
coedge $-1 -1 $-1 $3777 $4408 $3124 $3789 forward $3774 $-1 #
edge $4409 -1 $-1 $4410 -0.6168696132099702467 $3780 -0.09065988720178348725 $3788 $4411 forward @7 unknown #
edge $4412 -1 $-1 $3785 0.3080527810258949506 $4413 0.6753302149964921508 $3753 $4414 forward @7 unknown #
coedge $-1 -1 $-1 $3127 $4378 $4415 $4416 reversed $3128 $-1 #
face $4417 -1 $-1 $3133 $3128 $39 $-1 $4418 reversed single #
coedge $-1 -1 $-1 $3135 $4389 $3131 $3794 reversed $3801 $-1 #
edge $4419 -1 $-1 $3138 -4.079559670538632777e-16 $4392 1.191792208074786252 $3131 $4420 forward @7 unknown #
DXID-attrib $-1 -1 $-1 $-1 $3132 @10 Revit:Edge @9 Edge:2955 #
straight-curve $-1 -1 $-1 10.18013763672055738 5.973883613527867453 13.11134952433788747 0 -12 0 F -1.748382715945128263e-16 F 1.216026404017223728 #
rgb_color-st-attrib $-1 -1 $4421 $-1 $3133 0 0 0 #
face $4422 -1 $-1 $4423 $3801 $39 $-1 $4424 reversed single #
cone-surface $-1 -1 $-1 9.957424161720751954 6.348833320724273754 13.38974136808789339 0 1 0 -0.3565155124437288658 0 0 1 I I 0 1 0.3565155124437288658 forward I I I I #
coedge $-1 -1 $-1 $4425 $3135 $4402 $4426 reversed $3801 $-1 #
loop $-1 -1 $-1 $-1 $3793 $3798 #
DXID-attrib $-1 -1 $-1 $-1 $3136 @10 Revit:Edge @9 Edge:2987 #
vertex $-1 -1 $-1 $4426 $4427 #
straight-curve $-1 -1 $-1 8.863469972325024315 4.502298086666853827 13.8909538935048289 8.361516733085711195 8.490155452057582153 -1.415025908676069255 F -4.373244416519928195e-17 F 0.1574675631737477155 #
point $-1 -1 $-1 10.18013763672055561 5.839222176668662279 13.6681332118378922 #
DXID-attrib $-1 -1 $-1 $3140 $2442 @10 Revit:Face @7 Face:99 #
coedge $-1 -1 $-1 $4415 $4428 $3142 $3808 reversed $4429 $-1 #
edge $4430 -1 $-1 $3810 -2.92027821124156084 $4431 -2.467745840653170486 $3142 $4432 forward @7 unknown #
DXID-attrib $-1 -1 $-1 $-1 $3143 @10 Revit:Edge @9 Edge:2993 #
vertex $-1 -1 $-1 $3143 $4433 #
straight-curve $-1 -1 $-1 10.04493637763960301 5.949935674166797028 13.08918538350495808 -8.428840137416621303 -8.428840137407966893 -1.381777071706918436 F -2.315213684903080878e-16 F 0.145138704551811909 #
coedge $-1 -1 $-1 $3145 $4434 $4381 $4435 reversed $3813 $-1 #
loop $-1 -1 $-1 $-1 $4436 $4437 #
DXID-attrib $-1 -1 $-1 $-1 $3146 @10 Revit:Edge @8 Edge:407 #
vertex $-1 -1 $-1 $4435 $4438 #
straight-curve $-1 -1 $-1 -4.363535124166767254 4.726584735749219668 12.88863604933803764 0 12 0 F -1.008040670055388999 F 1.748382715945128263e-16 #
point $-1 -1 $-1 -4.363535124166767254 4.726584735749221444 12.88863604933803764 #
DXID-attrib $-1 -1 $-1 $3150 $2451 @10 Revit:Face @8 Face:239 #
DXID-attrib $-1 -1 $-1 $3153 $2455 @10 Revit:Face @8 Face:107 #
rgb_color-st-attrib $-1 -1 $4439 $-1 $3154 0 0 0 #
face $4440 -1 $-1 $4441 $4442 $39 $-1 $4443 forward single #
loop $-1 -1 $-1 $-1 $4444 $3154 #
cone-surface $-1 -1 $-1 10.33555422583333261 5.594522086980404652 12.14218912834861541 -1 0 0 0 -0.4013106916159303039 0 1 I I 0 1 0.4013106916159303039 forward I I I I #
coedge $-1 -1 $-1 $4445 $4446 $4447 $4448 forward $3155 $-1 #
coedge $-1 -1 $-1 $3829 $3157 $3831 $4449 forward $2456 $-1 #
coedge $-1 -1 $-1 $3157 $4450 $4451 $4452 forward $2456 $-1 #
coedge $-1 -1 $-1 $4453 $4454 $3157 $3828 reversed $4455 $-1 #
edge $4456 -1 $-1 $4457 0.2213144423468799415 $4458 0.6738468129370260851 $3157 $4459 forward @7 unknown #
coedge $-1 -1 $-1 $4460 $3825 $3158 $3830 reversed $2456 $-1 #
edge $4461 -1 $-1 $4431 -1.091065361062384387 $3833 -1.165588477296741657e-16 $3158 $4462 forward @7 unknown #
coedge $-1 -1 $-1 $4436 $3159 $3825 $4449 reversed $3813 $-1 #
DXID-attrib $-1 -1 $-1 $-1 $3160 @10 Revit:Edge @8 Edge:460 #
vertex $-1 -1 $-1 $3160 $4463 #
ellipse-curve $-1 -1 $-1 -4.38859039010431573 4.047308636999322751 12.77727931183799903 -2.599288308782447415e-16 -0.1617750270665596624 0.9868276651055207793 0 0.696258001218698519 0.1141406559375486157 0.1617750270665596901 F -0.6738468129368477832 F -0.2213144423481255563 #
DXID-attrib $-1 -1 $-1 $-1 $3162 @10 Revit:Face @8 Face:125 #
face $4464 -1 $-1 $4465 $4466 $1194 $-1 $4467 forward single #
loop $-1 -1 $-1 $-1 $4468 $3162 #
plane-surface $-1 -1 $-1 -40.10847580999996609 -10.66955003499992927 22.4570329218379392 1 0 0 0 0 -12 forward_v I I I I #
coedge $-1 -1 $-1 $4469 $4470 $3165 $3842 reversed $3163 $-1 #
coedge $-1 -1 $-1 $4471 $3165 $4468 $4472 forward $2461 $-1 #
coedge $-1 -1 $-1 $3165 $4473 $4474 $4475 forward $2461 $-1 #
edge $4476 -1 $-1 $4477 0 $4478 1.006695221666651818 $3165 $4479 forward @7 unknown #
DXID-attrib $-1 -1 $-1 $-1 $3167 @10 Revit:Face @8 Face:113 #
face $4480 -1 $-1 $4481 $4482 $754 $-1 $4483 forward single #
loop $-1 -1 $-1 $-1 $4484 $3167 #
plane-surface $-1 -1 $-1 -27.50667951000003342 -10.97373132500001702 22.4570329218379392 0 -1 0 0 0 -12 forward_v I I I I #
coedge $-1 -1 $-1 $4485 $4486 $3171 $3851 reversed $3168 $-1 #
coedge $-1 -1 $-1 $4487 $3170 $4488 $4489 forward $2465 $-1 #
coedge $-1 -1 $-1 $3170 $4487 $4485 $4490 forward $2465 $-1 #
coedge $-1 -1 $-1 $3172 $3171 $4484 $4491 forward $1780 $-1 #
edge $4492 -1 $-1 $3856 0 $4493 0.02896964666666694208 $3171 $4494 forward @7 unknown #
coedge $-1 -1 $-1 $4495 $4488 $3172 $3853 reversed $4482 $-1 #
edge $4496 -1 $-1 $4497 0 $3855 0.02896964666666694208 $3172 $4498 forward @7 unknown #
DXID-attrib $-1 -1 $-1 $-1 $3173 @10 Revit:Edge @8 Edge:107 #
vertex $-1 -1 $-1 $3173 $4499 #
vertex $-1 -1 $-1 $3173 $4500 #
straight-curve $-1 -1 $-1 -6.735442849999916604 -10.62609556500001418 22.4570329218379392 -12 0 0 F 0 F 1.73093638833334329 #
DXID-attrib $-1 -1 $-1 $-1 $3175 @10 Revit:Face @8 Face:101 #
face $4501 -1 $-1 $-1 $4502 $455 $-1 $4503 forward single #
loop $-1 -1 $-1 $-1 $3183 $3175 #
plane-surface $-1 -1 $-1 16.20851730999981299 -10.97373132500001702 22.4570329218379392 1 0 0 0 0 -12 forward_v I I I I #
coedge $-1 -1 $-1 $4504 $4505 $3181 $3869 reversed $3176 $-1 #
coedge $-1 -1 $-1 $4506 $3178 $3180 $3868 reversed $2470 $-1 #
coedge $-1 -1 $-1 $3178 $4506 $4504 $4507 forward $2470 $-1 #
coedge $-1 -1 $-1 $3180 $3179 $4508 $4509 reversed $1784 $-1 #
coedge $-1 -1 $-1 $3183 $4510 $3179 $3867 reversed $3860 $-1 #
edge $4511 -1 $-1 $3186 0 $4512 0.09419759854167344959 $3179 $4513 forward @7 unknown #
edge $4514 -1 $-1 $4515 -0.09419759854167344959 $3187 0 $3180 $4516 forward @7 unknown #
edge $4517 -1 $-1 $3871 0 $3875 1.796118093333328503 $3181 $4518 forward @7 unknown #
DXID-attrib $-1 -1 $-1 $-1 $3182 @10 Revit:Edge @7 Edge:94 #
vertex $-1 -1 $-1 $3182 $4519 #
straight-curve $-1 -1 $-1 -5.344899810000128149 -10.58264109500009909 22.4570329218379392 0 -12 0 F 0 F 0.03259085249999319617 #
coedge $-1 -1 $-1 $4510 $3183 $4505 $4520 reversed $3860 $-1 #
DXID-attrib $-1 -1 $-1 $-1 $3184 @10 Revit:Edge @8 Edge:102 #
vertex $-1 -1 $-1 $3869 $4521 #
straight-curve $-1 -1 $-1 16.20851730999981299 -10.97373132500001702 22.4570329218379392 0 12 0 F 0 F 0.03259085249999319617 #
point $-1 -1 $-1 16.20851730999981299 -10.58264109500009909 22.4570329218379392 #
point $-1 -1 $-1 -5.344899810000128149 -10.58264109500009909 22.4570329218379392 #
DXID-attrib $-1 -1 $-1 $-1 $3190 @10 Revit:Face @6 Face:1 #
loop $-1 -1 $-1 $-1 $4522 $3190 #
plane-surface $-1 -1 $-1 -40.49956604000010429 10.97373132500001702 21.32666173933785814 -0 -0 -1 12 0 0 forward_v I I I I #
coedge $-1 -1 $-1 $4523 $3193 $3195 $3885 reversed $2478 $-1 #
coedge $-1 -1 $-1 $3193 $4523 $3204 $3898 forward $2478 $-1 #
coedge $-1 -1 $-1 $3195 $3194 $4524 $4525 reversed $1789 $-1 #
edge $4526 -1 $-1 $4527 -0.09419759854167344959 $3202 0 $3195 $4528 forward @7 unknown #
coedge $-1 -1 $-1 $4522 $4524 $3196 $3887 forward $3880 $-1 #
edge $4529 -1 $-1 $3893 0 $3890 1.911996680000017657 $3886 $4530 forward @7 unknown #
coedge $-1 -1 $-1 $3197 $3204 $4522 $4531 reversed $3191 $-1 #
DXID-attrib $-1 -1 $-1 $-1 $3198 @10 Revit:Edge @7 Edge:89 #
vertex $-1 -1 $-1 $4531 $4532 #
straight-curve $-1 -1 $-1 40.49956604000011851 -10.62609556500001418 22.4570329218379392 0 0 -12 F 0 F 0.09419759854167344959 #
DXID-attrib $-1 -1 $-1 $-1 $3199 @10 Revit:Edge @7 Edge:80 #
vertex $-1 -1 $-1 $4525 $4533 #
straight-curve $-1 -1 $-1 17.55560587999990929 -10.62609556500001418 22.4570329218379392 0 0 12 F -0.09419759854167344959 F 0 #
DXID-attrib $-1 -1 $-1 $-1 $3200 @10 Revit:Edge @7 Edge:82 #
straight-curve $-1 -1 $-1 17.55560587999990929 -10.97373132500001702 22.4570329218379392 12 0 0 F 0 F 1.911996680000017657 #
point $-1 -1 $-1 17.55560587999990929 -10.97373132500001702 22.4570329218379392 #
edge $4534 -1 $-1 $4535 -0.09419759854167344959 $3206 0 $3883 $4536 forward @7 unknown #
point $-1 -1 $-1 40.49956604000011851 -10.97373132500001702 22.4570329218379392 #
coedge $-1 -1 $-1 $4537 $3217 $3219 $3909 forward $3211 $-1 #
coedge $-1 -1 $-1 $3214 $3213 $4537 $4538 reversed $1797 $-1 #
coedge $-1 -1 $-1 $3217 $4537 $3215 $3903 forward $3211 $-1 #
edge $4539 -1 $-1 $3905 0 $3224 0.02896964666667638244 $3902 $4540 forward @7 unknown #
DXID-attrib $-1 -1 $-1 $-1 $3216 @10 Revit:Edge @7 Edge:68 #
vertex $-1 -1 $-1 $4538 $4541 #
straight-curve $-1 -1 $-1 40.49956604000011851 10.97373132500001702 22.4570329218379392 0 0 12 F -0.09419759854167344959 F 0 #
DXID-attrib $-1 -1 $-1 $-1 $3218 @10 Revit:Edge @7 Edge:60 #
straight-curve $-1 -1 $-1 40.49956604000011851 10.62609556499990049 21.32666173933785814 -12 0 0 F 0 F 1.911996680000017657 #
edge $4542 -1 $-1 $3221 0 $3913 0.02896964666667638244 $3900 $4543 forward @7 unknown #
point $-1 -1 $-1 17.55560587999990929 10.62609556499990049 21.32666173933785814 #
point $-1 -1 $-1 40.49956604000011851 10.62609556499990049 21.32666173933785814 #
DXID-attrib $-1 -1 $-1 $-1 $3229 @10 Revit:Edge @7 Edge:72 #
vertex $-1 -1 $-1 $3909 $4544 #
straight-curve $-1 -1 $-1 17.55560587999990929 10.97373132500001702 22.4570329218379392 0 0 12 F -0.09419759854167344959 F 0 #
coedge $-1 -1 $-1 $3233 $3231 $3232 $3916 forward $2513 $-1 #
edge $4545 -1 $-1 $3244 0 $3236 1.796118093333328503 $3915 $4546 forward @7 unknown #
DXID-attrib $-1 -1 $-1 $-1 $3234 @10 Revit:Edge @7 Edge:47 #
straight-curve $-1 -1 $-1 -5.344899810000128149 10.5826410949999854 21.32666173933785814 0 12 0 F 0 F 0.03259085250000264 #
point $-1 -1 $-1 -5.344899810000128149 10.5826410949999854 21.32666173933785814 #
DXID-attrib $-1 -1 $-1 $-1 $3240 @10 Revit:Edge @7 Edge:55 #
straight-curve $-1 -1 $-1 16.20851730999981299 10.97373132500001702 21.32666173933785814 0 -12 0 F 0 F 0.03259085250000264 #
point $-1 -1 $-1 16.20851730999981299 10.5826410949999854 21.32666173933785814 #
DXID-attrib $-1 -1 $-1 $-1 $3247 @10 Revit:Edge @7 Edge:35 #
straight-curve $-1 -1 $-1 -27.50667951000003342 10.97373132500001702 21.32666173933785814 12 0 0 F 0 F 1.73093638833334329 #
DXID-attrib $-1 -1 $-1 $-1 $3255 @10 Revit:Edge @7 Edge:15 #
straight-curve $-1 -1 $-1 -40.10847580999996609 10.5826410949999854 21.32666173933785814 0 -12 0 F 0 F 0.2172723500000018348 #
lump $-1 -1 $-1 $4547 $4548 $6 #
shell $-1 -1 $-1 $-1 $-1 $4549 $-1 $3262 #
face $4550 -1 $-1 $4551 $4552 $3263 $-1 $4553 forward single #
DXID-attrib $-1 -1 $-1 $-1 $3264 @10 Revit:Face @6 Face:0 #
face $4554 -1 $-1 $4555 $4556 $2568 $-1 $4557 forward single #
loop $-1 -1 $-1 $-1 $4558 $3264 #
plane-surface $-1 -1 $-1 -35.89339222000001683 10.5826410949999854 22.10596108082838285 0 0 1 0 -12 0 forward_v I I I I #
DXID-attrib $-1 -1 $-1 $-1 $3266 @10 Revit:Face @8 Face:130 #
face $4559 -1 $-1 $4560 $4561 $1881 $-1 $4562 forward single #
loop $-1 -1 $-1 $-1 $4563 $3266 #
plane-surface $-1 -1 $-1 30.93958263999990876 10.62609556499990049 22.10596108082838285 0 1 0 0 0 -12 forward_v I I I I #
coedge $-1 -1 $-1 $4564 $4565 $4563 $4566 forward $3267 $-1 #
DXID-attrib $-1 -1 $-1 $-1 $3270 @10 Revit:Face @8 Face:117 #
face $4567 -1 $-1 $4568 $4569 $1280 $-1 $4570 forward single #
loop $-1 -1 $-1 $-1 $4571 $3270 #
plane-surface $-1 -1 $-1 19.6848749099996283 10.62609556499990049 22.10596108082838285 -1 -0 -0 0 0 -12 forward_v I I I I #
coedge $-1 -1 $-1 $4572 $4573 $3273 $3946 reversed $3271 $-1 #
coedge $-1 -1 $-1 $4574 $3273 $4571 $4575 forward $2572 $-1 #
coedge $-1 -1 $-1 $3273 $4574 $4576 $4577 forward $2572 $-1 #
edge $4578 -1 $-1 $4579 0 $4580 0.05431808750002720815 $3273 $4581 forward @7 unknown #
DXID-attrib $-1 -1 $-1 $-1 $3275 @10 Revit:Face @8 Face:105 #
face $4582 -1 $-1 $4583 $4584 $814 $-1 $4585 forward single #
loop $-1 -1 $-1 $-1 $4586 $3275 #
plane-surface $-1 -1 $-1 13.2101588800000016 9.929346395000038683 22.10596108082838285 0 -1 0 0 0 -12 forward_v I I I I #
coedge $-1 -1 $-1 $4587 $4588 $3279 $3955 reversed $3276 $-1 #
coedge $-1 -1 $-1 $4589 $3278 $4590 $4591 forward $2576 $-1 #
coedge $-1 -1 $-1 $3278 $4589 $4587 $4592 forward $2576 $-1 #
coedge $-1 -1 $-1 $3280 $3279 $4586 $4593 forward $1885 $-1 #
edge $4594 -1 $-1 $3960 0 $4595 0.05444122499999553416 $3279 $4596 forward @7 unknown #
coedge $-1 -1 $-1 $4597 $4590 $3280 $3957 reversed $4584 $-1 #
edge $4598 -1 $-1 $4599 0 $3959 0.05444122499999553416 $3280 $4600 forward @7 unknown #
DXID-attrib $-1 -1 $-1 $-1 $3281 @10 Revit:Edge @7 Edge:99 #
vertex $-1 -1 $-1 $3281 $4601 #
vertex $-1 -1 $-1 $3281 $4602 #
straight-curve $-1 -1 $-1 13.81852145999994264 10.5826410949999854 22.10596108082838285 -12 0 0 F 0 F 0.05069688166666178747 #
DXID-attrib $-1 -1 $-1 $-1 $3283 @10 Revit:Face @7 Face:93 #
face $4603 -1 $-1 $-1 $4604 $491 $-1 $4605 forward single #
loop $-1 -1 $-1 $-1 $3291 $3283 #
plane-surface $-1 -1 $-1 8.299803770000046654 10.5826410949999854 22.10596108082838285 0 1 0 0 0 -12 forward_v I I I I #
coedge $-1 -1 $-1 $4606 $4607 $3289 $3973 reversed $3284 $-1 #
coedge $-1 -1 $-1 $4608 $3286 $3288 $3972 reversed $2581 $-1 #
coedge $-1 -1 $-1 $3286 $4608 $4606 $4609 forward $2581 $-1 #
coedge $-1 -1 $-1 $3288 $3287 $4610 $4611 reversed $1889 $-1 #
coedge $-1 -1 $-1 $3291 $4612 $3287 $3971 reversed $3964 $-1 #
edge $4613 -1 $-1 $3294 -2.331176954593504514e-16 $4614 0.04361902086167396969 $3287 $4615 forward @7 unknown #
edge $4616 -1 $-1 $4617 -0.04361902086167396969 $3295 2.331176954593504514e-16 $3288 $4618 forward @7 unknown #
edge $4619 -1 $-1 $3975 0 $3979 0.05444122499999553416 $3289 $4620 forward @7 unknown #
DXID-attrib $-1 -1 $-1 $-1 $3290 @10 Revit:Edge @7 Edge:86 #
vertex $-1 -1 $-1 $3290 $4621 #
straight-curve $-1 -1 $-1 7.778350129999701323 9.929346395000038683 22.10596108082838285 12 0 0 F 0 F 0.04345447000002873594 #
coedge $-1 -1 $-1 $4612 $3291 $4607 $4622 reversed $3964 $-1 #
DXID-attrib $-1 -1 $-1 $-1 $3292 @10 Revit:Edge @7 Edge:94 #
vertex $-1 -1 $-1 $3973 $4623 #
straight-curve $-1 -1 $-1 8.299803770000046654 10.5826410949999854 22.10596108082838285 -12 0 0 F 0 F 0.04345447000002873594 #
point $-1 -1 $-1 7.778350129999701323 10.5826410949999854 22.1059610808283864 #
point $-1 -1 $-1 7.778350129999701323 9.929346395000038683 22.1059610808283864 #
DXID-attrib $-1 -1 $-1 $-1 $3298 @10 Revit:Face @6 Face:1 #
loop $-1 -1 $-1 $-1 $4624 $3298 #
plane-surface $-1 -1 $-1 -35.89339222000001683 10.5826410949999854 21.58253283048829729 0 0 -1 0 12 0 forward_v I I I I #
coedge $-1 -1 $-1 $4625 $3301 $3303 $3989 reversed $2589 $-1 #
coedge $-1 -1 $-1 $3301 $4625 $3312 $4002 forward $2589 $-1 #
coedge $-1 -1 $-1 $3303 $3302 $4626 $4627 reversed $1894 $-1 #
edge $4628 -1 $-1 $4629 -0.04361902086167396969 $3310 2.331176954593504514e-16 $3303 $4630 forward @7 unknown #
coedge $-1 -1 $-1 $4624 $4626 $3304 $3991 forward $3984 $-1 #
edge $4631 -1 $-1 $3997 0 $3994 0.04689233083186028495 $3990 $4632 forward @7 unknown #
coedge $-1 -1 $-1 $3305 $3312 $4624 $4633 reversed $3299 $-1 #
DXID-attrib $-1 -1 $-1 $-1 $3306 @10 Revit:Edge @7 Edge:81 #
vertex $-1 -1 $-1 $4633 $4634 #
straight-curve $-1 -1 $-1 -4.086920320017575214 10.5826410949999854 22.10596108082838285 0 0 -12 F -2.331176954593504514e-16 F 0.04361902086167396969 #
DXID-attrib $-1 -1 $-1 $-1 $3307 @10 Revit:Edge @7 Edge:72 #
vertex $-1 -1 $-1 $4627 $4635 #
straight-curve $-1 -1 $-1 -4.649628289999898634 10.5826410949999854 22.10596108082838285 0 0 12 F -0.04361902086167396969 F 2.331176954593504514e-16 #
DXID-attrib $-1 -1 $-1 $-1 $3308 @10 Revit:Edge @7 Edge:74 #
straight-curve $-1 -1 $-1 -4.649628289999898634 9.929346395000038683 22.10596108082838285 12 0 0 F 0 F 0.04689233083186028495 #
point $-1 -1 $-1 -4.649628289999898634 9.929346395000038683 22.1059610808283864 #
edge $4636 -1 $-1 $4637 -0.04361902086167396969 $3314 2.331176954593504514e-16 $3987 $4638 forward @7 unknown #
point $-1 -1 $-1 -4.086920320017575214 9.929346395000038683 22.1059610808283864 #
coedge $-1 -1 $-1 $4639 $3325 $3327 $4013 forward $3319 $-1 #
coedge $-1 -1 $-1 $3322 $3321 $4639 $4640 reversed $1902 $-1 #
coedge $-1 -1 $-1 $3325 $4639 $3323 $4007 forward $3319 $-1 #
edge $4641 -1 $-1 $4009 0 $3332 0.05069688166668125107 $4006 $4642 forward @7 unknown #
DXID-attrib $-1 -1 $-1 $-1 $3324 @10 Revit:Edge @7 Edge:60 #
vertex $-1 -1 $-1 $4640 $4643 #
straight-curve $-1 -1 $-1 -8.212894830000205815 9.929346395000038683 22.10596108082838285 0 0 12 F -0.04361902086167396969 F 2.331176954593504514e-16 #
DXID-attrib $-1 -1 $-1 $-1 $3326 @10 Revit:Edge @7 Edge:52 #
straight-curve $-1 -1 $-1 -8.821257410000381327 9.929346395000038683 21.58253283048829729 0 12 0 F 0 F 0.05806243083332179172 #
edge $4644 -1 $-1 $3329 0 $4017 0.05069688166668125107 $4004 $4645 forward @7 unknown #
point $-1 -1 $-1 -8.821257410000381327 10.62609556499990049 21.58253283048829729 #
point $-1 -1 $-1 -8.821257410000381327 9.929346395000038683 21.58253283048829729 #
DXID-attrib $-1 -1 $-1 $-1 $3337 @10 Revit:Edge @7 Edge:64 #
vertex $-1 -1 $-1 $4013 $4646 #
straight-curve $-1 -1 $-1 -8.212894830000205815 10.62609556499990049 22.10596108082838285 0 0 12 F -0.04361902086167396969 F 2.331176954593504514e-16 #
coedge $-1 -1 $-1 $3341 $3339 $3340 $4020 forward $2624 $-1 #
edge $4647 -1 $-1 $3352 0 $3344 0.05069688166668113311 $4019 $4648 forward @7 unknown #
DXID-attrib $-1 -1 $-1 $-1 $3342 @10 Revit:Edge @7 Edge:39 #
straight-curve $-1 -1 $-1 -25.20359260000020285 9.929346395000038683 21.58253283048829729 0 12 0 F 0 F 0.05806243083332179172 #
point $-1 -1 $-1 -25.20359260000020285 9.929346395000038683 21.58253283048829729 #
DXID-attrib $-1 -1 $-1 $-1 $3348 @10 Revit:Edge @7 Edge:47 #
straight-curve $-1 -1 $-1 -24.59523002000003089 10.62609556499990049 21.58253283048829729 0 -12 0 F 0 F 0.05806243083332179172 #
point $-1 -1 $-1 -24.59523002000003089 9.929346395000038683 21.58253283048829729 #
DXID-attrib $-1 -1 $-1 $-1 $3355 @10 Revit:Edge @7 Edge:27 #
straight-curve $-1 -1 $-1 -31.37412733999974535 10.58264109499997474 21.58253283048829729 0 -12 0 F 0 F 0.05444122499999565212 #
DXID-attrib $-1 -1 $-1 $-1 $3365 @10 Revit:Face @8 Face:129 #
face $4649 -1 $-1 $4650 $4651 $107 $-1 $4652 forward single #
loop $-1 -1 $-1 $-1 $4653 $3365 #
plane-surface $-1 -1 $-1 40.36091705416669129 9.885206811666648719 21.03852790850450205 0.7071067811865475727 -1.138488921813987509e-15 -0.7071067811865475727 0 -12 1.932079768609035795e-14 forward_v I I I I #
coedge $-1 -1 $-1 $4654 $4655 $3385 $4050 reversed $3366 $-1 #
coedge $-1 -1 $-1 $4656 $3368 $3370 $4037 reversed $2669 $-1 #
coedge $-1 -1 $-1 $3368 $4656 $4654 $4657 forward $2669 $-1 #
coedge $-1 -1 $-1 $3370 $3369 $4658 $4659 reversed $1974 $-1 #
edge $4660 -1 $-1 $4661 -1.654922515555550033 $3388 -3.753349859181446362e-31 $3370 $4662 forward @7 unknown #
coedge $-1 -1 $-1 $3373 $4658 $3371 $4039 forward $3379 $-1 #
edge $4663 -1 $-1 $4041 -1.228124862890597218e-15 $3376 0.1837103647906827564 $4038 $4664 forward @7 unknown #
DXID-attrib $-1 -1 $-1 $-1 $3372 @10 Revit:Edge @8 Edge:120 #
vertex $-1 -1 $-1 $4659 $4665 #
straight-curve $-1 -1 $-1 16.24633182750076443 9.885206811666650495 21.193676894338072 -4.830199421522589487e-15 12 -1.610066473840863162e-15 F -1.654922515555550033 F 1.251116619727148714e-31 #
DXID-attrib $-1 -1 $-1 $-1 $3374 @10 Revit:Edge @8 Edge:111 #
ellipse-curve $-1 -1 $-1 14.16520264151755271 -9.973863374999949016 20.46978769089431793 0 -1 0 0.3588184629282586968 0 0 1 F 1.827081928538967892 F 3.038850834384276389 #
point $-1 -1 $-1 14.07424602583374629 -9.973863374999949016 20.81688650017136766 #
coedge $-1 -1 $-1 $4666 $3378 $3400 $4068 forward $3379 $-1 #
DXID-attrib $-1 -1 $-1 $-1 $3382 @10 Revit:Edge @8 Edge:187 #
straight-curve $-1 -1 $-1 13.80827633583333736 -9.973863374999949016 20.3957678243379199 11.9281856808317599 -4.03432886092278388e-15 -1.310872367395147675 F 0 F 0.330232778605325461 #
coedge $-1 -1 $-1 $4667 $3385 $4653 $4668 forward $314 $-1 #
edge $4669 -1 $-1 $4052 -0 $4670 0.09973863375001383591 $3385 $4671 forward @7 unknown #
DXID-attrib $-1 -1 $-1 $-1 $3386 @10 Revit:Edge @8 Edge:122 #
vertex $-1 -1 $-1 $3386 $4672 #
straight-curve $-1 -1 $-1 16.35661693305853959 9.885206811666650495 22.23539151350459164 12 0 3.862884006151661266e-14 F 7.504221811173822492e-31 F 2.000358343425679308 #
point $-1 -1 $-1 16.35661693305853959 9.885206811666650495 22.2353915135045952 #
coedge $-1 -1 $-1 $3391 $4673 $4674 $4675 forward $314 $-1 #
coedge $-1 -1 $-1 $4676 $4677 $3391 $4057 reversed $4678 $-1 #
edge $4679 -1 $-1 $4680 0 $4062 0.007388046944466139521 $3391 $4681 forward @7 unknown #
coedge $-1 -1 $-1 $4682 $3392 $4677 $4683 reversed $4060 $-1 #
coedge $-1 -1 $-1 $3392 $4682 $3394 $4065 forward $4060 $-1 #
loop $-1 -1 $-1 $-1 $3392 $4684 #
DXID-attrib $-1 -1 $-1 $-1 $3393 @10 Revit:Edge @8 Edge:174 #
vertex $-1 -1 $-1 $4057 $4685 #
straight-curve $-1 -1 $-1 19.48229638916671647 9.885206811666650495 21.23800517600451698 -2.815686397244478112 -2.318896301308175048e-14 -11.66498650287999261 F -2.813084245981404668e-16 F 0.05745266094040545057 #
coedge $-1 -1 $-1 $3395 $3394 $4666 $4686 reversed $3396 $-1 #
edge $4687 -1 $-1 $4688 -1.654922515555550033 $3398 0 $4059 $4689 forward @7 unknown #
face $4690 -1 $-1 $3402 $3396 $107 $-1 $4691 forward single #
point $-1 -1 $-1 19.32052771327131424 9.885206811666648719 20.56782066158014999 #
edge $4692 -1 $-1 $3405 4.576861266398604577 $4070 4.94206271618734938 $4046 $4693 forward @7 unknown #
DXID-attrib $-1 -1 $-1 $-1 $3401 @10 Revit:Edge @8 Edge:184 #
vertex $-1 -1 $-1 $4068 $4694 #
straight-curve $-1 -1 $-1 17.99729895333329921 9.885206811666646942 19.97464914850463202 -4.830199421522589487e-15 12 -1.610066473840863162e-15 F -1.654922515555550033 F 1.165588477296755215e-16 #
DXID-attrib $-1 -1 $-1 $-1 $3402 @10 Revit:Face @8 Face:181 #
cone-surface $-1 -1 $-1 17.8404450335897522 -9.929535093333381468 20.64554064219040441 0 1 0 0.6889837069473009334 0 0 1 I I 0 1 0.6889837069473009334 forward I I I I #
point $-1 -1 $-1 17.74735423693466529 -9.973863374999950793 19.96287480005608117 #
DXID-attrib $-1 -1 $-1 $-1 $3408 @10 Revit:Face @6 Face:1 #
plane-surface $-1 -1 $-1 -28.01545741666662792 -9.973863374999949016 21.50397486600457242 0 -1 1.618667433348004174e-15 -0.9174825326213206234 1.936715296792305882e-14 11.9648746672221673 forward_v I I I I #
DXID-attrib $-1 -1 $-1 $-1 $3411 @10 Revit:Face @7 Face:69 #
face $4695 -1 $-1 $4696 $4697 $64 $-1 $4698 forward single #
loop $-1 -1 $-1 $-1 $4699 $3411 #
cone-surface $-1 -1 $-1 -5.081559536999620263 -9.929535093333381468 21.77144325254972657 0 -1 0 0.5303279830832353658 0 0 1 I I 0 1 0.5303279830832353658 forward I I I I #
coedge $-1 -1 $-1 $4700 $4701 $3430 $4096 reversed $3412 $-1 #
coedge $-1 -1 $-1 $4702 $3414 $3416 $4085 reversed $2705 $-1 #
coedge $-1 -1 $-1 $3414 $4702 $4700 $4703 forward $2705 $-1 #
coedge $-1 -1 $-1 $3416 $3415 $4704 $4705 reversed $2000 $-1 #
edge $4706 -1 $-1 $4707 -1.654922515555550033 $3433 1.165588477296752011e-16 $3416 $4708 forward @7 unknown #
coedge $-1 -1 $-1 $3419 $4704 $3417 $4087 forward $2718 $-1 #
edge $4709 -1 $-1 $4089 2.315209801238155492e-16 $3422 0.03161574828351190747 $4086 $4710 forward @7 unknown #
DXID-attrib $-1 -1 $-1 $-1 $3418 @10 Revit:Edge @7 Edge:60 #
vertex $-1 -1 $-1 $4705 $4711 #
straight-curve $-1 -1 $-1 -6.671389794166620923 9.885206811666650495 22.30188393600460017 0 12 -1.932079768609035795e-14 F -1.654922515555550033 F 3.753349859181446362e-31 #
DXID-attrib $-1 -1 $-1 $-1 $3420 @10 Revit:Edge @7 Edge:51 #
straight-curve $-1 -1 $-1 -6.715718075833213341 -9.973863374999949016 22.67867433017131518 -12 0 -3.82860817558760738e-14 F -7.437635955915093647e-31 F 1.739885055416664716 #
point $-1 -1 $-1 -6.715718075833213341 -9.973863374999949016 22.67867433017131873 #
coedge $-1 -1 $-1 $4712 $3427 $3445 $4114 forward $2718 $-1 #
coedge $-1 -1 $-1 $4713 $3430 $4699 $4714 forward $190 $-1 #
edge $4715 -1 $-1 $4098 2.331176954593504514e-16 $4716 0.03324621124999505711 $3430 $4717 forward @7 unknown #
DXID-attrib $-1 -1 $-1 $-1 $3431 @10 Revit:Edge @7 Edge:62 #
vertex $-1 -1 $-1 $3431 $4718 #
ellipse-curve $-1 -1 $-1 -5.840234512916570253 9.885206811666650495 22.06916045725458986 0 1 0 0.2350862142363780993 0 0 1 F 4.854286034988266607 F 6.141288252575933804 #
point $-1 -1 $-1 -5.806988301666705432 9.885206811666650495 22.30188393600461083 #
coedge $-1 -1 $-1 $3436 $4713 $4719 $4720 forward $190 $-1 #
coedge $-1 -1 $-1 $4721 $4722 $3436 $4103 reversed $4723 $-1 #
edge $4724 -1 $-1 $4725 -1.986602671402275683e-16 $4108 0.09157155608863000451 $3436 $4726 forward @7 unknown #
coedge $-1 -1 $-1 $4727 $3437 $4722 $4728 reversed $4106 $-1 #
coedge $-1 -1 $-1 $3437 $4727 $3439 $4111 forward $4106 $-1 #
loop $-1 -1 $-1 $-1 $3437 $4729 #
DXID-attrib $-1 -1 $-1 $-1 $3438 @10 Revit:Edge @7 Edge:86 #
vertex $-1 -1 $-1 $4103 $4730 #
straight-curve $-1 -1 $-1 -4.876094386666744107 9.885206811666645166 18.77778554350475204 -9.599999999993096722 -4.808731868537326929e-14 -7.200000000009201706 F -0 F 0.02770517604167023473 #
coedge $-1 -1 $-1 $3440 $3439 $4712 $4731 reversed $3441 $-1 #
edge $4732 -1 $-1 $4733 -1.654922515555549811 $3443 2.873658485935794666e-31 $4105 $4734 forward @7 unknown #
face $4735 -1 $-1 $3447 $3441 $64 $-1 $4736 forward single #
point $-1 -1 $-1 -5.142064076666592598 9.885206811666645166 18.57830827600447776 #
edge $4737 -1 $-1 $3451 2.574354286464897536e-17 $4116 0.1338032210010783041 $4094 $4738 forward @7 unknown #
DXID-attrib $-1 -1 $-1 $-1 $3446 @10 Revit:Edge @7 Edge:96 #
vertex $-1 -1 $-1 $4114 $4739 #
straight-curve $-1 -1 $-1 -6.095122132500921275 9.885206811666645166 18.37883100850466178 0 12 -1.932079768609035795e-14 F -1.654922515555549811 F -7.506699718362892725e-31 #
DXID-attrib $-1 -1 $-1 $-1 $3447 @10 Revit:Face @7 Face:93 #
plane-surface $-1 -1 $-1 -6.095122132500921275 9.885206811666645166 18.37883100850466178 -0.1104315260749392652 -1.600218880093725355e-15 -0.9938837346736086875 0 -12 1.932079768609035795e-14 forward_v I I I I #
DXID-attrib $-1 -1 $-1 $-1 $3449 @10 Revit:Edge @7 Edge:99 #
straight-curve $-1 -1 $-1 -7.934745821666555621 -9.973863374999954345 18.57830827600458434 11.95071847761308881 0 -1.086428952503144751 F 0 F 0.02040091142832967802 #
point $-1 -1 $-1 -7.690940272499868335 -9.973863374999952569 18.55614413517139383 #
coedge $-1 -1 $-1 $3461 $3460 $4740 $4741 reversed $2036 $-1 #
coedge $-1 -1 $-1 $3464 $4740 $3462 $4125 forward $2049 $-1 #
edge $4742 -1 $-1 $4127 3.641542577110671086 $3467 4.355053986434008095 $4124 $4743 forward @7 unknown #
DXID-attrib $-1 -1 $-1 $-1 $3463 @10 Revit:Edge @7 Edge:24 #
vertex $-1 -1 $-1 $4741 $4744 #
straight-curve $-1 -1 $-1 -39.69595963583318365 9.885206811666650495 21.28233345767132789 0 12 -1.932079768609035795e-14 F -1.654922515555550033 F 3.753349859181446362e-31 #
DXID-attrib $-1 -1 $-1 $-1 $3465 @10 Revit:Edge @7 Edge:15 #
straight-curve $-1 -1 $-1 -39.36349752333322272 -9.973863374999949016 20.99419962683794694 11.93350376957890013 -2.049464995717541041e-15 -1.261541827069617261 F 4.881591265409547668e-16 F 0.6500562987579818763 #
point $-1 -1 $-1 -39.36349752333322272 -9.973863374999949016 20.99419962683794694 #
coedge $-1 -1 $-1 $4740 $3472 $3476 $4133 forward $2049 $-1 #
edge $4745 -1 $-1 $3481 -1.648391032738797427e-16 $4135 0.01044827618829268119 $4132 $4746 forward @7 unknown #
DXID-attrib $-1 -1 $-1 $-1 $3477 @10 Revit:Edge @7 Edge:28 #
vertex $-1 -1 $-1 $4133 $4747 #
straight-curve $-1 -1 $-1 -39.69595963583318365 9.885206811666650495 22.56785362600460942 0 12 -1.932079768609035795e-14 F -1.654922515555550033 F 0 #
DXID-attrib $-1 -1 $-1 $-1 $3479 @10 Revit:Edge @7 Edge:31 #
straight-curve $-1 -1 $-1 -28.95585024916667294 -9.973863374999949016 22.65651018933810334 -12 0 -4.202637245393022507e-14 F 0 F 0.887621068611090247 #
point $-1 -1 $-1 -39.60730307249975368 -9.973863374999949016 22.65651018933806071 #
DXID-attrib $-1 -1 $-1 $-1 $3487 @10 Revit:Face @7 Face:29 #
face $4748 -1 $-1 $4749 $4750 $46 $-1 $4751 forward single #
loop $-1 -1 $-1 $-1 $4168 $3487 #
plane-surface $-1 -1 $-1 -13.46555118110243399 -9.95169923416663238 17.97987647350474205 -1.582420323009555754e-15 -1 0 12 -1.898904387611466904e-14 0 forward_v I I I I #
coedge $-1 -1 $-1 $4752 $3490 $4753 $4754 forward $199 $-1 #
coedge $-1 -1 $-1 $4755 $4756 $3490 $4146 reversed $4757 $-1 #
edge $4758 -1 $-1 $4151 2.331176954593504514e-16 $4759 0.02216414083334876384 $3490 $4760 forward @7 unknown #
coedge $-1 -1 $-1 $3526 $3491 $3494 $4153 forward $4149 $-1 #
coedge $-1 -1 $-1 $3491 $3526 $4755 $4761 reversed $4149 $-1 #
loop $-1 -1 $-1 $-1 $3526 $4762 #
DXID-attrib $-1 -1 $-1 $-1 $3492 @10 Revit:Edge @7 Edge:43 #
vertex $-1 -1 $-1 $3492 $4763 #
straight-curve $-1 -1 $-1 13.47581422333355228 9.863042670833330305 18.55614413517160699 -1.942921967086071889e-14 -12 -3.885843934172143779e-14 F 7.548824857074217992e-31 F 1.645687456875000398 #
edge $4764 -1 $-1 $3497 -2.245113783702996191 $3529 -1.844450894740142872e-31 $4147 $4765 forward @7 unknown #
face $4766 -1 $-1 $3500 $3495 $46 $-1 $4767 forward single #
point $-1 -1 $-1 13.47581422333355228 9.863042670833330305 18.55614413517160344 #
DXID-attrib $-1 -1 $-1 $-1 $3499 @10 Revit:Edge @7 Edge:52 #
straight-curve $-1 -1 $-1 -13.46555118110240024 9.863042670833372938 18.29017444517135971 -12 1.898904387611466904e-14 0 F -2.245113783702996191 F 0 #
DXID-attrib $-1 -1 $-1 $-1 $3500 @10 Revit:Face @7 Face:49 #
plane-surface $-1 -1 $-1 -13.46555118110240024 9.863042670833372938 18.29017444517135971 0 0 1 12 -1.898904387611466904e-14 0 forward_v I I I I #
coedge $-1 -1 $-1 $3506 $4752 $4768 $4769 forward $199 $-1 #
coedge $-1 -1 $-1 $3517 $3516 $3506 $4162 reversed $2793 $-1 #
edge $4770 -1 $-1 $4771 0 $4164 0.155148985833325731 $3506 $4772 forward @7 unknown #
DXID-attrib $-1 -1 $-1 $-1 $3508 @10 Revit:Edge @7 Edge:19 #
vertex $-1 -1 $-1 $4162 $4773 #
straight-curve $-1 -1 $-1 13.4758142233335203 -9.918453022916670747 16.11808864350483006 1.393835324213956431e-14 12 0 F 0 F 0.1911657146874951863 #
point $-1 -1 $-1 13.4758142233335203 -7.624464446666729067 16.11808864350483361 #
coedge $-1 -1 $-1 $3525 $3513 $4774 $4775 forward $115 $-1 #
coedge $-1 -1 $-1 $4776 $4777 $3513 $4169 reversed $4142 $-1 #
edge $4778 -1 $-1 $4173 0 $4779 0.02585816430555129553 $3513 $4780 forward @7 unknown #
coedge $-1 -1 $-1 $4768 $3514 $3517 $4175 reversed $3488 $-1 #
coedge $-1 -1 $-1 $3514 $4768 $4776 $4781 forward $3488 $-1 #
DXID-attrib $-1 -1 $-1 $-1 $3515 @10 Revit:Edge @7 Edge:26 #
vertex $-1 -1 $-1 $3515 $4782 #
straight-curve $-1 -1 $-1 -13.46555118110243399 -9.918453022916629891 17.97987647350474205 0 -12 0 F 0 F 0.002770517604166934482 #
edge $4783 -1 $-1 $4771 -2.245113783702996635 $3519 0 $3517 $4784 forward @7 unknown #
point $-1 -1 $-1 -13.46555118110243399 -9.918453022916629891 17.97987647350474205 #
DXID-attrib $-1 -1 $-1 $-1 $3521 @10 Revit:Edge @7 Edge:24 #
straight-curve $-1 -1 $-1 -13.46555118110243399 -9.918453022916629891 16.11808864350483006 -12 1.898904387611466904e-14 0 F -2.245113783702996635 F 0 #
coedge $-1 -1 $-1 $4756 $4755 $3525 $4180 reversed $4757 $-1 #
edge $4785 -1 $-1 $4786 -2.331176954593504514e-16 $4182 0.02216414083334829893 $3525 $4787 forward @7 unknown #
DXID-attrib $-1 -1 $-1 $-1 $3527 @10 Revit:Edge @7 Edge:42 #
vertex $-1 -1 $-1 $4180 $4788 #
straight-curve $-1 -1 $-1 -13.46555118110243399 -9.885206811666630955 18.55614413517154304 1.942921967086071889e-14 12 3.885843934172143779e-14 F -7.548824857074217992e-31 F 1.645687456875000398 #
point $-1 -1 $-1 -13.46555118110240024 9.863042670833371162 18.55614413517160344 #
DXID-attrib $-1 -1 $-1 $3536 $2854 @10 Revit:Face @7 Face:47 #
rgb_color-st-attrib $-1 -1 $4789 $-1 $3537 0 0 0 #
face $4790 -1 $-1 $4791 $4792 $121 $-1 $4793 reversed single #
loop $-1 -1 $-1 $-1 $4794 $3537 #
plane-surface $-1 -1 $-1 16.38233518999970784 -5.51343268689172028 27.86388309622504877 -3.406547971165866285e-15 -1 -0 0 0 -12 forward_v I I I I #
coedge $-1 -1 $-1 $4210 $4195 $4191 $4795 reversed $3538 $-1 #
coedge $-1 -1 $-1 $3543 $3540 $4190 $4795 forward $2855 $-1 #
coedge $-1 -1 $-1 $3546 $3558 $3541 $4193 reversed $4204 $-1 #
edge $4796 -1 $-1 $3549 0 $3561 0.1608921274476877716 $3541 $4797 forward @7 unknown #
coedge $-1 -1 $-1 $4798 $3542 $4799 $4800 forward $994 $-1 #
coedge $-1 -1 $-1 $4190 $4801 $3542 $4196 reversed $3538 $-1 #
edge $4802 -1 $-1 $4198 -0.3717025573423511364 $4803 1.748382715945128263e-16 $3542 $4804 forward @7 unknown #
DXID-attrib $-1 -1 $-1 $-1 $3544 @10 Revit:Edge @7 Edge:24 #
vertex $-1 -1 $-1 $4795 $4805 #
straight-curve $-1 -1 $-1 17.04424089750015625 -9.973863374999936582 22.74516675267125621 12 0 0 F 0 F 1.943056346388877254 #
coedge $-1 -1 $-1 $3545 $4798 $4806 $4807 forward $994 $-1 #
coedge $-1 -1 $-1 $4808 $4809 $3545 $4202 reversed $4810 $-1 #
edge $4811 -1 $-1 $4812 3.186818196998339894e-16 $4206 0.3392425546290849248 $3545 $4813 forward @7 unknown #
coedge $-1 -1 $-1 $3558 $3546 $4809 $4814 reversed $4204 $-1 #
loop $-1 -1 $-1 $-1 $4203 $4815 #
DXID-attrib $-1 -1 $-1 $-1 $3547 @10 Revit:Edge @8 Edge:136 #
vertex $-1 -1 $-1 $4202 $4816 #
straight-curve $-1 -1 $-1 17.16451564999977819 5.511083796621818465 22.74516675267123134 -12 6.646121161069518482e-14 0 F -3.227767601691976457e-31 F 0.01002289604163493497 #
point $-1 -1 $-1 17.04424089750015625 5.511083796621819353 22.74516675267123134 #
coedge $-1 -1 $-1 $3553 $4817 $4818 $4819 forward $2163 $-1 #
coedge $-1 -1 $-1 $4801 $4190 $3553 $4211 forward $3538 $-1 #
edge $4820 -1 $-1 $4213 -0.3717025573423511364 $4821 -5.827942386483761286e-17 $4210 $4822 forward @7 unknown #
DXID-attrib $-1 -1 $-1 $-1 $3554 @10 Revit:Edge @7 Edge:22 #
vertex $-1 -1 $-1 $3554 $4823 #
straight-curve $-1 -1 $-1 40.36091705416668418 -9.973863374999934805 24.67587228204351035 -12 0 0 F 0 F 1.943056346388877254 #
coedge $-1 -1 $-1 $4817 $3557 $4824 $4825 forward $2163 $-1 #
coedge $-1 -1 $-1 $4809 $4808 $3557 $4217 reversed $4810 $-1 #
edge $4826 -1 $-1 $4219 -2.601206306096923112e-16 $4827 0.3392425546290843141 $3557 $4828 forward @7 unknown #
DXID-attrib $-1 -1 $-1 $-1 $3559 @10 Revit:Edge @8 Edge:143 #
vertex $-1 -1 $-1 $3559 $4829 #
straight-curve $-1 -1 $-1 17.04424089750015625 5.511083796621819353 24.67587228204348193 12 -6.646121161069518482e-14 0 F 0 F 0.01002289604163493497 #
point $-1 -1 $-1 17.04424089750015625 5.511083796621819353 24.67587228204348193 #
DXID-attrib $-1 -1 $-1 $3564 $2879 @10 Revit:Face @7 Face:73 #
rgb_color-st-attrib $-1 -1 $4830 $-1 $3565 0 0 0 #
face $4831 -1 $-1 $-1 $3581 $69 $-1 $4832 forward single #
loop $-1 -1 $-1 $-1 $4240 $3565 #
plane-surface $-1 -1 $-1 16.26849596833327638 9.885206811666661153 24.67587228204347838 1 2.14804891273931529e-30 1.334136787293681129e-15 0 -12 1.93207976860903611e-14 forward_v I I I I #
coedge $-1 -1 $-1 $4246 $4232 $4234 $4833 reversed $3566 $-1 #
DXID-attrib $-1 -1 $-1 $-1 $3569 @10 Revit:Edge @8 Edge:103 #
straight-curve $-1 -1 $-1 12.86252311999999698 3.465787593783816511 22.67867433017122991 -0 -0 -12 F -0.1664331626560216493 F -2.331176954593504514e-16 #
DXID-attrib $-1 -1 $-1 $-1 $3571 @10 Revit:Edge @7 Edge:19 #
straight-curve $-1 -1 $-1 -27.63866702250000529 -9.973863374999934805 24.67587228204351035 3.201928289504834394e-14 -1.600964144752417197e-14 -12 F 0 F 0.1664331626560213995 #
coedge $-1 -1 $-1 $4227 $4834 $3572 $4233 reversed $3566 $-1 #
edge $4835 -1 $-1 $4236 -2.301582048283588598e-16 $4242 0.3302143338634127567 $3572 $4836 forward @7 unknown #
coedge $-1 -1 $-1 $3573 $3587 $4227 $4833 forward $2880 $-1 #
DXID-attrib $-1 -1 $-1 $-1 $3574 @10 Revit:Edge @8 Edge:127 #
vertex $-1 -1 $-1 $3574 $4837 #
straight-curve $-1 -1 $-1 12.86252311999999698 3.465787593783816511 22.67867433017122991 0 -12 1.857261457189444417e-14 F 3.608004256378986665e-31 F 0.5738632541554082866 #
point $-1 -1 $-1 12.86252311999999698 3.465787593783816511 22.67867433017122991 #
coedge $-1 -1 $-1 $3592 $3578 $4834 $4838 forward $4225 $-1 #
coedge $-1 -1 $-1 $3578 $3592 $3580 $4244 reversed $4225 $-1 #
DXID-attrib $-1 -1 $-1 $-1 $3579 @10 Revit:Edge @7 Edge:90 #
vertex $-1 -1 $-1 $3579 $4839 #
straight-curve $-1 -1 $-1 16.26849596833327638 -5.445744501036001495 22.67867433017124412 0 12 -2.118391146468331302e-14 F -0.3773432394969946646 F -5.827942386483761286e-17 #
edge $4840 -1 $-1 $3583 2.331176954593504514e-16 $3595 0.1664331626560216493 $3580 $4841 forward @7 unknown #
point $-1 -1 $-1 16.26849596833327638 -9.973863374999936582 22.67867433017125478 #
coedge $-1 -1 $-1 $4834 $4227 $3586 $4247 reversed $3566 $-1 #
edge $4842 -1 $-1 $4253 2.978517944837583381e-17 $4249 0.3302143338634130343 $3586 $4843 forward @7 unknown #
DXID-attrib $-1 -1 $-1 $-1 $3588 @10 Revit:Edge @8 Edge:130 #
vertex $-1 -1 $-1 $4247 $4844 #
straight-curve $-1 -1 $-1 12.86252311999999698 -3.42057145608107982 24.67587228204349969 0 12 -1.857261457189445364e-14 F -5.827942386483761286e-17 F 0.5738632541554080646 #
point $-1 -1 $-1 12.86252311999999698 3.465787593783816511 24.67587228204348904 #
DXID-attrib $-1 -1 $-1 $-1 $3593 @10 Revit:Edge @7 Edge:87 #
vertex $-1 -1 $-1 $4838 $4845 #
straight-curve $-1 -1 $-1 16.26849596833327638 -5.445744501036001495 24.6758722820435068 0 -12 1.412260764312221499e-14 F -5.827942386483761286e-17 F 0.377343239496994387 #
point $-1 -1 $-1 16.26849596833327638 -9.973863374999934805 24.67587228204351035 #
DXID-attrib $-1 -1 $-1 $-1 $3613 @10 Revit:Face @7 Face:71 #
plane-surface $-1 -1 $-1 -13.46555118110244464 -12.07945675416679698 5.612285888504742637 1.613236253685194134e-15 0.9884786746328080298 -0.1513601988508447294 12 -1.958447414296883004e-14 0 forward_v I I I I #
coedge $-1 -1 $-1 $3628 $4846 $3737 $4363 reversed $3637 $-1 #
DXID-attrib $-1 -1 $-1 $-1 $3629 @10 Revit:Edge @9 Edge:2851 #
intcurve-curve $-1 -1 $-1 forward { surfintcur full nubs 3 periodic 23 
	0 3 0.05794913813295687888 2 0.1158982762659137578 2 0.2317965525318275155 2 0.3417972204978581563 2 
	0.4517978884638887971 2 0.5712625516299214556 2 0.6907272147959541142 2 0.8221207533345453733 2 0.8878175226038409473 2 
	0.9206659072384887343 2 0.9535142918731365214 2 0.9863626765077843084 2 1.019211061142432095 2 1.084907830411727669 2 
	1.216301368950318817 2 1.335766032116351365 2 1.455230695282384135 2 1.56523136324841472 2 1.675232031214445527 2 
	1.791130307480359285 2 1.849079445613316164 2 1.907028583746273043 3 
	8.379316422294156297 4.212770569167029855 15.38313417600498489 
	8.379316422294156297 4.205165695396300585 15.38313417600498489 
	8.378312963712977179 4.197589375778936649 15.38234986871200682 
	8.374729431634408527 4.182879151481985858 15.37930991809512449 
	8.372169222580669867 4.175740139029184839 15.37705560940977989 
	8.363374163226573899 4.155393413344920184 15.36834803267479543 
	8.356124011630933879 4.14321746523519252 15.3598515772858466 
	8.344272626654804625 4.12414917228439748 15.34049176398888825 
	8.338676209233337744 4.115761741054128287 15.32840166336692 
	8.331692579192750969 4.104380468405328664 15.30124950835890552 
	8.330367990351446039 4.101413831666928189 15.28615999349319488 
	8.332951601510934836 4.101413831666928189 15.25615746892727742 
	8.337356063986359089 4.104861603094887457 15.24044588718190774 
	8.350682396251421835 4.117021948860892344 15.21297087659466563 
	8.359570827789363889 4.12569928168252531 15.20117566193528624 
	8.378363715632083597 4.145021626630440714 15.1822741232863514 
	8.389799554085776379 4.157154370764573059 15.17429801824669333 
	8.405137075580928041 4.176497474609748295 15.16626304868754183 
	8.409898820668153974 4.183065394405255155 15.16422248068411172 
	8.415566851801225212 4.193462061684954278 15.16205034158272724 
	8.417199924900637953 4.197014264068046785 15.16147654555071078 
	8.41959863117641838 4.204513526281276725 15.16066322116793863 
	8.420365839104618999 4.208459757535186085 15.16042070100478156 
	8.420365839104618999 4.217081380798872736 15.16042070100478156 
	8.41959863117641838 4.221027612052782096 15.16066322116793863 
	8.417199924900637953 4.228526874266012925 15.16147654555071078 
	8.415566851801225212 4.232079076649104543 15.16205034158272724 
	8.409898820668153974 4.242475743928804555 15.16422248068411172 
	8.405137075580928041 4.249043663724311415 15.16626304868754183 
	8.389799554085776379 4.268386767569486651 15.17429801824669333 
	8.378363715632083597 4.280519511703618107 15.1822741232863514 
	8.359570827789363889 4.2998418566515344 15.20117566193528624 
	8.350682396251421835 4.308519189473166477 15.21297087659466563 
	8.337356063986359089 4.320679535239171365 15.24044588718190774 
	8.332951601510934836 4.324127306667130632 15.25615746892727742 
	8.330367990351444263 4.324127306667129744 15.28615999349319488 
	8.331692579192750969 4.321160669928730158 15.30124950835890552 
	8.338676209233337744 4.309779397279930535 15.32840166336692 
	8.344272626654802849 4.301391966049661342 15.34049176398888825 
	8.356124011630933879 4.282323673098867189 15.3598515772858466 
	8.363374163226573899 4.270147724989139526 15.36834803267479543 
	8.372169222580669867 4.249800999304873983 15.37705560940977989 
	8.374729431634408527 4.242661986852072964 15.37930991809512449 
	8.378312963712977179 4.227951762555123061 15.38234986871200682 
	8.379316422294156297 4.220375442937759125 15.38313417600498489 
	8.379316422294156297 4.212770569167029855 15.38313417600498489 
	8.797475868339488443e-05 
	
	cone 10.33555422583333261 4.212770569167029855 15.27177743850488412 1 0 0 0 -0.1113567375001012077 0 1 I I 0 1 0.1113567375001012077 forward I I I I 
	cone 8.459676042345803282 6.348833320724273754 15.28280590558793151 0 -1 0 -0.1285434960615383371 0 0 1 I I 0 1 0.1285434960615383371 forward I I I I 
	nullbs 
	nullbs 
	I I 
	0 
	0 
	0 
	} F 7.780442956572233706e-13 F 0.9535142918723691352 #
point $-1 -1 $-1 8.42051045961491873 4.212953519461705376 15.16035191253713776 #
coedge $-1 -1 $-1 $4847 $4848 $3633 $4263 forward $4350 $-1 #
edge $4849 -1 $-1 $4274 0.06487359411208346027 $4265 0.9182109975313653694 $4262 $4850 forward @7 unknown #
DXID-attrib $-1 -1 $-1 $-1 $3634 @10 Revit:Edge @8 Edge:365 #
tvertex-vertex $-1 -1 $-1 $3725 $4851 0.0002444407747459998413 #
straight-curve $-1 -1 $-1 -3.96265086916661291 6.348833320724273754 15.16031349433795938 0 0.3937007874015747699 0 F -33.48436381711718468 F -5.425257121176450426 #
coedge $-1 -1 $-1 $4846 $3636 $4852 $4853 reversed $3637 $-1 #
edge $4854 -1 $-1 $3639 -2.331176954593504514e-16 $4855 0.9427131708329212767 $3636 $4856 forward @7 unknown #
face $4857 -1 $-1 $3661 $3637 $39 $-1 $4858 reversed single #
point $-1 -1 $-1 8.420701184220551028 4.345755414164376162 15.4052983168379285 #
coedge $-1 -1 $-1 $4852 $3642 $4848 $4859 reversed $4272 $-1 #
loop $-1 -1 $-1 $-1 $3642 $4349 #
DXID-attrib $-1 -1 $-1 $-1 $3643 @10 Revit:Edge @8 Edge:506 #
vertex $-1 -1 $-1 $4263 $4860 #
ellipse-curve $-1 -1 $-1 -4.001625727291908241 -6.231848168330657245 15.28280590558794572 2.573718829012034008e-16 0.164398987305334171 0.9863939238321476344 0 -0.7712609763693416554 0.1285434960615383371 0.1643989873053341433 F 0.3080527810256802335 F 0.6753302149949196309 #
point $-1 -1 $-1 -3.962650869166652434 -6.966802635830756429 15.40529831683794626 #
DXID-attrib $-1 -1 $-1 $3647 $2986 @10 Revit:Face @8 Face:253 #
coedge $-1 -1 $-1 $3649 $4299 $4861 $4862 reversed $3650 $-1 #
face $4863 -1 $-1 $3679 $3650 $39 $-1 $4864 forward single #
coedge $-1 -1 $-1 $3654 $4861 $4315 $4865 forward $3668 $-1 #
DXID-attrib $-1 -1 $-1 $-1 $3655 @10 Revit:Edge @8 Edge:509 #
vertex $-1 -1 $-1 $4865 $4866 #
intcurve-curve $-1 -1 $-1 forward { surfintcur full nubs 3 periodic 53 
	0 3 0.111929889482985101 2 0.223859778965970202 2 0.447719557931940404 2 0.6045414476864293674 2 
	0.7613633374409183308 2 0.9933990014094880028 2 1.225434665378057675 2 1.487711321082050731 2 1.749987976786044008 2 
	2.025139704995074563 2 2.162715569099590063 2 2.23150350115184759 2 2.300291433204105118 2 2.369079365256362646 2 
	2.437867297308620174 2 2.575443161413135673 2 2.850594889622166228 2 3.112871545326159506 2 3.375148201030152784 2 
	3.607183864998722456 2 3.839219528967292128 2 3.996041418721781202 2 4.152863308476270277 2 4.376723087442240256 2 
	4.488652976925225246 2 4.600582866408210236 2 4.712512755891197003 2 4.824442645374184657 2 5.048302424340159078 2 
	5.205124314094648597 2 5.361946203849137227 2 5.593981867817706899 2 5.826017531786276571 2 6.088294187490269849 2 
	6.350570843194263126 2 6.625722571403294126 2 6.763298435507809181 2 6.832086367560066265 2 6.900874299612324236 2 
	6.969662231664582208 2 7.038450163716839292 2 7.176026027821354347 2 7.451177756030385346 2 7.713454411734378624 2 
	7.975731067438371902 2 8.207766731406941574 2 8.439802395375512134 2 8.596624285130001653 2 8.753446174884489395 2 
	8.977305953850464704 2 9.08923584333345147 2 9.201165732816438236 3 
	-5.460248506463843299 -8.416733518951227566 15.63989822836738774 
	-5.44555954458943603 -8.416733518951227566 15.63989822836738774 
	-5.431260288394535785 -8.419441482429222745 15.64110221386271959 
	-5.403575263003226326 -8.428533706485467292 15.64558329408933979 
	-5.390173295824834732 -8.434866326544559811 15.64886492973321452 
	-5.351415895281879109 -8.456311064784625131 15.66148730800525612 
	-5.327451146327372378 -8.473669643568882748 15.67377688442528871 
	-5.292625450462759673 -8.500003965678175177 15.69805647577186036 
	-5.277873688584875822 -8.511698734501095487 15.71053983827578016 
	-5.251058283646037772 -8.533320895757171343 15.73922414365129185 
	-5.239002315095683926 -8.543215768978214442 15.75545675544135449 
	-5.215054184191297182 -8.562682350873027204 15.79609811418324661 
	-5.203223995974238569 -8.572105072962360239 15.82560874139974416 
	-5.191115132415267119 -8.579935459604859815 15.88785676790312529 
	-5.190889470553990748 -8.578256070416049539 15.92061538694220246 
	-5.200853601447883001 -8.56461834324620952 15.98324840622423082 
	-5.212668758100984512 -8.550909620071632133 16.0153397303867493 
	-5.244616925536658592 -8.514926945318844531 16.07020518174719115 
	-5.264694544055373626 -8.4926992506989194 16.09304185924193575 
	-5.305215265417654535 -8.446951020909365226 16.1282478586586322 
	-5.329029219198262446 -8.419972704839828737 16.14277805848509217 
	-5.361210453613883153 -8.378154997358207012 16.15722625766910525 
	-5.371265082294431892 -8.364144318764264341 16.16085771112058111 
	-5.383393649351315702 -8.342227027705876097 16.16469789638319199 
	-5.386922122076454933 -8.334782185879411998 16.16570696451375966 
	-5.392151264381444875 -8.319101263619334219 16.16713730447620989 
	-5.39385455935897884 -8.31086661117346992 16.16756462536372041 
	-5.393854559358979728 -8.292812035831667927 16.16756462536372041 
	-5.392151264381448428 -8.284577383385801852 16.16713730447620989 
	-5.386922122076459374 -8.268896461125724073 16.16570696451375966 
	-5.383393649351322807 -8.261451619299263527 16.16469789638319199 
	-5.371265082294438997 -8.239534328240873506 16.16085771112058111 
	-5.361210453613883153 -8.225523649646932611 16.15722625766910525 
	-5.329029219198262446 -8.183705942165310887 16.14277805848509217 
	-5.305215265417654535 -8.156727626095772621 16.1282478586586322 
	-5.264694544055373626 -8.110979396306218447 16.09304185924193575 
	-5.244616925536658592 -8.088751701686295092 16.07020518174719115 
	-5.212668758100984512 -8.05276902693350749 16.0153397303867493 
	-5.200853601447883001 -8.039060303758928328 15.98324840622423082 
	-5.190889470553990748 -8.025422576589090085 15.92061538694220246 
	-5.191115132415267119 -8.023743187400278032 15.88785676790312529 
	-5.203223995974238569 -8.031573574042777608 15.82560874139974416 
	-5.215054184191297182 -8.04099629613211242 15.79609811418324661 
	-5.239002315095683926 -8.060462878026925182 15.75545675544135449 
	-5.251058283646037772 -8.070357751247966505 15.73922414365129185 
	-5.277873688584875822 -8.091979912504044137 15.71053983827578016 
	-5.292625450462759673 -8.103674681326964446 15.69805647577186036 
	-5.327451146327372378 -8.130009003436256876 15.67377688442528871 
	-5.351415895281879109 -8.147367582220514493 15.66148730800525612 
	-5.390173295824834732 -8.168812320460578036 15.64886492973321452 
	-5.403575263003226326 -8.175144940519670556 15.64558329408933979 
	-5.431260288394535785 -8.184237164575915102 15.64110221386271959 
	-5.44555954458943603 -8.186945128053912057 15.63989822836738774 
	-5.474937468338251456 -8.186945128053912057 15.63989822836738774 
	-5.489236724533151701 -8.184237164575915102 15.64110221386271959 
	-5.51692174992446116 -8.175144940519670556 15.64558329408933979 
	-5.530323717102855419 -8.168812320460578036 15.64886492973321452 
	-5.569081117645811041 -8.147367582220514493 15.66148730800525612 
	-5.593045866600316884 -8.130009003436256876 15.67377688442528871 
	-5.627871562464930477 -8.103674681326964446 15.69805647577186036 
	-5.642623324342814328 -8.091979912504044137 15.71053983827578016 
	-5.669438729281652378 -8.070357751247966505 15.73922414365129185 
	-5.681494697832006224 -8.060462878026925182 15.75545675544135449 
	-5.705442828736392968 -8.04099629613211242 15.79609811418324661 
	-5.717273016953451581 -8.031573574042777608 15.82560874139974416 
	-5.729381880512423031 -8.023743187400278032 15.88785676790312529 
	-5.729607542373699403 -8.025422576589090085 15.92061538694220246 
	-5.719643411479807149 -8.039060303758928328 15.98324840622423082 
	-5.707828254826705638 -8.05276902693350749 16.01533973038674219 
	-5.675880087391033335 -8.088751701686295092 16.07020518174718404 
	-5.655802468872316524 -8.110979396306218447 16.09304185924193575 
	-5.615281747510035615 -8.156727626095772621 16.1282478586586322 
	-5.591467793729427704 -8.183705942165312663 16.14277805848509217 
	-5.559286559313806997 -8.225523649646934388 16.15722625766910525 
	-5.549231930633252041 -8.239534328240877059 16.16085771112058111 
	-5.537103363576367343 -8.261451619299263527 16.16469789638319199 
	-5.533574890851231665 -8.268896461125724073 16.16570696451375966 
	-5.528345748546243499 -8.284577383385801852 16.16713730447620989 
	-5.526642453568711311 -8.292812035831667927 16.16756462536372041 
	-5.526642453568711311 -8.31086661117346992 16.16756462536372041 
	-5.528345748546244387 -8.319101263619339548 16.16713730447620989 
	-5.533574890851231665 -8.334782185879413774 16.16570696451375966 
	-5.537103363576367343 -8.342227027705876097 16.16469789638319199 
	-5.549231930633252929 -8.364144318764264341 16.16085771112058111 
	-5.559286559313806997 -8.378154997358207012 16.15722625766910525 
	-5.591467793729427704 -8.419972704839828737 16.14277805848509217 
	-5.615281747510035615 -8.446951020909365226 16.1282478586586322 
	-5.655802468872316524 -8.4926992506989194 16.09304185924193575 
	-5.675880087391033335 -8.514926945318844531 16.07020518174718404 
	-5.707828254826705638 -8.550909620071632133 16.01533973038674219 
	-5.719643411479807149 -8.56461834324620952 15.98324840622423082 
	-5.729607542373699403 -8.578256070416047763 15.92061538694220069 
	-5.729381880512424807 -8.579935459604861592 15.88785676790312174 
	-5.717273016953450693 -8.572105072962358463 15.82560874139973883 
	-5.705442828736392968 -8.562682350873027204 15.79609811418324661 
	-5.681494697832006224 -8.543215768978214442 15.75545675544135449 
	-5.669438729281652378 -8.533320895757171343 15.73922414365129185 
	-5.642623324342814328 -8.511698734501095487 15.71053983827578016 
	-5.627871562464929589 -8.500003965678175177 15.69805647577186036 
	-5.593045866600316884 -8.473669643568882748 15.67377688442528871 
	-5.569081117645811041 -8.456311064784625131 15.66148730800525612 
	-5.530323717102855419 -8.434866326544559811 15.64886492973321452 
	-5.516921749924462048 -8.428533706485467292 15.64558329408933979 
	-5.489236724533151701 -8.419441482429222745 15.64110221386271959 
	-5.474937468338251456 -8.416733518951227566 15.63989822836738774 
	-5.460248506463843299 -8.416733518951227566 15.63989822836738774 
	0.0001530679888752124046 
	
	cone 10.33555422583333261 -8.301839323502569812 15.89122288337772204 -1 0 0 0 -0.2763417419860005331 0 1 I I 0 1 0.2763417419860005331 forward I I I I 
	cone -5.460248506463845075 6.348833320724273754 15.9079084563649289 0 1 0 0.2680102279975399848 0 0 1 I I 0 1 0.2680102279975399848 forward I I I I 
	nullbs 
	nullbs 
	I I 
	0 
	0 
	0 
	} F 7.389306305793030383 F 8.839441302186273219 #
DXID-attrib $-1 -1 $-1 $3656 $2995 @10 Revit:Face @8 Face:257 #
coedge $-1 -1 $-1 $3660 $3658 $4867 $4868 reversed $2999 $-1 #
coedge $-1 -1 $-1 $4861 $3667 $3658 $4287 forward $3668 $-1 #
edge $4869 -1 $-1 $4870 -2.629054372682645191 $4289 -2.483723702311557258 $4286 $4871 forward @7 unknown #
DXID-attrib $-1 -1 $-1 $-1 $3659 @10 Revit:Edge @9 Edge:2965 #
vertex $-1 -1 $-1 $4287 $4872 #
straight-curve $-1 -1 $-1 10.04650955172053273 5.849946235874634581 15.6725544868378126 0 -12 0 F -1.748382715945128263e-16 F 1.193395810775202737 #
rgb_color-st-attrib $-1 -1 $4873 $-1 $3661 0 0 0 #
plane-surface $-1 -1 $-1 10.04650955172053273 -9.198118445833415535 15.6725544868378126 -0.1622066002982551769 0 0.9867568184814747845 0 12 0 forward_v I I I I #
coedge $-1 -1 $-1 $3665 $4867 $3667 $4296 forward $4272 $-1 #
DXID-attrib $-1 -1 $-1 $-1 $3666 @10 Revit:Edge @8 Edge:507 #
straight-curve $-1 -1 $-1 -5.453627379933420727 -8.437354810833175733 15.65039034600497914 8.485679473251224181 8.369437288683734266 -1.39490621478042276 F 1.275869354357772442e-16 F 0.1757050234417483758 #
edge $4874 -1 $-1 $4870 -1.280442089576735887 $3670 8.741913579725651174e-16 $4293 $4875 forward @7 unknown #
face $4876 -1 $-1 $3699 $3668 $39 $-1 $4877 forward single #
point $-1 -1 $-1 -5.453627379933397634 -8.437354810833198826 15.65039034600497736 #
coedge $-1 -1 $-1 $4278 $3674 $4878 $4879 reversed $3650 $-1 #
coedge $-1 -1 $-1 $3681 $4878 $3677 $4301 forward $3040 $-1 #
edge $4880 -1 $-1 $4303 -7.550537162702225319e-17 $3684 0.06246582424102561926 $4300 $4881 forward @7 unknown #
DXID-attrib $-1 -1 $-1 $-1 $3678 @10 Revit:Edge @9 Edge:2967 #
vertex $-1 -1 $-1 $4879 $4882 #
straight-curve $-1 -1 $-1 10.00196685672076846 5.665081240456498968 16.16252413183788761 0 -12 0 F 5.827942386483761286e-17 F 1.157280736711760349 #
rgb_color-st-attrib $-1 -1 $4883 $-1 $3679 0 0 0 #
plane-surface $-1 -1 $-1 9.462439071378783595 -9.198118445833415535 16.25244542939476489 -0.1643989873051447947 0 -0.9863939238321792757 0 12 0 forward_v I I I I #
DXID-attrib $-1 -1 $-1 $-1 $3682 @10 Revit:Edge @9 Edge:3067 #
ellipse-curve $-1 -1 $-1 9.272471097030196674 -7.113345514850760942 16.35707537486137753 -2.420470023698658132e-16 -0.1727994780081299475 0.9849570246463130729 0 1.236193954176250998 0.2168761323116290551 0.1727994780081299475 F -2.074235703161881883 F -1.548575281306570961 #
point $-1 -1 $-1 9.462439071378783595 -7.709736204010432914 16.25244542939476844 #
DXID-attrib $-1 -1 $-1 $3686 $3023 @10 Revit:Face @9 Face:2611 #
rgb_color-st-attrib $-1 -1 $4884 $-1 $3687 0 0 0 #
face $4885 -1 $-1 $4886 $4887 $39 $-1 $4888 forward single #
loop $-1 -1 $-1 $-1 $4889 $3687 #
plane-surface $-1 -1 $-1 10.04650955172050253 -9.198118445833415535 11.04011420683779043 -0.9582877607732102065 2.44915477728426435e-17 0.2858051216340718459 0 12 -1.028318077694920494e-15 forward_v I I I I #
coedge $-1 -1 $-1 $4878 $3693 $4280 $4865 reversed $3040 $-1 #
DXID-attrib $-1 -1 $-1 $-1 $3694 @10 Revit:Edge @8 Edge:511 #
ellipse-curve $-1 -1 $-1 -5.460248506463845075 -9.673596950280426654 15.9079084563649289 -2.420470023698658132e-16 -0.1727994780081299475 0.9849570246463130729 0 -1.527658299585935131 -0.2680102279975399848 0.1727994780081299475 F -2.824103437034345632 F -2.49527597931776679 #
rgb_color-st-attrib $-1 -1 $4890 $-1 $3699 0 0 0 #
plane-surface $-1 -1 $-1 -5.833444059166968287 -8.454055884530538023 16.12186302930351189 -2.420470023698658132e-16 -0.1727994780081299475 0.9849570246463130729 12 -1.680887038502358424e-14 0 forward_v I I I I #
DXID-attrib $-1 -1 $-1 $3701 $3047 @10 Revit:Face @8 Face:225 #
rgb_color-st-attrib $-1 -1 $4891 $-1 $3702 0 0 0 #
face $4892 -1 $-1 $4893 $4894 $39 $-1 $4895 reversed single #
loop $-1 -1 $-1 $-1 $4896 $3702 #
plane-surface $-1 -1 $-1 -5.499373846666556709 -9.198118445833415535 11.19601363933796101 0.1586780953837234609 -8.46074724534227134e-17 -0.9873303712767039775 0 12 -1.028318077694920494e-15 forward_v I I I I #
tcoedge-coedge $-1 -1 $-1 $4897 $4898 $3705 $4328 reversed $3703 $4899 4.812304996021718808e-08 1.187805151876947463 #
coedge $-1 -1 $-1 $4900 $3705 $4901 $4902 reversed $3048 $-1 #
coedge $-1 -1 $-1 $3705 $4900 $4903 $4904 reversed $3048 $-1 #
tedge-edge $4905 -1 $-1 $4906 -1.187805151876947463 $4907 -4.812304996021718808e-08 $3705 $4908 forward @7 unknown 8.457168443653509724e-06 #
pcurve $-1 -1 $-1 0 forward { exppc nubs 1 open 2 
	-1.187805151876947463 1 -4.812304996021718808e-08 1 
	0.06339701770639942502 0.1369433137625879482 
	1.251202121460297079 0.1369433137625867547 
	0 
	plane -5.118821822618487616 -9.198118445833415535 9.465447583264461784 -0.9582877607732102065 -2.44915477728426435e-17 -0.2858051216340718459 0 12 -1.028318077694920494e-15 reverse_v I I I I 
	} 0 0 #
coedge $-1 -1 $-1 $4909 $3727 $3706 $4331 reversed $3729 $-1 #
edge $4910 -1 $-1 $4336 -2.533790657477758224 $4341 -2.418655468943470943 $3706 $4911 forward @7 unknown #
coedge $-1 -1 $-1 $4912 $3707 $3709 $4338 forward $4334 $-1 #
coedge $-1 -1 $-1 $3707 $4912 $4909 $4913 forward $4334 $-1 #
loop $-1 -1 $-1 $-1 $4332 $3773 #
DXID-attrib $-1 -1 $-1 $-1 $3708 @10 Revit:Edge @8 Edge:654 #
vertex $-1 -1 $-1 $4913 $4914 #
straight-curve $-1 -1 $-1 -5.591117398563294039 -8.570982895833024529 14.35865219100500667 -12 1.328836071204151948e-14 -1.022181593233962976e-14 F -1.303357092681720619 F 9.324707818374027919e-16 #
edge $4915 -1 $-1 $3711 4.331330701644204926e-16 $4373 0.162728816420649014 $4332 $4916 forward @7 unknown #
point $-1 -1 $-1 -5.591117398563304697 -8.57098289583301387 14.35865219100500667 #
DXID-attrib $-1 -1 $-1 $-1 $3714 @10 Revit:Edge @9 Edge:3056 #
vertex $-1 -1 $-1 $4331 $4917 #
intcurve-curve $-1 -1 $-1 forward { surfintcur full nubs 3 open 11 
	0.1866337009963533744 3 0.3732674019927067488 2 0.7465348039854134976 2 1.06331650500004371 2 1.221707355507358983 2 
	1.380098206014674034 2 1.540255034982414006 2 1.700411863950153757 2 2.02072552188563348 2 2.417739442550157491 2 
	2.616246402882419275 3 
	10.05042454929442997 -8.492836411575343192 14.31924320355190261 
	10.0691319783309492 -8.50434900619387335 14.32313996337892625 
	10.08704479103058382 -8.518280114146222104 14.32864040681065987 
	10.14064445249910307 -8.562430212589816847 14.35084524056138555 
	10.17512043427261226 -8.594402371825925258 14.37338454840491409 
	10.22854746850752683 -8.644183679129636033 14.42693879112847455 
	10.25174899556776253 -8.666209318716623144 14.45915396472910608 
	10.27596357509317393 -8.689119824859677266 14.51502574802012369 
	10.28233207838092689 -8.695129275812197633 14.53489439059294597 
	10.29086360860248028 -8.703063429091661973 14.57578127635262355 
	10.29302308941108457 -8.70498453376702841 14.5968009574405535 
	10.29302308941108457 -8.704607539727517107 14.63860341493258943 
	10.29081629545862064 -8.702259566864402274 14.65980010057625194 
	10.28215534621737071 -8.693412614155288765 14.70093841884123265 
	10.27570479524371905 -8.686917105571982489 14.72088155663007569 
	10.25126586507188264 -8.662498592265059472 14.7768496050854754 
	10.22794867049097434 -8.639399501288524519 14.80895306116071986 
	10.17317595851570644 -8.585762075800044357 14.86358676212578978 
	10.13722424536211975 -8.550685177960479777 14.88623222712366712 
	10.08354939101657699 -8.501691341199316909 14.90769889405249238 
	10.06600815988419662 -8.486131654382774059 14.91281369768515397 
	10.04819577482728477 -8.472640226249414042 14.91638503509705593 
	0.0001518805049580466927 
	
	cone 9.988275454569674139 6.348833320724273754 14.61758631304688016 0 1 0 -0.3047476348414097647 0 0 1 I I 0 1 0.3047476348414097647 forward I I I I 
	cone 10.33555422583333261 -8.392812115833821807 14.61477268725495371 -1 0 0 0 -0.3119976529476544136 0 1 I I -0 -1 0.3119976529476544136 forward I I I I 
	nullbs 
	nullbs 
	I I 
	0 
	0 
	0 
	} F 0.6483869044104384471 F 2.206986075234732336 #
coedge $-1 -1 $-1 $3716 $3715 $4847 $4918 forward $3717 $-1 #
coedge $-1 -1 $-1 $3732 $3737 $3715 $4345 reversed $3738 $-1 #
edge $4919 -1 $-1 $3719 -1.63706175049683446e-16 $4920 0.2061059352245862841 $3715 $4921 forward @7 unknown #
point $-1 -1 $-1 10.15765530536593175 -8.571110925958992155 14.87082114081359485 #
DXID-attrib $-1 -1 $-1 $3722 $3057 @10 Revit:Face @8 Face:151 #
rgb_color-st-attrib $-1 -1 $4922 $-1 $3723 0 0 0 #
face $4923 -1 $-1 $4297 $4272 $39 $-1 $4924 forward single #
loop $-1 -1 $-1 $-1 $4262 $3723 #
cone-surface $-1 -1 $-1 10.33555422583333261 -6.858873056770886656 15.27177743850487879 1 0 0 0 -0.1141406559376805102 0 1 I I 0 1 0.1141406559376805102 forward I I I I #
DXID-attrib $-1 -1 $-1 $-1 $3725 @10 Revit:Edge @8 Edge:504 #
straight-curve $-1 -1 $-1 -3.962007629165583911 -6.833817790832899419 15.16042070100479933 -8.426962598118143077 -8.426962598124658754 -1.404493766353564599 F 3.774759954501782878e-05 F 0.206169647208181761 #
tcoedge-coedge $-1 -1 $-1 $3728 $4909 $4925 $4926 reversed $3729 $4927 -0.9706594309390138564 2.331179966080007036e-16 #
face $4928 -1 $-1 $3735 $3729 $39 $-1 $4929 reversed single #
DXID-attrib $-1 -1 $-1 $-1 $3733 @10 Revit:Edge @9 Edge:2927 #
straight-curve $-1 -1 $-1 10.15786628922057133 6.348833320724273754 14.87078597683781922 -0 -0.3937007874015747699 -0 F 1.06967947589293999 F 37.89642155147082292 #
DXID-attrib $-1 -1 $-1 $-1 $3734 @10 Revit:Edge @9 Edge:2961 #
straight-curve $-1 -1 $-1 10.18013763672058403 5.9728566391596285 14.38081633183785257 0 -12 0 F -2.331176954593504514e-16 F 1.214340273953265159 #
rgb_color-st-attrib $-1 -1 $4930 $-1 $3735 0 0 0 #
face $4931 -1 $-1 $4269 $3738 $39 $-1 $4932 reversed single #
cone-surface $-1 -1 $-1 9.988275454569674139 6.348833320724273754 14.61758631304688016 0 1 0 -0.3047476348414097647 0 0 1 I I 0 1 0.3047476348414097647 forward I I I I #
edge $4933 -1 $-1 $3631 5.425257121173487462 $4920 33.4843638171212632 $3737 $4934 forward @7 unknown #
coedge $-1 -1 $-1 $4935 $4377 $3741 $4365 reversed $3095 $-1 #
edge $4936 -1 $-1 $4367 -1.084005383670634926 $3748 -1.268060160054420942e-05 $3741 $4937 forward @7 unknown #
DXID-attrib $-1 -1 $-1 $-1 $3742 @10 Revit:Edge @9 Edge:2981 #
tvertex-vertex $-1 -1 $-1 $3742 $4938 0.0001355055063354244189 #
straight-curve $-1 -1 $-1 10.04916771361735783 5.949935674166781041 14.35865219100501733 -8.020274048516849774 -8.822301453351737877 -1.35727714667083732 F -9.737853141408926565e-17 F 0.1640876498081330348 #
coedge $-1 -1 $-1 $4406 $3744 $4377 $4939 reversed $3116 $-1 #
tcoedge-coedge $-1 -1 $-1 $3744 $4406 $4408 $4940 reversed $3116 $4941 -1 -0 #
pcurve $-1 -1 $-1 0 forward { exppc nubs 1 open 2 
	-0.9706595618750057941 1 5.827942386483791115e-16 1 
	118.2264975235916609 1.355104447850444149 
	16.17771703594870303 1.355104447849968308 
	5.165134397625289609e-13 
	cone -4.299505000104634433 6.348833320724273754 14.02447477183799762 0 -1 0 0.1141406559376818425 0 0 1 I I -0 -1 0.1141406559376818425 forward I I I I 
	} 0 0 #
DXID-attrib $-1 -1 $-1 $-1 $3745 @10 Revit:Edge @8 Edge:355 #
tvertex-vertex $-1 -1 $-1 $4942 $4943 3.26641296012617269e-05 #
straight-curve $-1 -1 $-1 -4.275083228106436373 4.50229808666687159 14.13593871600481933 5.558780968742032502e-14 12 -8.235231064803011289e-15 F -0.9706595618750057941 F 5.827942386483791115e-16 #
point $-1 -1 $-1 -4.275065266367088057 4.502319107417319444 14.13594539817309226 #
DXID-attrib $-1 -1 $-1 $3750 $3091 @10 Revit:Face @8 Face:247 #
coedge $-1 -1 $-1 $4364 $3753 $4369 $4939 forward $3095 $-1 #
coedge $-1 -1 $-1 $3791 $3754 $3757 $4383 reversed $3128 $-1 #
DXID-attrib $-1 -1 $-1 $-1 $3755 @10 Revit:Edge @9 Edge:3044 #
ellipse-curve $-1 -1 $-1 11.74312662451512423 -8.370540768333926351 13.3675772272548965 -0.1617750270663984302 0 0.9868276651055472026 2.174744625905020268 0 0.3565155124432592415 0.1617750270663984302 F -2.466851711368046818 F -2.372727209255848901 #
coedge $-1 -1 $-1 $4944 $3756 $3812 $4435 forward $3758 $-1 #
coedge $-1 -1 $-1 $3757 $4944 $4945 $4946 forward $3758 $-1 #
edge $4947 -1 $-1 $4948 -3.274852980382214854e-16 $3760 0.1451387045518099661 $3757 $4949 forward @7 unknown #
face $4950 -1 $-1 $1735 $3758 $39 $-1 $4951 forward single #
point $-1 -1 $-1 10.0449363776395888 -8.593254243333056763 13.08918538350495275 #
DXID-attrib $-1 -1 $-1 $-1 $3762 @10 Revit:Edge @8 Edge:492 #
straight-curve $-1 -1 $-1 -5.586886062585560531 -8.593254243332992814 13.08918538350494742 8.428840137416573342 8.428840137408020183 -1.381777071706907112 F 2.174287634534609889e-16 F 0.1451387045517918417 #
point $-1 -1 $-1 10.18013763672055561 -8.61843323467881639 13.11134952433788747 #
coedge $-1 -1 $-1 $3793 $4952 $3768 $4390 reversed $3801 $-1 #
edge $4953 -1 $-1 $4392 -2.455071299333321754e-16 $4399 0.156277809372179638 $3768 $4954 forward @7 unknown #
DXID-attrib $-1 -1 $-1 $-1 $3769 @10 Revit:Edge @9 Edge:3047 #
vertex $-1 -1 $-1 $3769 $4955 #
ellipse-curve $-1 -1 $-1 9.957424161720751954 -10.10732703329542481 13.38974136808789339 -2.612220215166127633e-16 -0.1668583036930587626 0.985980885458067613 0 2.106682573529167879 0.3565155124437288658 0.1668583036930587626 F -0.7688654443355571466 F -0.6747409422231350762 #
DXID-attrib $-1 -1 $-1 $3772 $3112 @10 Revit:Face @8 Face:145 #
rgb_color-st-attrib $-1 -1 $4956 $-1 $3773 0 0 0 #
plane-surface $-1 -1 $-1 -5.833444059166966511 -7.145616655833190833 14.13593871600482821 -2.416819531781957583e-16 -0.1543768802737573442 -0.9880120337510783779 12 -1.878638454796753198e-14 0 forward_v I I I I #
coedge $-1 -1 $-1 $4957 $3777 $4952 $4958 forward $3774 $-1 #
DXID-attrib $-1 -1 $-1 $-1 $3778 @10 Revit:Edge @8 Edge:648 #
vertex $-1 -1 $-1 $4390 $4959 #
straight-curve $-1 -1 $-1 -4.405419657269864508 -7.145616655833087805 13.8909538935050616 -12 1.807296465743379295e-14 2.40972862099117263e-15 F -1.105740802466128603 F 1.16558847729675349e-16 #
point $-1 -1 $-1 -4.405419657269866285 -7.145616655833086028 13.89095389350505805 #
coedge $-1 -1 $-1 $3782 $4935 $3800 $4426 forward $3095 $-1 #
DXID-attrib $-1 -1 $-1 $-1 $3783 @10 Revit:Edge @8 Edge:841 #
straight-curve $-1 -1 $-1 -4.405419657271233191 4.502298086666870702 13.8909538935048289 -12 1.92778289679254178e-14 0 F -1.105740802466355088 F 5.827942386483763505e-16 #
point $-1 -1 $-1 -4.405419657271240297 4.50229808666687159 13.89095389350482712 #
coedge $-1 -1 $-1 $4370 $4369 $3787 $4407 reversed $3116 $-1 #
edge $4960 -1 $-1 $4410 -0.9622094564981117371 $4413 -1.165588477296752257e-16 $3787 $4961 forward @7 unknown #
tcoedge-coedge $-1 -1 $-1 $3788 $4962 $4370 $4940 forward $3774 $4963 0 1 #
DXID-attrib $-1 -1 $-1 $-1 $3789 @10 Revit:Edge @8 Edge:498 #
tvertex-vertex $-1 -1 $-1 $3789 $4964 1.000217558392881611e-11 #
ellipse-curve $-1 -1 $-1 -3.68160086352060345 -7.156752329583203398 14.01344630475493602 -0.1668583036929089658 0 0.9859808854580930371 -0.7268036261805831399 0 -0.1229975367382531992 0.166858303692908938 F -0.6168696132099702467 F -0.09065988720178348725 #
DXID-attrib $-1 -1 $-1 $-1 $3790 @10 Revit:Edge @8 Edge:453 #
vertex $-1 -1 $-1 $3790 $4965 #
ellipse-curve $-1 -1 $-1 -3.681600863521297118 4.541272944792134503 14.01344630475481878 -0.1668583036929089658 0 0.9859808854580930371 -0.7595752039999991156 0 -0.128543496061539031 0.1668583036929089658 F 0.3080527810258949506 F 0.6753302149964921508 #
coedge $-1 -1 $-1 $4945 $3807 $3791 $4416 forward $4429 $-1 #
edge $4966 -1 $-1 $3810 -1.748382715945128263e-16 $4948 1.008040670055370125 $4415 $4967 forward @7 unknown #
rgb_color-st-attrib $-1 -1 $4968 $-1 $3792 0 0 0 #
plane-surface $-1 -1 $-1 10.18013763672055738 -9.198118445833415535 13.11134952433788747 -0.1617750270663984302 0 0.9868276651055472026 0 12 0 forward_v I I I I #
DXID-attrib $-1 -1 $-1 $-1 $3794 @10 Revit:Edge @9 Edge:2957 #
straight-curve $-1 -1 $-1 10.18013763672055916 5.83922217666865695 13.6681332118378922 0 -12 0 F -4.079559670538632777e-16 F 1.191792208074786252 #
DXID-attrib $-1 -1 $-1 $3797 $3133 @10 Revit:Face @9 Face:2640 #
rgb_color-st-attrib $-1 -1 $4969 $-1 $3798 0 0 0 #
face $4970 -1 $-1 $4355 $4971 $39 $-1 $4972 reversed single #
plane-surface $-1 -1 $-1 8.732500049220762506 -9.198118445833415535 13.91311803433785776 -0.1668583036929097707 0 -0.985980885458092815 0 12 0 forward_v I I I I #
coedge $-1 -1 $-1 $4952 $3800 $4973 $4974 forward $3801 $-1 #
edge $4975 -1 $-1 $4976 -0.6753302149961427636 $3803 -0.3080527810258951726 $4402 $4977 forward @7 unknown #
point $-1 -1 $-1 8.863469972325027868 4.502298086666850274 13.8909538935048289 #
coedge $-1 -1 $-1 $3807 $4978 $4460 $4979 reversed $4429 $-1 #
loop $-1 -1 $-1 $-1 $4978 $4980 #
DXID-attrib $-1 -1 $-1 $-1 $3808 @10 Revit:Edge @9 Edge:2992 #
vertex $-1 -1 $-1 $3808 $4981 #
ellipse-curve $-1 -1 $-1 8.846640705158201001 4.047308636999198406 12.77727931183798304 -2.599288308782447415e-16 -0.1617750270665596624 0.9868276651055207793 0 -0.696258001218698519 -0.1141406559375486157 0.1617750270665596901 F -2.92027821124156084 F -2.467745840653170486 #
point $-1 -1 $-1 8.821585439220640978 4.726584735749086441 12.88863604933801987 #
coedge $-1 -1 $-1 $3812 $4436 $4982 $4983 reversed $3813 $-1 #
edge $4984 -1 $-1 $3815 0.2213144423481256673 $4985 0.6738468129370431825 $4381 $4986 forward @7 unknown #
coedge $-1 -1 $-1 $4434 $3831 $4454 $4987 reversed $3813 $-1 #
face $4988 -1 $-1 $2451 $3813 $39 $-1 $4989 reversed single #
point $-1 -1 $-1 -4.363535124166768142 -7.369903304915449205 12.88863604933803764 #
DXID-attrib $-1 -1 $-1 $3820 $3154 @10 Revit:Face @8 Face:109 #
rgb_color-st-attrib $-1 -1 $4990 $-1 $3821 0 0 0 #
face $4991 -1 $-1 $4992 $4993 $39 $-1 $4994 reversed single #
loop $-1 -1 $-1 $-1 $4995 $3821 #
plane-surface $-1 -1 $-1 -5.833444059166946083 5.860850284166766677 11.84198992350501101 2.558435774180830356e-16 0.1592324388247766953 -0.9872411207126219335 12 -1.928076308870352365e-14 0 forward_v I I I I #
coedge $-1 -1 $-1 $4996 $4997 $4998 $4999 forward $3822 $-1 #
coedge $-1 -1 $-1 $4451 $3824 $4453 $5000 forward $3155 $-1 #
coedge $-1 -1 $-1 $3824 $5001 $5002 $5003 forward $3155 $-1 #
coedge $-1 -1 $-1 $5004 $5005 $3824 $4448 reversed $5006 $-1 #
edge $5007 -1 $-1 $5008 2.284977099990769478 $5009 2.365122824370925247 $3824 $5010 forward @7 unknown #
edge $5011 -1 $-1 $4458 1.781219382792650796 $3833 2.51235681008024514 $3825 $5012 forward @7 unknown #
coedge $-1 -1 $-1 $3826 $4460 $5013 $5014 forward $2456 $-1 #
coedge $-1 -1 $-1 $5015 $4445 $3826 $4452 reversed $3155 $-1 #
edge $5016 -1 $-1 $5017 -1.120185383087711317 $4457 7.576325102428889795e-16 $3826 $5018 forward @7 unknown #
coedge $-1 -1 $-1 $5019 $3827 $4445 $5000 reversed $4455 $-1 #
coedge $-1 -1 $-1 $3827 $5020 $4436 $4987 forward $4455 $-1 #
loop $-1 -1 $-1 $-1 $5019 $5021 #
DXID-attrib $-1 -1 $-1 $-1 $3828 @10 Revit:Edge @8 Edge:462 #
vertex $-1 -1 $-1 $3828 $5022 #
vertex $-1 -1 $-1 $3828 $5023 #
ellipse-curve $-1 -1 $-1 -3.846218063499026396 4.616438742604412226 12.7551151710048174 -0.1699069165076527999 0 0.9854601157443468873 -0.6620158044377441042 0 -0.1141406559375466312 0.1699069165076527999 F 0.2213144423468799415 F 0.6738468129370260851 #
coedge $-1 -1 $-1 $4450 $3829 $4428 $4979 forward $2456 $-1 #
DXID-attrib $-1 -1 $-1 $-1 $3830 @10 Revit:Edge @8 Edge:847 #
straight-curve $-1 -1 $-1 -4.31736700884735658 4.591383476666943686 12.86647190850487199 -12 1.831605617448447187e-14 4.88428164652919292e-15 F -1.091065361062384387 F -1.165588477296741657e-16 #
point $-1 -1 $-1 -4.317367008847354803 4.591383476666952568 12.86647190850487199 #
DXID-attrib $-1 -1 $-1 $-1 $3836 @10 Revit:Face @8 Face:129 #
face $5024 -1 $-1 $5025 $5026 $1194 $-1 $5027 forward single #
loop $-1 -1 $-1 $-1 $5028 $3836 #
plane-surface $-1 -1 $-1 -40.10847580999996609 -8.0188273649999946 22.4570329218379392 0 1 0 0 0 -12 forward_v I I I I #
coedge $-1 -1 $-1 $5029 $5030 $3840 $4472 reversed $3837 $-1 #
coedge $-1 -1 $-1 $5031 $3839 $5032 $5033 forward $3163 $-1 #
coedge $-1 -1 $-1 $3839 $5031 $5029 $5034 forward $3163 $-1 #
coedge $-1 -1 $-1 $5035 $3840 $5028 $5036 forward $2461 $-1 #
edge $5037 -1 $-1 $4478 0 $5038 0.2208935558333279536 $3840 $5039 forward @7 unknown #
coedge $-1 -1 $-1 $3841 $5035 $5040 $5041 forward $2461 $-1 #
coedge $-1 -1 $-1 $5042 $5032 $3841 $4475 reversed $5043 $-1 #
edge $5044 -1 $-1 $5045 0 $4477 0.02896964666667649693 $3841 $5046 forward @7 unknown #
DXID-attrib $-1 -1 $-1 $-1 $3842 @10 Revit:Edge @8 Edge:123 #
vertex $-1 -1 $-1 $3842 $5047 #
vertex $-1 -1 $-1 $3842 $5048 #
straight-curve $-1 -1 $-1 -28.02813315000014427 -10.66955003499992927 22.4570329218379392 -12 0 0 F 0 F 1.006695221666651818 #
DXID-attrib $-1 -1 $-1 $-1 $3844 @10 Revit:Face @8 Face:117 #
face $5049 -1 $-1 $-1 $5050 $754 $-1 $5051 forward single #
loop $-1 -1 $-1 $-1 $3852 $3844 #
plane-surface $-1 -1 $-1 -6.735442849999916604 -10.97373132500001702 22.4570329218379392 1 0 0 0 0 -12 forward_v I I I I #
coedge $-1 -1 $-1 $5052 $5053 $3850 $4491 reversed $3845 $-1 #
coedge $-1 -1 $-1 $5054 $3847 $3849 $4490 reversed $3168 $-1 #
coedge $-1 -1 $-1 $3847 $5054 $5052 $5055 forward $3168 $-1 #
coedge $-1 -1 $-1 $3849 $3848 $5056 $5057 reversed $2465 $-1 #
coedge $-1 -1 $-1 $3852 $5058 $3848 $4489 reversed $4482 $-1 #
edge $5059 -1 $-1 $3855 0 $5060 0.09419759854167344959 $3848 $5061 forward @7 unknown #
edge $5062 -1 $-1 $5063 -0.09419759854167344959 $3856 0 $3849 $5064 forward @7 unknown #
edge $5065 -1 $-1 $4493 0 $4497 1.73093638833334329 $3850 $5066 forward @7 unknown #
DXID-attrib $-1 -1 $-1 $-1 $3851 @10 Revit:Edge @8 Edge:110 #
vertex $-1 -1 $-1 $3851 $5067 #
straight-curve $-1 -1 $-1 -27.50667951000003342 -10.62609556500001418 22.4570329218379392 0 -12 0 F 0 F 0.02896964666666694208 #
coedge $-1 -1 $-1 $5058 $3852 $5053 $5068 reversed $4482 $-1 #
DXID-attrib $-1 -1 $-1 $-1 $3853 @10 Revit:Edge @8 Edge:118 #
vertex $-1 -1 $-1 $4491 $5069 #
straight-curve $-1 -1 $-1 -6.735442849999916604 -10.97373132500001702 22.4570329218379392 0 12 0 F 0 F 0.02896964666666694208 #
point $-1 -1 $-1 -6.735442849999916604 -10.62609556500001418 22.4570329218379392 #
point $-1 -1 $-1 -27.50667951000003342 -10.62609556500001418 22.4570329218379392 #
DXID-attrib $-1 -1 $-1 $-1 $3859 @10 Revit:Face @6 Face:1 #
loop $-1 -1 $-1 $-1 $5070 $3859 #
plane-surface $-1 -1 $-1 -40.49956604000010429 10.97373132500001702 21.32666173933785814 -0 -0 -1 12 0 0 forward_v I I I I #
coedge $-1 -1 $-1 $5071 $3862 $3864 $4507 reversed $3176 $-1 #
coedge $-1 -1 $-1 $3862 $5071 $3873 $4520 forward $3176 $-1 #
coedge $-1 -1 $-1 $3864 $3863 $5072 $5073 reversed $2470 $-1 #
edge $5074 -1 $-1 $5075 -0.09419759854167344959 $3871 0 $3864 $5076 forward @7 unknown #
coedge $-1 -1 $-1 $5070 $5072 $3865 $4509 forward $4502 $-1 #
edge $5077 -1 $-1 $4515 0 $4512 1.796118093333328503 $4508 $5078 forward @7 unknown #
coedge $-1 -1 $-1 $3866 $3873 $5070 $5079 reversed $3860 $-1 #
DXID-attrib $-1 -1 $-1 $-1 $3867 @10 Revit:Edge @8 Edge:105 #
vertex $-1 -1 $-1 $5079 $5080 #
straight-curve $-1 -1 $-1 16.20851730999981299 -10.58264109500009909 22.4570329218379392 0 0 -12 F 0 F 0.09419759854167344959 #
DXID-attrib $-1 -1 $-1 $-1 $3868 @10 Revit:Edge @7 Edge:96 #
vertex $-1 -1 $-1 $5073 $5081 #
straight-curve $-1 -1 $-1 -5.344899810000128149 -10.58264109500009909 22.4570329218379392 0 0 12 F -0.09419759854167344959 F 0 #
DXID-attrib $-1 -1 $-1 $-1 $3869 @10 Revit:Edge @7 Edge:98 #
straight-curve $-1 -1 $-1 -5.344899810000128149 -10.97373132500001702 22.4570329218379392 12 0 0 F 0 F 1.796118093333328503 #
point $-1 -1 $-1 -5.344899810000128149 -10.97373132500001702 22.4570329218379392 #
edge $5082 -1 $-1 $5083 -0.09419759854167344959 $3875 0 $4505 $5084 forward @7 unknown #
point $-1 -1 $-1 16.20851730999981299 -10.97373132500001702 22.4570329218379392 #
coedge $-1 -1 $-1 $5085 $3886 $3888 $4531 forward $3880 $-1 #
coedge $-1 -1 $-1 $3883 $3882 $5085 $5086 reversed $2478 $-1 #
coedge $-1 -1 $-1 $3886 $5085 $3884 $4525 forward $3880 $-1 #
edge $5087 -1 $-1 $4527 0 $3893 0.02896964666666694208 $4524 $5088 forward @7 unknown #
DXID-attrib $-1 -1 $-1 $-1 $3885 @10 Revit:Edge @7 Edge:84 #
vertex $-1 -1 $-1 $5086 $5089 #
straight-curve $-1 -1 $-1 17.55560587999990929 -10.97373132500001702 22.4570329218379392 0 0 12 F -0.09419759854167344959 F 0 #
DXID-attrib $-1 -1 $-1 $-1 $3887 @10 Revit:Edge @7 Edge:76 #
straight-curve $-1 -1 $-1 17.55560587999990929 -10.62609556500001418 21.32666173933785814 12 0 0 F 0 F 1.911996680000017657 #
edge $5090 -1 $-1 $3890 0 $4535 0.02896964666666694208 $4522 $5091 forward @7 unknown #
point $-1 -1 $-1 40.49956604000011851 -10.62609556500001418 21.32666173933785814 #
point $-1 -1 $-1 17.55560587999990929 -10.62609556500001418 21.32666173933785814 #
DXID-attrib $-1 -1 $-1 $-1 $3898 @10 Revit:Edge @7 Edge:88 #
vertex $-1 -1 $-1 $4531 $5092 #
straight-curve $-1 -1 $-1 40.49956604000011851 -10.97373132500001702 22.4570329218379392 0 0 12 F -0.09419759854167344959 F 0 #
coedge $-1 -1 $-1 $3902 $3900 $3901 $4538 forward $3211 $-1 #
edge $5093 -1 $-1 $3913 0 $3905 1.911996680000017657 $4537 $5094 forward @7 unknown #
DXID-attrib $-1 -1 $-1 $-1 $3903 @10 Revit:Edge @7 Edge:63 #
straight-curve $-1 -1 $-1 40.49956604000011851 10.97373132500001702 21.32666173933785814 0 -12 0 F 0 F 0.02896964666667638244 #
point $-1 -1 $-1 40.49956604000011851 10.97373132500001702 21.32666173933785814 #
DXID-attrib $-1 -1 $-1 $-1 $3909 @10 Revit:Edge @7 Edge:71 #
straight-curve $-1 -1 $-1 17.55560587999990929 10.62609556499990049 21.32666173933785814 0 12 0 F 0 F 0.02896964666667638244 #
point $-1 -1 $-1 17.55560587999990929 10.97373132500001702 21.32666173933785814 #
DXID-attrib $-1 -1 $-1 $-1 $3916 @10 Revit:Edge @7 Edge:51 #
straight-curve $-1 -1 $-1 16.20851730999981299 10.5826410949999854 21.32666173933785814 -12 0 0 F 0 F 1.796118093333328503 #
lump $-1 -1 $-1 $5095 $5096 $6 #
shell $-1 -1 $-1 $-1 $-1 $5097 $-1 $3927 #
face $5098 -1 $-1 $5099 $5100 $3928 $-1 $5101 forward single #
DXID-attrib $-1 -1 $-1 $-1 $3929 @10 Revit:Face @6 Face:0 #
face $5102 -1 $-1 $5103 $5104 $3263 $-1 $5105 forward single #
loop $-1 -1 $-1 $-1 $5106 $3929 #
plane-surface $-1 -1 $-1 -35.89339222000001683 10.5826410949999854 22.10596108082838285 0 0 1 0 -12 0 forward_v I I I I #
DXID-attrib $-1 -1 $-1 $-1 $3931 @10 Revit:Face @8 Face:146 #
face $5107 -1 $-1 $5108 $5109 $2568 $-1 $5110 forward single #
loop $-1 -1 $-1 $-1 $5111 $3931 #
plane-surface $-1 -1 $-1 38.8917506500000556 10.62609556499990049 22.10596108082838285 0 1 0 0 0 -12 forward_v I I I I #
coedge $-1 -1 $-1 $5112 $5113 $5111 $5114 forward $3932 $-1 #
DXID-attrib $-1 -1 $-1 $-1 $3935 @10 Revit:Face @8 Face:133 #
face $5115 -1 $-1 $5116 $5117 $1881 $-1 $5118 forward single #
loop $-1 -1 $-1 $-1 $5119 $3935 #
plane-surface $-1 -1 $-1 30.33122005999996773 10.62609556499990049 22.10596108082838285 -1 -0 -0 0 0 -12 forward_v I I I I #
coedge $-1 -1 $-1 $5120 $5121 $3938 $4566 reversed $3936 $-1 #
coedge $-1 -1 $-1 $5122 $3938 $5119 $5123 forward $3267 $-1 #
coedge $-1 -1 $-1 $3938 $5122 $5124 $5125 forward $3267 $-1 #
edge $5126 -1 $-1 $5127 0 $5128 0.05069688166666178747 $3938 $5129 forward @7 unknown #
DXID-attrib $-1 -1 $-1 $-1 $3940 @10 Revit:Face @8 Face:121 #
face $5130 -1 $-1 $5131 $5132 $1280 $-1 $5133 forward single #
loop $-1 -1 $-1 $-1 $5134 $3940 #
plane-surface $-1 -1 $-1 19.6848749099996283 9.972800864999953774 22.10596108082838285 0 -1 0 0 0 -12 forward_v I I I I #
coedge $-1 -1 $-1 $5135 $5136 $3944 $4575 reversed $3941 $-1 #
coedge $-1 -1 $-1 $5137 $3943 $5138 $5139 forward $3271 $-1 #
coedge $-1 -1 $-1 $3943 $5137 $5135 $5140 forward $3271 $-1 #
coedge $-1 -1 $-1 $3945 $3944 $5134 $5141 forward $2572 $-1 #
edge $5142 -1 $-1 $4580 0 $5143 0.05444122499999553416 $3944 $5144 forward @7 unknown #
coedge $-1 -1 $-1 $5145 $5138 $3945 $4577 reversed $5132 $-1 #
edge $5146 -1 $-1 $5147 0 $4579 0.05444122499999553416 $3945 $5148 forward @7 unknown #
DXID-attrib $-1 -1 $-1 $-1 $3946 @10 Revit:Edge @8 Edge:115 #
vertex $-1 -1 $-1 $3946 $5149 #
vertex $-1 -1 $-1 $3946 $5150 #
straight-curve $-1 -1 $-1 20.33669195999995338 10.62609556499990049 22.10596108082838285 -12 0 0 F 0 F 0.05431808750002720815 #
DXID-attrib $-1 -1 $-1 $-1 $3948 @10 Revit:Face @8 Face:109 #
face $5151 -1 $-1 $-1 $5152 $814 $-1 $5153 forward single #
loop $-1 -1 $-1 $-1 $3956 $3948 #
plane-surface $-1 -1 $-1 13.81852145999994264 9.929346395000038683 22.10596108082838285 1 0 0 0 0 -12 forward_v I I I I #
coedge $-1 -1 $-1 $5154 $5155 $3954 $4593 reversed $3949 $-1 #
coedge $-1 -1 $-1 $5156 $3951 $3953 $4592 reversed $3276 $-1 #
coedge $-1 -1 $-1 $3951 $5156 $5154 $5157 forward $3276 $-1 #
coedge $-1 -1 $-1 $3953 $3952 $5158 $5159 reversed $2576 $-1 #
coedge $-1 -1 $-1 $3956 $5160 $3952 $4591 reversed $4584 $-1 #
edge $5161 -1 $-1 $3959 -2.331176954593504514e-16 $5162 0.04361902086167396969 $3952 $5163 forward @7 unknown #
edge $5164 -1 $-1 $5165 -0.04361902086167396969 $3960 2.331176954593504514e-16 $3953 $5166 forward @7 unknown #
edge $5167 -1 $-1 $4595 0 $4599 0.05069688166666178747 $3954 $5168 forward @7 unknown #
DXID-attrib $-1 -1 $-1 $-1 $3955 @10 Revit:Edge @8 Edge:102 #
vertex $-1 -1 $-1 $3955 $5169 #
straight-curve $-1 -1 $-1 13.2101588800000016 10.5826410949999854 22.10596108082838285 0 -12 0 F 0 F 0.05444122499999553416 #
coedge $-1 -1 $-1 $5160 $3956 $5155 $5170 reversed $4584 $-1 #
DXID-attrib $-1 -1 $-1 $-1 $3957 @10 Revit:Edge @8 Edge:110 #
vertex $-1 -1 $-1 $4593 $5171 #
straight-curve $-1 -1 $-1 13.81852145999994264 9.929346395000038683 22.10596108082838285 0 12 0 F 0 F 0.05444122499999553416 #
point $-1 -1 $-1 13.81852145999994264 10.5826410949999854 22.1059610808283864 #
point $-1 -1 $-1 13.2101588800000016 10.5826410949999854 22.1059610808283864 #
DXID-attrib $-1 -1 $-1 $-1 $3963 @10 Revit:Face @6 Face:1 #
loop $-1 -1 $-1 $-1 $5172 $3963 #
plane-surface $-1 -1 $-1 -35.89339222000001683 10.5826410949999854 21.58253283048829729 0 0 -1 0 12 0 forward_v I I I I #
coedge $-1 -1 $-1 $5173 $3966 $3968 $4609 reversed $3284 $-1 #
coedge $-1 -1 $-1 $3966 $5173 $3977 $4622 forward $3284 $-1 #
coedge $-1 -1 $-1 $3968 $3967 $5174 $5175 reversed $2581 $-1 #
edge $5176 -1 $-1 $5177 -0.04361902086167396969 $3975 2.331176954593504514e-16 $3968 $5178 forward @7 unknown #
coedge $-1 -1 $-1 $5172 $5174 $3969 $4611 forward $4604 $-1 #
edge $5179 -1 $-1 $4617 0 $4614 0.05444122499999553416 $4610 $5180 forward @7 unknown #
coedge $-1 -1 $-1 $3970 $3977 $5172 $5181 reversed $3964 $-1 #
DXID-attrib $-1 -1 $-1 $-1 $3971 @10 Revit:Edge @7 Edge:97 #
vertex $-1 -1 $-1 $5181 $5182 #
straight-curve $-1 -1 $-1 7.778350129999701323 10.5826410949999854 22.10596108082838285 0 0 -12 F -2.331176954593504514e-16 F 0.04361902086167396969 #
DXID-attrib $-1 -1 $-1 $-1 $3972 @10 Revit:Edge @7 Edge:88 #
vertex $-1 -1 $-1 $5175 $5183 #
straight-curve $-1 -1 $-1 7.778350129999701323 9.929346395000038683 22.10596108082838285 0 0 12 F -0.04361902086167396969 F 2.331176954593504514e-16 #
DXID-attrib $-1 -1 $-1 $-1 $3973 @10 Revit:Edge @7 Edge:90 #
straight-curve $-1 -1 $-1 8.299803770000046654 9.929346395000038683 22.10596108082838285 0 12 0 F 0 F 0.05444122499999553416 #
point $-1 -1 $-1 8.299803770000046654 9.929346395000038683 22.1059610808283864 #
edge $5184 -1 $-1 $5185 -0.04361902086167396969 $3979 2.331176954593504514e-16 $4607 $5186 forward @7 unknown #
point $-1 -1 $-1 8.299803770000046654 10.5826410949999854 22.1059610808283864 #
coedge $-1 -1 $-1 $5187 $3990 $3992 $4633 forward $3984 $-1 #
coedge $-1 -1 $-1 $3987 $3986 $5187 $5188 reversed $2589 $-1 #
coedge $-1 -1 $-1 $3990 $5187 $3988 $4627 forward $3984 $-1 #
edge $5189 -1 $-1 $4629 0 $3997 0.05444122499999553416 $4626 $5190 forward @7 unknown #
DXID-attrib $-1 -1 $-1 $-1 $3989 @10 Revit:Edge @7 Edge:76 #
vertex $-1 -1 $-1 $5188 $5191 #
straight-curve $-1 -1 $-1 -4.649628289999898634 9.929346395000038683 22.10596108082838285 0 0 12 F -0.04361902086167396969 F 2.331176954593504514e-16 #
DXID-attrib $-1 -1 $-1 $-1 $3991 @10 Revit:Edge @7 Edge:68 #
straight-curve $-1 -1 $-1 -4.649628289999898634 10.5826410949999854 21.58253283048829729 12 0 0 F 0 F 0.04689233083186028495 #
edge $5192 -1 $-1 $3994 0 $4637 0.05444122499999553416 $4624 $5193 forward @7 unknown #
point $-1 -1 $-1 -4.086920320017575214 10.5826410949999854 21.58253283048829729 #
point $-1 -1 $-1 -4.649628289999898634 10.5826410949999854 21.58253283048829729 #
DXID-attrib $-1 -1 $-1 $-1 $4002 @10 Revit:Edge @7 Edge:80 #
vertex $-1 -1 $-1 $4633 $5194 #
straight-curve $-1 -1 $-1 -4.086920320017575214 9.929346395000038683 22.10596108082838285 0 0 12 F -0.04361902086167396969 F 2.331176954593504514e-16 #
coedge $-1 -1 $-1 $4006 $4004 $4005 $4640 forward $3319 $-1 #
edge $5195 -1 $-1 $4017 0 $4009 0.05806243083332179172 $4639 $5196 forward @7 unknown #
DXID-attrib $-1 -1 $-1 $-1 $4007 @10 Revit:Edge @7 Edge:55 #
straight-curve $-1 -1 $-1 -8.212894830000205815 9.929346395000038683 21.58253283048829729 -12 0 0 F 0 F 0.05069688166668125107 #
point $-1 -1 $-1 -8.212894830000205815 9.929346395000038683 21.58253283048829729 #
DXID-attrib $-1 -1 $-1 $-1 $4013 @10 Revit:Edge @7 Edge:63 #
straight-curve $-1 -1 $-1 -8.821257410000381327 10.62609556499990049 21.58253283048829729 12 0 0 F 0 F 0.05069688166668125107 #
point $-1 -1 $-1 -8.212894830000205815 10.62609556499990049 21.58253283048829729 #
DXID-attrib $-1 -1 $-1 $-1 $4020 @10 Revit:Edge @7 Edge:43 #
straight-curve $-1 -1 $-1 -24.59523002000003089 9.929346395000038683 21.58253283048829729 -12 0 0 F 0 F 0.05069688166668113311 #
DXID-attrib $-1 -1 $-1 $-1 $4030 @10 Revit:Face @8 Face:133 #
face $5197 -1 $-1 $5198 $5199 $107 $-1 $5200 forward single #
loop $-1 -1 $-1 $-1 $5201 $4030 #
plane-surface $-1 -1 $-1 40.29442463166692079 9.885206811666648719 20.972035486004728 2.844669274143150987e-15 -1.61006647384086336e-15 -1 0 -12 1.932079768609035795e-14 forward_v I I I I #
coedge $-1 -1 $-1 $5202 $5203 $4049 $4668 reversed $4031 $-1 #
coedge $-1 -1 $-1 $5204 $4033 $4035 $4657 reversed $3366 $-1 #
coedge $-1 -1 $-1 $4033 $5204 $5202 $5205 forward $3366 $-1 #
coedge $-1 -1 $-1 $4035 $4034 $5206 $5207 reversed $2669 $-1 #
edge $5208 -1 $-1 $5209 -1.654922515555550033 $4052 0 $4035 $5210 forward @7 unknown #
coedge $-1 -1 $-1 $4038 $5206 $4036 $4659 forward $3379 $-1 #
edge $5211 -1 $-1 $4661 -1.164629354360390501 $4041 1.375581220847444497 $4658 $5212 forward @7 unknown #
DXID-attrib $-1 -1 $-1 $-1 $4037 @10 Revit:Edge @8 Edge:124 #
vertex $-1 -1 $-1 $5207 $5213 #
straight-curve $-1 -1 $-1 16.35661693305853959 9.885206811666650495 22.23539151350459164 0 12 -1.932079768609035795e-14 F -1.654922515555550033 F -3.753349859181446362e-31 #
DXID-attrib $-1 -1 $-1 $-1 $4039 @10 Revit:Edge @8 Edge:115 #
straight-curve $-1 -1 $-1 16.24633182750075377 -9.973863374999949016 21.19367689433806845 -11.82342544549325858 -7.2520003488543265e-15 -2.051002373197677642 F -1.228124862890597218e-15 F 0.1837103647906827564 #
point $-1 -1 $-1 16.24633182750076799 -9.973863374999949016 21.193676894338072 #
coedge $-1 -1 $-1 $5214 $4046 $4064 $4686 forward $3379 $-1 #
coedge $-1 -1 $-1 $5215 $4049 $5201 $5216 forward $314 $-1 #
edge $5217 -1 $-1 $4670 1.648391032738871629e-16 $5218 0.007836207141185389316 $4049 $5219 forward @7 unknown #
DXID-attrib $-1 -1 $-1 $-1 $4050 @10 Revit:Edge @8 Edge:126 #
vertex $-1 -1 $-1 $4050 $5220 #
straight-curve $-1 -1 $-1 40.36091705416669129 9.885206811666650495 22.2353915135046698 0 -2.671517704742977216e-14 -12 F -0 F 0.09973863375001383591 #
point $-1 -1 $-1 40.36091705416669129 9.885206811666650495 22.2353915135046698 #
coedge $-1 -1 $-1 $4055 $5221 $5222 $5223 forward $314 $-1 #
coedge $-1 -1 $-1 $5224 $5225 $4055 $4675 reversed $5226 $-1 #
edge $5227 -1 $-1 $5228 -2.331176954593504514e-16 $4680 0.01108207041666657219 $4055 $5229 forward @7 unknown #
coedge $-1 -1 $-1 $5230 $4056 $5225 $5231 reversed $4678 $-1 #
coedge $-1 -1 $-1 $4056 $5230 $4058 $4683 forward $4678 $-1 #
loop $-1 -1 $-1 $-1 $4056 $5232 #
DXID-attrib $-1 -1 $-1 $-1 $4057 @10 Revit:Edge @8 Edge:170 #
vertex $-1 -1 $-1 $4675 $5233 #
straight-curve $-1 -1 $-1 19.48229638916671291 9.885206811666650495 21.32666173933811393 7.213097802785522608e-13 0 -12 F 0 F 0.007388046944466139521 #
coedge $-1 -1 $-1 $4059 $4058 $5214 $5234 reversed $4060 $-1 #
edge $5235 -1 $-1 $5236 -1.654922515555550033 $4062 -3.753349859181446362e-31 $4677 $5237 forward @7 unknown #
face $5238 -1 $-1 $4066 $4060 $107 $-1 $5239 forward single #
point $-1 -1 $-1 19.48229638916672002 9.885206811666650495 21.23800517600452054 #
edge $5240 -1 $-1 $4070 7.335243821244673369e-16 $4688 0.1208415742894231593 $4666 $5241 forward @7 unknown #
DXID-attrib $-1 -1 $-1 $-1 $4065 @10 Revit:Edge @8 Edge:180 #
vertex $-1 -1 $-1 $4686 $5242 #
straight-curve $-1 -1 $-1 19.32052771327131779 9.885206811666648719 20.56782066158014999 0 12 -1.932079768609035795e-14 F -1.654922515555550033 F 0 #
DXID-attrib $-1 -1 $-1 $-1 $4066 @10 Revit:Face @8 Face:177 #
plane-surface $-1 -1 $-1 19.32052771327131779 9.885206811666648719 20.56782066158014999 0.4090559040928448686 -1.469200670468742302e-15 -0.9125093245149802357 0 -12 1.932079768609035795e-14 forward_v I I I I #
DXID-attrib $-1 -1 $-1 $-1 $4068 @10 Revit:Edge @8 Edge:183 #
ellipse-curve $-1 -1 $-1 17.8404450335897522 -9.973863374999950793 20.64554064219040441 0 -1 0 0.6889837069473009334 0 0 1 F 4.576861266398604577 F 4.94206271618734938 #
point $-1 -1 $-1 17.99729895333330276 -9.973863374999950793 19.97464914850463202 #
DXID-attrib $-1 -1 $-1 $-1 $4078 @10 Revit:Face @7 Face:73 #
face $5243 -1 $-1 $5244 $5245 $64 $-1 $5246 forward single #
loop $-1 -1 $-1 $-1 $5247 $4078 #
plane-surface $-1 -1 $-1 -5.474526189166635248 9.885206811666650495 21.41531830267145509 0.6839411288813034284 1.174603393805588835e-15 0.7295372041401099183 0 -12 1.932079768609035795e-14 forward_v I I I I #
coedge $-1 -1 $-1 $5248 $5249 $4095 $4714 reversed $4079 $-1 #
coedge $-1 -1 $-1 $5250 $4081 $4083 $4703 reversed $3412 $-1 #
coedge $-1 -1 $-1 $4081 $5250 $5248 $5251 forward $3412 $-1 #
coedge $-1 -1 $-1 $4083 $4082 $5252 $5253 reversed $2705 $-1 #
edge $5254 -1 $-1 $5255 -1.654922515555550033 $4098 3.753349859181446362e-31 $4083 $5256 forward @7 unknown #
coedge $-1 -1 $-1 $4086 $5252 $4084 $4705 forward $2718 $-1 #
edge $5257 -1 $-1 $4707 5.827942386483761286e-17 $4089 0.07203345770832619843 $4704 $5258 forward @7 unknown #
DXID-attrib $-1 -1 $-1 $-1 $4085 @10 Revit:Edge @7 Edge:64 #
vertex $-1 -1 $-1 $5253 $5259 #
straight-curve $-1 -1 $-1 -5.806988301666704544 9.885206811666650495 22.3018839360046357 2.415099710761295138e-15 12 0 F -1.654922515555550033 F 1.165588477296752011e-16 #
DXID-attrib $-1 -1 $-1 $-1 $4087 @10 Revit:Edge @7 Edge:55 #
straight-curve $-1 -1 $-1 -6.671389794166620923 -9.973863374999949016 22.30188393600463215 -1.402094970806389673 0 11.91780725187479284 F 2.315209801238155492e-16 F 0.03161574828351190747 #
point $-1 -1 $-1 -6.671389794166620923 -9.973863374999949016 22.3018839360046357 #
coedge $-1 -1 $-1 $5260 $4094 $4110 $4731 forward $2718 $-1 #
coedge $-1 -1 $-1 $4101 $4095 $5247 $5261 forward $190 $-1 #
edge $5262 -1 $-1 $4716 3.270152282862551996 $5263 3.877848575458309632 $4095 $5264 forward @7 unknown #
DXID-attrib $-1 -1 $-1 $-1 $4096 @10 Revit:Edge @7 Edge:66 #
vertex $-1 -1 $-1 $4096 $5265 #
straight-curve $-1 -1 $-1 -5.607511034166535069 9.885206811666650495 22.10240666850447866 8.01455311423110701e-14 -4.007276557115553505e-14 -12 F 2.331176954593504514e-16 F 0.03324621124999505711 #
point $-1 -1 $-1 -5.607511034166535069 9.885206811666650495 22.10240666850447511 #
coedge $-1 -1 $-1 $5266 $5267 $4101 $4720 reversed $5245 $-1 #
edge $5268 -1 $-1 $5269 5.548837639543195088 $4725 7.017532974815109625 $4101 $5270 forward @7 unknown #
coedge $-1 -1 $-1 $5271 $4102 $5267 $5272 reversed $4723 $-1 #
coedge $-1 -1 $-1 $4102 $5271 $4104 $4728 forward $4723 $-1 #
loop $-1 -1 $-1 $-1 $4102 $5244 #
DXID-attrib $-1 -1 $-1 $-1 $4103 @10 Revit:Edge @7 Edge:82 #
vertex $-1 -1 $-1 $4720 $5273 #
straight-curve $-1 -1 $-1 -4.056021175833138592 9.885206811666646942 19.50920219100470376 -8.95554521362372391 -1.454892421245650792e-14 -7.987378163499033512 F -1.986602671402275683e-16 F 0.09157155608863000451 #
coedge $-1 -1 $-1 $4105 $4104 $5260 $5274 reversed $4106 $-1 #
edge $5275 -1 $-1 $5276 -1.654922515555550033 $4108 0 $4722 $5277 forward @7 unknown #
face $5278 -1 $-1 $4112 $4106 $64 $-1 $5279 forward single #
point $-1 -1 $-1 -4.876094386666744107 9.885206811666645166 18.77778554350475204 #
edge $5280 -1 $-1 $4116 4.585973751335378878 $4733 5.251451997492618595 $4712 $5281 forward @7 unknown #
DXID-attrib $-1 -1 $-1 $-1 $4111 @10 Revit:Edge @7 Edge:92 #
vertex $-1 -1 $-1 $4731 $5282 #
straight-curve $-1 -1 $-1 -5.142064076666598815 9.885206811666645166 18.57830827600449908 -8.452848987664532589e-15 12 -4.830199421522589487e-15 F -1.654922515555549811 F 2.873658485935794666e-31 #
DXID-attrib $-1 -1 $-1 $-1 $4112 @10 Revit:Face @7 Face:89 #
cone-surface $-1 -1 $-1 -5.907198512882071206 -9.929535093333381468 19.85746214857152125 0 1 0 1.490525187705991073 0 0 1 I I 0 1 1.490525187705991073 forward I I I I #
DXID-attrib $-1 -1 $-1 $-1 $4114 @10 Revit:Edge @7 Edge:95 #
straight-curve $-1 -1 $-1 -7.690940272499868335 -9.973863374999954345 18.55614413517139383 11.92660481608329981 0 -1.325178312899268684 F 2.574354286464897536e-17 F 0.1338032210010783041 #
point $-1 -1 $-1 -6.095122132500949697 -9.973863374999952569 18.37883100850469731 #
coedge $-1 -1 $-1 $4124 $4132 $4123 $4741 forward $2049 $-1 #
edge $5283 -1 $-1 $4135 0 $4127 0.1071266806944405903 $4740 $5284 forward @7 unknown #
DXID-attrib $-1 -1 $-1 $-1 $4125 @10 Revit:Edge @7 Edge:19 #
ellipse-curve $-1 -1 $-1 -39.14318284174017037 -9.973863374999949016 21.58428085515028272 0 -1 0 0.6298685695699060005 0 0 1 F 3.641542577110671086 F 4.355053986434008095 #
point $-1 -1 $-1 -39.69595963583318365 -9.973863374999949016 21.28233345767135631 #
DXID-attrib $-1 -1 $-1 $-1 $4133 @10 Revit:Edge @7 Edge:27 #
straight-curve $-1 -1 $-1 -39.60730307249976079 -9.973863374999949016 22.65651018933806427 -8.485281374238441643 0 -8.485281374238695662 F -1.648391032738797427e-16 F 0.01044827618829268119 #
point $-1 -1 $-1 -39.69595963583318365 -9.973863374999949016 22.56785362600464495 #
DXID-attrib $-1 -1 $-1 $-1 $4141 @10 Revit:Face @7 Face:33 #
face $5285 -1 $-1 $4762 $4757 $46 $-1 $5286 forward single #
loop $-1 -1 $-1 $-1 $4774 $4141 #
plane-surface $-1 -1 $-1 -13.46555118110243399 -9.95169923416663238 18.29017444517135971 0 0 1 12 -1.898904387611466904e-14 0 forward_v I I I I #
coedge $-1 -1 $-1 $4160 $4144 $5287 $5288 forward $199 $-1 #
coedge $-1 -1 $-1 $5289 $5290 $4144 $4754 reversed $4750 $-1 #
edge $5291 -1 $-1 $4759 0 $5292 0.005541035208333636511 $4144 $5293 forward @7 unknown #
coedge $-1 -1 $-1 $4179 $4145 $4148 $4761 forward $4757 $-1 #
coedge $-1 -1 $-1 $4145 $4179 $5289 $5294 reversed $4757 $-1 #
loop $-1 -1 $-1 $-1 $4179 $4749 #
DXID-attrib $-1 -1 $-1 $-1 $4146 @10 Revit:Edge @7 Edge:39 #
vertex $-1 -1 $-1 $4146 $5295 #
straight-curve $-1 -1 $-1 13.4758142233335203 -9.885206811666671811 18.55614413517154304 0 0 -12 F 2.331176954593504514e-16 F 0.02216414083334876384 #
edge $5296 -1 $-1 $4151 -2.245113783702996635 $4182 0 $4755 $5297 forward @7 unknown #
face $5298 -1 $-1 $4154 $4149 $46 $-1 $5299 forward single #
point $-1 -1 $-1 13.4758142233335203 -9.885206811666671811 18.55614413517153949 #
DXID-attrib $-1 -1 $-1 $-1 $4153 @10 Revit:Edge @7 Edge:48 #
straight-curve $-1 -1 $-1 -13.46555118110240024 9.863042670833372938 18.55614413517160699 -12 1.898904387611466904e-14 0 F -2.245113783702996191 F -1.844450894740142872e-31 #
DXID-attrib $-1 -1 $-1 $-1 $4154 @10 Revit:Face @7 Face:45 #
plane-surface $-1 -1 $-1 -13.46555118110240024 9.863042670833372938 18.55614413517160699 1.582420323009555754e-15 1 0 12 -1.898904387611466904e-14 0 forward_v I I I I #
coedge $-1 -1 $-1 $4171 $4170 $4160 $4769 reversed $3488 $-1 #
edge $5300 -1 $-1 $5301 0 $4771 0.002770517604167051142 $4160 $5302 forward @7 unknown #
DXID-attrib $-1 -1 $-1 $-1 $4162 @10 Revit:Edge @7 Edge:23 #
vertex $-1 -1 $-1 $4769 $5303 #
straight-curve $-1 -1 $-1 13.4758142233335203 -9.918453022916670747 17.97987647350474205 0 0 -12 F 0 F 0.155148985833325731 #
point $-1 -1 $-1 13.4758142233335203 -9.918453022916670747 16.11808864350483361 #
coedge $-1 -1 $-1 $5290 $5289 $4167 $4775 reversed $4750 $-1 #
edge $5304 -1 $-1 $4779 0 $4786 0.005541035208333519417 $4167 $5305 forward @7 unknown #
coedge $-1 -1 $-1 $5287 $4168 $4171 $4781 reversed $4142 $-1 #
coedge $-1 -1 $-1 $4168 $5287 $5290 $5306 forward $4142 $-1 #
DXID-attrib $-1 -1 $-1 $-1 $4169 @10 Revit:Edge @7 Edge:30 #
vertex $-1 -1 $-1 $4169 $5307 #
straight-curve $-1 -1 $-1 -13.46555118110243399 -9.95169923416663238 17.97987647350474205 0 0 12 F 0 F 0.02585816430555129553 #
edge $5308 -1 $-1 $5301 -2.245113783702996635 $4173 0 $4171 $5309 forward @7 unknown #
point $-1 -1 $-1 -13.46555118110243399 -9.95169923416663238 17.97987647350474205 #
DXID-attrib $-1 -1 $-1 $-1 $4175 @10 Revit:Edge @7 Edge:28 #
straight-curve $-1 -1 $-1 -13.46555118110243399 -9.918453022916629891 17.97987647350474205 -12 1.898904387611466904e-14 0 F -2.245113783702996635 F 0 #
DXID-attrib $-1 -1 $-1 $-1 $4180 @10 Revit:Edge @7 Edge:38 #
vertex $-1 -1 $-1 $4775 $5310 #
straight-curve $-1 -1 $-1 -13.46555118110243399 -9.885206811666630955 18.29017444517135971 0 0 12 F -2.331176954593504514e-16 F 0.02216414083334829893 #
point $-1 -1 $-1 -13.46555118110243399 -9.885206811666630955 18.55614413517153949 #
DXID-attrib $-1 -1 $-1 $4186 $3537 @10 Revit:Face @7 Face:75 #
rgb_color-st-attrib $-1 -1 $5311 $-1 $4187 0 0 0 #
face $5312 -1 $-1 $5313 $5314 $121 $-1 $5315 reversed single #
loop $-1 -1 $-1 $-1 $5316 $4187 #
plane-surface $-1 -1 $-1 17.16451565000023294 -5.513432686891721168 27.86388309622504877 0.5110753928771495369 -0.8595358880206616092 0 0 0 -12 forward_v I I I I #
coedge $-1 -1 $-1 $4799 $4818 $5316 $5317 forward $4188 $-1 #
edge $5318 -1 $-1 $4213 0 $4198 0.1608921274476879937 $4191 $5319 forward @7 unknown #
DXID-attrib $-1 -1 $-1 $-1 $4193 @10 Revit:Edge @8 Edge:138 #
straight-curve $-1 -1 $-1 17.04424089750015625 5.511083796621819353 22.74516675267123134 0 0 12 F 0 F 0.1608921274476877716 #
coedge $-1 -1 $-1 $4200 $4194 $5320 $5321 forward $994 $-1 #
coedge $-1 -1 $-1 $5322 $4794 $4194 $4800 reversed $4188 $-1 #
edge $5323 -1 $-1 $4803 0 $5324 0.01002289604167316654 $4194 $5325 forward @7 unknown #
coedge $-1 -1 $-1 $4195 $4210 $5322 $5326 forward $3538 $-1 #
DXID-attrib $-1 -1 $-1 $-1 $4196 @10 Revit:Edge @7 Edge:92 #
vertex $-1 -1 $-1 $4196 $5327 #
straight-curve $-1 -1 $-1 17.04424089750015625 -5.513432686891723833 22.74516675267124555 0 12 -2.150538278362915409e-14 F -0.3717025573423511364 F 1.748382715945128263e-16 #
point $-1 -1 $-1 17.04424089750015625 -9.973863374999936582 22.74516675267125621 #
coedge $-1 -1 $-1 $5328 $5329 $4200 $4807 reversed $5314 $-1 #
edge $5330 -1 $-1 $5331 -5.827942386483761286e-17 $4812 0.5738632541554076205 $4200 $5332 forward @7 unknown #
coedge $-1 -1 $-1 $4216 $4201 $5329 $5333 reversed $4810 $-1 #
coedge $-1 -1 $-1 $4201 $4216 $4203 $4814 forward $4810 $-1 #
loop $-1 -1 $-1 $-1 $4808 $5313 #
DXID-attrib $-1 -1 $-1 $-1 $4202 @10 Revit:Edge @8 Edge:135 #
vertex $-1 -1 $-1 $4807 $5334 #
straight-curve $-1 -1 $-1 20.68432771999995623 3.465787593783807186 22.74516675267123134 -10.37550278398478198 6.029008374477845322 -7.85436621302914281e-15 F 3.186818196998339894e-16 F 0.3392425546290849248 #
edge $5335 -1 $-1 $4219 -0.1608921274476877716 $4206 0 $4809 $5336 forward @7 unknown #
face $5337 -1 $-1 $-1 $4204 $121 $-1 $5338 reversed single #
point $-1 -1 $-1 17.16451564999977819 5.511083796621817577 22.74516675267123134 #
coedge $-1 -1 $-1 $4209 $4215 $5339 $5340 forward $2163 $-1 #
coedge $-1 -1 $-1 $4794 $5322 $4209 $4819 reversed $4188 $-1 #
edge $5341 -1 $-1 $5342 3.873321122015612747e-30 $4821 0.01002289604167316654 $4209 $5343 forward @7 unknown #
DXID-attrib $-1 -1 $-1 $-1 $4211 @10 Revit:Edge @7 Edge:96 #
vertex $-1 -1 $-1 $4211 $5344 #
straight-curve $-1 -1 $-1 17.04424089750015625 -5.513432686891721168 24.6758722820435068 0 12 -1.433692185575277044e-14 F -0.3717025573423511364 F -5.827942386483761286e-17 #
point $-1 -1 $-1 17.04424089750015625 -9.973863374999934805 24.67587228204351035 #
coedge $-1 -1 $-1 $5329 $5328 $4215 $4825 reversed $5314 $-1 #
edge $5345 -1 $-1 $4827 1.165588477296752257e-16 $5346 0.5738632541554076205 $4215 $5347 forward @7 unknown #
DXID-attrib $-1 -1 $-1 $-1 $4217 @10 Revit:Edge @8 Edge:142 #
vertex $-1 -1 $-1 $4217 $5348 #
straight-curve $-1 -1 $-1 17.16451564999977819 5.511083796621816688 24.67587228204348193 10.37550278398478198 -6.029008374477845322 1.570873242605828562e-14 F -2.601206306096923112e-16 F 0.3392425546290843141 #
point $-1 -1 $-1 17.16451564999977819 5.511083796621817577 24.67587228204348193 #
DXID-attrib $-1 -1 $-1 $4223 $3565 @10 Revit:Face @7 Face:34 #
rgb_color-st-attrib $-1 -1 $5349 $-1 $4224 0 0 0 #
plane-surface $-1 -1 $-1 -27.74948772666637709 -9.973863374999934805 24.65651018933806782 0 -1 1.618667433348004174e-15 0 1.942400920017605009e-14 12 forward_v I I I I #
edge $5350 -1 $-1 $4249 -0.1664331626560216493 $4236 2.331176954593504514e-16 $4234 $5351 forward @7 unknown #
coedge $-1 -1 $-1 $4232 $4246 $4239 $4838 reversed $3566 $-1 #
DXID-attrib $-1 -1 $-1 $-1 $4233 @10 Revit:Edge @8 Edge:128 #
straight-curve $-1 -1 $-1 12.86252312000000053 -3.420571456081082484 22.67867433017124057 10.31443065624793398 -6.132904714525800216 8.069108411879284573e-15 F -2.301582048283588598e-16 F 0.3302143338634127567 #
point $-1 -1 $-1 12.86252311999999698 -3.42057145608108204 22.67867433017123702 #
edge $5352 -1 $-1 $4242 4.665163399221662957e-31 $4253 0.1664331626560218713 $4239 $5353 forward @7 unknown #
point $-1 -1 $-1 16.26849596833327638 -5.445744501036002383 22.67867433017124412 #
DXID-attrib $-1 -1 $-1 $-1 $4244 @10 Revit:Edge @7 Edge:21 #
straight-curve $-1 -1 $-1 16.26849596833327638 -9.973863374999936582 22.67867433017125123 0 1.600964144752417197e-14 12 F 2.331176954593504514e-16 F 0.1664331626560216493 #
DXID-attrib $-1 -1 $-1 $-1 $4247 @10 Revit:Edge @8 Edge:131 #
straight-curve $-1 -1 $-1 16.26849596833327638 -5.445744501036001495 24.6758722820435068 -10.31443065624793398 6.13290471452579844 -1.613821682375854075e-14 F 2.978517944837583381e-17 F 0.3302143338634130343 #
point $-1 -1 $-1 12.86252311999999698 -3.420571456081080264 24.67587228204349969 #
point $-1 -1 $-1 16.26849596833327638 -5.445744501036001495 24.6758722820435068 #
coedge $-1 -1 $-1 $4258 $4267 $5354 $5355 reversed $3637 $-1 #
coedge $-1 -1 $-1 $5354 $4262 $4343 $4918 reversed $4350 $-1 #
coedge $-1 -1 $-1 $4262 $5354 $4271 $4859 forward $4350 $-1 #
DXID-attrib $-1 -1 $-1 $-1 $4263 @10 Revit:Edge @8 Edge:505 #
intcurve-curve $-1 -1 $-1 forward { surfintcur full nubs 3 periodic 25 
	0 3 0.05990681036055539588 2 0.1198136207211107918 2 0.2396272414422215835 2 0.3526589522851482639 2 
	0.4656906631280749442 2 0.5273479835868277732 2 0.5890053040455807132 2 0.7123199449630863711 2 0.854387848667517491 2 
	0.9254218005197329955 2 0.9609387764458408032 2 0.996455752371948611 2 1.031972728298056197 2 1.067489704224164004 2 
	1.13852365607637962 2 1.280591559780810851 2 1.403906200698316509 2 1.465563521157069449 2 1.527220841615822167 2 
	1.640252552458748792 2 1.753284263301675416 2 1.873097884022786097 2 1.933004694383341437 2 1.992911504743897 3 
	-3.924870878003194008 -6.858873056770886656 15.38591809444255887 
	-3.924870878003194008 -6.851011270634330685 15.38591809444255887 
	-3.923746369655367605 -6.843226421192659892 15.38510240601791423 
	-3.919800670121103892 -6.828149239668730885 15.38197459175341564 
	-3.917002856504575359 -6.820850640102197104 15.37966323377463773 
	-3.907466619039613676 -6.800039589153283437 15.37074486361554193 
	-3.89969513417326219 -6.787573506747134999 15.36205189071935173 
	-3.88706791749471714 -6.768053339483103059 15.34222124094416628 
	-3.881140129928090321 -6.759463359461765464 15.32985788395988003 
	-3.873716680268700419 -6.74778833884750906 15.30203983943523305 
	-3.87228354798008878 -6.744732400833206576 15.28655630145799726 
	-3.87425041821920324 -6.744732400833206576 15.26371576198665991 
	-3.875725623082753479 -6.745598002110051006 15.25562882700369549 
	-3.880148925982092489 -6.748955540506441864 15.23999449844241205 
	-3.883095863935974723 -6.751445937280512233 15.23244644592153385 
	-3.893642347142645566 -6.760841891307276974 15.21131527865479605 
	-3.903036581932589844 -6.769752631448933577 15.19927251021382375 
	-3.923516929841411649 -6.789903344868457147 15.17958923349896061 
	-3.936251599487239794 -6.802727145361370908 15.17138825700317462 
	-3.953702797453363615 -6.822487414885651802 15.16335837846228962 
	-3.959174526139646044 -6.82904864938496825 15.16138075248715644 
	-3.966013161960210365 -6.839313514366260449 15.15927098212210566 
	-3.968049538625728623 -6.84278341287624059 15.15871427874035149 
	-3.971210263973973476 -6.850239908395949762 15.15790197023540387 
	-3.972366181465980972 -6.854212036308142686 15.15763678256719693 
	-3.972366181465980972 -6.863534077233631514 15.15763678256719693 
	-3.971210263973972587 -6.867506205145826215 15.15790197023540387 
	-3.968049538625727735 -6.874962700665534499 15.15871427874035149 
	-3.966013161960208588 -6.878432599175513751 15.15927098212210566 
	-3.959174526139644712 -6.88869746415680595 15.16138075248715644 
	-3.953702797453360951 -6.895258698656118845 15.16335837846228785 
	-3.936251599487237574 -6.915018968180398851 15.17138825700317462 
	-3.923516929841411649 -6.927842768673317053 15.17958923349896416 
	-3.903036581932589844 -6.947993482092840622 15.19927251021382375 
	-3.893642347142645566 -6.956904222234497226 15.21131527865479605 
	-3.883095863935974723 -6.966300176261261967 15.23244644592153385 
	-3.880148925982092489 -6.968790573035332336 15.23999449844241205 
	-3.875725623082753479 -6.972148111431723194 15.25562882700369549 
	-3.87425041821920324 -6.973013712708567624 15.26371576198665991 
	-3.87228354798008878 -6.973013712708567624 15.28655630145799726 
	-3.87371668026869953 -6.969957774694264252 15.30203983943523127 
	-3.881140129928089877 -6.958282754080008736 15.32985788395987825 
	-3.88706791749471714 -6.949692774058670253 15.34222124094416628 
	-3.89969513417326219 -6.930172606794638313 15.36205189071935173 
	-3.907466619039615452 -6.91770652438848721 15.37074486361554193 
	-3.917002856504575803 -6.896895473439574431 15.37966323377463773 
	-3.919800670121107444 -6.889596873873041538 15.38197459175341564 
	-3.923746369655369826 -6.874519692349115196 15.38510240601791423 
	-3.924870878003194008 -6.866734842907443515 15.38591809444255887 
	-3.924870878003194008 -6.858873056770886656 15.38591809444255887 
	8.958691384491428405e-05 
	
	cone 10.33555422583333261 -6.858873056770886656 15.27177743850487879 1 0 0 0 -0.1141406559376805102 0 1 I I 0 1 0.1141406559376805102 forward I I I I 
	cone -4.001625727291908241 6.348833320724273754 15.28280590558794572 0 -1 0 0.1285434960615383371 0 0 1 I I 0 1 0.1285434960615383371 forward I I I I 
	nullbs 
	nullbs 
	I I 
	0 
	0 
	0 
	} F 0.06487359411208346027 F 0.9182109975313653694 #
point $-1 -1 $-1 -3.962465641141490025 -6.834002760243573782 15.16036590626374725 #
coedge $-1 -1 $-1 $4867 $4271 $4267 $4853 forward $4272 $-1 #
edge $5356 -1 $-1 $5357 2.466262438595050899 $4855 2.833539872564061479 $4852 $5358 forward @7 unknown #
DXID-attrib $-1 -1 $-1 $-1 $4268 @10 Revit:Edge @9 Edge:2963 #
vertex $-1 -1 $-1 $4853 $5359 #
straight-curve $-1 -1 $-1 8.420701184220549251 4.34575541416437261 15.4052983168379285 0 -12 0 F -2.331176954593504514e-16 F 0.9427131708329212767 #
rgb_color-st-attrib $-1 -1 $5360 $-1 $4269 0 0 0 #
cone-surface $-1 -1 $-1 8.459676042345803282 6.348833320724273754 15.28280590558793151 0 -1 0 -0.1285434960615383371 0 0 1 I I 0 1 0.1285434960615383371 forward I I I I #
edge $5361 -1 $-1 $5357 -1.025048544127870942 $4274 1.893661288744586109e-31 $4848 $5362 forward @7 unknown #
point $-1 -1 $-1 -3.921266107240267917 -6.833817790833100148 15.38313417600500266 #
coedge $-1 -1 $-1 $4280 $4286 $4278 $4862 forward $3668 $-1 #
edge $5363 -1 $-1 $4289 0.3617244306301883316 $5364 1.811859427023468472 $4861 $5365 forward @7 unknown #
rgb_color-st-attrib $-1 -1 $5366 $-1 $4279 0 0 0 #
cone-surface $-1 -1 $-1 9.918298821517751662 6.348833320724273754 15.90790845636491113 0 1 0 -0.2680102279975399848 0 0 1 I I 0 1 0.2680102279975399848 forward I I I I #
edge $5367 -1 $-1 $5364 -1.308447140480140547 $4282 5.82794238648371075e-17 $4280 $5368 forward @7 unknown #
point $-1 -1 $-1 -5.621657685353899758 -8.454055884530541576 16.12186302930351545 #
coedge $-1 -1 $-1 $4293 $4852 $4285 $4868 forward $4272 $-1 #
edge $5369 -1 $-1 $4855 -1.625886610857927499e-16 $4870 0.1757050234417634749 $4867 $5370 forward @7 unknown #
DXID-attrib $-1 -1 $-1 $-1 $4287 @10 Revit:Edge @9 Edge:3065 #
vertex $-1 -1 $-1 $4868 $5371 #
ellipse-curve $-1 -1 $-1 11.37674229733888609 -8.301839323502569812 15.89122288337772204 -0.1622066002982551769 0 0.9867568184814747845 1.681078930415556449 0 0.2763417419860005331 0.1622066002982551491 F -2.629054372682645191 F -2.483723702311557258 #
point $-1 -1 $-1 10.04650955172053273 -8.470803493427798259 15.67255448683780905 #
DXID-attrib $-1 -1 $-1 $4291 $3661 @10 Revit:Face @9 Face:2654 #
DXID-attrib $-1 -1 $-1 $-1 $4296 @10 Revit:Edge @8 Edge:666 #
straight-curve $-1 -1 $-1 -5.453627379933386976 -8.437354810833209484 15.65039034600497381 -12 1.456664613381161897e-14 -8.323797790749495651e-15 F -1.280442089576735887 F 8.741913579725651174e-16 #
rgb_color-st-attrib $-1 -1 $5372 $-1 $4297 0 0 0 #
cone-surface $-1 -1 $-1 10.33555422583333261 -8.301839323502569812 15.89122288337772204 -1 0 0 0 -0.2763417419860005331 0 1 I I 0 1 0.2763417419860005331 forward I I I I #
coedge $-1 -1 $-1 $4300 $4315 $4299 $4879 forward $3040 $-1 #
edge $5373 -1 $-1 $5364 -0.6463166742719245184 $4303 -0.3174892165554665246 $4878 $5374 forward @7 unknown #
DXID-attrib $-1 -1 $-1 $-1 $4301 @10 Revit:Edge @9 Edge:3070 #
straight-curve $-1 -1 $-1 10.00196685672077024 -8.222287600084621673 16.16252413183788761 -8.637167473532507245 8.205309099844752652 1.439527912253512509 F -7.550537162702225319e-17 F 0.06246582424102561926 #
point $-1 -1 $-1 10.00196685672076846 -8.222287600084623449 16.16252413183788761 #
DXID-attrib $-1 -1 $-1 $4305 $3679 @10 Revit:Face @9 Face:2658 #
DXID-attrib $-1 -1 $-1 $4311 $3687 @10 Revit:Face @9 Face:2622 #
rgb_color-st-attrib $-1 -1 $5375 $-1 $4312 0 0 0 #
face $5376 -1 $-1 $5377 $5378 $39 $-1 $5379 reversed single #
loop $-1 -1 $-1 $-1 $5380 $4312 #
cone-surface $-1 -1 $-1 9.938227677427688533 6.348833320724273754 11.0816415349205748 0 1 0 -0.1159719072795646205 0 0 1 I I 0 1 0.1159719072795646205 forward I I I I #
tcoedge-coedge $-1 -1 $-1 $5381 $5382 $5380 $5383 forward $4313 $5384 4.689927396570696779e-08 1.187805153100721212 #
DXID-attrib $-1 -1 $-1 $4318 $3699 @10 Revit:Face @8 Face:159 #
DXID-attrib $-1 -1 $-1 $4321 $3702 @10 Revit:Face @8 Face:227 #
rgb_color-st-attrib $-1 -1 $5385 $-1 $4322 0 0 0 #
face $5386 -1 $-1 $5387 $5388 $39 $-1 $5389 reversed single #
loop $-1 -1 $-1 $-1 $5390 $4322 #
cone-surface $-1 -1 $-1 -4.291153244791384935 6.348833320724273754 11.51894817808788218 0 -1 0 0.1285434960613438538 0 0 1 I I 0 1 0.1285434960613438538 forward I I I I #
coedge $-1 -1 $-1 $5391 $5392 $5393 $5394 reversed $4323 $-1 #
coedge $-1 -1 $-1 $5395 $4325 $5396 $5397 reversed $3703 $-1 #
coedge $-1 -1 $-1 $4325 $5398 $5399 $5400 reversed $3703 $-1 #
pcurve $-1 -1 $-1 0 forward { exppc nubs 1 open 2 
	4.812304996021718808e-08 1 1.187805151876947463 1 
	-4.591856092789837973 2.776342851518526889 
	-127.4980113799194612 2.776342851518656563 
	0 
	cone -5.480177362373793493 6.348833320724273754 11.08164153492059079 0 1 0 0.1159719072795646205 0 0 1 I I 0 1 0.1159719072795646205 forward I I I I 
	} 0 0 #
coedge $-1 -1 $-1 $4327 $4326 $5401 $5402 reversed $3048 $-1 #
coedge $-1 -1 $-1 $5403 $5404 $4326 $4902 forward $5405 $-1 #
edge $5406 -1 $-1 $5407 1.601529490163068673e-17 $4907 0.1188423184622506013 $4901 $5408 forward @7 unknown #
coedge $-1 -1 $-1 $5409 $5410 $4327 $4904 forward $5411 $-1 #
edge $5412 -1 $-1 $4906 1.421750513449133123e-07 $5413 0.1188424606373101738 $4903 $5414 forward @7 unknown #
DXID-attrib $-1 -1 $-1 $-1 $4328 @10 Revit:Edge @8 Edge:331 #
tvertex-vertex $-1 -1 $-1 $4904 $5415 8.487071563953802185e-06 #
tvertex-vertex $-1 -1 $-1 $5400 $5416 8.487071563799792961e-06 #
straight-curve $-1 -1 $-1 -5.588499132382163559 5.816307589166746617 11.04021838414335477 4.486485257179177886e-15 12 -1.23378344572427382e-14 F -1.187805151876947463 F -4.812304996021718808e-08 #
coedge $-1 -1 $-1 $4354 $4330 $4333 $4913 reversed $3729 $-1 #
DXID-attrib $-1 -1 $-1 $-1 $4331 @10 Revit:Edge @9 Edge:3055 #
ellipse-curve $-1 -1 $-1 11.56260700964108956 -8.392812115833821807 14.61477268725495371 -0.1668583036927590857 0 0.9859808854581183502 1.84362249469237871 0 0.3119976529476544136 0.1668583036927590579 F -2.533790657477758224 F -2.418655468943470943 #
coedge $-1 -1 $-1 $4333 $4332 $4962 $4942 reversed $4334 $-1 #
edge $5417 -1 $-1 $5418 -4.581094781974615148e-07 $4336 0.1627288164206541765 $4333 $5419 forward @7 unknown #
point $-1 -1 $-1 10.04916771361735428 -8.570982895833045845 14.35865219100501378 #
DXID-attrib $-1 -1 $-1 $-1 $4338 @10 Revit:Edge @8 Edge:500 #
straight-curve $-1 -1 $-1 -5.591117398563333118 -8.57098289583299433 14.358652191005012 8.087284104954910902 8.759150784426864789 -1.368617310068027226 F 4.331330701644204926e-16 F 0.162728816420649014 #
point $-1 -1 $-1 10.18013763672058225 -8.599226648279552521 14.38081633183784902 #
edge $5420 -1 $-1 $4920 -1.031864455689178728 $4265 2.565790709555441316e-05 $4343 $5421 forward @7 unknown #
DXID-attrib $-1 -1 $-1 $-1 $4345 @10 Revit:Edge @9 Edge:3058 #
tvertex-vertex $-1 -1 $-1 $4345 $5422 0.0002444407747412277797 #
straight-curve $-1 -1 $-1 10.15722304921814789 -8.570982895833042292 14.87089318350489187 -8.426962598118112879 8.426962598124687176 1.404493766353561934 F -1.63706175049683446e-16 F 0.2061059352245862841 #
DXID-attrib $-1 -1 $-1 $4348 $3723 @10 Revit:Face @8 Face:153 #
rgb_color-st-attrib $-1 -1 $5423 $-1 $4349 0 0 0 #
plane-surface $-1 -1 $-1 -5.833444059166966511 -6.833817790833099259 15.38313417600500443 -2.573718829012034008e-16 -0.164398987305334171 -0.9863939238321476344 12 -1.878638454796753198e-14 0 forward_v I I I I #
tcoedge-coedge $-1 -1 $-1 $5424 $5425 $4354 $4926 forward $4971 $5426 -2.331179966080007036e-16 0.9706594309390138564 #
tedge-edge $5427 -1 $-1 $4367 -2.331179966080007036e-16 $5418 0.9706594309390138564 $4925 $5428 forward @7 unknown 3.262642023554035843e-05 #
pcurve $-1 -1 $-1 0 forward { exppc nubs 1 open 2 
	-0.9706594309390138564 1 2.331179966080007036e-16 1 
	0.1710419467693417572 0.1222983174924147098 
	1.14170137770835578 0.1222983174924223704 
	3.652301558300735014e-13 
	plane 10.18013763672058403 -9.198118445833415535 14.38081633183785257 0.1668583036927590857 0 -0.9859808854581183502 0 12 0 reverse_v I I I I 
	} 0 0 #
rgb_color-st-attrib $-1 -1 $5429 $-1 $4355 0 0 0 #
plane-surface $-1 -1 $-1 10.18013763672058403 -9.198118445833415535 14.38081633183785257 -0.1668583036927590857 0 0.9859808854581183502 0 12 0 forward_v I I I I #
DXID-attrib $-1 -1 $-1 $4360 $3735 @10 Revit:Face @9 Face:2648 #
rgb_color-st-attrib $-1 -1 $5430 $-1 $4361 0 0 0 #
plane-surface $-1 -1 $-1 8.420701184220522606 -9.198118445833415535 15.16031349433793984 -0.1643989873054191309 0 -0.9863939238321335345 0 12 0 forward_v I I I I #
DXID-attrib $-1 -1 $-1 $-1 $4363 @10 Revit:Edge @9 Edge:2673 #
straight-curve $-1 -1 $-1 8.42070118422053504 6.348833320724273754 15.16031349433793629 0 -0.3937007874015747699 0 F 5.425257121173487462 F 33.4843638171212632 #
coedge $-1 -1 $-1 $4402 $4364 $5425 $5431 forward $3095 $-1 #
DXID-attrib $-1 -1 $-1 $-1 $4365 @10 Revit:Edge @8 Edge:837 #
straight-curve $-1 -1 $-1 -4.275083228106436373 4.50229808666687159 14.13593871600481933 -12 1.720612176903586929e-14 7.374052186729659169e-15 F -1.084005383670634926 F -1.268060160054420942e-05 #
point $-1 -1 $-1 8.733110858529133935 4.502319642703195512 14.13597235134710495 #
edge $5432 -1 $-1 $4413 0.06487359411218572569 $3748 0.9198901518032074343 $4377 $5433 forward @7 unknown #
tedge-edge $5434 -1 $-1 $4373 0 $4410 1 $4408 $5435 forward @7 unknown 0.000295208149508293207 #
pcurve $-1 -1 $-1 0 forward { exppc nubs 3 open 28 
	-1 3 -0.8888888888888888395 3 -0.8333333333333332593 3 -0.7777777777777777901 3 -0.75 3 
	-0.7222222222222222099 3 -0.6666666666666666297 3 -0.6388888888888888395 3 -0.6111111111111111605 3 -0.5555555555555555802 3 
	-0.5 3 -0.4722222222222222099 3 -0.4444444444444444198 3 -0.4166666666666666297 3 -0.3888888888888888395 3 
	-0.3611111111111110494 3 -0.3333333333333333148 3 -0.3055555555555555802 3 -0.2777777777777777901 3 -0.25 3 
	-0.2222222222222222099 3 -0.1944444444444444198 3 -0.1666666666666666574 3 -0.1388888888888888951 3 -0.1111111111111111049 3 
	-0.08333333333333332871 3 -0.05555555555555555247 3 -0 3 
	117.7006857337158152 -1.349481884444539759 
	117.660154658385494 -1.237264482117144793 
	117.6121090942625358 -1.13221149275166888 
	117.5598734146270203 -1.028220227055407054 
	117.5337555748092484 -0.9762245942072761418 
	117.5065902061133585 -0.9243289893865148654 
	117.4798831519006939 -0.8721443290537715942 
	117.4531760976880292 -0.819959668721028323 
	117.4269273579586184 -0.7674457853266360985 
	117.4025001675289275 -0.7143692638591263577 
	117.390286572314082 -0.6878310031253714874 
	117.3785283644241701 -0.6611591737373123667 
	117.3672248372002684 -0.634036857059122605 
	117.3559213099763667 -0.6069145403809327322 
	117.3450724634184894 -0.5793473938415588664 
	117.3349118741025592 -0.5516806643878355843 
	117.3145906954706845 -0.4963472054803889089 
	117.2970225458066409 -0.4406261217621198489 
	117.2829878068023106 -0.384185351976306988 
	117.2759704373001597 -0.3559649670834005852 
	117.2698364204629229 -0.3275490168923694823 
	117.2646874921778135 -0.2986389975464247004 
	117.2595385638927041 -0.2697289782004800296 
	117.2553747241597222 -0.2403341078780942552 
	117.2523598118593782 -0.2109794064621233478 
	117.2463299872586902 -0.1522700036301812831 
	117.2448958723885966 -0.09378296854408024741 
	117.248189255453255 -0.03564621281801109987 
	117.2514826385179134 0.02249054290805805462 
	117.2595035195173381 0.08042109057012175599 
	117.2722137655095054 0.1381293258846965077 
	117.278568888505589 0.1669834435419838559 
	117.2860963527498228 0.1957704680576707323 
	117.2946145749055518 0.2239995554474437656 
	117.3031327970612949 0.2522286428372167988 
	117.3126417771284764 0.2798862535586815192 
	117.3230146571955999 0.3070865420543948954 
	117.3333875372627233 0.334286830550108216 
	117.3446243173297745 0.361035395542601445 
	117.3567083557638 0.3876195936558934352 
	117.3687923941978255 0.4142037917691854254 
	117.3817236909988395 0.4406337881815163282 
	117.3953786208696499 0.46674939449744135 
	117.4090335507404603 0.4928650008133663718 
	117.4234121136810671 0.5186663900169871111 
	117.438424707983188 0.5439834927053373015 
	117.4534373022853089 0.5693005953936873809 
	117.469083927948958 0.5941205301353316148 
	117.4852163492265902 0.6184932324018677097 
	117.5013487705042081 0.6428659346684038045 
	117.5179669873958233 0.6667921620088964607 
	117.5349976518133133 0.6905229055962240903 
	117.5520283162308033 0.7142536491835517198 
	117.569471428174225 0.7377994003324641614 
	117.5873037695757546 0.7610790866555408041 
	117.6051361109772841 0.7843587729786175577 
	117.6233576818369073 0.8073721364728236871 
	117.6420255655521885 0.8299863181632849418 
	117.6606934492674554 0.8526004998537460855 
	117.679807645838352 0.8748039103304888764 
	117.6991705740278178 0.8967295809455941846 
	117.7185335022172836 0.9186552515606993818 
	117.7381451620253472 0.9403068634448406016 
	117.7578970658468336 0.9618733320065701031 
	117.77764896966832 0.9834398005682996047 
	117.7975411175032292 1.004930409362864374 
	117.8177566509309457 1.026125541552478815 
	117.8379721843586623 1.047320673742093033 
	117.8585111033791577 1.068217221813505757 
	117.8795678164296703 1.088547508837463207 
	117.9006245294801971 1.108877795861420879 
	117.9221990365607553 1.128636248879255843 
	117.9443029415783428 1.147748935016291494 
	117.9664068465959446 1.166861621153327144 
	117.989040149550604 1.185325920858286697 
	118.011987290011291 1.203379615310112172 
	118.0349344304719779 1.221433309761937647 
	118.0581954084386638 1.239080358995197528 
	118.0817685776697203 1.256307175098184459 
	118.1289149161318335 1.290760807304158098 
	118.1773100196513155 1.323522160736091191 
	118.226497523591604 1.355104447850461469 
	6.349496322426984165e-06 
	cone -4.299505000104634433 6.348833320724273754 14.02447477183799762 0 -1 0 0.1141406559376818425 0 0 1 I I -0 -1 0.1141406559376818425 forward I I I I 
	} 0 0 #
edge $5436 -1 $-1 $5418 -1.084017416827547819 $4373 7.576325102428875004e-16 $4962 $5437 forward @7 unknown #
point $-1 -1 $-1 -4.275083228106500322 -7.145616655833205044 14.13593871600482821 #
coedge $-1 -1 $-1 $4382 $4381 $5438 $5439 reversed $3758 $-1 #
coedge $-1 -1 $-1 $5440 $4415 $4382 $4946 reversed $4429 $-1 #
edge $5441 -1 $-1 $5442 2.467745840652985301 $4948 2.920278211241585709 $4382 $5443 forward @7 unknown #
DXID-attrib $-1 -1 $-1 $-1 $4383 @10 Revit:Edge @9 Edge:3042 #
vertex $-1 -1 $-1 $4946 $5444 #
straight-curve $-1 -1 $-1 8.821585439220648084 -7.369903304915356834 12.88863604933801987 8.428840137416582223 -8.428840137408009525 1.381777071706914439 F -3.274852980382214854e-16 F 0.1451387045518099661 #
rgb_color-st-attrib $-1 -1 $5445 $-1 $4384 0 0 0 #
plane-surface $-1 -1 $-1 -5.833444059166966511 -7.234702045833107498 12.866471908504856 -2.266046217912893646e-16 -0.1617750270665589962 -0.9868276651055210014 12 -1.680887038502358424e-14 0 forward_v I I I I #
coedge $-1 -1 $-1 $4389 $4425 $4397 $4958 reversed $3801 $-1 #
DXID-attrib $-1 -1 $-1 $-1 $4390 @10 Revit:Edge @9 Edge:3048 #
straight-curve $-1 -1 $-1 10.18013763672055916 -8.462284320228771861 13.6681332118378922 -8.425173539905454589 8.425173539897729214 1.425798599060932315 F -2.455071299333321754e-16 F 0.156277809372179638 #
point $-1 -1 $-1 10.18013763672056093 -8.462284320228775414 13.6681332118378922 #
DXID-attrib $-1 -1 $-1 $4395 $3773 @10 Revit:Face @8 Face:147 #
tcoedge-coedge $-1 -1 $-1 $4962 $4397 $5424 $5446 forward $3774 $5447 0 0.9999864363674922929 #
edge $5448 -1 $-1 $4399 0.09065988720161219372 $5449 0.6168696132095675688 $4397 $5450 forward @7 unknown #
point $-1 -1 $-1 8.863469972323677837 -7.145616655833107345 13.89095389350505805 #
DXID-attrib $-1 -1 $-1 $-1 $4407 @10 Revit:Edge @8 Edge:419 #
straight-curve $-1 -1 $-1 -4.274449734166807957 4.460913324740338304 13.91311803433788441 0 12 0 F -0.9622094564981117371 F -1.165588477296752257e-16 #
coedge $-1 -1 $-1 $4408 $4957 $4912 $4942 forward $3774 $-1 #
pcurve $-1 -1 $-1 0 forward { exppc nubs 3 open 28 
	0 3 0.05555555555555555247 3 0.08333333333333332871 3 0.1111111111111111049 3 0.1388888888888888951 3 
	0.1666666666666666574 3 0.1944444444444444198 3 0.2222222222222222099 3 0.25 3 0.2777777777777777901 3 
	0.3055555555555555802 3 0.3333333333333333148 3 0.3611111111111110494 3 0.3888888888888888395 3 0.4166666666666666297 3 
	0.4444444444444444198 3 0.4722222222222222099 3 0.5 3 0.5555555555555555802 3 0.6111111111111111605 3 
	0.6388888888888888395 3 0.6666666666666666297 3 0.7222222222222222099 3 0.75 3 0.7777777777777777901 3 
	0.8333333333333332593 3 0.8888888888888888395 3 1 3 
	-118.7880492682728999 -1.66145621399581267 
	-118.7589637212689269 -1.707290024485738744 
	-118.72923952904722 -1.752677764572868835 
	-118.6988150387290943 -1.797578196123713834 
	-118.6836027935700315 -1.820028411899136556 
	-118.6682154738868604 -1.842355890264114837 
	-118.6527147325582519 -1.864604600181272831 
	-118.6372139912296433 -1.886853310098430825 
	-118.6215998282555688 -1.90902345576739374 
	-118.6056256321215017 -1.930941279567864877 
	-118.5896514359874345 -1.952859103368336013 
	-118.5733172066933463 -1.974524966152351624 
	-118.5566757637311781 -1.995974973939490749 
	-118.5400343207690099 -2.017424981726629873 
	-118.5230856641387192 -2.038658686923679131 
	-118.5061557852831413 -2.059910103410789617 
	-118.4892259064275777 -2.081161519897900103 
	-118.4723148053467128 -2.102429860265730976 
	-118.4558096441527368 -2.12397318866988627 
	-118.4393044829587609 -2.145516517074042451 
	-118.4232052616516597 -2.16733444097859751 
	-118.4073812877149834 -2.189390750404983876 
	-118.391557313778307 -2.211447059831370243 
	-118.3760085872120129 -2.233742274447943821 
	-118.3605289657474628 -2.256116199751000195 
	-118.3450493442829128 -2.27849012505405657 
	-118.3296388279200784 -2.300942783429291705 
	-118.314591507268716 -2.323619946023751659 
	-118.2995441866173536 -2.346297108618211169 
	-118.2848600616774917 -2.369198295875438731 
	-118.2708337285154414 -2.392404007182807657 
	-118.2568073953533769 -2.415609718490176583 
	-118.243438853969181 -2.439119739663885511 
	-118.2305204457243519 -2.46297040118771271 
	-118.2176020374795087 -2.486821062711540353 
	-118.2051337623740181 -2.51101247853333609 
	-118.1929881292669506 -2.535465580781283812 
	-118.1808424961598831 -2.559918683029231978 
	-118.1690195050511676 -2.584633564354690716 
	-118.1578958151363992 -2.609617609289412776 
	-118.1467721252216307 -2.634601654224134837 
	-118.136347736500781 -2.659855067475378032 
	-118.1269921680020332 -2.685300920546481507 
	-118.1176365995032853 -2.710746773617584537 
	-118.1093498512266393 -2.736384929045090342 
	-118.1020258525328757 -2.762389948386586802 
	-118.094701853839112 -2.788394967728083262 
	-118.0883406047282307 -2.814765999715282518 
	-118.0827208984482439 -2.841520302366379092 
	-118.0771011921682572 -2.868274605017475665 
	-118.0722230287191508 -2.895413335375486064 
	-118.0683921115442701 -2.92253591981851768 
	-118.0607302771944802 -2.976781088704580025 
	-118.0572574279415363 -3.030968749461521838 
	-118.0592023544166977 -3.084970647132381671 
	-118.0611472808918592 -3.138972544803241504 
	-118.0685099830951543 -3.192789768463349276 
	-118.0801019641598941 -3.246262012313011258 
	-118.0858979546922427 -3.272998134237842027 
	-118.0927512649399773 -3.299649061864041055 
	-118.1004383163122498 -3.325770336360377666 
	-118.1081253676845364 -3.351891610856714276 
	-118.1166461601813609 -3.377483952105261977 
	-118.1262596321138432 -3.402700241387480951 
	-118.1454865759787793 -3.453132819951918009 
	-118.1690842375862474 -3.50206892051986074 
	-118.1961998827486582 -3.549584206130320219 
	-118.2097577053298636 -3.573341848935549958 
	-118.2241950237998083 -3.596742203180873343 
	-118.2391212059602026 -3.619556348061999884 
	-118.2540473881205969 -3.642370492943126425 
	-118.2694624339714267 -3.664598168637946962 
	-118.2855005996838571 -3.686455851284013541 
	-118.3175769311087038 -3.73017121657614581 
	-118.3521457419798395 -3.77241718994948938 
	-118.3892075892001969 -3.81229156577634587 
	-118.4262694364205544 -3.852165941603202803 
	-118.4658243199901619 -3.889677968305876643 
	-118.5074416077839317 -3.92408688882537815 
	-118.5906761833714427 -3.99290472986438072 
	-118.6821603758555739 -4.049408300923636794 
	-118.7828988078938863 -4.095519367174739855 
	3.538877536256205388e-06 
	cone 10.33555422583333261 -7.156752329583203398 14.01344630475493602 1 0 0 0 -0.1229975367382531992 0 1 I I -0 -1 0.1229975367382531992 forward I I I I 
	} 0 0 #
point $-1 -1 $-1 -4.274449734166807957 -7.085600153237002097 13.91311803433788441 #
point $-1 -1 $-1 -4.274449734166808845 4.460913324740336527 13.91311803433788441 #
DXID-attrib $-1 -1 $-1 $-1 $4416 @10 Revit:Edge @9 Edge:2953 #
straight-curve $-1 -1 $-1 8.821585439220642755 4.726584735749084665 12.88863604933801987 0 -12 0 F -1.748382715945128263e-16 F 1.008040670055370125 #
DXID-attrib $-1 -1 $-1 $4417 $3792 @10 Revit:Face @9 Face:2638 #
DXID-attrib $-1 -1 $-1 $4422 $3798 @10 Revit:Face @9 Face:2642 #
rgb_color-st-attrib $-1 -1 $5451 $-1 $4423 0 0 0 #
loop $-1 -1 $-1 $-1 $4925 $4423 #
cone-surface $-1 -1 $-1 8.757555315158539244 6.348833320724273754 14.02447477183798163 0 -1 0 -0.1141406559376818425 0 0 1 I I 0 1 0.1141406559376818425 forward I I I I #
coedge $-1 -1 $-1 $5425 $5424 $4425 $4974 reversed $4971 $-1 #
edge $5452 -1 $-1 $4976 0 $5449 0.9622094564981173992 $4425 $5453 forward @7 unknown #
DXID-attrib $-1 -1 $-1 $-1 $4426 @10 Revit:Edge @9 Edge:2983 #
vertex $-1 -1 $-1 $5431 $5454 #
ellipse-curve $-1 -1 $-1 8.139651178575087798 4.541272944792134503 14.01344630475481878 0.1668583036929097707 0 0.985980885458092815 0.7595752039999953409 0 -0.128543496061539031 0.166858303692909743 F -0.6753302149961427636 F -0.3080527810258951726 #
coedge $-1 -1 $-1 $4428 $5440 $5455 $5456 reversed $4429 $-1 #
edge $5457 -1 $-1 $4431 0.9221433690499412084 $5458 1.653280796337402769 $4460 $5459 forward @7 unknown #
face $5460 -1 $-1 $3792 $4429 $39 $-1 $5461 reversed single #
point $-1 -1 $-1 8.775417323901255173 4.591383476666925922 12.86647190850486666 #
coedge $-1 -1 $-1 $5462 $5438 $4434 $4983 forward $5463 $-1 #
edge $5464 -1 $-1 $4985 2.541638730313922512 $5465 3.324711275278076528 $4982 $5466 forward @7 unknown #
DXID-attrib $-1 -1 $-1 $-1 $4435 @10 Revit:Edge @8 Edge:491 #
vertex $-1 -1 $-1 $5439 $5467 #
ellipse-curve $-1 -1 $-1 -4.38859039010431573 -6.690627206165560281 12.77727931183799903 2.266046217912893646e-16 0.1617750270665589962 0.9868276651055210014 0 -0.6962580012187017386 0.1141406559375486157 0.1617750270665589685 F 0.2213144423481256673 F 0.6738468129370431825 #
edge $5468 -1 $-1 $5465 -0.9761038788608857875 $4458 0 $4454 $5469 forward @7 unknown #
rgb_color-st-attrib $-1 -1 $5470 $-1 $4437 0 0 0 #
cone-surface $-1 -1 $-1 -4.38859039010431573 6.348833320724273754 12.77727931183799903 0 -1 0 0.1141406559375486157 0 0 1 I I 0 1 0.1141406559375486157 forward I I I I #
DXID-attrib $-1 -1 $-1 $4440 $3821 @10 Revit:Face @8 Face:111 #
rgb_color-st-attrib $-1 -1 $5471 $-1 $4441 0 0 0 #
face $5472 -1 $-1 $5473 $5474 $39 $-1 $5475 forward single #
loop $-1 -1 $-1 $-1 $5476 $4441 #
cone-surface $-1 -1 $-1 10.33555422583333261 4.519001597292112926 11.49678403725481068 1 0 0 0 -0.1285434960615350342 0 1 I I 0 1 0.1285434960615350342 forward I I I I #
coedge $-1 -1 $-1 $5477 $5478 $5479 $5480 forward $4442 $-1 #
coedge $-1 -1 $-1 $5002 $4444 $5004 $5481 forward $3822 $-1 #
coedge $-1 -1 $-1 $4444 $5482 $5483 $5484 forward $3822 $-1 #
coedge $-1 -1 $-1 $5485 $5486 $4444 $4999 reversed $5388 $-1 #
edge $5487 -1 $-1 $5488 -2.415910466239515664 $5489 -2.336185217185597018 $4444 $5490 forward @7 unknown #
edge $5491 -1 $-1 $5009 4.090689227882547231e-17 $4457 0.1380977919276925037 $4445 $5492 forward @7 unknown #
coedge $-1 -1 $-1 $4446 $5015 $5493 $5494 forward $3155 $-1 #
coedge $-1 -1 $-1 $5495 $4996 $4446 $5003 reversed $3822 $-1 #
edge $5496 -1 $-1 $5497 -1.317520545510101559 $5008 -1.748382715945121853e-16 $4446 $5498 forward @7 unknown #
coedge $-1 -1 $-1 $5499 $4447 $4996 $5481 reversed $5006 $-1 #
coedge $-1 -1 $-1 $4447 $5500 $5019 $5501 forward $5006 $-1 #
loop $-1 -1 $-1 $-1 $5499 $5387 #
DXID-attrib $-1 -1 $-1 $-1 $4448 @10 Revit:Edge @8 Edge:464 #
vertex $-1 -1 $-1 $4448 $5502 #
vertex $-1 -1 $-1 $4448 $5503 #
ellipse-curve $-1 -1 $-1 -5.389285730226101911 7.325094295691909174 12.17242898194872858 2.729945836930102108e-16 0.1699069165076496357 0.9854601157443474424 0 2.20148967480237534 -0.3795671853107622229 0.169906916507649608 F 2.284977099990769478 F 2.365122824370925247 #
DXID-attrib $-1 -1 $-1 $-1 $4449 @10 Revit:Edge @8 Edge:463 #
intcurve-curve $-1 -1 $-1 forward { surfintcur full nubs 3 periodic 37 
	0 3 0.09963128646338129113 2 0.1992625729267625823 2 0.3155346073398144213 2 0.4030440882058217711 2 
	0.4905535690718291209 2 0.5840506574370887272 2 0.6775477458023482225 2 0.7680863952924280591 2 0.8586250447825078957 2 
	0.9491636942725877324 2 1.039702343762667569 2 1.133199432127927064 2 1.226696520493186782 2 1.314206001359194076 2 
	1.40171548222520137 2 1.517987516638253265 2 1.617618803101634528 2 1.717250089565015791 2 1.816881376028399053 2 
	1.916512662491782093 2 2.032784696904833766 2 2.12029417777084106 2 2.207803658636848354 2 2.301300747002107627 2 
	2.394797835367367345 2 2.485336484857446848 2 2.575875134347526796 2 2.666413783837606744 2 2.756952433327686691 2 
	2.850449521692945964 2 2.943946610058205682 2 3.031456090924212976 2 3.11896557179022027 2 3.235237606203272165 2 
	3.334868892666655427 2 3.434500179130038688 3 
	-4.388590390104316619 4.684028756712336872 12.6631386559004504 
	-4.401665362081138788 4.684028756712336872 12.6631386559004504 
	-4.414887220514371435 4.687384077530551529 12.66546229137539115 
	-4.439184869354258822 4.697161796627894681 12.67415428464543048 
	-4.450346102238641244 4.703344067889164926 12.68055202431260575 
	-4.470540832224154215 4.715035574772084459 12.69662324148860044 
	-4.481596895038213013 4.721931489981034957 12.70948738978928638 
	-4.494027712034512234 4.728711591579932261 12.732174215135597 
	-4.498365722929142052 4.730634771138246819 12.74374226777161567 
	-4.502963273785845821 4.730521444893949656 12.76757361791943168 
	-4.503223678156212273 4.728452954446157541 12.7798365858305516 
	-4.50057172927943494 4.721097557051432858 12.80226702504408465 
	-4.497314732118375957 4.715192599780892557 12.81366942503000317 
	-4.488537572528124464 4.70036543455164324 12.83345567335574344 
	-4.483059831753728908 4.691451790247127107 12.84186472552906366 
	-4.472984855926950054 4.67353106474506319 12.85453933409553073 
	-4.467475551513848231 4.663081602664754577 12.85996445379128517 
	-4.458967129182677347 4.640514259369210137 12.86731719213211811 
	-4.456180404212247481 4.628320455135917832 12.86925582694236425 
	-4.456180404212247481 4.604557030072905732 12.86925582694236425 
	-4.458967129182677347 4.592363225839614316 12.86731719213211811 
	-4.467475551513848231 4.569795882544068988 12.85996445379128517 
	-4.472984855926950054 4.559346420463761262 12.85453933409553073 
	-4.483059831753728908 4.541425694961697346 12.84186472552906366 
	-4.488537572528125352 4.532512050657181213 12.83345567335574344 
	-4.497314732118376845 4.517684885427933672 12.81366942503000317 
	-4.50057172927943494 4.511779928157391595 12.80226702504408465 
	-4.503223678156212273 4.504424530762666024 12.7798365858305516 
	-4.502963273785845821 4.502356040314874797 12.76757361791943168 
	-4.498365722929142052 4.502242714070576746 12.74374226777161567 
	-4.494027712034512234 4.504165893628891304 12.732174215135597 
	-4.481596895038213013 4.510945995227788607 12.70948738978928638 
	-4.470540832224154215 4.517841910436739106 12.69662324148860044 
	-4.450346102238641244 4.529533417319658639 12.68055202431260575 
	-4.439184869354258822 4.535715688580928884 12.67415428464543048 
	-4.414887220514371435 4.545493407678272924 12.66546229137539115 
	-4.401665362081138788 4.548848728496487581 12.6631386559004504 
	-4.375515418127494449 4.548848728496487581 12.6631386559004504 
	-4.362293559694261802 4.545493407678272924 12.66546229137539115 
	-4.337995910854373527 4.535715688580929772 12.67415428464543048 
	-4.326834677969990217 4.529533417319659527 12.68055202431260575 
	-4.306639947984477246 4.517841910436739106 12.69662324148860044 
	-4.295583885170418448 4.510945995227788607 12.70948738978928638 
	-4.283153068174119227 4.504165893628891304 12.732174215135597 
	-4.278815057279488521 4.502242714070576746 12.74374226777161567 
	-4.274217506422784751 4.502356040314874797 12.76757361791943168 
	-4.273957102052419188 4.504424530762666024 12.7798365858305516 
	-4.27660905092919652 4.511779928157389818 12.80226702504408465 
	-4.279866048090253727 4.517684885427931007 12.81366942503000317 
	-4.28864320768050522 4.532512050657179437 12.83345567335574522 
	-4.294120948454902553 4.541425694961696458 12.84186472552906366 
	-4.304195924281681407 4.559346420463761262 12.85453933409553073 
	-4.309705228694782342 4.569795882544068988 12.85996445379128517 
	-4.318213651025953226 4.592363225839614316 12.86731719213211811 
	-4.32100037599638398 4.604557030072905732 12.86925582694236425 
	-4.32100037599638398 4.628320455135917832 12.86925582694236425 
	-4.318213651025953226 4.640514259369210137 12.86731719213211811 
	-4.309705228694782342 4.663081602664754577 12.85996445379128517 
	-4.304195924281681407 4.67353106474506319 12.85453933409553073 
	-4.294120948454902553 4.691451790247127107 12.84186472552906366 
	-4.28864320768050522 4.70036543455164324 12.83345567335574522 
	-4.279866048090253727 4.715192599780891669 12.81366942503000317 
	-4.27660905092919652 4.721097557051432858 12.80226702504408465 
	-4.273957102052419188 4.728452954446157541 12.7798365858305516 
	-4.274217506422784751 4.730521444893949656 12.76757361791943168 
	-4.278815057279488521 4.730634771138246819 12.74374226777161567 
	-4.283153068174119227 4.728711591579932261 12.732174215135597 
	-4.295583885170418448 4.721931489981034957 12.70948738978928638 
	-4.306639947984477246 4.715035574772084459 12.69662324148860044 
	-4.326834677969990217 4.703344067889164037 12.68055202431260575 
	-4.337995910854373527 4.697161796627893793 12.67415428464543048 
	-4.362293559694261802 4.687384077530550641 12.66546229137539115 
	-4.375515418127494449 4.684028756712336872 12.6631386559004504 
	-4.388590390104316619 4.684028756712336872 12.6631386559004504 
	0.0001853642115073081235 
	
	cone 10.33555422583333261 4.616438742604412226 12.7551151710048174 1 0 0 0 -0.1141406559375466312 0 1 I I 0 1 0.1141406559375466312 forward I I I I 
	cone -4.38859039010431573 6.348833320724273754 12.77727931183799903 0 -1 0 0.1141406559375486157 0 0 1 I I 0 1 0.1141406559375486157 forward I I I I 
	nullbs 
	nullbs 
	I I 
	0 
	0 
	0 
	} F 1.781219382792650796 F 2.51235681008024514 #
coedge $-1 -1 $-1 $5455 $5504 $4450 $5014 reversed $5505 $-1 #
edge $5506 -1 $-1 $5458 -0.6738468129369715731 $5017 -0.221314442347074869 $4450 $5507 forward @7 unknown #
coedge $-1 -1 $-1 $5001 $4451 $5504 $5508 forward $3155 $-1 #
DXID-attrib $-1 -1 $-1 $-1 $4452 @10 Revit:Edge @8 Edge:849 #
vertex $-1 -1 $-1 $5014 $5509 #
straight-curve $-1 -1 $-1 -4.49208714099936568 4.591383476667004082 12.6437584335047557 -12 1.962390888103282641e-14 0 F -1.120185383087711317 F 7.576325102428889795e-16 #
coedge $-1 -1 $-1 $5510 $4453 $5005 $5501 reversed $4455 $-1 #
coedge $-1 -1 $-1 $4454 $5510 $5462 $5511 reversed $4455 $-1 #
face $5512 -1 $-1 $4437 $4455 $39 $-1 $5513 reversed single #
point $-1 -1 $-1 -4.492087140999374562 4.591383476667004082 12.64375843350475215 #
point $-1 -1 $-1 -4.363535124166764589 4.545215361347433536 12.6659225743379622 #
DXID-attrib $-1 -1 $-1 $-1 $4465 @10 Revit:Face @8 Face:133 #
face $5514 -1 $-1 $5515 $5516 $1194 $-1 $5517 forward single #
loop $-1 -1 $-1 $-1 $5518 $4465 #
plane-surface $-1 -1 $-1 -40.49956604000010429 -8.0188273649999946 22.4570329218379392 -1 0 0 0 0 -12 forward_v I I I I #
coedge $-1 -1 $-1 $5519 $5520 $4471 $5036 reversed $4466 $-1 #
coedge $-1 -1 $-1 $5521 $4468 $4470 $5034 reversed $3837 $-1 #
coedge $-1 -1 $-1 $4468 $5521 $5519 $5522 forward $3837 $-1 #
coedge $-1 -1 $-1 $4470 $4469 $5523 $5524 reversed $3163 $-1 #
coedge $-1 -1 $-1 $4474 $5525 $4469 $5033 reversed $5043 $-1 #
edge $5526 -1 $-1 $4477 0 $5527 0.09419759854167344959 $4469 $5528 forward @7 unknown #
edge $5529 -1 $-1 $5530 -0.09419759854167344959 $4478 0 $4470 $5531 forward @7 unknown #
coedge $-1 -1 $-1 $4473 $4471 $5518 $5532 forward $2461 $-1 #
edge $5533 -1 $-1 $5038 0 $5534 0.03259085250001138301 $4471 $5535 forward @7 unknown #
DXID-attrib $-1 -1 $-1 $-1 $4472 @10 Revit:Edge @8 Edge:126 #
vertex $-1 -1 $-1 $4472 $5536 #
straight-curve $-1 -1 $-1 -40.10847580999996609 -10.66955003499992927 22.4570329218379392 0 12 0 F 0 F 0.2208935558333279536 #
coedge $-1 -1 $-1 $5537 $5538 $4473 $5041 reversed $5516 $-1 #
edge $5539 -1 $-1 $5540 4.662353909187009029e-16 $5045 1.039286074166663632 $4473 $5541 forward @7 unknown #
coedge $-1 -1 $-1 $5525 $4474 $5538 $5542 reversed $5043 $-1 #
loop $-1 -1 $-1 $-1 $4474 $5515 #
DXID-attrib $-1 -1 $-1 $-1 $4475 @10 Revit:Edge @8 Edge:142 #
vertex $-1 -1 $-1 $5041 $5543 #
straight-curve $-1 -1 $-1 -28.02813315000014427 -11.01718579500004758 22.4570329218379392 0 12 0 F 0 F 0.02896964666667649693 #
point $-1 -1 $-1 -28.02813315000014427 -10.66955003499992927 22.4570329218379392 #
point $-1 -1 $-1 -40.10847580999996609 -10.66955003499992927 22.4570329218379392 #
DXID-attrib $-1 -1 $-1 $-1 $4481 @10 Revit:Face @6 Face:1 #
loop $-1 -1 $-1 $-1 $5544 $4481 #
plane-surface $-1 -1 $-1 -40.49956604000010429 10.97373132500001702 21.32666173933785814 -0 -0 -1 12 0 0 forward_v I I I I #
coedge $-1 -1 $-1 $5545 $4484 $4486 $5055 reversed $3845 $-1 #
coedge $-1 -1 $-1 $4484 $5545 $4495 $5068 forward $3845 $-1 #
coedge $-1 -1 $-1 $4486 $4485 $5546 $5547 reversed $3168 $-1 #
edge $5548 -1 $-1 $5549 -0.09419759854167344959 $4493 0 $4486 $5550 forward @7 unknown #
coedge $-1 -1 $-1 $5544 $5546 $4487 $5057 forward $5050 $-1 #
edge $5551 -1 $-1 $5063 0 $5060 1.73093638833334329 $5056 $5552 forward @7 unknown #
coedge $-1 -1 $-1 $4488 $4495 $5544 $5553 reversed $4482 $-1 #
DXID-attrib $-1 -1 $-1 $-1 $4489 @10 Revit:Edge @8 Edge:121 #
vertex $-1 -1 $-1 $5553 $5554 #
straight-curve $-1 -1 $-1 -6.735442849999916604 -10.62609556500001418 22.4570329218379392 0 0 -12 F 0 F 0.09419759854167344959 #
DXID-attrib $-1 -1 $-1 $-1 $4490 @10 Revit:Edge @8 Edge:112 #
vertex $-1 -1 $-1 $5547 $5555 #
straight-curve $-1 -1 $-1 -27.50667951000003342 -10.62609556500001418 22.4570329218379392 0 0 12 F -0.09419759854167344959 F 0 #
DXID-attrib $-1 -1 $-1 $-1 $4491 @10 Revit:Edge @8 Edge:114 #
straight-curve $-1 -1 $-1 -27.50667951000003342 -10.97373132500001702 22.4570329218379392 12 0 0 F 0 F 1.73093638833334329 #
point $-1 -1 $-1 -27.50667951000003342 -10.97373132500001702 22.4570329218379392 #
edge $5556 -1 $-1 $5557 -0.09419759854167344959 $4497 0 $5053 $5558 forward @7 unknown #
point $-1 -1 $-1 -6.735442849999916604 -10.97373132500001702 22.4570329218379392 #
coedge $-1 -1 $-1 $5559 $4508 $4510 $5079 forward $4502 $-1 #
coedge $-1 -1 $-1 $4505 $4504 $5559 $5560 reversed $3176 $-1 #
coedge $-1 -1 $-1 $4508 $5559 $4506 $5073 forward $4502 $-1 #
edge $5561 -1 $-1 $5075 0 $4515 0.03259085249999319617 $5072 $5562 forward @7 unknown #
DXID-attrib $-1 -1 $-1 $-1 $4507 @10 Revit:Edge @8 Edge:100 #
vertex $-1 -1 $-1 $5560 $5563 #
straight-curve $-1 -1 $-1 -5.344899810000128149 -10.97373132500001702 22.4570329218379392 0 0 12 F -0.09419759854167344959 F 0 #
DXID-attrib $-1 -1 $-1 $-1 $4509 @10 Revit:Edge @7 Edge:92 #
straight-curve $-1 -1 $-1 -5.344899810000128149 -10.58264109500009909 21.32666173933785814 12 0 0 F 0 F 1.796118093333328503 #
edge $5564 -1 $-1 $4512 0 $5083 0.03259085249999319617 $5070 $5565 forward @7 unknown #
point $-1 -1 $-1 16.20851730999981299 -10.58264109500009909 21.32666173933785814 #
point $-1 -1 $-1 -5.344899810000128149 -10.58264109500009909 21.32666173933785814 #
DXID-attrib $-1 -1 $-1 $-1 $4520 @10 Revit:Edge @8 Edge:104 #
vertex $-1 -1 $-1 $5079 $5566 #
straight-curve $-1 -1 $-1 16.20851730999981299 -10.97373132500001702 22.4570329218379392 0 0 12 F -0.09419759854167344959 F 0 #
coedge $-1 -1 $-1 $4524 $4522 $4523 $5086 forward $3880 $-1 #
edge $5567 -1 $-1 $4535 0 $4527 1.911996680000017657 $5085 $5568 forward @7 unknown #
DXID-attrib $-1 -1 $-1 $-1 $4525 @10 Revit:Edge @7 Edge:79 #
straight-curve $-1 -1 $-1 17.55560587999990929 -10.97373132500001702 21.32666173933785814 0 12 0 F 0 F 0.02896964666666694208 #
point $-1 -1 $-1 17.55560587999990929 -10.97373132500001702 21.32666173933785814 #
DXID-attrib $-1 -1 $-1 $-1 $4531 @10 Revit:Edge @7 Edge:87 #
straight-curve $-1 -1 $-1 40.49956604000011851 -10.62609556500001418 21.32666173933785814 0 -12 0 F 0 F 0.02896964666666694208 #
point $-1 -1 $-1 40.49956604000011851 -10.97373132500001702 21.32666173933785814 #
DXID-attrib $-1 -1 $-1 $-1 $4538 @10 Revit:Edge @7 Edge:67 #
straight-curve $-1 -1 $-1 17.55560587999990929 10.97373132500001702 21.32666173933785814 12 0 0 F 0 F 1.911996680000017657 #
lump $-1 -1 $-1 $5569 $5570 $6 #
shell $-1 -1 $-1 $-1 $-1 $5571 $-1 $4547 #
face $5572 -1 $-1 $5573 $5574 $4548 $-1 $5575 forward single #
DXID-attrib $-1 -1 $-1 $-1 $4549 @10 Revit:Face @6 Face:0 #
face $5576 -1 $-1 $5577 $5578 $3928 $-1 $5579 forward single #
loop $-1 -1 $-1 $-1 $5580 $4549 #
plane-surface $-1 -1 $-1 -35.89339222000001683 10.5826410949999854 22.10596108082838285 0 0 1 0 -12 0 forward_v I I I I #
DXID-attrib $-1 -1 $-1 $-1 $4551 @10 Revit:Face @8 Face:162 #
face $5581 -1 $-1 $5582 $5583 $3263 $-1 $5584 forward single #
loop $-1 -1 $-1 $-1 $5585 $4551 #
plane-surface $-1 -1 $-1 -35.89339222000001683 -10.58264109499998362 22.10596108082838285 0 -1 0 0 0 -12 forward_v I I I I #
coedge $-1 -1 $-1 $5586 $5587 $5585 $5588 forward $4552 $-1 #
DXID-attrib $-1 -1 $-1 $-1 $4555 @10 Revit:Face @8 Face:149 #
face $5589 -1 $-1 $5590 $5591 $2568 $-1 $5592 forward single #
loop $-1 -1 $-1 $-1 $5593 $4555 #
plane-surface $-1 -1 $-1 38.239933599999965 10.62609556499990049 22.10596108082838285 -1 -0 -0 0 0 -12 forward_v I I I I #
coedge $-1 -1 $-1 $5594 $5595 $4558 $5114 reversed $4556 $-1 #
coedge $-1 -1 $-1 $5596 $4558 $5593 $5597 forward $3932 $-1 #
coedge $-1 -1 $-1 $4558 $5596 $5598 $5599 forward $3932 $-1 #
edge $5600 -1 $-1 $5601 0 $5602 0.05431808750000762659 $4558 $5603 forward @7 unknown #
DXID-attrib $-1 -1 $-1 $-1 $4560 @10 Revit:Face @8 Face:137 #
face $5604 -1 $-1 $5605 $5606 $1881 $-1 $5607 forward single #
loop $-1 -1 $-1 $-1 $5608 $4560 #
plane-surface $-1 -1 $-1 30.33122005999996773 9.972800864999953774 22.10596108082838285 0 -1 0 0 0 -12 forward_v I I I I #
coedge $-1 -1 $-1 $5609 $5610 $4564 $5123 reversed $4561 $-1 #
coedge $-1 -1 $-1 $5611 $4563 $5612 $5613 forward $3936 $-1 #
coedge $-1 -1 $-1 $4563 $5611 $5609 $5614 forward $3936 $-1 #
coedge $-1 -1 $-1 $4565 $4564 $5608 $5615 forward $3267 $-1 #
edge $5616 -1 $-1 $5128 0 $5617 0.05444122499999553416 $4564 $5618 forward @7 unknown #
coedge $-1 -1 $-1 $5619 $5612 $4565 $5125 reversed $5606 $-1 #
edge $5620 -1 $-1 $5621 0 $5127 0.05444122499999553416 $4565 $5622 forward @7 unknown #
DXID-attrib $-1 -1 $-1 $-1 $4566 @10 Revit:Edge @8 Edge:131 #
vertex $-1 -1 $-1 $4566 $5623 #
vertex $-1 -1 $-1 $4566 $5624 #
straight-curve $-1 -1 $-1 30.93958263999990876 10.62609556499990049 22.10596108082838285 -12 0 0 F 0 F 0.05069688166666178747 #
DXID-attrib $-1 -1 $-1 $-1 $4568 @10 Revit:Face @8 Face:125 #
face $5625 -1 $-1 $-1 $5626 $1280 $-1 $5627 forward single #
loop $-1 -1 $-1 $-1 $4576 $4568 #
plane-surface $-1 -1 $-1 20.33669195999995338 9.972800864999953774 22.10596108082838285 1 0 0 0 0 -12 forward_v I I I I #
coedge $-1 -1 $-1 $5628 $5629 $4574 $5141 reversed $4569 $-1 #
coedge $-1 -1 $-1 $5630 $4571 $4573 $5140 reversed $3941 $-1 #
coedge $-1 -1 $-1 $4571 $5630 $5628 $5631 forward $3941 $-1 #
coedge $-1 -1 $-1 $4573 $4572 $5632 $5633 reversed $3271 $-1 #
coedge $-1 -1 $-1 $4576 $5634 $4572 $5139 reversed $5132 $-1 #
edge $5635 -1 $-1 $4579 -2.331176954593504514e-16 $5636 0.04361902086167396969 $4572 $5637 forward @7 unknown #
edge $5638 -1 $-1 $5639 -0.04361902086167396969 $4580 2.331176954593504514e-16 $4573 $5640 forward @7 unknown #
edge $5641 -1 $-1 $5143 0 $5147 0.05431808750002720815 $4574 $5642 forward @7 unknown #
DXID-attrib $-1 -1 $-1 $-1 $4575 @10 Revit:Edge @8 Edge:118 #
vertex $-1 -1 $-1 $4575 $5643 #
straight-curve $-1 -1 $-1 19.6848749099996283 10.62609556499990049 22.10596108082838285 0 -12 0 F 0 F 0.05444122499999553416 #
coedge $-1 -1 $-1 $5634 $4576 $5629 $5644 reversed $5132 $-1 #
DXID-attrib $-1 -1 $-1 $-1 $4577 @10 Revit:Edge @8 Edge:126 #
vertex $-1 -1 $-1 $5141 $5645 #
straight-curve $-1 -1 $-1 20.33669195999995338 9.972800864999953774 22.10596108082838285 0 12 0 F 0 F 0.05444122499999553416 #
point $-1 -1 $-1 20.33669195999995338 10.62609556499990049 22.1059610808283864 #
point $-1 -1 $-1 19.6848749099996283 10.62609556499990049 22.1059610808283864 #
DXID-attrib $-1 -1 $-1 $-1 $4583 @10 Revit:Face @6 Face:1 #
loop $-1 -1 $-1 $-1 $5646 $4583 #
plane-surface $-1 -1 $-1 -35.89339222000001683 10.5826410949999854 21.58253283048829729 0 0 -1 0 12 0 forward_v I I I I #
coedge $-1 -1 $-1 $5647 $4586 $4588 $5157 reversed $3949 $-1 #
coedge $-1 -1 $-1 $4586 $5647 $4597 $5170 forward $3949 $-1 #
coedge $-1 -1 $-1 $4588 $4587 $5648 $5649 reversed $3276 $-1 #
edge $5650 -1 $-1 $5651 -0.04361902086167396969 $4595 2.331176954593504514e-16 $4588 $5652 forward @7 unknown #
coedge $-1 -1 $-1 $5646 $5648 $4589 $5159 forward $5152 $-1 #
edge $5653 -1 $-1 $5165 0 $5162 0.05069688166666178747 $5158 $5654 forward @7 unknown #
coedge $-1 -1 $-1 $4590 $4597 $5646 $5655 reversed $4584 $-1 #
DXID-attrib $-1 -1 $-1 $-1 $4591 @10 Revit:Edge @8 Edge:113 #
vertex $-1 -1 $-1 $5655 $5656 #
straight-curve $-1 -1 $-1 13.81852145999994264 10.5826410949999854 22.10596108082838285 0 0 -12 F -2.331176954593504514e-16 F 0.04361902086167396969 #
DXID-attrib $-1 -1 $-1 $-1 $4592 @10 Revit:Edge @8 Edge:104 #
vertex $-1 -1 $-1 $5649 $5657 #
straight-curve $-1 -1 $-1 13.2101588800000016 10.5826410949999854 22.10596108082838285 0 0 12 F -0.04361902086167396969 F 2.331176954593504514e-16 #
DXID-attrib $-1 -1 $-1 $-1 $4593 @10 Revit:Edge @8 Edge:106 #
straight-curve $-1 -1 $-1 13.2101588800000016 9.929346395000038683 22.10596108082838285 12 0 0 F 0 F 0.05069688166666178747 #
point $-1 -1 $-1 13.2101588800000016 9.929346395000038683 22.1059610808283864 #
edge $5658 -1 $-1 $5659 -0.04361902086167396969 $4599 2.331176954593504514e-16 $5155 $5660 forward @7 unknown #
point $-1 -1 $-1 13.81852145999994264 9.929346395000038683 22.1059610808283864 #
coedge $-1 -1 $-1 $5661 $4610 $4612 $5181 forward $4604 $-1 #
coedge $-1 -1 $-1 $4607 $4606 $5661 $5662 reversed $3284 $-1 #
coedge $-1 -1 $-1 $4610 $5661 $4608 $5175 forward $4604 $-1 #
edge $5663 -1 $-1 $5177 0 $4617 0.04345447000002873594 $5174 $5664 forward @7 unknown #
DXID-attrib $-1 -1 $-1 $-1 $4609 @10 Revit:Edge @7 Edge:92 #
vertex $-1 -1 $-1 $5662 $5665 #
straight-curve $-1 -1 $-1 8.299803770000046654 9.929346395000038683 22.10596108082838285 0 0 12 F -0.04361902086167396969 F 2.331176954593504514e-16 #
DXID-attrib $-1 -1 $-1 $-1 $4611 @10 Revit:Edge @7 Edge:84 #
straight-curve $-1 -1 $-1 7.778350129999701323 9.929346395000038683 21.58253283048829729 0 12 0 F 0 F 0.05444122499999553416 #
edge $5666 -1 $-1 $4614 0 $5185 0.04345447000002873594 $5172 $5667 forward @7 unknown #
point $-1 -1 $-1 7.778350129999701323 10.5826410949999854 21.58253283048829729 #
point $-1 -1 $-1 7.778350129999701323 9.929346395000038683 21.58253283048829729 #
DXID-attrib $-1 -1 $-1 $-1 $4622 @10 Revit:Edge @7 Edge:96 #
vertex $-1 -1 $-1 $5181 $5668 #
straight-curve $-1 -1 $-1 8.299803770000046654 10.5826410949999854 22.10596108082838285 0 0 12 F -0.04361902086167396969 F 2.331176954593504514e-16 #
coedge $-1 -1 $-1 $4626 $4624 $4625 $5188 forward $3984 $-1 #
edge $5669 -1 $-1 $4637 0 $4629 0.04689233083186028495 $5187 $5670 forward @7 unknown #
DXID-attrib $-1 -1 $-1 $-1 $4627 @10 Revit:Edge @7 Edge:71 #
straight-curve $-1 -1 $-1 -4.649628289999898634 9.929346395000038683 21.58253283048829729 0 12 0 F 0 F 0.05444122499999553416 #
point $-1 -1 $-1 -4.649628289999898634 9.929346395000038683 21.58253283048829729 #
DXID-attrib $-1 -1 $-1 $-1 $4633 @10 Revit:Edge @7 Edge:79 #
straight-curve $-1 -1 $-1 -4.086920320017575214 10.5826410949999854 21.58253283048829729 0 -12 0 F 0 F 0.05444122499999553416 #
point $-1 -1 $-1 -4.086920320017575214 9.929346395000038683 21.58253283048829729 #
DXID-attrib $-1 -1 $-1 $-1 $4640 @10 Revit:Edge @7 Edge:59 #
straight-curve $-1 -1 $-1 -8.212894830000205815 10.62609556499990049 21.58253283048829729 0 -12 0 F 0 F 0.05806243083332179172 #
DXID-attrib $-1 -1 $-1 $-1 $4650 @10 Revit:Face @8 Face:137 #
face $5671 -1 $-1 $5672 $5673 $107 $-1 $5674 forward single #
loop $-1 -1 $-1 $-1 $5675 $4650 #
plane-surface $-1 -1 $-1 37.4843947101011068 9.885206811666648719 20.97203548600472089 -0.7071067811865475727 -1.138488921813987509e-15 -0.7071067811865475727 0 -12 1.932079768609035795e-14 forward_v I I I I #
coedge $-1 -1 $-1 $5676 $5677 $4667 $5216 reversed $4651 $-1 #
coedge $-1 -1 $-1 $5678 $4653 $4655 $5205 reversed $4031 $-1 #
coedge $-1 -1 $-1 $4653 $5678 $5676 $5679 forward $4031 $-1 #
coedge $-1 -1 $-1 $4655 $4654 $5680 $5681 reversed $3366 $-1 #
edge $5682 -1 $-1 $5683 -1.654922515555550033 $4670 -3.753349859181446362e-31 $4655 $5684 forward @7 unknown #
coedge $-1 -1 $-1 $4658 $5680 $4656 $5207 forward $3379 $-1 #
edge $5685 -1 $-1 $5209 4.662353909187009029e-16 $4661 2.000358343425679752 $5206 $5686 forward @7 unknown #
DXID-attrib $-1 -1 $-1 $-1 $4657 @10 Revit:Edge @8 Edge:128 #
vertex $-1 -1 $-1 $5681 $5687 #
straight-curve $-1 -1 $-1 40.36091705416669129 9.885206811666650495 22.2353915135046698 0 12 -1.932079768609035795e-14 F -1.654922515555550033 F 0 #
DXID-attrib $-1 -1 $-1 $-1 $4659 @10 Revit:Edge @8 Edge:119 #
ellipse-curve $-1 -1 $-1 16.13995987477336769 -9.973863374999949016 21.73163355528028617 0 1 0 0.5483724659199609164 0 0 1 F -1.164629354360390501 F 1.375581220847444497 #
point $-1 -1 $-1 16.35661693305853959 -9.973863374999949016 22.23539151350462006 #
coedge $-1 -1 $-1 $5688 $4666 $4682 $5234 forward $3379 $-1 #
coedge $-1 -1 $-1 $5689 $4667 $5675 $5690 forward $314 $-1 #
edge $5691 -1 $-1 $5218 6.631427455322719494e-31 $5692 0.2341691601304845827 $4667 $5693 forward @7 unknown #
DXID-attrib $-1 -1 $-1 $-1 $4668 @10 Revit:Edge @8 Edge:130 #
vertex $-1 -1 $-1 $4668 $5694 #
straight-curve $-1 -1 $-1 40.36091705416669129 9.885206811666648719 21.03852790850450205 -8.485281374238569541 0 -8.485281374238569541 F 1.648391032738871629e-16 F 0.007836207141185389316 #
point $-1 -1 $-1 40.36091705416669129 9.885206811666648719 21.0385279085045056 #
coedge $-1 -1 $-1 $4673 $5695 $5696 $5697 forward $314 $-1 #
coedge $-1 -1 $-1 $5698 $5699 $4673 $5223 reversed $5700 $-1 #
edge $5701 -1 $-1 $5702 0 $5228 0.0424812699305673544 $4673 $5703 forward @7 unknown #
coedge $-1 -1 $-1 $5704 $4674 $5699 $5705 reversed $5226 $-1 #
coedge $-1 -1 $-1 $4674 $5704 $4676 $5231 forward $5226 $-1 #
loop $-1 -1 $-1 $-1 $4674 $5706 #
DXID-attrib $-1 -1 $-1 $-1 $4675 @10 Revit:Edge @8 Edge:166 #
vertex $-1 -1 $-1 $5223 $5707 #
straight-curve $-1 -1 $-1 19.61528123416671221 9.885206811666650495 21.32666173933811393 -12 0 0 F -2.331176954593504514e-16 F 0.01108207041666657219 #
coedge $-1 -1 $-1 $4677 $4676 $5688 $5708 reversed $4678 $-1 #
edge $5709 -1 $-1 $5710 -1.654922515555550033 $4680 0 $5225 $5711 forward @7 unknown #
face $5712 -1 $-1 $4684 $4678 $107 $-1 $5713 forward single #
point $-1 -1 $-1 19.48229638916671291 9.885206811666650495 21.32666173933811393 #
edge $5714 -1 $-1 $4688 -5.469886033848949902e-17 $5236 0.05745266094040522853 $5214 $5715 forward @7 unknown #
DXID-attrib $-1 -1 $-1 $-1 $4683 @10 Revit:Edge @8 Edge:176 #
vertex $-1 -1 $-1 $5234 $5716 #
straight-curve $-1 -1 $-1 19.48229638916671647 9.885206811666650495 21.23800517600451698 0 12 -1.932079768609035795e-14 F -1.654922515555550033 F -3.753349859181446362e-31 #
DXID-attrib $-1 -1 $-1 $-1 $4684 @10 Revit:Face @8 Face:173 #
plane-surface $-1 -1 $-1 19.48229638916671647 9.885206811666650495 21.23800517600451698 0.9720822085733319406 -3.777868557544310175e-16 -0.2346405331037101916 0 -12 1.932079768609035795e-14 forward_v I I I I #
DXID-attrib $-1 -1 $-1 $-1 $4686 @10 Revit:Edge @8 Edge:179 #
straight-curve $-1 -1 $-1 17.99729895333329566 -9.973863374999950793 19.97464914850462847 10.9501118941797646 1.102491123095863727e-14 4.908670849114129986 F 7.335243821244673369e-16 F 0.1208415742894231593 #
point $-1 -1 $-1 19.32052771327131424 -9.973863374999949016 20.56782066158017841 #
DXID-attrib $-1 -1 $-1 $-1 $4696 @10 Revit:Face @7 Face:77 #
face $5717 -1 $-1 $4729 $4723 $64 $-1 $5718 forward single #
loop $-1 -1 $-1 $-1 $4719 $4696 #
cone-surface $-1 -1 $-1 -4.375184803833747083 -9.929535093333381468 19.79733602183805985 0 1 0 0.4299843321671107943 0 0 1 I I 0 1 0.4299843321671107943 forward I I I I #
coedge $-1 -1 $-1 $5719 $5720 $4713 $5261 reversed $4697 $-1 #
coedge $-1 -1 $-1 $5721 $4699 $4701 $5251 reversed $4079 $-1 #
coedge $-1 -1 $-1 $4699 $5721 $5719 $5722 forward $4079 $-1 #
coedge $-1 -1 $-1 $4701 $4700 $5723 $5724 reversed $3412 $-1 #
edge $5725 -1 $-1 $5726 -1.654922515555550033 $4716 -1.172921830994201988e-32 $4701 $5727 forward @7 unknown #
coedge $-1 -1 $-1 $4704 $5723 $4702 $5253 forward $2718 $-1 #
edge $5728 -1 $-1 $5255 0.1418970546038210434 $4707 1.428899272191337166 $5252 $5729 forward @7 unknown #
DXID-attrib $-1 -1 $-1 $-1 $4703 @10 Revit:Edge @7 Edge:68 #
vertex $-1 -1 $-1 $5724 $5730 #
straight-curve $-1 -1 $-1 -5.607511034166535069 9.885206811666650495 22.10240666850447866 0 12 -1.932079768609035795e-14 F -1.654922515555550033 F 3.753349859181446362e-31 #
DXID-attrib $-1 -1 $-1 $-1 $4705 @10 Revit:Edge @7 Edge:59 #
straight-curve $-1 -1 $-1 -5.80698830166670632 -9.973863374999949016 22.3018839360046357 -12 0 -3.699024514260391506e-14 F 5.827942386483761286e-17 F 0.07203345770832619843 #
point $-1 -1 $-1 -5.806988301666707208 -9.973863374999949016 22.3018839360046357 #
coedge $-1 -1 $-1 $5731 $4712 $4727 $5274 forward $2718 $-1 #
edge $5732 -1 $-1 $5263 4.570578354114261365e-16 $5269 0.162032519301646305 $4713 $5733 forward @7 unknown #
DXID-attrib $-1 -1 $-1 $-1 $4714 @10 Revit:Edge @7 Edge:70 #
vertex $-1 -1 $-1 $4714 $5734 #
ellipse-curve $-1 -1 $-1 -5.081559536999620263 9.885206811666650495 21.77144325254972657 0 -1 0 0.5303279830832353658 0 0 1 F 3.270152282862551996 F 3.877848575458309632 #
point $-1 -1 $-1 -5.607511034166531516 9.885206811666650495 21.70345213350453761 #
coedge $-1 -1 $-1 $5735 $4719 $5720 $5736 reversed $5245 $-1 #
coedge $-1 -1 $-1 $4719 $5735 $4721 $5272 forward $5245 $-1 #
DXID-attrib $-1 -1 $-1 $-1 $4720 @10 Revit:Edge @7 Edge:78 #
vertex $-1 -1 $-1 $5261 $5737 #
ellipse-curve $-1 -1 $-1 -4.375184803833747083 9.885206811666646942 19.79733602183805985 0 1 0 0.4299843321671107943 0 0 1 F 5.548837639543195088 F 7.017532974815109625 #
coedge $-1 -1 $-1 $4722 $4721 $5731 $5738 reversed $4723 $-1 #
edge $5739 -1 $-1 $5740 -1.654922515555550033 $4725 1.165588477296748559e-16 $5267 $5741 forward @7 unknown #
point $-1 -1 $-1 -4.056021175833137704 9.885206811666648719 19.50920219100470732 #
edge $5742 -1 $-1 $4733 5.12858930010482197e-16 $5276 0.02770517604167079331 $5260 $5743 forward @7 unknown #
DXID-attrib $-1 -1 $-1 $-1 $4728 @10 Revit:Edge @7 Edge:88 #
vertex $-1 -1 $-1 $5274 $5744 #
straight-curve $-1 -1 $-1 -4.876094386666744107 9.885206811666645166 18.77778554350475204 0 12 -1.932079768609035795e-14 F -1.654922515555550033 F 0 #
DXID-attrib $-1 -1 $-1 $-1 $4729 @10 Revit:Face @7 Face:85 #
plane-surface $-1 -1 $-1 -4.876094386666744107 9.885206811666645166 18.77778554350475204 0.6000000000007668088 -1.288053179071764644e-15 -0.7999999999994248379 0 -12 1.932079768609035795e-14 forward_v I I I I #
DXID-attrib $-1 -1 $-1 $-1 $4731 @10 Revit:Edge @7 Edge:91 #
ellipse-curve $-1 -1 $-1 -5.907198512882071206 -9.973863374999954345 19.85746214857152125 0 -1 0 1.490525187705991073 0 0 1 F 4.585973751335378878 F 5.251451997492618595 #
point $-1 -1 $-1 -5.142064076666587269 -9.973863374999952569 18.57830827600450263 #
DXID-attrib $-1 -1 $-1 $-1 $4741 @10 Revit:Edge @7 Edge:23 #
straight-curve $-1 -1 $-1 -39.69595963583318365 -9.973863374999949016 22.56785362600464495 0 -1.243637552208160313e-14 -12 F 0 F 0.1071266806944405903 #
DXID-attrib $-1 -1 $-1 $-1 $4749 @10 Revit:Face @7 Face:37 #
plane-surface $-1 -1 $-1 -13.46555118110243399 -9.885206811666630955 18.29017444517135971 -1.582420323009555754e-15 -1 0 12 -1.898904387611466904e-14 0 forward_v I I I I #
coedge $-1 -1 $-1 $4777 $4776 $4752 $5288 reversed $4142 $-1 #
edge $5745 -1 $-1 $5292 2.331176954593504514e-16 $5301 0.02585816430555152798 $4752 $5746 forward @7 unknown #
coedge $-1 -1 $-1 $4774 $4753 $4756 $5294 forward $4750 $-1 #
coedge $-1 -1 $-1 $4753 $4774 $4777 $5306 reversed $4750 $-1 #
DXID-attrib $-1 -1 $-1 $-1 $4754 @10 Revit:Edge @7 Edge:35 #
vertex $-1 -1 $-1 $4754 $5747 #
straight-curve $-1 -1 $-1 13.4758142233335203 -9.885206811666671811 18.29017444517135971 0 -12 0 F 0 F 0.005541035208333636511 #
edge $5748 -1 $-1 $4759 -2.245113783702996635 $4786 0 $5289 $5749 forward @7 unknown #
point $-1 -1 $-1 13.4758142233335203 -9.885206811666671811 18.29017444517135971 #
DXID-attrib $-1 -1 $-1 $-1 $4761 @10 Revit:Edge @7 Edge:44 #
straight-curve $-1 -1 $-1 -13.46555118110243399 -9.885206811666630955 18.55614413517154304 -12 1.898904387611466904e-14 0 F -2.245113783702996635 F 0 #
DXID-attrib $-1 -1 $-1 $-1 $4762 @10 Revit:Face @7 Face:41 #
plane-surface $-1 -1 $-1 -13.46555118110243399 -9.885206811666630955 18.55614413517154304 -5.124198677897839131e-30 -3.238203278476786745e-15 1 12 -1.898904387611466904e-14 0 forward_v I I I I #
DXID-attrib $-1 -1 $-1 $-1 $4769 @10 Revit:Edge @7 Edge:27 #
vertex $-1 -1 $-1 $5288 $5750 #
straight-curve $-1 -1 $-1 13.4758142233335203 -9.951699234166676789 17.97987647350474205 0 12 0 F 0 F 0.002770517604167051142 #
point $-1 -1 $-1 13.4758142233335203 -9.918453022916670747 17.97987647350474205 #
DXID-attrib $-1 -1 $-1 $-1 $4775 @10 Revit:Edge @7 Edge:34 #
straight-curve $-1 -1 $-1 -13.46555118110243399 -9.95169923416663238 18.29017444517135971 0 12 0 F 0 F 0.005541035208333519417 #
edge $5751 -1 $-1 $5292 -2.245113783702996635 $4779 0 $4777 $5752 forward @7 unknown #
point $-1 -1 $-1 -13.46555118110243399 -9.95169923416663238 18.29017444517135971 #
DXID-attrib $-1 -1 $-1 $-1 $4781 @10 Revit:Edge @7 Edge:32 #
straight-curve $-1 -1 $-1 -13.46555118110243399 -9.95169923416663238 17.97987647350474205 -12 1.898904387611466904e-14 0 F -2.245113783702996635 F 0 #
point $-1 -1 $-1 -13.46555118110243399 -9.885206811666630955 18.29017444517135971 #
DXID-attrib $-1 -1 $-1 $4790 $4187 @10 Revit:Face @7 Face:77 #
rgb_color-st-attrib $-1 -1 $5753 $-1 $4791 0 0 0 #
face $5754 -1 $-1 $4815 $4810 $121 $-1 $5755 reversed single #
loop $-1 -1 $-1 $-1 $5328 $4791 #
plane-surface $-1 -1 $-1 20.68432771999995268 -3.42057145608107982 27.86388309622504877 1 0 0 0 0 -12 forward_v I I I I #
coedge $-1 -1 $-1 $5339 $5320 $4794 $5317 reversed $4792 $-1 #
edge $5756 -1 $-1 $5342 -0.1608921274476882435 $5324 0 $4794 $5757 forward @7 unknown #
DXID-attrib $-1 -1 $-1 $-1 $4795 @10 Revit:Edge @7 Edge:23 #
straight-curve $-1 -1 $-1 17.04424089750015625 -9.973863374999934805 24.67587228204351035 0 -1.656100457722342721e-14 -12 F 0 F 0.1608921274476879937 #
coedge $-1 -1 $-1 $5316 $5758 $4798 $5321 reversed $4792 $-1 #
edge $5759 -1 $-1 $5324 -2.978517944837575986e-17 $5331 0.3412512224189128696 $4798 $5760 forward @7 unknown #
coedge $-1 -1 $-1 $4818 $4799 $4801 $5326 reversed $4188 $-1 #
DXID-attrib $-1 -1 $-1 $-1 $4800 @10 Revit:Edge @8 Edge:132 #
vertex $-1 -1 $-1 $4800 $5761 #
straight-curve $-1 -1 $-1 17.04424089750015625 -5.513432686891721168 22.74516675267124555 12 0 0 F 0 F 0.01002289604167316654 #
edge $5762 -1 $-1 $4821 0 $4803 0.1608921274476882435 $4801 $5763 forward @7 unknown #
point $-1 -1 $-1 17.04424089750015625 -5.513432686891722057 22.74516675267124555 #
coedge $-1 -1 $-1 $4824 $4806 $5758 $5764 reversed $5314 $-1 #
coedge $-1 -1 $-1 $4806 $4824 $4808 $5333 forward $5314 $-1 #
DXID-attrib $-1 -1 $-1 $-1 $4807 @10 Revit:Edge @8 Edge:134 #
vertex $-1 -1 $-1 $5321 $5765 #
straight-curve $-1 -1 $-1 20.68432771999995268 -3.42057145608107982 22.74516675267124199 0 12 -1.857261457189446942e-14 F -5.827942386483761286e-17 F 0.5738632541554076205 #
edge $5766 -1 $-1 $4827 -0.1608921274476879937 $4812 0 $5329 $5767 forward @7 unknown #
point $-1 -1 $-1 20.68432771999995268 3.465787593783810294 22.74516675267123134 #
DXID-attrib $-1 -1 $-1 $-1 $4814 @10 Revit:Edge @8 Edge:123 #
straight-curve $-1 -1 $-1 17.16451564999977819 5.511083796621818465 22.74516675267123134 -0 -0 -12 F -0.1608921274476877716 F 0 #
rgb_color-st-attrib $-1 -1 $5768 $-1 $4815 0 0 0 #
plane-surface $-1 -1 $-1 17.16451564999977819 5.511083796621818465 27.86388309622504877 3.406547971169823211e-15 1 0 0 0 -12 forward_v I I I I #
coedge $-1 -1 $-1 $5758 $5316 $4817 $5340 reversed $4792 $-1 #
edge $5769 -1 $-1 $5346 2.003730253799829705e-16 $5342 0.3412512224189132026 $4817 $5770 forward @7 unknown #
DXID-attrib $-1 -1 $-1 $-1 $4819 @10 Revit:Edge @8 Edge:139 #
vertex $-1 -1 $-1 $5340 $5771 #
straight-curve $-1 -1 $-1 17.16451565000023649 -5.513432686891723833 24.6758722820435068 -12 2.658448464417677157e-13 0 F 3.873321122015612747e-30 F 0.01002289604167316654 #
point $-1 -1 $-1 17.04424089750015625 -5.513432686891722057 24.6758722820435068 #
DXID-attrib $-1 -1 $-1 $-1 $4825 @10 Revit:Edge @8 Edge:141 #
vertex $-1 -1 $-1 $4825 $5772 #
straight-curve $-1 -1 $-1 20.68432771999995268 3.465787593783811626 24.67587228204348904 0 -12 1.857261457189446942e-14 F 1.165588477296752257e-16 F 0.5738632541554076205 #
point $-1 -1 $-1 20.68432771999995268 3.465787593783810294 24.67587228204348904 #
DXID-attrib $-1 -1 $-1 $4831 $4224 @10 Revit:Face @7 Face:13 #
DXID-attrib $-1 -1 $-1 $-1 $4833 @10 Revit:Edge @8 Edge:107 #
straight-curve $-1 -1 $-1 12.86252311999999698 -3.420571456081081152 22.67867433017124057 -0 -0 -12 F -0.1664331626560216493 F 2.331176954593504514e-16 #
DXID-attrib $-1 -1 $-1 $-1 $4838 @10 Revit:Edge @8 Edge:125 #
straight-curve $-1 -1 $-1 16.26849596833327993 -5.445744501036004159 22.67867433017124412 -1.600964144752414988e-14 1.600964144752414988e-14 12 F 4.665163399221662957e-31 F 0.1664331626560218713 #
coedge $-1 -1 $-1 $4848 $4847 $4846 $5355 forward $4350 $-1 #
edge $5773 -1 $-1 $4920 1.074700507212316136 $5357 1.928037910631660079 $5354 $5774 forward @7 unknown #
DXID-attrib $-1 -1 $-1 $-1 $4853 @10 Revit:Edge @9 Edge:3062 #
vertex $-1 -1 $-1 $5355 $5775 #
ellipse-curve $-1 -1 $-1 8.459676042345803282 -6.231848168330595961 15.28280590558793151 2.573718829012034008e-16 0.164398987305334171 0.9863939238321476344 0 0.7712609763693416554 -0.1285434960615383371 0.1643989873053341433 F 2.466262438595050899 F 2.833539872564061479 #
point $-1 -1 $-1 8.420701184220547475 -6.966802635830682711 15.4052983168379285 #
DXID-attrib $-1 -1 $-1 $4857 $4269 @10 Revit:Face @9 Face:2652 #
DXID-attrib $-1 -1 $-1 $-1 $4859 @10 Revit:Edge @8 Edge:664 #
straight-curve $-1 -1 $-1 -3.921266107240267917 -6.833817790833101924 15.38313417600500443 -12 1.949567613917793239e-14 0 F -1.025048544127870942 F 1.893661288744586109e-31 #
DXID-attrib $-1 -1 $-1 $-1 $4862 @10 Revit:Edge @9 Edge:3066 #
vertex $-1 -1 $-1 $4862 $5776 #
intcurve-curve $-1 -1 $-1 forward { surfintcur full nubs 3 periodic 53 
	0 3 0.111929889482981243 2 0.2238597789659624859 2 0.4477195579319249719 2 0.6045414476864231501 2 
	0.7613633374409213284 2 0.9933990014095070986 2 1.22543466537809298 2 1.487711321082107796 2 1.749987976786122612 2 
	2.025139704995217116 2 2.162715569099764146 2 2.231503501152038105 2 2.30029143320431162 2 2.369079365256585135 2 
	2.437867297308859094 2 2.575443161413406123 2 2.850594889622500627 2 3.112871545326515665 2 3.375148201030530259 2 
	3.607183864999115919 2 3.839219528967702022 2 3.996041418722199978 2 4.152863308476698379 2 4.376723087442661253 2 
	4.48865297692564269 2 4.600582866408623239 2 4.712512755891603788 2 4.824442645374585226 2 5.0483024243405481 2 
	5.2051243140950465 2 5.361946203849544901 2 5.59398186781813056 2 5.826017531786716219 2 6.088294187490730813 2 
	6.350570843194745407 2 6.625722571403839467 2 6.763298435508387385 2 6.832086367560661344 2 6.900874299612934415 2 
	6.969662231665207486 2 7.038450163717481445 2 7.176026027822029363 2 7.451177756031123423 2 7.713454411735138017 2 
	7.975731067439152611 2 8.207766731407737382 2 8.439802395376323929 2 8.596624285130822329 2 8.75344617488532073 2 
	8.977305953851283604 2 9.089235843334265041 2 9.201165732817246479 3 
	9.918298821517751662 -8.416733518951190263 15.63989822836737176 
	9.932987783392158931 -8.416733518951190263 15.63989822836737176 
	9.947287039587060065 -8.419441482429181889 15.64110221386270005 
	9.974972064978366859 -8.428533706485428212 15.64558329408932025 
	9.988374032156755788 -8.434866326544526061 15.64886492973319143 
	10.02713143269970786 -8.456311064784593157 15.66148730800523659 
	10.05109618165421281 -8.47366964356885255 15.67377688442526562 
	10.08592187751882463 -8.500003965678148532 15.69805647577183549 
	10.10067363939671026 -8.511698734501074171 15.71053983827575173 
	10.12748904433555097 -8.533320895757155355 15.73922414365126521 
	10.13954501288590571 -8.543215768978198454 15.75545675544132607 
	10.16349314379029423 -8.562682350873016546 15.79609811418321819 
	10.17532333200735373 -8.57210507296235491 15.82560874139971574 
	10.18743219556633051 -8.579935459604863368 15.88785676790310042 
	10.18765785742760777 -8.578256070416051315 15.92061538694218115 
	10.17769372653371285 -8.564618343246214849 15.98324840622421306 
	10.16587856988061134 -8.550909620071639239 16.01533973038672798 
	10.1339304024449337 -8.514926945318853413 16.07020518174717338 
	10.11385278392621423 -8.492699250698928282 16.0930418592419251 
	10.07333206256392089 -8.446951020909368779 16.1282478586586322 
	10.04951810878330498 -8.41997270483982696 16.14277805848509217 
	10.01733687436767184 -8.37815499735820346 16.15722625766910525 
	10.00728224568711511 -8.364144318764260788 16.16085771112058111 
	9.995153678630224192 -8.342227027705876097 16.16469789638319199 
	9.991625205905078744 -8.334782185879413774 16.16570696451375966 
	9.986396063600087913 -8.319101263619339548 16.16713730447620989 
	9.984692768622551284 -8.310866611173473473 16.16756462536372041 
	9.984692768622551284 -8.292812035831666151 16.16756462536371686 
	9.986396063600084361 -8.28457738338579297 16.16713730447620989 
	9.991625205905076967 -8.268896461125720521 16.16570696451375966 
	9.995153678630217087 -8.261451619299263527 16.16469789638318844 
	10.00728224568710978 -8.239534328240877059 16.16085771112058111 
	10.01733687436767184 -8.22552364964693794 16.15722625766910525 
	10.04951810878330498 -8.183705942165312663 16.14277805848509217 
	10.07333206256392089 -8.156727626095770844 16.1282478586586322 
	10.11385278392621423 -8.110979396306211342 16.0930418592419251 
	10.1339304024449337 -8.088751701686284434 16.07020518174717338 
	10.16587856988061134 -8.052769026933498608 16.01533973038672798 
	10.17769372653371285 -8.039060303758922998 15.98324840622421306 
	10.18765785742760599 -8.025422576589086532 15.92061538694217759 
	10.18743219556633051 -8.023743187400278032 15.88785676790309687 
	10.17532333200735373 -8.031573574042784713 15.82560874139971219 
	10.16349314379029423 -8.040996296132121302 15.79609811418321819 
	10.13954501288590571 -8.060462878026941169 15.75545675544132607 
	10.12748904433555097 -8.070357751247984268 15.73922414365126521 
	10.10067363939670848 -8.091979912504065453 15.71053983827575173 
	10.08592187751882463 -8.103674681326989315 15.69805647577183194 
	10.05109618165421281 -8.130009003436285298 15.67377688442526562 
	10.02713143269970786 -8.147367582220544691 15.66148730800523659 
	9.988374032156755788 -8.168812320460611787 15.64886492973319143 
	9.974972064978366859 -8.175144940519711412 15.64558329408932025 
	9.947287039587060065 -8.184237164575955958 15.64110221386270005 
	9.932987783392158931 -8.186945128053947585 15.63989822836737176 
	9.903609859643344393 -8.186945128053947585 15.63989822836737176 
	9.88931060344844326 -8.184237164575955958 15.64110221386270005 
	9.861625578057136465 -8.175144940519711412 15.64558329408932025 
	9.848223610878747536 -8.168812320460611787 15.64886492973319143 
	9.809466210335795466 -8.147367582220544691 15.66148730800523659 
	9.785501461381288735 -8.130009003436285298 15.67377688442526562 
	9.750675765516678695 -8.103674681326989315 15.69805647577183549 
	9.735924003638793067 -8.091979912504065453 15.71053983827575173 
	9.709108598699952353 -8.070357751247984268 15.73922414365126521 
	9.697052630149597618 -8.060462878026941169 15.75545675544132607 
	9.673104499245209098 -8.040996296132123078 15.79609811418321819 
	9.661274311028149597 -8.031573574042784713 15.82560874139971574 
	9.649165447469172818 -8.023743187400276256 15.88785676790310042 
	9.648939785607895558 -8.025422576589088308 15.92061538694218115 
	9.658903916501790476 -8.039060303758922998 15.98324840622421306 
	9.670719073154891987 -8.052769026933498608 16.01533973038672798 
	9.702667240590569619 -8.088751701686284434 16.07020518174717338 
	9.722744859109289095 -8.110979396306211342 16.0930418592419251 
	9.763265580471582439 -8.156727626095770844 16.1282478586586322 
	9.787079534252198343 -8.183705942165312663 16.14277805848509217 
	9.819260768667831485 -8.22552364964693794 16.15722625766910525 
	9.829315397348389993 -8.239534328240873506 16.16085771112058111 
	9.841443964405282685 -8.261451619299259974 16.16469789638319199 
	9.844972437130421028 -8.268896461125724073 16.16570696451375966 
	9.850201579435415411 -8.284577383385800076 16.16713730447620989 
	9.85190487441295204 -8.292812035831667927 16.16756462536372041 
	9.85190487441295204 -8.31086661117346992 16.16756462536371686 
	9.850201579435415411 -8.319101263619339548 16.16713730447620989 
	9.844972437130421028 -8.33478218587941555 16.16570696451375966 
	9.841443964405282685 -8.342227027705877873 16.16469789638319199 
	9.829315397348389993 -8.364144318764264341 16.16085771112058111 
	9.819260768667831485 -8.378154997358205236 16.1572262576691017 
	9.787079534252198343 -8.419972704839828737 16.14277805848509217 
	9.763265580471582439 -8.446951020909368779 16.1282478586586322 
	9.722744859109289095 -8.492699250698928282 16.0930418592419251 
	9.702667240590569619 -8.514926945318853413 16.07020518174717338 
	9.670719073154891987 -8.550909620071639239 16.01533973038672798 
	9.658903916501790476 -8.564618343246214849 15.98324840622421306 
	9.648939785607895558 -8.578256070416051315 15.92061538694218292 
	9.649165447469172818 -8.579935459604863368 15.8878567679031022 
	9.661274311028149597 -8.57210507296235491 15.82560874139971574 
	9.673104499245209098 -8.562682350873016546 15.79609811418321819 
	9.697052630149597618 -8.543215768978198454 15.75545675544132607 
	9.709108598699952353 -8.533320895757155355 15.73922414365126521 
	9.735924003638793067 -8.511698734501074171 15.71053983827575173 
	9.750675765516678695 -8.500003965678148532 15.69805647577183549 
	9.785501461381288735 -8.47366964356885255 15.67377688442526562 
	9.809466210335795466 -8.456311064784593157 15.66148730800523659 
	9.848223610878747536 -8.434866326544526061 15.64886492973319143 
	9.861625578057136465 -8.428533706485428212 15.64558329408932025 
	9.88931060344844326 -8.419441482429181889 15.64110221386270005 
	9.903609859643344393 -8.416733518951190263 15.63989822836737176 
	9.918298821517751662 -8.416733518951190263 15.63989822836737176 
	0.0001530679888751194885 
	
	cone 10.33555422583333261 -8.301839323502569812 15.89122288337772204 -1 0 0 0 -0.2763417419860005331 0 1 I I 0 1 0.2763417419860005331 forward I I I I 
	cone 9.918298821517751662 6.348833320724273754 15.90790845636491113 0 1 0 -0.2680102279975399848 0 0 1 I I 0 1 0.2680102279975399848 forward I I I I 
	nullbs 
	nullbs 
	I I 
	0 
	0 
	0 
	} F 0.3617244306301883316 F 1.811859427023468472 #
DXID-attrib $-1 -1 $-1 $4863 $4279 @10 Revit:Face @9 Face:2656 #
DXID-attrib $-1 -1 $-1 $-1 $4865 @10 Revit:Edge @8 Edge:668 #
straight-curve $-1 -1 $-1 -5.621657685353899758 -8.454055884530538023 16.12186302930351189 -12 1.730948771384238368e-14 0 F -1.308447140480140547 F 5.82794238648371075e-17 #
DXID-attrib $-1 -1 $-1 $-1 $4868 @10 Revit:Edge @9 Edge:3063 #
straight-curve $-1 -1 $-1 8.420701184220547475 -6.966802635830685375 15.4052983168379285 8.485679473251199312 -8.369437288683759135 1.394906214780425646 F -1.625886610857927499e-16 F 0.1757050234417634749 #
point $-1 -1 $-1 9.911677694987442777 -8.4373548108332308 15.65039034600498624 #
DXID-attrib $-1 -1 $-1 $4876 $4297 @10 Revit:Face @8 Face:157 #
DXID-attrib $-1 -1 $-1 $-1 $4879 @10 Revit:Edge @9 Edge:3069 #
ellipse-curve $-1 -1 $-1 9.918298821517751662 -9.673596950280543894 15.90790845636491113 -2.420470023698658132e-16 -0.1727994780081299475 0.9849570246463130729 0 1.527658299585935131 0.2680102279975399848 0.1727994780081299475 F -0.6463166742719245184 F -0.3174892165554665246 #
DXID-attrib $-1 -1 $-1 $4885 $4312 @10 Revit:Face @9 Face:2624 #
rgb_color-st-attrib $-1 -1 $5777 $-1 $4886 0 0 0 #
face $5778 -1 $-1 $5779 $5780 $39 $-1 $5781 reversed single #
loop $-1 -1 $-1 $-1 $5782 $4886 #
plane-surface $-1 -1 $-1 8.710228701720668099 -9.198118445833415535 11.39645576683786921 -0.1586780953837230723 -8.46074724534227134e-17 -0.9873303712767039775 0 12 -1.028318077694920494e-15 forward_v I I I I #
tcoedge-coedge $-1 -1 $-1 $5783 $5784 $4889 $5383 reversed $4887 $5785 -1.187805153100721212 -4.689927396570696779e-08 #
coedge $-1 -1 $-1 $5786 $4889 $5787 $5788 reversed $4313 $-1 #
coedge $-1 -1 $-1 $4889 $5786 $5789 $5790 reversed $4313 $-1 #
tedge-edge $5791 -1 $-1 $5792 4.689927396570696779e-08 $5793 1.187805153100721212 $4889 $5794 forward @7 unknown 8.481267822841135021e-06 #
pcurve $-1 -1 $-1 0 forward { exppc nubs 1 open 2 
	4.689927396570696779e-08 1 1.187805153100721212 1 
	1.25120212268407105 -9.322762213104240914e-06 
	0.06339701648262352496 -9.322762214658553148e-06 
	0 
	plane 10.04650955172050253 -9.198118445833415535 11.04011420683779043 0.9582877607732102065 -2.44915477728426435e-17 -0.2858051216340718459 0 12 -1.028318077694920494e-15 reverse_v I I I I 
	} 0 0 #
DXID-attrib $-1 -1 $-1 $4892 $4322 @10 Revit:Face @8 Face:229 #
rgb_color-st-attrib $-1 -1 $5795 $-1 $4893 0 0 0 #
face $5796 -1 $-1 $5021 $5006 $39 $-1 $5797 forward single #
loop $-1 -1 $-1 $-1 $5798 $4893 #
plane-surface $-1 -1 $-1 -4.252178386666748189 -9.198118445833415535 11.64144058933787562 0.1617750270664791157 8.456439396645746438e-17 0.986827665105533991 0 12 -1.028318077694920494e-15 forward_v I I I I #
coedge $-1 -1 $-1 $5799 $5800 $5801 $5802 reversed $4894 $-1 #
coedge $-1 -1 $-1 $5803 $4896 $5804 $5805 reversed $4323 $-1 #
coedge $-1 -1 $-1 $4896 $5806 $5807 $5808 reversed $4323 $-1 #
coedge $-1 -1 $-1 $5398 $5395 $4896 $5394 forward $3703 $-1 #
edge $5809 -1 $-1 $5810 -1.150177823588193649 $5811 -1.748382715945128263e-16 $5393 $5812 forward @14 tangent_not_g2 #
coedge $-1 -1 $-1 $5393 $4897 $5813 $5814 reversed $3703 $-1 #
coedge $-1 -1 $-1 $5815 $5816 $4897 $5397 forward $5817 $-1 #
edge $5818 -1 $-1 $5819 2.720082640060659251 $4906 3.170639013296677522 $5396 $5820 forward @7 unknown #
coedge $-1 -1 $-1 $4898 $5393 $5821 $5822 reversed $3703 $-1 #
coedge $-1 -1 $-1 $5823 $5824 $4898 $5400 forward $5825 $-1 #
edge $5826 -1 $-1 $4907 2.122042145345650166 $5827 2.572598518579891635 $5399 $5828 forward @7 unknown #
coedge $-1 -1 $-1 $5829 $5830 $4900 $5402 forward $5831 $-1 #
edge $5832 -1 $-1 $5413 -1.165588477296752257e-16 $5407 1.122488938179817097 $5401 $5833 forward @7 unknown #
coedge $-1 -1 $-1 $5789 $4901 $5824 $5834 reversed $5405 $-1 #
coedge $-1 -1 $-1 $4901 $5789 $5829 $5835 forward $5405 $-1 #
loop $-1 -1 $-1 $-1 $4901 $5836 #
DXID-attrib $-1 -1 $-1 $-1 $4902 @10 Revit:Edge @8 Edge:475 #
vertex $-1 -1 $-1 $4902 $5837 #
straight-curve $-1 -1 $-1 -5.196593639663914743 5.424410018245795051 9.726211911005050226 -3.297622489633437404 3.297622489633465381 11.05673422994906296 F 1.601529490163068673e-17 F 0.1188423184622506013 #
coedge $-1 -1 $-1 $5787 $4903 $5830 $5838 reversed $5411 $-1 #
coedge $-1 -1 $-1 $4903 $5787 $5815 $5839 forward $5411 $-1 #
loop $-1 -1 $-1 $-1 $4903 $5840 #
DXID-attrib $-1 -1 $-1 $-1 $4904 @10 Revit:Edge @8 Edge:477 #
vertex $-1 -1 $-1 $5402 $5841 #
straight-curve $-1 -1 $-1 -5.588491210584867197 -8.43735481083319705 11.04022141350491282 3.297622489633286857 3.297622489635247955 -11.05673422994857802 F 1.421750513449133123e-07 F 0.1188424606373101738 #
point $-1 -1 $-1 -5.588499102932403595 -8.437354233737920595 11.04021838925849863 #
point $-1 -1 $-1 -5.588499102932397378 5.816307012071444404 11.04021838925848442 #
DXID-attrib $-1 -1 $-1 $-1 $4913 @10 Revit:Edge @9 Edge:3053 #
tvertex-vertex $-1 -1 $-1 $5446 $5842 3.267462320013002293e-05 #
straight-curve $-1 -1 $-1 8.733133543160461087 -7.145616655833227249 14.13593871600482821 8.087284104954907349 -8.759150784426868341 1.368617310068038329 F -4.581094781974615148e-07 F 0.1627288164206541765 #
DXID-attrib $-1 -1 $-1 $-1 $4918 @10 Revit:Edge @8 Edge:660 #
straight-curve $-1 -1 $-1 -3.962007629165564815 -6.833817790832917183 15.1604207010048011 -12 1.807622164798829169e-14 5.164634756568083114e-15 F -1.031864455689178728 F 2.565790709555441316e-05 #
point $-1 -1 $-1 8.420515956195432139 -6.834002760243670593 15.16036590626423397 #
DXID-attrib $-1 -1 $-1 $4923 $4349 @10 Revit:Face @8 Face:155 #
tcoedge-coedge $-1 -1 $-1 $4973 $4925 $4957 $5446 reversed $4971 $5843 -0.9999864363674922929 -0 #
coedge $-1 -1 $-1 $4925 $4973 $4935 $5431 reversed $4971 $-1 #
pcurve $-1 -1 $-1 0 forward { exppc nubs 1 open 2 
	-2.331179966080007036e-16 1 0.9706594309390138564 1 
	16.1777170359489233 -1.355104447850354443 
	118.2264837578403558 -1.355104447851162464 
	0 
	cone 8.757555315158539244 6.348833320724273754 14.02447477183798163 0 -1 0 -0.1141406559376818425 0 0 1 I I -0 -1 0.1141406559376818425 forward I I I I 
	} 0 0 #
DXID-attrib $-1 -1 $-1 $-1 $4926 @10 Revit:Edge @9 Edge:2921 #
straight-curve $-1 -1 $-1 8.733126552276848642 4.502298086666851162 14.13597062324938847 9.196008022363362738e-14 -12 2.196061617280803221e-14 F -2.331179966080007036e-16 F 0.9706594309390138564 #
DXID-attrib $-1 -1 $-1 $4928 $4355 @10 Revit:Face @9 Face:2646 #
DXID-attrib $-1 -1 $-1 $4931 $4361 @10 Revit:Face @9 Face:2650 #
edge $5844 -1 $-1 $4367 1.073021352941989415 $4976 1.928037910633239482 $4935 $5845 forward @7 unknown #
DXID-attrib $-1 -1 $-1 $-1 $4939 @10 Revit:Edge @8 Edge:454 #
intcurve-curve $-1 -1 $-1 forward { surfintcur full nubs 3 periodic 24 
	0 3 0.05990681036053746578 2 0.1198136207210749316 2 0.2396272414421498631 2 0.3526589522850442915 2 
	0.4656906631279387199 2 0.5273479835867342924 2 0.589005304045529865 2 0.7123199449631210101 2 0.854387848667940375 2 
	0.9254218005203500574 2 0.9609387764465548987 2 0.9964557523727597399 2 1.032572085080922353 2 1.068688417789084966 2 
	1.140921083205410191 2 1.285386414038060865 2 1.406565557909973174 2 1.527744701781885484 2 1.642057570039479497 2 
	1.756370438297073511 2 1.874872512715162642 2 1.934123549924207319 2 1.993374587133251996 3 
	-4.299505000104633545 4.464518095503268391 13.91033411590031754 
	-4.291643213968080239 4.464518095503268391 13.91033411590031754 
	-4.28385836452641211 4.46339358715544865 13.91114980432495862 
	-4.268781183002483104 4.459447887621197815 13.91427761858945722 
	-4.26148258343594577 4.456650074004675055 13.91658897656823335 
	-4.240671532487029438 4.44711383653973602 13.92550734672733448 
	-4.228205450080877448 4.439342351673396969 13.93420031962353001 
	-4.208685282816842843 4.426715134994881673 13.95403096939871546 
	-4.200095302795507024 4.420787347428269953 13.96639432638300349 
	-4.188420282181252396 4.413363897768908473 13.99421237090765402 
	-4.185364344166952577 4.411930765480311933 14.00969590888488625 
	-4.185364344166952577 4.413897635719446377 14.03253644835622183 
	-4.186229945443797007 4.415372840583005498 14.04062338333919158 
	-4.189587483840192306 4.419796143482362716 14.05625771190048034 
	-4.192077880614263563 4.422743081436253831 14.0638057644213621 
	-4.201473834641033633 4.43328956464295576 14.0849369316880999 
	-4.210384574782694678 4.442683799432923131 14.09697970012906865 
	-4.230535288202237787 4.463164147341816879 14.116662976843946 
	-4.243359088695175529 4.475898816987696982 14.12486395333973199 
	-4.263119358219451094 4.493350014953906957 14.13289383188060633 
	-4.269680592718755108 4.498821743640221804 14.1348714578557324 
	-4.279945457700025102 4.505660379460837639 14.1369812282207743 
	-4.283415356209998137 4.507696756126365223 14.13753793160252847 
	-4.290871851729689546 4.510857481474650044 14.1383502401074761 
	-4.294843979641876253 4.512013398966681521 14.13861542777567948 
	-4.304244676313053297 4.512013398966682409 14.13861542777567948 
	-4.308266536453213114 4.510821373958551206 14.13834196360403084 
	-4.315813562413935323 4.507584778668978664 14.13750810344036424 
	-4.319322630984437694 4.505505449992536882 14.1369374010032427 
	-4.329708855844364379 4.498532521814544438 14.13477376940662644 
	-4.336350180288594203 4.49296610914625294 14.13274536694128436 
	-4.356355832860479893 4.475229810279088838 14.12449605726705038 
	-4.369337543420805048 4.462312985783359665 14.11606149216705752 
	-4.389338456068538896 4.441935308098877933 14.09606057951932456 
	-4.39800996887876039 4.432776184053977886 14.08410589797821011 
	-4.410181857480697687 4.419076064025587058 14.05625109047123011 
	-4.41364565604231629 4.414567807751301309 14.04031890926371418 
	-4.41364565604231629 4.411916340588423857 14.00952839792966742 
	-4.410521814535321994 4.41339803080169002 13.99389103029895765 
	-4.3986171031612189 4.420985896685595051 13.96584979526514836 
	-4.389865790033880444 4.42702875677422103 13.95341629812201312 
	-4.370209789308873383 4.439708573893045518 13.93376029739700606 
	-4.357823594906069076 4.447391951592511994 13.92522430854082671 
	-4.337171717171012908 4.456791021220069204 13.91646915371191362 
	-4.329932559343398601 4.459542912910966272 13.91420045307307873 
	-4.314990100236585135 4.46341782232847617 13.91113248777333489 
	-4.307280726772487078 4.464518095503268391 13.91033411590031754 
	-4.299505000104633545 4.464518095503268391 13.91033411590031754 
	9.035875635102593633e-05 
	
	cone -4.299505000104634433 6.348833320724273754 14.02447477183799762 0 -1 0 0.1141406559376818425 0 0 1 I I 0 1 0.1141406559376818425 forward I I I I 
	cone 10.33555422583333261 4.541272944792134503 14.01344630475481878 1 0 0 0 -0.128543496061539031 0 1 I I -0 -1 0.128543496061539031 forward I I I I 
	nullbs 
	nullbs 
	I I 
	0 
	0 
	0 
	} F 0.06487359411218572569 F 0.9198901518032074343 #
DXID-attrib $-1 -1 $-1 $-1 $4940 @10 Revit:Edge @8 Edge:499 #
intcurve-curve $-1 -1 $-1 forward { exactcur full nubs 3 open 28 
	0 3 0.05555555555555555247 1 0.08333333333333332871 1 0.1111111111111111049 1 0.1388888888888888951 1 
	0.1666666666666666574 1 0.1944444444444444198 1 0.2222222222222222099 1 0.25 1 0.2777777777777777901 1 
	0.3055555555555555802 1 0.3333333333333333148 1 0.3611111111111110494 1 0.3888888888888888395 1 0.4166666666666666297 1 
	0.4444444444444444198 1 0.4722222222222222099 1 0.5 1 0.5555555555555555802 1 0.6111111111111111605 1 
	0.6388888888888888395 1 0.6666666666666666297 1 0.7222222222222222099 1 0.75 1 0.7777777777777777901 1 
	0.8333333333333332593 1 0.8888888888888888395 1 1 3 
	-4.275083228106492328 -7.14561665583319261 14.13593871600482466 
	-4.271505777470319565 -7.140002361869511205 14.13542832564448837 
	-4.266021773833114317 -7.131716588579680938 14.13408965332004286 
	-4.25845136416097958 -7.121096495448192343 14.13125794288461101 
	-4.252689853408861076 -7.113346355312347491 14.12862536862053986 
	-4.246662643505793255 -7.105958770143232961 14.12555874379523324 
	-4.24040871445615597 -7.098925793075483881 14.12209623421873772 
	-4.234168643126717591 -7.092114284669817081 14.11819029989951524 
	-4.228228149434191785 -7.085398821526266211 14.11374229103052791 
	-4.222490784232983962 -7.078853700723297671 14.10875074787203332 
	-4.21680441757550728 -7.072614234572886183 14.10329297819941274 
	-4.211386083985217077 -7.066641329856446774 14.09730819683827185 
	-4.206453191005093295 -7.0609508873268787 14.09075311690044607 
	-4.201852489629051668 -7.055593138977503287 14.08360607956850785 
	-4.197489893279310991 -7.050669603161054511 14.0759222597089888 
	-4.19364337087530803 -7.046241643064079518 14.06771570337199684 
	-4.190585621998517141 -7.042393922721639221 14.05906547122413386 
	-4.188238368084864938 -7.039137839055136681 14.04988755906254738 
	-4.185838359732684033 -7.035701080229583404 14.03697437991631425 
	-4.184770479973746404 -7.033412308683401726 14.02041442325287157 
	-4.187034465560595997 -7.033821535713313367 14.00381710691185511 
	-4.190406226676488544 -7.035722589306682373 13.99083350074659293 
	-4.19459837262916313 -7.038523152128020044 13.97854796055056958 
	-4.200403281130170363 -7.042533632380550301 13.96716304547003773 
	-4.207506299565801022 -7.047486810229688814 13.95676267469078624 
	-4.215090350239251826 -7.052855168474516212 13.94722793437173713 
	-4.225720046702045707 -7.060345289400147273 13.9365834055079354 
	-4.245180659682162627 -7.072747981407101037 13.92287848199066325 
	-4.26205915517122147 -7.080973909712939829 13.91639893705528763 
	-4.274449734166807957 -7.085600153237002097 13.91311803433788263 
	0 
	
	null_surface 
	null_surface 
	nullbs 
	nullbs 
	I I 
	0 
	0 
	26 0.05555555555555555247 0.08333333333333332871 0.1111111111111111049 0.1388888888888888951 0.1666666666666666574 0.1944444444444444198 0.2222222222222222099 0.25 0.2777777777777777901 0.3055555555555555802 0.3333333333333333148 0.3611111111111110494 0.3888888888888888395 0.4166666666666666297 0.4444444444444444198 0.4722222222222222099 0.5 0.5555555555555555802 0.6111111111111111605 0.6388888888888888395 0.6666666666666666297 0.7222222222222222099 0.75 0.7777777777777777901 0.8333333333333332593 0.8888888888888888395 
	F 1 F 0 } F 0 F 1 #
DXID-attrib $-1 -1 $-1 $-1 $4942 @10 Revit:Edge @8 Edge:650 #
straight-curve $-1 -1 $-1 -4.27508322810649144 -7.145616655833193498 14.13593871600482821 -12 1.843513046682393808e-14 0 F -1.084017416827547819 F 7.576325102428875004e-16 #
coedge $-1 -1 $-1 $4982 $5846 $4944 $5439 forward $5463 $-1 #
edge $5847 -1 $-1 $5442 -1.091065361062381278 $4985 0 $5438 $5848 forward @7 unknown #
coedge $-1 -1 $-1 $4978 $4945 $5846 $5849 reversed $4429 $-1 #
DXID-attrib $-1 -1 $-1 $-1 $4946 @10 Revit:Edge @9 Edge:3041 #
vertex $-1 -1 $-1 $5849 $5850 #
ellipse-curve $-1 -1 $-1 8.846640705158201001 -6.690627206165476792 12.77727931183798304 2.266046217912893646e-16 0.1617750270665589962 0.9868276651055210014 0 0.6962580012187017386 -0.1141406559375486157 0.1617750270665589685 F 2.467745840652985301 F 2.920278211241585709 #
point $-1 -1 $-1 8.821585439220642755 -7.369903304915355946 12.88863604933801987 #
DXID-attrib $-1 -1 $-1 $4950 $4384 @10 Revit:Face @8 Face:139 #
tedge-edge $5851 -1 $-1 $5449 0 $5418 0.9999864363674922929 $4957 $5852 forward @7 unknown 0.0002952081495071980544 #
pcurve $-1 -1 $-1 0 forward { exppc nubs 3 open 27 
	0 3 0.1111111111111111049 3 0.1666666666666666574 3 0.2222222222222222099 3 0.2777777777777777901 3 
	0.3333333333333333148 3 0.3611111111111110494 3 0.3888888888888888395 3 0.4444444444444444198 3 0.5 3 
	0.5277777777777777901 3 0.5555555555555555802 3 0.5833333333333333703 3 0.6111111111111111605 3 0.6388888888888888395 3 
	0.6666666666666666297 3 0.6944444444444444198 3 0.7222222222222222099 3 0.75 3 0.7777777777777777901 3 
	0.8055555555555555802 3 0.8333333333333332593 3 0.8611111111111110494 3 0.8888888888888888395 3 0.9166666666666666297 3 
	0.9444444444444444198 3 0.9999864363674922929 3 
	-13.03322179552240812 2.187665940004473342 
	-13.13396022756079873 2.233777006255571962 
	-13.22540966380730154 2.290251553643146032 
	-13.30867899563256707 2.359098418353771098 
	-13.35031366154519894 2.393521850709083409 
	-13.38990330135251661 2.431064060938200821 
	-13.42691301421638883 2.470893741402756749 
	-13.46392272708025928 2.510723421867312677 
	-13.4983525130006754 2.552847870061837554 
	-13.53062000373268248 2.596729455895210315 
	-13.56288749446468955 2.640611041728583075 
	-13.59299269000828936 2.686248519749126373 
	-13.61992072066797199 2.733601101048963145 
	-13.64684875132765463 2.780953682348799472 
	-13.67059961710339877 2.83002335172223507 
	-13.6898609713028705 2.880485065791957844 
	-13.69949164840260458 2.905715922826819231 
	-13.70799994760825946 2.931297600777933887 
	-13.71568228710443726 2.957414970819034039 
	-13.72336462660061684 2.983532340860135079 
	-13.73022100638731935 3.010185851156124581 
	-13.73601863925680888 3.03692329486637691 
	-13.74761390499578617 3.090398182286881124 
	-13.75497418306587427 3.144213400094571398 
	-13.75691824900000348 3.198214660046987845 
	-13.7588623149341327 3.252215919999404736 
	-13.75539016873227993 3.306404114937095073 
	-13.74772849187246138 3.360649387360973961 
	-13.74389765344255032 3.387772023572913849 
	-13.73901943234813317 3.414910715013453224 
	-13.73339970496848039 3.441665004813133422 
	-13.72777997758882762 3.468419294612814063 
	-13.72141874392393568 3.4947903362967212 
	-13.7140947508838007 3.520795358793007868 
	-13.70677075784366572 3.546800381289294535 
	-13.69848400542826283 3.57243853432692271 
	-13.68912843541461122 3.597884386633163789 
	-13.6797728654009596 3.623330238939404868 
	-13.66934847778905038 3.648583652772876551 
	-13.65822478828017061 3.673567697890204542 
	-13.64710109877129085 3.698551743007532533 
	-13.63527810736546364 3.723266624193206642 
	-13.62313247414960671 3.747719726398393458 
	-13.61098684093374978 3.772172828603580275 
	-13.59851856590789865 3.796364244458307446 
	-13.58560015769219653 3.820214905991942356 
	-13.57268174947649442 3.844065567525577265 
	-13.55931320807095553 3.867575588691710919 
	-13.54528687490110173 3.890781299996915354 
	-13.5312605417312497 3.913987011302119789 
	-13.51657641679707211 3.936888198561077967 
	-13.50152909614779162 3.959565361155995333 
	-13.4864817754985129 3.982242523750912699 
	-13.47107125913413128 4.004695182125787234 
	-13.45559163766901278 4.027069107428743244 
	-13.44011201620389251 4.049443032731699255 
	-13.4245632896380247 4.071738247348329232 
	-13.40873931570148336 4.093794556774732918 
	-13.39291534176494203 4.115850866201136604 
	-13.37681612045775381 4.137668790105691663 
	-13.36031095926369794 4.159212118509850065 
	-13.34380579806964207 4.180755446914008466 
	-13.32689469698875406 4.202023787281848222 
	-13.30996481813318688 4.223275203768958264 
	-13.2930349392776197 4.244526620256070082 
	-13.27608628264736979 4.265760325453117119 
	-13.2594448396852016 4.287210333240238036 
	-13.24280339672303342 4.308660341027358953 
	-13.22646916742894874 4.330326203811374342 
	-13.21049497129484607 4.352244027611851251 
	-13.1945207751607434 4.37416185141232905 
	-13.17890661218663695 4.396331997081293075 
	-13.16340587085800529 4.418580706998457508 
	-13.14790512952937362 4.440829416915621941 
	-13.13251780984621497 4.463156895280615544 
	-13.11730556468713793 4.48560711105603982 
	-13.08688850236788959 4.530496580373734261 
	-13.05717139623764211 4.575873122761117351 
	-13.0280926385636171 4.621695522924648358 
	3.564054680217607666e-06 
	cone 10.33555422583333261 -7.156752329583203398 14.01344630475493602 1 0 0 0 -0.1229975367382531992 0 1 I I -0 -1 0.1229975367382531992 forward I I I I 
	} 0 0 #
DXID-attrib $-1 -1 $-1 $-1 $4958 @10 Revit:Edge @9 Edge:3050 #
tvertex-vertex $-1 -1 $-1 $4958 $5853 1.000307674029821343e-11 #
ellipse-curve $-1 -1 $-1 8.139651178574393242 -7.156752329583203398 14.01344630475493602 0.1668583036929097707 0 0.985980885458092815 0.7268036261805794762 0 -0.1229975367382531992 0.1668583036929097707 F 0.09065988720161219372 F 0.6168696132095675688 #
DXID-attrib $-1 -1 $-1 $4970 $4423 @10 Revit:Face @9 Face:2644 #
DXID-attrib $-1 -1 $-1 $-1 $4974 @10 Revit:Edge @9 Edge:2959 #
straight-curve $-1 -1 $-1 8.732500049220762506 4.46091332474036939 13.91311803433785776 0 -12 0 F 0 F 0.9622094564981173992 #
point $-1 -1 $-1 8.732500049220762506 4.46091332474036939 13.91311803433785776 #
coedge $-1 -1 $-1 $5854 $5013 $4978 $5456 forward $5505 $-1 #
edge $5855 -1 $-1 $5458 1.748382715945128263e-16 $5856 0.9761038788608864536 $5455 $5857 forward @7 unknown #
DXID-attrib $-1 -1 $-1 $-1 $4979 @10 Revit:Edge @9 Edge:2996 #
vertex $-1 -1 $-1 $4979 $5858 #
intcurve-curve $-1 -1 $-1 forward { surfintcur full nubs 3 periodic 37 
	0 3 0.09963128646337554573 2 0.1992625729267510915 2 0.3155346073398237472 2 0.4030440882058388685 2 
	0.4905535690718539898 2 0.5840506574371291393 2 0.6775477458024043997 2 0.768086395292497004 2 0.8586250447825897192 2 
	0.9491636942726848769 2 1.039702343762780146 2 1.133199432128051409 2 1.226696520493322673 2 1.314206001359337739 2 
	1.401715482225352805 2 1.517987516638425571 2 1.617618803101801062 2 1.717250089565176552 2 1.816881376028552042 2 
	1.916512662491927532 2 2.032784696905000299 2 2.120294177771015143 2 2.207803658637030431 2 2.301300747002301694 2 
	2.394797835367572958 2 2.485336484857668005 2 2.575875134347763495 2 2.666413783837856322 2 2.756952433327948704 2 
	2.850449521693223964 2 2.943946610058499225 2 3.031456090924514513 2 3.118965571790529356 2 3.235237606203602123 2 
	3.334868892666977835 2 3.434500179130353104 3 
	8.846640705158201001 4.684028756712313779 12.66313865590043442 
	8.833565733181378832 4.684028756712313779 12.66313865590043442 
	8.820343874748150625 4.687384077530529325 12.66546229137537516 
	8.796046225908265015 4.697161796627874253 12.67415428464540916 
	8.784884993023881705 4.70334406788914805 12.68055202431258621 
	8.764690263038367846 4.715035574772072913 12.69662324148857913 
	8.753634200224306383 4.721931489981026075 12.70948738978926329 
	8.741203383228004498 4.728711591579928708 12.73217421513557746 
	8.73686537233337468 4.730634771138245931 12.74374226777159613 
	8.732267821476671799 4.730521444893950544 12.76757361791941392 
	8.732007417106302682 4.728452954446161094 12.77983658583053739 
	8.734659365983082679 4.721097557051438187 12.80226702504407399 
	8.737916363144142551 4.715192599780896998 12.81366942502999784 
	8.746693522734394932 4.700365434551649457 12.83345567335573989 
	8.752171263508795818 4.691451790247132436 12.84186472552906011 
	8.76224623933558 4.673531064745067631 12.85453933409552718 
	8.767755543748680935 4.663081602664757241 12.85996445379128517 
	8.776263966079859813 4.640514259369211914 12.86731719213211811 
	8.779050691050292343 4.628320455135920497 12.86925582694236425 
	8.779050691050292343 4.604557030072903068 12.86925582694236425 
	8.776263966079859813 4.592363225839610763 12.86731719213211811 
	8.767755543748684488 4.569795882544065435 12.85996445379128517 
	8.762246239335578224 4.559346420463756822 12.8545393340955254 
	8.752171263508795818 4.541425694961691129 12.84186472552905833 
	8.746693522734394932 4.532512050657175884 12.83345567335573634 
	8.737916363144140774 4.517684885427929231 12.81366942502999784 
	8.734659365983082679 4.511779928157386266 12.80226702504407399 
	8.732007417106302682 4.504424530762663359 12.77983658583053739 
	8.732267821476671799 4.50235604031487302 12.76757361791941392 
	8.73686537233337468 4.502242714070578522 12.74374226777159613 
	8.741203383228004498 4.504165893628895745 12.73217421513557746 
	8.753634200224306383 4.510945995227797489 12.70948738978926329 
	8.764690263038367846 4.51784191043675154 12.69662324148857913 
	8.784884993023881705 4.529533417319675515 12.68055202431258621 
	8.796046225908265015 4.535715688580949312 12.67415428464540916 
	8.820343874748150625 4.54549340767829424 12.66546229137537516 
	8.833565733181378832 4.548848728496509786 12.66313865590043442 
	8.859715677135021394 4.548848728496509786 12.66313865590043442 
	8.872937535568251377 4.54549340767829424 12.66546229137537516 
	8.897235184408135211 4.535715688580949312 12.67415428464540916 
	8.908396417292520297 4.529533417319675515 12.68055202431258621 
	8.928591147278032381 4.51784191043675154 12.69662324148857913 
	8.939647210092095619 4.510945995227797489 12.70948738978926329 
	8.952078027088395729 4.504165893628896633 12.73217421513557746 
	8.956416037983027323 4.50224271407057941 12.74374226777159613 
	8.961013588839730204 4.502356040314873908 12.76757361791941392 
	8.961273993210097544 4.504424530762663359 12.77983658583053739 
	8.958622044333319323 4.511779928157386266 12.80226702504407399 
	8.955365047172261228 4.517684885427929231 12.81366942502999784 
	8.946587887582005294 4.532512050657175884 12.83345567335573634 
	8.941110146807606185 4.541425694961691129 12.84186472552905833 
	8.931035170980823779 4.559346420463756822 12.8545393340955254 
	8.925525866567715738 4.569795882544065435 12.85996445379128517 
	8.917017444236540413 4.592363225839610763 12.86731719213211811 
	8.914230719266109659 4.604557030072903068 12.86925582694236425 
	8.914230719266109659 4.628320455135920497 12.86925582694236425 
	8.91701744423654219 4.640514259369211914 12.86731719213211811 
	8.925525866567719291 4.663081602664757241 12.85996445379128517 
	8.931035170980820226 4.673531064745067631 12.85453933409552718 
	8.941110146807604409 4.691451790247132436 12.84186472552906366 
	8.946587887582003518 4.700365434551647681 12.83345567335573989 
	8.955365047172259452 4.715192599780897886 12.81366942502999429 
	8.958622044333319323 4.721097557051438187 12.80226702504407399 
	8.961273993210097544 4.728452954446161094 12.77983658583053739 
	8.961013588839730204 4.730521444893949656 12.76757361791941392 
	8.956416037983027323 4.730634771138245043 12.74374226777159613 
	8.952078027088395729 4.728711591579928708 12.73217421513557746 
	8.939647210092095619 4.721931489981026075 12.70948738978926329 
	8.928591147278032381 4.715035574772072913 12.69662324148857913 
	8.908396417292520297 4.70334406788914805 12.68055202431258621 
	8.897235184408135211 4.697161796627874253 12.67415428464540916 
	8.872937535568251377 4.687384077530529325 12.66546229137537516 
	8.859715677135021394 4.684028756712313779 12.66313865590043442 
	8.846640705158201001 4.684028756712313779 12.66313865590043442 
	0.0001853642115056709241 
	
	cone 10.33555422583333261 4.616438742604412226 12.7551151710048174 1 0 0 0 -0.1141406559375466312 0 1 I I 0 1 0.1141406559375466312 forward I I I I 
	cone 8.846640705158201001 6.348833320724273754 12.77727931183798304 0 -1 0 -0.1141406559375486157 0 0 1 I I 0 1 0.1141406559375486157 forward I I I I 
	nullbs 
	nullbs 
	I I 
	0 
	0 
	0 
	} F 0.9221433690499412084 F 1.653280796337402769 #
rgb_color-st-attrib $-1 -1 $5859 $-1 $4980 0 0 0 #
cone-surface $-1 -1 $-1 8.846640705158201001 6.348833320724273754 12.77727931183798304 0 -1 0 -0.1141406559375486157 0 0 1 I I 0 1 0.1141406559375486157 forward I I I I #
coedge $-1 -1 $-1 $5860 $4982 $5020 $5511 forward $5463 $-1 #
loop $-1 -1 $-1 $-1 $5462 $5861 #
DXID-attrib $-1 -1 $-1 $-1 $4983 @10 Revit:Edge @8 Edge:490 #
vertex $-1 -1 $-1 $5511 $5862 #
intcurve-curve $-1 -1 $-1 forward { surfintcur full nubs 3 periodic 37 
	0 3 0.09746662906795547365 2 0.1949332581359109473 2 0.311624995051167808 2 0.3984887005952388872 2 
	0.485352406139310022 2 0.5768677806679584075 2 0.6683831551966068485 2 0.7577980326505936448 2 0.8472129101045804411 2 
	0.9366277875585672374 2 1.026042665012554034 2 1.117558039541202586 2 1.209073414069850916 2 1.295937119613921995 2 
	1.382800825157993074 2 1.49949256207324999 2 1.596959191141205547 2 1.694425820209160882 2 1.791892449277118216 2 
	1.889359078345075549 2 2.006050815260332243 2 2.092914520804403544 2 2.179778226348474401 2 2.271293600877123176 2 
	2.362808975405771506 2 2.452223852859757969 2 2.541638730313744876 2 2.631053607767731783 2 2.720468485221718247 2 
	2.811983859750366577 2 2.903499234279014907 2 2.990362939823086208 2 3.077226645367157065 2 3.193918382282413759 2 
	3.291385011350371315 2 3.388851640418328426 3 
	-4.388590390104316619 -7.171927499591005173 12.6631386559004504 
	-4.401381286307459284 -7.171927499591005173 12.6631386559004504 
	-4.414253536228892827 -7.168481876173224521 12.66535514571430987 
	-4.437960835066419918 -7.158556072908898393 12.67360589550757233 
	-4.448881217253115139 -7.152309755525799062 12.67967439056842061 
	-4.469034804885020584 -7.140276563000794496 12.69513121485586105 
	-4.480285368723871287 -7.133037169135276301 12.70772952067390982 
	-4.49306718215124512 -7.125747891611084128 12.73002509763179013 
	-4.497605088063832746 -7.123570480156381279 12.74137725999873716 
	-4.502697616078506826 -7.123154832356911825 12.76492201834875928 
	-4.503249853057906371 -7.124951396527828607 12.77711573163184333 
	-4.501155183800292114 -7.131829195077855843 12.79939363300511346 
	-4.498244436367778043 -7.137449347814955658 12.81070794392859469 
	-4.490168517822234584 -7.151764559180164404 12.83041467934604896 
	-4.485048347460188545 -7.160451390237317248 12.83883148788796014 
	-4.475571107159999507 -7.178081392525975879 12.85160444874387764 
	-4.470364424281880744 -7.188448092452938809 12.8570967162378107 
	-4.462384537173055499 -7.210856502412406499 12.86452745845127232 
	-4.459813771361297974 -7.22296780994682841 12.866471908504856 
	-4.459813771361297974 -7.246436281719529582 12.866471908504856 
	-4.462384537173055499 -7.258547589253951493 12.86452745845127232 
	-4.470364424281880744 -7.280955999213418295 12.8570967162378107 
	-4.475571107159999507 -7.291322699140381225 12.85160444874387764 
	-4.485048347460188545 -7.308952701429040744 12.83883148788796014 
	-4.49016851782223636 -7.317639532486193588 12.83041467934604896 
	-4.498244436367779819 -7.331954743851402334 12.81070794392859469 
	-4.501155183800292114 -7.337574896588502149 12.79939363300511346 
	-4.503249853057906371 -7.344452695138528497 12.77711573163184333 
	-4.502697616078506826 -7.346249259309446167 12.76492201834875928 
	-4.497605088063832746 -7.345833611509976713 12.74137725999873716 
	-4.493067182151244232 -7.343656200055273864 12.73002509763179013 
	-4.480285368723871287 -7.336366922531081691 12.70772952067390982 
	-4.469034804885020584 -7.329127528665563496 12.69513121485586105 
	-4.448881217253115139 -7.31709433614055893 12.67967439056842061 
	-4.437960835066419918 -7.310848018757459599 12.67360589550757233 
	-4.414253536228892827 -7.300922215493133471 12.66535514571430987 
	-4.401381286307459284 -7.297476592075352819 12.6631386559004504 
	-4.375799493901172177 -7.297476592075352819 12.6631386559004504 
	-4.362927243979738634 -7.300922215493132583 12.66535514571430987 
	-4.339219945142210655 -7.310848018757457822 12.67360589550757233 
	-4.328299562955515434 -7.31709433614055893 12.67967439056842061 
	-4.308145975323609989 -7.329127528665563496 12.69513121485586105 
	-4.296895411484759286 -7.336366922531081691 12.70772952067390982 
	-4.284113598057386341 -7.343656200055273864 12.73002509763179013 
	-4.279575692144796939 -7.345833611509976713 12.74137725999873716 
	-4.274483164130122859 -7.346249259309446167 12.76492201834875928 
	-4.27393092715072509 -7.344452695138528497 12.77711573163184333 
	-4.276025596408339347 -7.337574896588502149 12.79939363300511346 
	-4.27893634384085253 -7.331954743851402334 12.81070794392859469 
	-4.287012262386395989 -7.317639532486193588 12.83041467934604896 
	-4.292132432748442916 -7.308952701429040744 12.83883148788796014 
	-4.301609673048631954 -7.291322699140381225 12.85160444874387764 
	-4.306816355926750717 -7.280955999213418295 12.8570967162378107 
	-4.314796243035575962 -7.258547589253951493 12.86452745845127232 
	-4.317367008847333487 -7.246436281719529582 12.866471908504856 
	-4.317367008847333487 -7.22296780994682841 12.866471908504856 
	-4.314796243035575962 -7.210856502412406499 12.86452745845127232 
	-4.306816355926750717 -7.188448092452938809 12.8570967162378107 
	-4.301609673048631954 -7.178081392525975879 12.85160444874387764 
	-4.292132432748442916 -7.160451390237317248 12.83883148788796014 
	-4.287012262386395989 -7.151764559180164404 12.83041467934604896 
	-4.27893634384085253 -7.137449347814955658 12.81070794392859469 
	-4.276025596408339347 -7.131829195077855843 12.79939363300511346 
	-4.27393092715072509 -7.124951396527828607 12.77711573163184333 
	-4.274483164130122859 -7.123154832356911825 12.76492201834875928 
	-4.279575692144796939 -7.123570480156381279 12.74137725999873716 
	-4.284113598057386341 -7.125747891611084128 12.73002509763179013 
	-4.296895411484759286 -7.133037169135276301 12.70772952067390982 
	-4.308145975323609989 -7.140276563000794496 12.69513121485586105 
	-4.328299562955515434 -7.152309755525799062 12.67967439056842061 
	-4.339219945142209767 -7.158556072908901058 12.67360589550757233 
	-4.362927243979737746 -7.168481876173227185 12.66535514571430987 
	-4.375799493901172177 -7.171927499591005173 12.6631386559004504 
	-4.388590390104316619 -7.171927499591005173 12.6631386559004504 
	0.000183314719720663262 
	
	cone 10.33555422583333261 -7.234702045833178552 12.75511517100481207 1 0 0 0 -0.1113567375000439341 0 1 I I 0 1 0.1113567375000439341 forward I I I I 
	cone -4.38859039010431573 6.348833320724273754 12.77727931183799903 0 -1 0 0.1141406559375486157 0 0 1 I I 0 1 0.1141406559375486157 forward I I I I 
	nullbs 
	nullbs 
	I I 
	0 
	0 
	0 
	} F 2.541638730313922512 F 3.324711275278076528 #
point $-1 -1 $-1 -4.317367008847334375 -7.234702045833109274 12.866471908504856 #
DXID-attrib $-1 -1 $-1 $-1 $4987 @10 Revit:Edge @8 Edge:403 #
straight-curve $-1 -1 $-1 -4.363535124166761925 4.545215361347433536 12.6659225743379622 0 12 0 F -0.9761038788608857875 F 0 #
DXID-attrib $-1 -1 $-1 $4988 $4437 @10 Revit:Face @8 Face:237 #
DXID-attrib $-1 -1 $-1 $4991 $4441 @10 Revit:Face @8 Face:113 #
rgb_color-st-attrib $-1 -1 $5863 $-1 $4992 0 0 0 #
face $5864 -1 $-1 $5836 $5825 $39 $-1 $5865 forward single #
loop $-1 -1 $-1 $-1 $5821 $4992 #
plane-surface $-1 -1 $-1 -5.833444059166947859 4.480026739166858896 11.3742916260048208 2.549528970383583046e-16 0.1586780953837248764 0.9873303712767037554 12 -1.928076308870352365e-14 0 forward_v I I I I #
coedge $-1 -1 $-1 $5866 $5867 $5806 $5868 forward $4993 $-1 #
coedge $-1 -1 $-1 $5483 $4995 $5485 $5869 forward $4442 $-1 #
coedge $-1 -1 $-1 $4995 $5870 $5871 $5872 forward $4442 $-1 #
coedge $-1 -1 $-1 $5800 $5873 $4995 $5480 reversed $4894 $-1 #
edge $5874 -1 $-1 $5875 -0.6753302149947236765 $5876 -0.3080527810211085016 $4995 $5877 forward @7 unknown #
edge $5878 -1 $-1 $5489 7.175989214533061045 $5008 8.828134818408276629 $4996 $5879 forward @7 unknown #
coedge $-1 -1 $-1 $4997 $5495 $5880 $5881 forward $3822 $-1 #
coedge $-1 -1 $-1 $5882 $5477 $4997 $5484 reversed $4442 $-1 #
edge $5883 -1 $-1 $5884 -1.284092413768883167 $5488 1.340426748891264245e-15 $4997 $5885 forward @7 unknown #
coedge $-1 -1 $-1 $5798 $4998 $5477 $5869 reversed $5388 $-1 #
coedge $-1 -1 $-1 $4998 $5886 $5499 $5887 forward $5388 $-1 #
DXID-attrib $-1 -1 $-1 $-1 $4999 @10 Revit:Edge @8 Edge:466 #
vertex $-1 -1 $-1 $4999 $5888 #
vertex $-1 -1 $-1 $4999 $5889 #
ellipse-curve $-1 -1 $-1 -7.306744474632310471 5.594522086980404652 12.14218912834861541 0.1617750270664791157 8.456439396645746438e-17 0.986827665105533991 -2.44799521885720317 0 0.4013106916159303039 0.1617750270664791157 F -2.415910466239515664 F -2.336185217185597018 #
DXID-attrib $-1 -1 $-1 $-1 $5000 @10 Revit:Edge @8 Edge:465 #
straight-curve $-1 -1 $-1 -5.655273279166648237 5.754569614834312397 12.44320909933797381 8.422916267743941532 -8.422916267744115615 1.452226942714530677 F 4.090689227882547231e-17 F 0.1380977919276925037 #
coedge $-1 -1 $-1 $5890 $5891 $5001 $5494 reversed $5892 $-1 #
edge $5893 -1 $-1 $5894 0.7764698292188654261 $5497 0.8566155535989632419 $5001 $5895 forward @7 unknown #
coedge $-1 -1 $-1 $5482 $5002 $5891 $5896 forward $3822 $-1 #
DXID-attrib $-1 -1 $-1 $-1 $5003 @10 Revit:Edge @8 Edge:851 #
vertex $-1 -1 $-1 $5494 $5897 #
straight-curve $-1 -1 $-1 -5.67609811553366761 5.883121631666762497 12.42104495850477974 -12 9.606334052139261504e-15 -1.01119305811992233e-14 F -1.317520545510101559 F -1.748382715945121853e-16 #
coedge $-1 -1 $-1 $5898 $5004 $5486 $5887 reversed $5006 $-1 #
coedge $-1 -1 $-1 $5005 $5898 $5899 $5900 reversed $5006 $-1 #
edge $5901 -1 $-1 $5902 -1.177700238784847864 $5009 0 $5005 $5903 forward @7 unknown #
point $-1 -1 $-1 -5.676098115533664945 5.883121631666774043 12.42104495850478152 #
point $-1 -1 $-1 -5.655273279166648237 5.754569614834311508 12.44320909933797381 #
coedge $-1 -1 $-1 $5013 $5904 $5015 $5508 reversed $5505 $-1 #
loop $-1 -1 $-1 $-1 $5904 $5905 #
DXID-attrib $-1 -1 $-1 $-1 $5014 @10 Revit:Edge @9 Edge:2995 #
ellipse-curve $-1 -1 $-1 8.30426837855283928 4.616438742604412226 12.7551151710048174 0.1699069165076531884 0 0.9854601157443467763 0.6620158044377424389 0 -0.1141406559375466312 0.1699069165076532162 F -0.6738468129369715731 F -0.221314442347074869 #
edge $5906 -1 $-1 $5017 1.227206768364686577e-16 $5894 0.1380977919277044108 $5015 $5907 forward @7 unknown #
point $-1 -1 $-1 8.950137456053170126 4.591383476666981878 12.6437584335047557 #
coedge $-1 -1 $-1 $5020 $5019 $5908 $5909 reversed $4455 $-1 #
edge $5910 -1 $-1 $5465 -0.6418948351087920834 $5911 -2.386511842838021006e-13 $5462 $5912 forward @7 unknown #
rgb_color-st-attrib $-1 -1 $5913 $-1 $5021 0 0 0 #
plane-surface $-1 -1 $-1 -5.655273279166648237 -9.198118445833415535 12.44320909933797381 0.1699069165076527999 0 -0.9854601157443468873 0 12 0 forward_v I I I I #
DXID-attrib $-1 -1 $-1 $-1 $5025 @10 Revit:Face @8 Face:137 #
face $5914 -1 $-1 $5915 $5043 $1194 $-1 $5916 forward single #
loop $-1 -1 $-1 $-1 $5040 $5025 #
plane-surface $-1 -1 $-1 -40.49956604000010429 -11.01718579500004758 22.4570329218379392 0 -1 0 0 0 -12 forward_v I I I I #
coedge $-1 -1 $-1 $5917 $5918 $5035 $5532 reversed $5026 $-1 #
coedge $-1 -1 $-1 $5919 $5028 $5030 $5522 reversed $4466 $-1 #
coedge $-1 -1 $-1 $5028 $5919 $5917 $5920 forward $4466 $-1 #
coedge $-1 -1 $-1 $5030 $5029 $5921 $5922 reversed $3837 $-1 #
edge $5923 -1 $-1 $5924 -0.09419759854167344959 $5038 0 $5030 $5925 forward @7 unknown #
coedge $-1 -1 $-1 $5926 $5921 $5031 $5524 forward $5927 $-1 #
edge $5928 -1 $-1 $5530 0 $5527 1.006695221666651818 $5523 $5929 forward @7 unknown #
coedge $-1 -1 $-1 $5032 $5042 $5926 $5930 reversed $5043 $-1 #
DXID-attrib $-1 -1 $-1 $-1 $5033 @10 Revit:Edge @8 Edge:145 #
vertex $-1 -1 $-1 $5930 $5931 #
straight-curve $-1 -1 $-1 -28.02813315000014427 -10.66955003499992927 22.4570329218379392 0 0 -12 F 0 F 0.09419759854167344959 #
DXID-attrib $-1 -1 $-1 $-1 $5034 @10 Revit:Edge @8 Edge:128 #
vertex $-1 -1 $-1 $5922 $5932 #
straight-curve $-1 -1 $-1 -40.10847580999996609 -10.66955003499992927 22.4570329218379392 0 0 12 F -0.09419759854167344959 F 0 #
edge $5933 -1 $-1 $5534 0 $5540 0.249863202500004461 $5035 $5934 forward @7 unknown #
DXID-attrib $-1 -1 $-1 $-1 $5036 @10 Revit:Edge @8 Edge:130 #
vertex $-1 -1 $-1 $5036 $5935 #
straight-curve $-1 -1 $-1 -40.10847580999996609 -8.0188273649999946 22.4570329218379392 -12 0 0 F 0 F 0.03259085250001138301 #
point $-1 -1 $-1 -40.10847580999996609 -8.0188273649999946 22.4570329218379392 #
coedge $-1 -1 $-1 $5936 $5040 $5918 $5937 reversed $5516 $-1 #
coedge $-1 -1 $-1 $5040 $5936 $5042 $5542 forward $5516 $-1 #
DXID-attrib $-1 -1 $-1 $-1 $5041 @10 Revit:Edge @8 Edge:138 #
vertex $-1 -1 $-1 $5532 $5938 #
straight-curve $-1 -1 $-1 -40.49956604000010429 -11.01718579500004758 22.4570329218379392 12 0 0 F 4.662353909187009029e-16 F 1.039286074166663632 #
edge $5939 -1 $-1 $5940 -0.09419759854167344959 $5045 0 $5538 $5941 forward @7 unknown #
point $-1 -1 $-1 -28.02813315000014427 -11.01718579500004758 22.4570329218379392 #
coedge $-1 -1 $-1 $5942 $5056 $5058 $5553 forward $5050 $-1 #
coedge $-1 -1 $-1 $5053 $5052 $5942 $5943 reversed $3845 $-1 #
coedge $-1 -1 $-1 $5056 $5942 $5054 $5547 forward $5050 $-1 #
edge $5944 -1 $-1 $5549 0 $5063 0.02896964666666694208 $5546 $5945 forward @7 unknown #
DXID-attrib $-1 -1 $-1 $-1 $5055 @10 Revit:Edge @8 Edge:116 #
vertex $-1 -1 $-1 $5943 $5946 #
straight-curve $-1 -1 $-1 -27.50667951000003342 -10.97373132500001702 22.4570329218379392 0 0 12 F -0.09419759854167344959 F 0 #
DXID-attrib $-1 -1 $-1 $-1 $5057 @10 Revit:Edge @8 Edge:108 #
straight-curve $-1 -1 $-1 -27.50667951000003342 -10.62609556500001418 21.32666173933785814 12 0 0 F 0 F 1.73093638833334329 #
edge $5947 -1 $-1 $5060 0 $5557 0.02896964666666694208 $5544 $5948 forward @7 unknown #
point $-1 -1 $-1 -6.735442849999916604 -10.62609556500001418 21.32666173933785814 #
point $-1 -1 $-1 -27.50667951000003342 -10.62609556500001418 21.32666173933785814 #
DXID-attrib $-1 -1 $-1 $-1 $5068 @10 Revit:Edge @8 Edge:120 #
vertex $-1 -1 $-1 $5553 $5949 #
straight-curve $-1 -1 $-1 -6.735442849999916604 -10.97373132500001702 22.4570329218379392 0 0 12 F -0.09419759854167344959 F 0 #
coedge $-1 -1 $-1 $5072 $5070 $5071 $5560 forward $4502 $-1 #
edge $5950 -1 $-1 $5083 0 $5075 1.796118093333328503 $5559 $5951 forward @7 unknown #
DXID-attrib $-1 -1 $-1 $-1 $5073 @10 Revit:Edge @7 Edge:95 #
straight-curve $-1 -1 $-1 -5.344899810000128149 -10.97373132500001702 21.32666173933785814 0 12 0 F 0 F 0.03259085249999319617 #
point $-1 -1 $-1 -5.344899810000128149 -10.97373132500001702 21.32666173933785814 #
DXID-attrib $-1 -1 $-1 $-1 $5079 @10 Revit:Edge @8 Edge:103 #
straight-curve $-1 -1 $-1 16.20851730999981299 -10.58264109500009909 21.32666173933785814 0 -12 0 F 0 F 0.03259085249999319617 #
point $-1 -1 $-1 16.20851730999981299 -10.97373132500001702 21.32666173933785814 #
DXID-attrib $-1 -1 $-1 $-1 $5086 @10 Revit:Edge @7 Edge:83 #
straight-curve $-1 -1 $-1 40.49956604000011851 -10.97373132500001702 21.32666173933785814 -12 0 0 F 0 F 1.911996680000017657 #
lump $-1 -1 $-1 $5952 $5953 $6 #
shell $-1 -1 $-1 $-1 $-1 $5954 $-1 $5095 #
face $5955 -1 $-1 $5956 $5957 $5096 $-1 $5958 forward single #
DXID-attrib $-1 -1 $-1 $-1 $5097 @10 Revit:Face @6 Face:0 #
face $5959 -1 $-1 $5960 $5961 $4548 $-1 $5962 forward single #
loop $-1 -1 $-1 $-1 $5963 $5097 #
plane-surface $-1 -1 $-1 -35.89339222000001683 10.5826410949999854 22.10596108082838285 0 0 1 0 -12 0 forward_v I I I I #
DXID-attrib $-1 -1 $-1 $-1 $5099 @10 Revit:Face @8 Face:178 #
face $5964 -1 $-1 $5965 $5966 $3928 $-1 $5967 forward single #
loop $-1 -1 $-1 $-1 $5968 $5099 #
plane-surface $-1 -1 $-1 -32.02594438999983595 -10.58264109499997119 22.10596108082838285 0 -1 0 0 0 -12 forward_v I I I I #
coedge $-1 -1 $-1 $5969 $5970 $5968 $5971 forward $5100 $-1 #
DXID-attrib $-1 -1 $-1 $-1 $5103 @10 Revit:Face @8 Face:165 #
face $5972 -1 $-1 $5973 $5974 $3263 $-1 $5975 forward single #
loop $-1 -1 $-1 $-1 $5976 $5103 #
plane-surface $-1 -1 $-1 -35.24157516999992623 -10.58264109499998362 22.10596108082838285 1 0 0 0 0 -12 forward_v I I I I #
coedge $-1 -1 $-1 $5977 $5978 $5106 $5588 reversed $5104 $-1 #
coedge $-1 -1 $-1 $5979 $5106 $5976 $5980 forward $4552 $-1 #
coedge $-1 -1 $-1 $5106 $5979 $5981 $5982 forward $4552 $-1 #
edge $5983 -1 $-1 $5984 0 $5985 0.05431808750000762659 $5106 $5986 forward @7 unknown #
DXID-attrib $-1 -1 $-1 $-1 $5108 @10 Revit:Face @8 Face:153 #
face $5987 -1 $-1 $5988 $5989 $2568 $-1 $5990 forward single #
loop $-1 -1 $-1 $-1 $5991 $5108 #
plane-surface $-1 -1 $-1 38.239933599999965 9.972800864999953774 22.10596108082838285 0 -1 0 0 0 -12 forward_v I I I I #
coedge $-1 -1 $-1 $5992 $5993 $5112 $5597 reversed $5109 $-1 #
coedge $-1 -1 $-1 $5994 $5111 $5995 $5996 forward $4556 $-1 #
coedge $-1 -1 $-1 $5111 $5994 $5992 $5997 forward $4556 $-1 #
coedge $-1 -1 $-1 $5113 $5112 $5991 $5998 forward $3932 $-1 #
edge $5999 -1 $-1 $5602 0 $6000 0.05444122499999553416 $5112 $6001 forward @7 unknown #
coedge $-1 -1 $-1 $6002 $5995 $5113 $5599 reversed $5989 $-1 #
edge $6003 -1 $-1 $6004 0 $5601 0.05444122499999553416 $5113 $6005 forward @7 unknown #
DXID-attrib $-1 -1 $-1 $-1 $5114 @10 Revit:Edge @8 Edge:147 #
vertex $-1 -1 $-1 $5114 $6006 #
vertex $-1 -1 $-1 $5114 $6007 #
straight-curve $-1 -1 $-1 38.8917506500000556 10.62609556499990049 22.10596108082838285 -12 0 0 F 0 F 0.05431808750000762659 #
DXID-attrib $-1 -1 $-1 $-1 $5116 @10 Revit:Face @8 Face:141 #
face $6008 -1 $-1 $-1 $6009 $1881 $-1 $6010 forward single #
loop $-1 -1 $-1 $-1 $5124 $5116 #
plane-surface $-1 -1 $-1 30.93958263999990876 9.972800864999953774 22.10596108082838285 1 0 0 0 0 -12 forward_v I I I I #
coedge $-1 -1 $-1 $6011 $6012 $5122 $5615 reversed $5117 $-1 #
coedge $-1 -1 $-1 $6013 $5119 $5121 $5614 reversed $4561 $-1 #
coedge $-1 -1 $-1 $5119 $6013 $6011 $6014 forward $4561 $-1 #
coedge $-1 -1 $-1 $5121 $5120 $6015 $6016 reversed $3936 $-1 #
coedge $-1 -1 $-1 $5124 $6017 $5120 $5613 reversed $5606 $-1 #
edge $6018 -1 $-1 $5127 -2.331176954593504514e-16 $6019 0.04361902086167396969 $5120 $6020 forward @7 unknown #
edge $6021 -1 $-1 $6022 -0.04361902086167396969 $5128 2.331176954593504514e-16 $5121 $6023 forward @7 unknown #
edge $6024 -1 $-1 $5617 0 $5621 0.05069688166666178747 $5122 $6025 forward @7 unknown #
DXID-attrib $-1 -1 $-1 $-1 $5123 @10 Revit:Edge @8 Edge:134 #
vertex $-1 -1 $-1 $5123 $6026 #
straight-curve $-1 -1 $-1 30.33122005999996773 10.62609556499990049 22.10596108082838285 0 -12 0 F 0 F 0.05444122499999553416 #
coedge $-1 -1 $-1 $6017 $5124 $6012 $6027 reversed $5606 $-1 #
DXID-attrib $-1 -1 $-1 $-1 $5125 @10 Revit:Edge @8 Edge:142 #
vertex $-1 -1 $-1 $5615 $6028 #
straight-curve $-1 -1 $-1 30.93958263999990876 9.972800864999953774 22.10596108082838285 0 12 0 F 0 F 0.05444122499999553416 #
point $-1 -1 $-1 30.93958263999990876 10.62609556499990049 22.1059610808283864 #
point $-1 -1 $-1 30.33122005999996773 10.62609556499990049 22.1059610808283864 #
DXID-attrib $-1 -1 $-1 $-1 $5131 @10 Revit:Face @6 Face:1 #
loop $-1 -1 $-1 $-1 $6029 $5131 #
plane-surface $-1 -1 $-1 -35.89339222000001683 10.5826410949999854 21.58253283048829729 0 0 -1 0 12 0 forward_v I I I I #
coedge $-1 -1 $-1 $6030 $5134 $5136 $5631 reversed $4569 $-1 #
coedge $-1 -1 $-1 $5134 $6030 $5145 $5644 forward $4569 $-1 #
coedge $-1 -1 $-1 $5136 $5135 $6031 $6032 reversed $3941 $-1 #
edge $6033 -1 $-1 $6034 -0.04361902086167396969 $5143 2.331176954593504514e-16 $5136 $6035 forward @7 unknown #
coedge $-1 -1 $-1 $6029 $6031 $5137 $5633 forward $5626 $-1 #
edge $6036 -1 $-1 $5639 0 $5636 0.05431808750002720815 $5632 $6037 forward @7 unknown #
coedge $-1 -1 $-1 $5138 $5145 $6029 $6038 reversed $5132 $-1 #
DXID-attrib $-1 -1 $-1 $-1 $5139 @10 Revit:Edge @8 Edge:129 #
vertex $-1 -1 $-1 $6038 $6039 #
straight-curve $-1 -1 $-1 20.33669195999995338 10.62609556499990049 22.10596108082838285 0 0 -12 F -2.331176954593504514e-16 F 0.04361902086167396969 #
DXID-attrib $-1 -1 $-1 $-1 $5140 @10 Revit:Edge @8 Edge:120 #
vertex $-1 -1 $-1 $6032 $6040 #
straight-curve $-1 -1 $-1 19.6848749099996283 10.62609556499990049 22.10596108082838285 0 0 12 F -0.04361902086167396969 F 2.331176954593504514e-16 #
DXID-attrib $-1 -1 $-1 $-1 $5141 @10 Revit:Edge @8 Edge:122 #
straight-curve $-1 -1 $-1 19.6848749099996283 9.972800864999953774 22.10596108082838285 12 0 0 F 0 F 0.05431808750002720815 #
point $-1 -1 $-1 19.6848749099996283 9.972800864999953774 22.1059610808283864 #
edge $6041 -1 $-1 $6042 -0.04361902086167396969 $5147 2.331176954593504514e-16 $5629 $6043 forward @7 unknown #
point $-1 -1 $-1 20.33669195999995338 9.972800864999953774 22.1059610808283864 #
coedge $-1 -1 $-1 $6044 $5158 $5160 $5655 forward $5152 $-1 #
coedge $-1 -1 $-1 $5155 $5154 $6044 $6045 reversed $3949 $-1 #
coedge $-1 -1 $-1 $5158 $6044 $5156 $5649 forward $5152 $-1 #
edge $6046 -1 $-1 $5651 0 $5165 0.05444122499999553416 $5648 $6047 forward @7 unknown #
DXID-attrib $-1 -1 $-1 $-1 $5157 @10 Revit:Edge @8 Edge:108 #
vertex $-1 -1 $-1 $6045 $6048 #
straight-curve $-1 -1 $-1 13.2101588800000016 9.929346395000038683 22.10596108082838285 0 0 12 F -0.04361902086167396969 F 2.331176954593504514e-16 #
DXID-attrib $-1 -1 $-1 $-1 $5159 @10 Revit:Edge @8 Edge:100 #
straight-curve $-1 -1 $-1 13.2101588800000016 10.5826410949999854 21.58253283048829729 12 0 0 F 0 F 0.05069688166666178747 #
edge $6049 -1 $-1 $5162 0 $5659 0.05444122499999553416 $5646 $6050 forward @7 unknown #
point $-1 -1 $-1 13.81852145999994264 10.5826410949999854 21.58253283048829729 #
point $-1 -1 $-1 13.2101588800000016 10.5826410949999854 21.58253283048829729 #
DXID-attrib $-1 -1 $-1 $-1 $5170 @10 Revit:Edge @8 Edge:112 #
vertex $-1 -1 $-1 $5655 $6051 #
straight-curve $-1 -1 $-1 13.81852145999994264 9.929346395000038683 22.10596108082838285 0 0 12 F -0.04361902086167396969 F 2.331176954593504514e-16 #
coedge $-1 -1 $-1 $5174 $5172 $5173 $5662 forward $4604 $-1 #
edge $6052 -1 $-1 $5185 0 $5177 0.05444122499999553416 $5661 $6053 forward @7 unknown #
DXID-attrib $-1 -1 $-1 $-1 $5175 @10 Revit:Edge @7 Edge:87 #
straight-curve $-1 -1 $-1 8.299803770000046654 9.929346395000038683 21.58253283048829729 -12 0 0 F 0 F 0.04345447000002873594 #
point $-1 -1 $-1 8.299803770000046654 9.929346395000038683 21.58253283048829729 #
DXID-attrib $-1 -1 $-1 $-1 $5181 @10 Revit:Edge @7 Edge:95 #
straight-curve $-1 -1 $-1 7.778350129999701323 10.5826410949999854 21.58253283048829729 12 0 0 F 0 F 0.04345447000002873594 #
point $-1 -1 $-1 8.299803770000046654 10.5826410949999854 21.58253283048829729 #
DXID-attrib $-1 -1 $-1 $-1 $5188 @10 Revit:Edge @7 Edge:75 #
straight-curve $-1 -1 $-1 -4.086920320017575214 9.929346395000038683 21.58253283048829729 -12 0 0 F 0 F 0.04689233083186028495 #
DXID-attrib $-1 -1 $-1 $-1 $5198 @10 Revit:Face @8 Face:141 #
face $6054 -1 $-1 $6055 $6056 $107 $-1 $6057 forward single #
loop $-1 -1 $-1 $-1 $6058 $5198 #
plane-surface $-1 -1 $-1 37.41308632333351625 9.885206811666648719 21.04334387277231144 -1 0 0 0 -12 1.932079768609035795e-14 forward_v I I I I #
coedge $-1 -1 $-1 $6059 $6060 $5215 $5690 reversed $5199 $-1 #
coedge $-1 -1 $-1 $6061 $5201 $5203 $5679 reversed $4651 $-1 #
coedge $-1 -1 $-1 $5201 $6061 $6059 $6062 forward $4651 $-1 #
coedge $-1 -1 $-1 $5203 $5202 $6063 $6064 reversed $4031 $-1 #
edge $6065 -1 $-1 $6066 -1.654922515555550033 $5218 3.753349859181446362e-31 $5203 $6067 forward @7 unknown #
coedge $-1 -1 $-1 $5206 $6063 $5204 $5681 forward $3379 $-1 #
edge $6068 -1 $-1 $5683 -2.331176954593504514e-16 $5209 0.09973863375001383591 $5680 $6069 forward @7 unknown #
DXID-attrib $-1 -1 $-1 $-1 $5205 @10 Revit:Edge @8 Edge:132 #
vertex $-1 -1 $-1 $6064 $6070 #
straight-curve $-1 -1 $-1 40.36091705416669129 9.885206811666648719 21.03852790850450205 0 12 -1.932079768609035795e-14 F -1.654922515555550033 F -3.753349859181446362e-31 #
DXID-attrib $-1 -1 $-1 $-1 $5207 @10 Revit:Edge @8 Edge:123 #
straight-curve $-1 -1 $-1 40.36091705416669129 -9.973863374999949016 22.23539151350470178 -12 0 -3.862884006151661266e-14 F 4.662353909187009029e-16 F 2.000358343425679752 #
point $-1 -1 $-1 40.36091705416669129 -9.973863374999949016 22.23539151350470178 #
coedge $-1 -1 $-1 $6071 $5214 $5230 $5708 forward $3379 $-1 #
coedge $-1 -1 $-1 $6072 $5215 $6058 $6073 forward $314 $-1 #
edge $6074 -1 $-1 $5692 0 $6075 0.008403773973139344947 $5215 $6076 forward @7 unknown #
DXID-attrib $-1 -1 $-1 $-1 $5216 @10 Revit:Edge @8 Edge:134 #
vertex $-1 -1 $-1 $5216 $6077 #
straight-curve $-1 -1 $-1 40.29442463166692079 9.885206811666648719 20.972035486004728 -12 0 -3.413603128971767616e-14 F 6.631427455322719494e-31 F 0.2341691601304845827 #
point $-1 -1 $-1 40.29442463166692079 9.885206811666648719 20.97203548600472445 #
coedge $-1 -1 $-1 $5221 $6078 $6079 $6080 forward $314 $-1 #
coedge $-1 -1 $-1 $6081 $6082 $5221 $5697 reversed $6083 $-1 #
edge $6084 -1 $-1 $6085 1.648391032738920933e-16 $5702 0.01044827618826531419 $5221 $6086 forward @7 unknown #
coedge $-1 -1 $-1 $6087 $5222 $6082 $6088 reversed $5700 $-1 #
coedge $-1 -1 $-1 $5222 $6087 $5224 $5705 forward $5700 $-1 #
loop $-1 -1 $-1 $-1 $5222 $6089 #
DXID-attrib $-1 -1 $-1 $-1 $5223 @10 Revit:Edge @8 Edge:162 #
vertex $-1 -1 $-1 $5697 $6090 #
straight-curve $-1 -1 $-1 19.61528123416671576 9.885206811666648719 20.81688650017130726 -1.254451791792178143e-13 3.136129479480445358e-14 12 F 0 F 0.0424812699305673544 #
coedge $-1 -1 $-1 $5225 $5224 $6071 $6091 reversed $5226 $-1 #
edge $6092 -1 $-1 $6093 -1.654922515555550033 $5228 0 $5699 $6094 forward @7 unknown #
face $6095 -1 $-1 $5232 $5226 $107 $-1 $6096 forward single #
point $-1 -1 $-1 19.61528123416671576 9.885206811666650495 21.32666173933811393 #
edge $6097 -1 $-1 $5236 -2.33117695459364503e-16 $5710 0.007388046944466606161 $5688 $6098 forward @7 unknown #
DXID-attrib $-1 -1 $-1 $-1 $5231 @10 Revit:Edge @8 Edge:172 #
vertex $-1 -1 $-1 $5708 $6099 #
straight-curve $-1 -1 $-1 19.48229638916671291 9.885206811666650495 21.32666173933811393 0 12 -1.932079768609035795e-14 F -1.654922515555550033 F 0 #
DXID-attrib $-1 -1 $-1 $-1 $5232 @10 Revit:Face @8 Face:169 #
plane-surface $-1 -1 $-1 19.48229638916671291 9.885206811666650495 21.32666173933811393 1 0 0 0 -12 1.932079768609035795e-14 forward_v I I I I #
DXID-attrib $-1 -1 $-1 $-1 $5234 @10 Revit:Edge @8 Edge:175 #
straight-curve $-1 -1 $-1 19.32052771327131779 -9.973863374999949016 20.56782066158017841 2.815686397244478112 2.318896301308175048e-14 11.66498650287999261 F -5.469886033848949902e-17 F 0.05745266094040522853 #
point $-1 -1 $-1 19.48229638916672002 -9.973863374999949016 21.2380051760045454 #
DXID-attrib $-1 -1 $-1 $-1 $5244 @10 Revit:Face @7 Face:81 #
plane-surface $-1 -1 $-1 -4.056021175833138592 9.885206811666646942 19.50920219100470376 0.6656148469582525706 -1.201585258618464674e-15 -0.7462954344686439923 0 -12 1.932079768609035795e-14 forward_v I I I I #
coedge $-1 -1 $-1 $6100 $5247 $5249 $5722 reversed $4697 $-1 #
coedge $-1 -1 $-1 $5247 $6100 $5266 $5736 forward $4697 $-1 #
coedge $-1 -1 $-1 $5249 $5248 $6101 $6102 reversed $4079 $-1 #
edge $6103 -1 $-1 $6104 -1.654922515555550033 $5263 3.753349859181446362e-31 $5249 $6105 forward @7 unknown #
coedge $-1 -1 $-1 $5252 $6101 $5250 $5724 forward $2718 $-1 #
edge $6106 -1 $-1 $5726 4.662353909187012973e-16 $5255 0.03324621124999598692 $5723 $6107 forward @7 unknown #
DXID-attrib $-1 -1 $-1 $-1 $5251 @10 Revit:Edge @7 Edge:72 #
vertex $-1 -1 $-1 $6102 $6108 #
straight-curve $-1 -1 $-1 -5.607511034166530628 9.885206811666650495 21.70345213350453761 2.415099710761294744e-15 12 -1.932079768609035795e-14 F -1.654922515555550033 F -1.172921830994201988e-32 #
DXID-attrib $-1 -1 $-1 $-1 $5253 @10 Revit:Edge @7 Edge:63 #
ellipse-curve $-1 -1 $-1 -5.840234512916570253 -9.973863374999949016 22.06916045725458986 0 -1 0 0.2350862142363780993 0 0 1 F 0.1418970546038210434 F 1.428899272191337166 #
point $-1 -1 $-1 -5.607511034166535069 -9.973863374999949016 22.10240666850451419 #
coedge $-1 -1 $-1 $6109 $5260 $5271 $5738 forward $2718 $-1 #
DXID-attrib $-1 -1 $-1 $-1 $5261 @10 Revit:Edge @7 Edge:74 #
straight-curve $-1 -1 $-1 -5.474526189166635248 9.885206811666650495 21.41531830267145509 8.75444644968130703 -1.644444751327951534e-14 -8.207293546575648691 F 4.570578354114261365e-16 F 0.162032519301646305 #
point $-1 -1 $-1 -5.474526189166629919 9.885206811666650495 21.41531830267145509 #
coedge $-1 -1 $-1 $5267 $5266 $6109 $6110 reversed $5245 $-1 #
edge $6111 -1 $-1 $6112 -1.654922515555550033 $5269 1.165588477296753736e-16 $5720 $6113 forward @7 unknown #
point $-1 -1 $-1 -4.056021175833413928 9.885206811666648719 20.08546985267166463 #
edge $6114 -1 $-1 $5276 0 $5740 0.09157155608863004614 $5731 $6115 forward @7 unknown #
DXID-attrib $-1 -1 $-1 $-1 $5272 @10 Revit:Edge @7 Edge:84 #
vertex $-1 -1 $-1 $5738 $6116 #
straight-curve $-1 -1 $-1 -4.056021175833138592 9.885206811666646942 19.50920219100470376 0 12 -1.932079768609035795e-14 F -1.654922515555550033 F 1.165588477296748559e-16 #
DXID-attrib $-1 -1 $-1 $-1 $5274 @10 Revit:Edge @7 Edge:87 #
straight-curve $-1 -1 $-1 -5.142064076666592598 -9.973863374999954345 18.57830827600450263 9.599999999993096722 4.808731868537326929e-14 7.200000000009201706 F 5.12858930010482197e-16 F 0.02770517604167079331 #
point $-1 -1 $-1 -4.876094386666744107 -9.973863374999952569 18.77778554350478757 #
DXID-attrib $-1 -1 $-1 $-1 $5288 @10 Revit:Edge @7 Edge:31 #
straight-curve $-1 -1 $-1 13.4758142233335203 -9.951699234166676789 18.29017444517135971 0 0 -12 F 2.331176954593504514e-16 F 0.02585816430555152798 #
point $-1 -1 $-1 13.4758142233335203 -9.951699234166676789 18.29017444517135971 #
DXID-attrib $-1 -1 $-1 $-1 $5294 @10 Revit:Edge @7 Edge:40 #
straight-curve $-1 -1 $-1 -13.46555118110243399 -9.885206811666630955 18.29017444517135971 -12 1.898904387611466904e-14 0 F -2.245113783702996635 F 0 #
point $-1 -1 $-1 13.4758142233335203 -9.951699234166676789 17.97987647350474205 #
DXID-attrib $-1 -1 $-1 $-1 $5306 @10 Revit:Edge @7 Edge:36 #
straight-curve $-1 -1 $-1 -13.46555118110243399 -9.95169923416663238 18.29017444517135971 -12 1.898904387611466904e-14 0 F -2.245113783702996635 F 0 #
DXID-attrib $-1 -1 $-1 $5312 $4791 @10 Revit:Face @7 Face:79 #
rgb_color-st-attrib $-1 -1 $6117 $-1 $5313 0 0 0 #
plane-surface $-1 -1 $-1 20.68432771999995268 3.465787593783812071 27.86388309622504877 0.5024173645398201105 0.8646252319987323132 0 0 0 -12 forward_v I I I I #
DXID-attrib $-1 -1 $-1 $-1 $5317 @10 Revit:Edge @8 Edge:111 #
straight-curve $-1 -1 $-1 17.16451565000023294 -5.513432686891721168 22.74516675267124555 -0 -0 -12 F -0.1608921274476882435 F 0 #
coedge $-1 -1 $-1 $5320 $5339 $5328 $5764 forward $4792 $-1 #
DXID-attrib $-1 -1 $-1 $-1 $5321 @10 Revit:Edge @8 Edge:133 #
straight-curve $-1 -1 $-1 17.16451565000023649 -5.513432686891721168 22.74516675267124555 10.31443065624794464 6.132904714525784229 -7.808133961288631315e-15 F -2.978517944837575986e-17 F 0.3412512224189128696 #
point $-1 -1 $-1 17.16451565000023649 -5.513432686891722057 22.74516675267124555 #
DXID-attrib $-1 -1 $-1 $-1 $5326 @10 Revit:Edge @8 Edge:137 #
straight-curve $-1 -1 $-1 17.04424089750015625 -5.513432686891721168 24.6758722820435068 0 0 -12 F 0 F 0.1608921274476882435 #
edge $6118 -1 $-1 $5346 -0.1608921274476879937 $5331 0 $5758 $6119 forward @7 unknown #
point $-1 -1 $-1 20.68432771999995268 -3.420571456081080264 22.74516675267124199 #
DXID-attrib $-1 -1 $-1 $-1 $5333 @10 Revit:Edge @8 Edge:119 #
straight-curve $-1 -1 $-1 20.68432771999995268 3.465787593783812071 22.74516675267123134 -0 -0 -12 F -0.1608921274476879937 F 0 #
DXID-attrib $-1 -1 $-1 $5337 $4815 @10 Revit:Face @7 Face:83 #
DXID-attrib $-1 -1 $-1 $-1 $5340 @10 Revit:Edge @8 Edge:140 #
straight-curve $-1 -1 $-1 20.68432771999995623 -3.42057145608107982 24.67587228204349969 -10.31443065624793753 -6.132904714525794887 1.561626792257726894e-14 F 2.003730253799829705e-16 F 0.3412512224189132026 #
point $-1 -1 $-1 17.16451565000023649 -5.513432686891722057 24.6758722820435068 #
point $-1 -1 $-1 20.68432771999995268 -3.42057145608107982 24.67587228204349969 #
DXID-attrib $-1 -1 $-1 $-1 $5355 @10 Revit:Edge @9 Edge:3060 #
intcurve-curve $-1 -1 $-1 forward { surfintcur full nubs 3 periodic 25 
	0 3 0.05990681036055808123 2 0.1198136207211161625 2 0.2396272414422323249 2 0.3526589522851617531 2 
	0.4656906631280911535 2 0.5273479835868404297 2 0.589005304045589817 2 0.7123199449630884805 2 0.8543878486674667538 2 
	0.925421800519655946 2 0.9609387764457505421 2 0.9964557523718451382 2 1.031972728297939845 2 1.06748970422403433 2 
	1.1385236560762233 2 1.280591559780601685 2 1.403906200698100459 2 1.465563521156849625 2 1.527220841615599012 2 
	1.640252552458528523 2 1.753284263301457813 2 1.873097884022573822 2 1.933004694383131827 2 1.992911504743690054 3 
	8.3829211930571077 -6.858873056770886656 15.38591809444255887 
	8.3829211930571077 -6.866734842907443515 15.38591809444255887 
	8.381796684709284406 -6.874519692349115196 15.38510240601791423 
	8.37785098517501936 -6.889596873873041538 15.38197459175341564 
	8.375053171558487719 -6.896895473439574431 15.37966323377463773 
	8.365516934093523815 -6.91770652438848721 15.37074486361554193 
	8.357745449227168777 -6.930172606794638313 15.36205189071935173 
	8.34511823254861973 -6.949692774058670253 15.34222124094416984 
	8.339190444981992911 -6.958282754080008736 15.3298578839598747 
	8.33176699532259768 -6.969957774694264252 15.30203983943522772 
	8.330333863033985153 -6.973013712708567624 15.28655630145799726 
	8.332300733273095616 -6.973013712708567624 15.26371576198666347 
	8.333775938136644967 -6.972148111431723194 15.25562882700369904 
	8.338199241035981757 -6.968790573035332336 15.2399944984424156 
	8.341146178989861326 -6.966300176261261967 15.23244644592153385 
	8.35169266219652684 -6.956904222234497226 15.21131527865479782 
	8.36108689698647467 -6.947993482092841511 15.19927251021382375 
	8.381567244895286706 -6.927842768673322382 15.17958923349896416 
	8.39430191454110286 -6.915018968180405956 15.1713882570031835 
	8.411753112507215135 -6.895258698656125063 15.16335837846229317 
	8.417224841193496232 -6.888697464156813943 15.16138075248715467 
	8.424063477014053447 -6.878432599175518192 15.15927098212210566 
	8.426099853679570373 -6.874962700665536275 15.15871427874035149 
	8.429260579027811673 -6.867506205145826215 15.15790197023540387 
	8.430416496519816505 -6.863534077233629738 15.15763678256719693 
	8.430416496519816505 -6.854212036308144462 15.15763678256719693 
	8.429260579027809897 -6.850239908395947985 15.15790197023540387 
	8.426099853679568596 -6.842783412876237925 15.15871427874035149 
	8.424063477014053447 -6.839313514366256008 15.15927098212210566 
	8.417224841193498008 -6.829048649384961145 15.16138075248715467 
	8.411753112507218688 -6.822487414885649137 15.16335837846229317 
	8.394301914541104637 -6.802727145361368244 15.1713882570031835 
	8.381567244895286706 -6.78990334486845093 15.17958923349896416 
	8.36108689698647467 -6.769752631448932689 15.19927251021382375 
	8.351692662196528616 -6.760841891307275198 15.21131527865479605 
	8.341146178989861326 -6.751445937280511345 15.23244644592153385 
	8.338199241035981757 -6.748955540506441864 15.23999449844241205 
	8.333775938136644967 -6.745598002110051006 15.25562882700369549 
	8.332300733273095616 -6.744732400833206576 15.26371576198666347 
	8.330333863033985153 -6.744732400833206576 15.28655630145799726 
	8.33176699532259768 -6.74778833884750906 15.30203983943523305 
	8.339190444981992911 -6.759463359461765464 15.32985788395988003 
	8.34511823254861973 -6.768053339483103059 15.34222124094416984 
	8.357745449227168777 -6.787573506747134999 15.36205189071935173 
	8.365516934093522039 -6.800039589153283437 15.37074486361554193 
	8.375053171558487719 -6.820850640102197104 15.37966323377463773 
	8.37785098517501936 -6.828149239668729997 15.38197459175341741 
	8.38179668470928263 -6.843226421192659004 15.38510240601791779 
	8.3829211930571077 -6.851011270634330685 15.38591809444255887 
	8.3829211930571077 -6.858873056770886656 15.38591809444255887 
	8.9586913845432614e-05 
	
	cone 10.33555422583333261 -6.858873056770886656 15.27177743850487879 1 0 0 0 -0.1141406559376805102 0 1 I I 0 1 0.1141406559376805102 forward I I I I 
	cone 8.459676042345803282 6.348833320724273754 15.28280590558793151 0 -1 0 -0.1285434960615383371 0 0 1 I I 0 1 0.1285434960615383371 forward I I I I 
	nullbs 
	nullbs 
	I I 
	0 
	0 
	0 
	} F 1.074700507212316136 F 1.928037910631660079 #
point $-1 -1 $-1 8.379316422294182942 -6.833817790833121464 15.38313417600500443 #
point $-1 -1 $-1 10.07970800040778414 -8.454055884530564668 16.12186302930351189 #
DXID-attrib $-1 -1 $-1 $5376 $4886 @10 Revit:Face @9 Face:2626 #
rgb_color-st-attrib $-1 -1 $6120 $-1 $5377 0 0 0 #
face $6121 -1 $-1 $6122 $6123 $39 $-1 $6124 reversed single #
loop $-1 -1 $-1 $-1 $6125 $5377 #
cone-surface $-1 -1 $-1 8.749203559845291522 6.348833320724273754 11.51894817808786442 0 -1 0 -0.1285434960613438538 0 0 1 I I 0 1 0.1285434960613438538 forward I I I I #
coedge $-1 -1 $-1 $6126 $6127 $6128 $6129 reversed $5378 $-1 #
coedge $-1 -1 $-1 $6130 $5380 $6131 $6132 reversed $4887 $-1 #
coedge $-1 -1 $-1 $5380 $6133 $6134 $6135 reversed $4887 $-1 #
pcurve $-1 -1 $-1 0 forward { exppc nubs 1 open 2 
	-1.187805153100721212 1 -4.689927396570696779e-08 1 
	-127.4980115065476411 -2.776342851518824872 
	-4.591855966161865865 -2.776342851518668109 
	1.291283599406322402e-13 
	cone 9.938227677427688533 6.348833320724273754 11.0816415349205748 0 1 0 -0.1159719072795646205 0 0 1 I I 0 1 0.1159719072795646205 forward I I I I 
	} 0 0 #
coedge $-1 -1 $-1 $5382 $5381 $6136 $6137 reversed $4313 $-1 #
coedge $-1 -1 $-1 $5410 $5409 $5381 $5788 forward $5411 $-1 #
edge $6138 -1 $-1 $6139 -1.714578630645633639e-16 $5793 0.1188423243521163492 $5787 $6140 forward @7 unknown #
coedge $-1 -1 $-1 $5404 $5403 $5382 $5790 forward $5405 $-1 #
edge $6141 -1 $-1 $5792 1.362851935073625622e-07 $6142 0.1188424606373031378 $5789 $6143 forward @7 unknown #
DXID-attrib $-1 -1 $-1 $-1 $5383 @10 Revit:Edge @9 Edge:2897 #
tvertex-vertex $-1 -1 $-1 $6132 $6144 8.524441482792365852e-06 #
tvertex-vertex $-1 -1 $-1 $5788 $6145 8.524441481232849447e-06 #
straight-curve $-1 -1 $-1 10.04654152563876224 5.816307589166721748 11.04022141350489328 4.486485257179184986e-15 -12 1.570269840012714745e-14 F 4.689927396570696779e-08 F 1.187805153100721212 #
DXID-attrib $-1 -1 $-1 $5386 $4893 @10 Revit:Face @8 Face:231 #
rgb_color-st-attrib $-1 -1 $6146 $-1 $5387 0 0 0 #
cone-surface $-1 -1 $-1 -5.389285730226101911 6.348833320724273754 12.17242898194872858 0 1 0 0.3795671853107622229 0 0 1 I I 0 1 0.3795671853107622229 forward I I I I #
coedge $-1 -1 $-1 $6147 $5485 $5873 $6148 reversed $5388 $-1 #
coedge $-1 -1 $-1 $6149 $5390 $6150 $6151 reversed $4894 $-1 #
coedge $-1 -1 $-1 $5390 $5479 $5866 $6152 reversed $4894 $-1 #
coedge $-1 -1 $-1 $5806 $5803 $5390 $5802 forward $4323 $-1 #
edge $6153 -1 $-1 $6154 -0.9584975652480861585 $6155 -5.827942386483761286e-17 $5801 $6156 forward @7 unknown #
coedge $-1 -1 $-1 $5801 $5391 $6157 $6158 reversed $4323 $-1 #
coedge $-1 -1 $-1 $5813 $6159 $5391 $5805 forward $6160 $-1 #
edge $6161 -1 $-1 $6162 -4.8685238645566436e-17 $5810 0.1304174929923821724 $5804 $6163 forward @7 unknown #
coedge $-1 -1 $-1 $5392 $5801 $5476 $5868 reversed $4323 $-1 #
coedge $-1 -1 $-1 $6164 $5821 $5392 $5808 forward $5474 $-1 #
edge $6165 -1 $-1 $5811 2.778493715035751678e-17 $6166 0.1315719747555501862 $5807 $6167 forward @7 unknown #
DXID-attrib $-1 -1 $-1 $-1 $5394 @10 Revit:Edge @8 Edge:383 #
vertex $-1 -1 $-1 $5814 $6168 #
vertex $-1 -1 $-1 $5822 $6169 #
straight-curve $-1 -1 $-1 -5.499373846666556709 5.58931198953865227 11.19601363933795923 0 12 -1.158314481663306182e-15 F -1.150177823588193649 F -1.748382715945128263e-16 #
coedge $-1 -1 $-1 $6170 $5804 $5395 $5814 forward $6160 $-1 #
edge $6171 -1 $-1 $5810 -2.975300273746265489 $5819 -2.489950293444980201 $5813 $6172 forward @7 unknown #
coedge $-1 -1 $-1 $6134 $5396 $5410 $5839 reversed $5817 $-1 #
coedge $-1 -1 $-1 $5396 $6134 $6170 $6173 forward $5817 $-1 #
loop $-1 -1 $-1 $-1 $5396 $6174 #
DXID-attrib $-1 -1 $-1 $-1 $5397 @10 Revit:Edge @8 Edge:478 #
vertex $-1 -1 $-1 $5397 $6175 #
intcurve-curve $-1 -1 $-1 forward { surfintcur full nubs 3 open 15 
	1.971980180399327764 3 2.088936025174505939 2 2.178221555168975421 2 2.267507085163444902 2 2.36426256107855437 2 
	2.461018036993663394 2 2.553679308157199124 2 2.64634057932073441 2 2.739001850484269696 2 2.831663121647805426 2 
	2.928418597562914449 2 3.025174073478023917 2 3.114459603472493399 2 3.20374513346696288 2 3.320700978242141055 3 
	-5.554449814253205275 -8.219492788476440381 10.99257366097111266 
	-5.565318019877086186 -8.213549345217439068 11.00163650533262683 
	-5.576256763927093907 -8.207130867135298047 11.01499235434840784 
	-5.588398040404194411 -8.201100058066991494 11.0384183255408761 
	-5.592539397065862339 -8.199562595353429018 11.05037721020458008 
	-5.596606822708945828 -8.20049356668769569 11.07479569149935372 
	-5.596539031179625923 -8.202990559448785746 11.0872531678631514 
	-5.593254839112490551 -8.211127284474578403 11.11003675231866694 
	-5.58960255362496472 -8.217489332648664657 11.12162688078087314 
	-5.580030811538758684 -8.233176966486867698 11.14165810793096334 
	-5.574151992292379454 -8.242493996061252659 11.15012529557213306 
	-5.563433445652101739 -8.261009908578564875 11.16278175605685341 
	-5.557613147996672609 -8.271695704386621273 11.1681687493815982 
	-5.548574329480799427 -8.294728186465828657 11.17547712522694248 
	-5.545577416128666393 -8.307156397277074333 11.17741374512229591 
	-5.545577416128666393 -8.331476940889549709 11.17741374512229591 
	-5.548574329480800316 -8.343905151700795386 11.17547712522694248 
	-5.557613147996675274 -8.366937633780000994 11.1681687493815982 
	-5.563433445652101739 -8.377623429588057391 11.16278175605685341 
	-5.574151992292379454 -8.396139342105371384 11.15012529557213306 
	-5.580030811538756907 -8.405456371679754568 11.14165810793096512 
	-5.589602553624963832 -8.421144005517957609 11.12162688078087669 
	-5.593254839112490551 -8.427506053692043864 11.11003675231866694 
	-5.596539031179625923 -8.435642778717836521 11.0872531678631514 
	-5.596606822708945828 -8.438139771478928353 11.07479569149935372 
	-5.592539397065862339 -8.439070742813193249 11.05037721020458008 
	-5.588398040404194411 -8.437533280099632549 11.0384183255408761 
	-5.576256763927093907 -8.431502471031325996 11.01499235434840784 
	-5.565318019877086186 -8.425083992949184974 11.00163650533262683 
	-5.554449814253207052 -8.419140549690181885 10.99257366097111088 
	0.000189665973042154847 
	
	cone 10.33555422583333261 -8.319316669083312021 11.05803849150485973 -1 0 0 0 -0.1193752536174357282 0 1 I I 0 1 0.1193752536174357282 forward I I I I 
	cone -5.480177362373793493 6.348833320724273754 11.08164153492059079 0 1 0 0.1159719072795646205 0 0 1 I I 0 1 0.1159719072795646205 forward I I I I 
	nullbs 
	nullbs 
	I I 
	0 
	0 
	0 
	} F 2.720082640060659251 F 3.170639013296677522 #
coedge $-1 -1 $-1 $5807 $6176 $5398 $5822 forward $5474 $-1 #
edge $6177 -1 $-1 $5827 2.489950293443326412 $5811 2.975300273746265489 $5821 $6178 forward @7 unknown #
coedge $-1 -1 $-1 $6131 $5399 $6176 $6179 reversed $5825 $-1 #
coedge $-1 -1 $-1 $5399 $6131 $5403 $5834 forward $5825 $-1 #
loop $-1 -1 $-1 $-1 $5399 $5473 #
DXID-attrib $-1 -1 $-1 $-1 $5400 @10 Revit:Edge @8 Edge:474 #
vertex $-1 -1 $-1 $5822 $6180 #
intcurve-curve $-1 -1 $-1 forward { surfintcur full nubs 3 open 15 
	1.97198018039931755 3 2.088936025174775502 2 2.178221555169327139 2 2.267507085163879221 2 2.364262561079027769 2 
	2.461018036994175873 2 2.553679308157836836 2 2.646340579321498243 2 2.73900185048515965 2 2.831663121648820614 2 
	2.928418597563968717 2 3.025174073479117265 2 3.114459603473669347 2 3.203745133468220985 2 3.320700978243678936 3 
	-5.554449814252981454 5.798093328023345094 10.99257366097092437 
	-5.565318019876892564 5.804036771282420126 11.00163650533241899 
	-5.576256763926939364 5.810455249364654406 11.01499235434818402 
	-5.588398040404098488 5.816486058433095074 11.03841832554063807 
	-5.592539397065796614 5.81802352114671617 11.0503772102043385 
	-5.596606822708933393 5.817092549812564073 11.07479569149912813 
	-5.596539031179637469 5.814595557051523755 11.08725316786294712 
	-5.593254839112531407 5.806458832025807482 11.11003675231851062 
	-5.589602553625016235 5.800096783851753202 11.12162688078074346 
	-5.580030811538811086 5.784409150013601675 11.14165810793088163 
	-5.574151992292423863 5.775092120439236254 11.15012529557207444 
	-5.563433445652121279 5.756576207921938249 11.16278175605683387 
	-5.557613147996672609 5.745890412113881851 11.16816874938159998 
	-5.548574329480759459 5.722857930034666474 11.17547712522697267 
	-5.545577416128607773 5.710429719223412803 11.17741374512233676 
	-5.545577416128607773 5.686109175610903677 11.17741374512233676 
	-5.548574329480759459 5.673680964799650006 11.17547712522697267 
	-5.557613147996672609 5.650648482720434629 11.16816874938159998 
	-5.563433445652121279 5.639962686912378231 11.16278175605683387 
	-5.574151992292423863 5.621446774395080226 11.15012529557207444 
	-5.580030811538811086 5.612129744820713029 11.14165810793087985 
	-5.589602553625016235 5.596442110982560614 11.12162688078074169 
	-5.593254839112531407 5.590080062808508998 11.11003675231851062 
	-5.596539031179637469 5.581943337782791836 11.08725316786294712 
	-5.596606822708933393 5.579446345021752407 11.07479569149912813 
	-5.592539397065796614 5.578515373687600309 11.0503772102043385 
	-5.588398040404098488 5.580052836401221406 11.03841832554063807 
	-5.576256763926939364 5.586083645469662073 11.01499235434818402 
	-5.565318019876892564 5.592502123551896354 11.00163650533241899 
	-5.554449814252981454 5.598445566810971386 10.99257366097092437 
	0.000189665973040411477 
	
	cone 10.33555422583333261 5.69826944741715824 11.05803849150519014 -1 0 0 0 -0.1193752536171472783 0 1 I I 0 1 0.1193752536171472783 forward I I I I 
	cone -5.480177362373793493 6.348833320724273754 11.08164153492059079 0 1 0 0.1159719072795646205 0 0 1 I I 0 1 0.1159719072795646205 forward I I I I 
	nullbs 
	nullbs 
	I I 
	0 
	0 
	0 
	} F 2.122042145345650166 F 2.572598518579891635 #
coedge $-1 -1 $-1 $6136 $5401 $5404 $5835 reversed $5831 $-1 #
coedge $-1 -1 $-1 $5401 $6136 $5409 $5838 forward $5831 $-1 #
loop $-1 -1 $-1 $-1 $5401 $6181 #
DXID-attrib $-1 -1 $-1 $-1 $5402 @10 Revit:Edge @8 Edge:476 #
straight-curve $-1 -1 $-1 -5.196593639663915631 -8.045457239912009229 9.726211911005050226 0 12 0 F -1.165588477296752257e-16 F 1.122488938179817097 #
edge $6182 -1 $-1 $5792 -1.302919691988412065 $4907 2.95435583725223755e-07 $5824 $6183 forward @7 unknown #
edge $6184 -1 $-1 $6142 -1.237603132865144451 $5407 -5.827942386483761286e-17 $5404 $6185 forward @7 unknown #
face $6186 -1 $-1 $6181 $5405 $39 $-1 $6187 forward single #
point $-1 -1 $-1 -5.196593639663914743 5.424410018245795051 9.726211911005050226 #
edge $6188 -1 $-1 $6139 -1.237603132865144451 $5413 -5.827942386483761286e-17 $5830 $6189 forward @7 unknown #
edge $6190 -1 $-1 $5793 -1.302919691988412731 $4906 2.954355843662975177e-07 $5410 $6191 forward @7 unknown #
face $6192 -1 $-1 $6174 $5411 $39 $-1 $6193 forward single #
point $-1 -1 $-1 -5.196593639663914743 -8.045457239912011005 9.726211911005050226 #
point $-1 -1 $-1 8.733130922892238246 -7.145612543737499323 14.13593834210815459 #
pcurve $-1 -1 $-1 0 forward { exppc nubs 3 open 27 
	-0.9999864363674922929 3 -0.9444444444444444198 3 -0.9166666666666666297 3 -0.8888888888888888395 3 -0.8611111111111110494 3 
	-0.8333333333333332593 3 -0.8055555555555555802 3 -0.7777777777777777901 3 -0.75 3 -0.7222222222222222099 3 
	-0.6944444444444444198 3 -0.6666666666666666297 3 -0.6388888888888888395 3 -0.6111111111111111605 3 -0.5833333333333333703 3 
	-0.5555555555555555802 3 -0.5277777777777777901 3 -0.5 3 -0.4444444444444444198 3 -0.3888888888888888395 3 
	-0.3611111111111110494 3 -0.3333333333333333148 3 -0.2777777777777777901 3 -0.2222222222222222099 3 -0.1666666666666666574 3 
	-0.1111111111111111049 3 -0 3 
	118.2264614970272021 -1.355081315633469341 
	118.1772863888435552 -1.323506169326981619 
	118.1289034055710658 -1.290752395609428449 
	118.0817685776698909 -1.256307175098734463 
	118.0581954084388343 -1.23908035899573532 
	118.03493443047212 -1.221433309762491204 
	118.0119872900114331 -1.203379615310639972 
	117.9890401495507462 -1.18532592085878874 
	117.9664068465961009 -1.16686162115376213 
	117.9443029415784991 -1.147748935016692506 
	117.9221990365608974 -1.128636248879623105 
	117.900624529480325 -1.108877795861781257 
	117.8795678164298124 -1.088547508837852451 
	117.8585111033792856 -1.068217221813923645 
	117.8379721843587902 -1.047320673742573316 
	117.8177566509310878 -1.026125541552951548 
	117.7975411175033855 -1.00493040936332978 
	117.7776489696684905 -0.983439800568704503 
	117.7578970658469757 -0.9618733320069305925 
	117.7381451620254609 -0.940306863445156571 
	117.7185335022173263 -0.9186552515609727187 
	117.6991705740279173 -0.8967295809459170375 
	117.6798076458385083 -0.8748039103308612452 
	117.6606934492678533 -0.852600499854226479 
	117.6420255655523306 -0.8299863181636409903 
	117.6233576818368078 -0.8073721364730555017 
	117.6051361109764457 -0.7843587729786377638 
	117.5873037695758399 -0.7610790866558659884 
	117.569471428175234 -0.737799400333094213 
	117.5520283162343702 -0.7142536491842461643 
	117.5349976518133843 -0.690522905596526293 
	117.5179669873923984 -0.6667921620088064216 
	117.5013487704912762 -0.6428659346700791311 
	117.485216349226647 -0.618493232402148041 
	117.4690839279620178 -0.5941205301342169509 
	117.4534373023339384 -0.5693005953778385031 
	117.4384247079832733 -0.5439834927056017566 
	117.4234121136325939 -0.5186663900333650101 
	117.409033550559343 -0.4928650009158471179 
	117.3953786208696926 -0.4667493944976072173 
	117.3817236911800421 -0.4406337880793672057 
	117.368792394874049 -0.4142037912294650459 
	117.3567083557638426 -0.3876195936561400712 
	117.3446243166536362 -0.3610353960828150965 
	117.3333875347392308 -0.334286833155573837 
	117.3230146571955999 -0.3070865420545607627 
	117.3126417796519689 -0.2798862509535476328 
	117.3031328064790841 -0.2522286309002241822 
	117.2946145749055518 -0.2239995554475202044 
	117.2860963433320194 -0.1957704799948162266 
	117.2785688533578252 -0.1669834962699299763 
	117.2722137655094627 -0.1381293258846959804 
	117.2595035898126952 -0.08042098511422798857 
	117.2514830226192117 -0.02248980023285452462 
	117.2481892554532124 0.03564621281809703113 
	117.2448954882871988 0.09378222586904857994 
	117.2463285211487118 0.152266608713131385 
	117.252359811859435 0.2109794064621885457 
	117.2553754572147966 0.2403358053367171121 
	117.2595406670324678 0.2697341924396506885 
	117.2646874921778704 0.2986389975464919799 
	117.2698343173232729 0.3275438026533331604 
	117.2759627577963926 0.355944856135672727 
	117.2829878068023959 0.3841853519763401836 
	117.2970379048144025 0.4406663436576750414 
	117.3146744369579011 0.4965849861274513888 
	117.3349118741026871 0.5516806643879521577 
	117.3551493112474731 0.6067763426484529266 
	117.3779876533935038 0.6610386178937878165 
	117.4025001675291264 0.7143692638594159039 
	117.4270126816647348 0.7676999098250437692 
	117.4531993677899493 0.8200302930647275224 
	117.4798831519010207 0.8721443290540163984 
	117.5065669360121063 0.9242583650433052744 
	117.5337478181090205 0.9762011529339519322 
	117.5598734146273188 1.028220227055709479 
	117.6121246076639011 1.132258375299224573 
	117.6601546583858493 1.237264482117494735 
	117.7006857337161421 1.349481884444979629 
	6.369397684623073222e-06 
	cone 8.757555315158539244 6.348833320724273754 14.02447477183798163 0 -1 0 -0.1141406559376818425 0 0 1 I I -0 -1 0.1141406559376818425 forward I I I I 
	} 0 0 #
DXID-attrib $-1 -1 $-1 $-1 $5431 @10 Revit:Edge @9 Edge:2984 #
intcurve-curve $-1 -1 $-1 forward { surfintcur full nubs 3 periodic 25 
	0 3 0.05990681036054128217 2 0.1198136207210825643 2 0.2396272414421651287 2 0.3526589522850633873 2 
	0.4656906631279615905 2 0.5273479835867499466 2 0.5890053040455383027 2 0.7123199449631149038 2 0.8543878486678799788 2 
	0.9254218005202624608 2 0.9609387764464536463 2 0.9964557523726449428 2 1.031972728298836017 2 1.067489704225027314 2 
	1.138523656077409907 2 1.280591559782174871 2 1.403906200699751583 2 1.465563521158539828 2 1.527220841617328073 2 
	1.640252552460226276 2 1.753284263303124479 2 1.873097884024207183 2 1.933004694384748312 2 1.992911504745289664 3 
	8.757555315158539244 4.464518095503291484 13.91033411590030155 
	8.765417101295094326 4.464518095503291484 13.91033411590030155 
	8.773201950736762456 4.463393587155471742 13.91114980432493908 
	8.788279132260690574 4.459447887621219131 13.91427761858943768 
	8.795577731827227908 4.456650074004696371 13.91658897656821381 
	8.81638878277614424 4.447113836539754672 13.92550734672731494 
	8.828854865182295342 4.439342351673410292 13.93420031962351402 
	8.848375032446330835 4.426715134994890555 13.95403096939869947 
	8.856965012467666654 4.420787347428277059 13.96639432638298395 
	8.868640033081922169 4.413363897768911137 13.99421237090763448 
	8.871695971096221101 4.411930765480311933 14.00969590888487026 
	8.871695971096221101 4.413897635719443713 14.03253644835620406 
	8.870830369819376671 4.415372840583001057 14.04062338333917204 
	8.867472831422983148 4.41979614348235561 14.05625771190046081 
	8.864982434648911891 4.422743081436246726 14.06380576442134611 
	8.855586480622140044 4.433289564642944214 14.08493693168808569 
	8.846675740480481664 4.442683799432906255 14.09697970012904911 
	8.826525027060943884 4.463164147341788457 14.11666297684392468 
	8.813701226568005254 4.475898816987660567 14.1248639533397089 
	8.793940957043728801 4.493350014953858995 14.13289383188058679 
	8.787379722544425675 4.498821743640167625 14.13487145785571641 
	8.777114857563150352 4.505660379460775466 14.13698122822076009 
	8.773644959053177317 4.507696756126302162 14.13753793160251071 
	8.766188463533481467 4.510857481474580766 14.13835024010745833 
	8.76221633562129476 4.512013398966610467 14.13861542777566171 
	8.752894294695783728 4.512013398966610467 14.13861542777566171 
	8.748922166783598797 4.510857481474580766 14.13835024010745833 
	8.741465671263902948 4.507696756126302162 14.13753793160251071 
	8.737995772753928136 4.505660379460775466 14.13698122822076009 
	8.727730907772654589 4.498821743640167625 14.13487145785571641 
	8.721169673273351464 4.493350014953858995 14.13289383188058679 
	8.701409403749073235 4.475898816987660567 14.1248639533397089 
	8.68858560325613638 4.463164147341788457 14.11666297684392468 
	8.668434889836596824 4.442683799432906255 14.09697970012904911 
	8.659524149694936668 4.433289564642943326 14.08493693168808036 
	8.650128195668164821 4.422743081436245838 14.06380576442134078 
	8.647637798894097116 4.419796143482354722 14.05625771190045903 
	8.644280260497703594 4.415372840583001057 14.04062338333917204 
	8.643414659220857388 4.413897635719443713 14.03253644835620406 
	8.643414659220857388 4.411930765480311933 14.00969590888487026 
	8.646470597235158095 4.413363897768911137 13.99421237090763448 
	8.658145617849411835 4.420787347428277059 13.96639432638298395 
	8.66673559787074943 4.426715134994890555 13.95403096939869947 
	8.686255765134784923 4.439342351673410292 13.93420031962351402 
	8.698721847540934249 4.447113836539754672 13.92550734672731494 
	8.719532898489850581 4.456650074004696371 13.91658897656821381 
	8.726831498056386138 4.459447887621219131 13.91427761858944123 
	8.741908679580314256 4.463393587155471742 13.91114980432494264 
	8.749693529021984162 4.464518095503291484 13.91033411590030155 
	8.757555315158539244 4.464518095503291484 13.91033411590030155 
	8.958691384491428405e-05 
	
	cone 8.757555315158539244 6.348833320724273754 14.02447477183798163 0 -1 0 -0.1141406559376818425 0 0 1 I I 0 1 0.1141406559376818425 forward I I I I 
	cone 10.33555422583333261 4.541272944792134503 14.01344630475481878 1 0 0 0 -0.128543496061539031 0 1 I I -0 -1 0.128543496061539031 forward I I I I 
	nullbs 
	nullbs 
	I I 
	0 
	0 
	0 
	} F 1.073021352941989415 F 1.928037910633239482 #
coedge $-1 -1 $-1 $5438 $6194 $5440 $5849 forward $5463 $-1 #
DXID-attrib $-1 -1 $-1 $-1 $5439 @10 Revit:Edge @8 Edge:644 #
straight-curve $-1 -1 $-1 -4.317367008847334375 -7.234702045833109274 12.866471908504856 -12 1.587391535121992275e-14 0 F -1.091065361062381278 F 0 #
edge $6195 -1 $-1 $5856 0.06414036514039618553 $5442 0.8472129101045292598 $5846 $6196 forward @7 unknown #
point $-1 -1 $-1 8.775417323901240962 -7.234702045833127038 12.866471908504856 #
DXID-attrib $-1 -1 $-1 $-1 $5446 @10 Revit:Edge @9 Edge:3051 #
intcurve-curve $-1 -1 $-1 forward { exactcur full nubs 3 open 27 
	0 3 0.1111111111111111049 1 0.1666666666666666574 1 0.2222222222222222099 1 0.2777777777777777901 1 
	0.3333333333333333148 1 0.3611111111111110494 1 0.3888888888888888395 1 0.4444444444444444198 1 0.5 1 
	0.5277777777777777901 1 0.5555555555555555802 1 0.5833333333333333703 1 0.6111111111111111605 1 0.6388888888888888395 1 
	0.6666666666666666297 1 0.6944444444444444198 1 0.7222222222222222099 1 0.75 1 0.7777777777777777901 1 
	0.8055555555555555802 1 0.8333333333333332593 1 0.8611111111111110494 1 0.8888888888888888395 1 0.9166666666666666297 1 
	0.9444444444444444198 1 1 3 
	8.732500049220762506 -7.0856001532370394 13.91311803433785776 
	8.720109470225168025 -7.080973909712979797 13.91639893705526632 
	8.703237387133533787 -7.072750637471797219 13.92287357179473872 
	8.683759674426912767 -7.060340862625752223 13.93659158916770302 
	8.671055337851004907 -7.051373966032262075 13.9493257422371677 
	8.659946743166345939 -7.043553615973026538 13.9642847172063842 
	8.652643498201797456 -7.038521002604708698 13.97855193431697707 
	8.648457498825283807 -7.035722985742800084 13.99083276786570629 
	8.645084227526460552 -7.033821306619970848 14.00381753043059518 
	8.642820987345634975 -7.033412388342988208 14.02041427598826573 
	8.6438886509206867 -7.035701070344137165 14.0369743981912567 
	8.64628868763379721 -7.039137840917010003 14.04988755562053804 
	8.648635935847989842 -7.042393922222748515 14.05906547214641655 
	8.651693686251947568 -7.046241643197757476 14.06771570312488784 
	8.655540208246758738 -7.050669603125243157 14.07592225977519362 
	8.659902804706144153 -7.055593138987106272 14.08360607955077981 
	8.664503506052813719 -7.060950887324316305 14.09075311690520138 
	8.669436399040806762 -7.066641329857146658 14.09730819683701242 
	8.67485473262898843 -7.072614234572714764 14.10329297819976624 
	8.680541099287037099 -7.078853700723360731 14.10875074787195516 
	8.686278464488092155 -7.085398821526264435 14.11374229103056166 
	8.692218958180664146 -7.09211428466983751 14.11819029989951346 
	8.698459029510107854 -7.098925793075498092 14.12209623421875193 
	8.70471295855973537 -7.10595877014324806 14.12555874379524212 
	8.710740168462807631 -7.113346355312367031 14.12862536862053098 
	8.716501679214944787 -7.121096495448209218 14.13125794288461989 
	8.724072088887075083 -7.131716588579699589 14.13408965332005174 
	8.729556092524299871 -7.140002361869530745 14.13542832564448659 
	8.733133543160475298 -7.14561665583321215 14.13593871600482466 
	0 
	
	null_surface 
	null_surface 
	nullbs 
	nullbs 
	I I 
	0 
	0 
	25 0.1111111111111111049 0.1666666666666666574 0.2222222222222222099 0.2777777777777777901 0.3333333333333333148 0.3611111111111110494 0.3888888888888888395 0.4444444444444444198 0.5 0.5277777777777777901 0.5555555555555555802 0.5833333333333333703 0.6111111111111111605 0.6388888888888888395 0.6666666666666666297 0.6944444444444444198 0.7222222222222222099 0.75 0.7777777777777777901 0.8055555555555555802 0.8333333333333332593 0.8611111111111110494 0.8888888888888888395 0.9166666666666666297 0.9444444444444444198 
	F 1 F 0 } F 0 F 0.9999864363674922929 #
point $-1 -1 $-1 8.732500049220762506 -7.0856001532370394 13.91311803433785776 #
coedge $-1 -1 $-1 $6197 $5455 $6194 $6198 reversed $5505 $-1 #
DXID-attrib $-1 -1 $-1 $-1 $5456 @10 Revit:Edge @9 Edge:2951 #
vertex $-1 -1 $-1 $6198 $6199 #
straight-curve $-1 -1 $-1 8.821585439220596569 4.545215361347439753 12.66592257433796043 0 -12 0 F 1.748382715945128263e-16 F 0.9761038788608864536 #
point $-1 -1 $-1 8.821585439220598346 4.545215361347437977 12.66592257433796043 #
DXID-attrib $-1 -1 $-1 $5460 $4980 @10 Revit:Face @9 Face:2636 #
coedge $-1 -1 $-1 $6194 $5462 $6200 $6201 reversed $5463 $-1 #
face $6202 -1 $-1 $4384 $5463 $39 $-1 $6203 reversed single #
point $-1 -1 $-1 -4.363535124166765478 -7.168031184983194137 12.6659225743379622 #
DXID-attrib $-1 -1 $-1 $5472 $4992 @10 Revit:Face @8 Face:115 #
rgb_color-st-attrib $-1 -1 $6204 $-1 $5473 0 0 0 #
cone-surface $-1 -1 $-1 10.33555422583333261 5.69826944741715824 11.05803849150519014 -1 0 0 0 -0.1193752536171472783 0 1 I I 0 1 0.1193752536171472783 forward I I I I #
coedge $-1 -1 $-1 $5871 $5476 $5800 $6152 forward $4993 $-1 #
coedge $-1 -1 $-1 $5476 $6205 $6164 $6206 forward $4993 $-1 #
edge $6207 -1 $-1 $6166 0.3080527810257625565 $6155 0.6753302149965736412 $5476 $6208 forward @7 unknown #
edge $6209 -1 $-1 $5876 -1.211519916980466342e-16 $5488 0.1463174278580799403 $5477 $6210 forward @7 unknown #
coedge $-1 -1 $-1 $5478 $5882 $6211 $6212 forward $4442 $-1 #
coedge $-1 -1 $-1 $6213 $5866 $5478 $5872 reversed $4993 $-1 #
edge $6214 -1 $-1 $6215 -1.073303130377808445 $5875 -1.16558847729674215e-16 $5478 $6216 forward @7 unknown #
coedge $-1 -1 $-1 $5479 $6149 $5798 $6148 forward $4894 $-1 #
DXID-attrib $-1 -1 $-1 $-1 $5480 @10 Revit:Edge @8 Edge:468 #
vertex $-1 -1 $-1 $5480 $6217 #
vertex $-1 -1 $-1 $5480 $6218 #
ellipse-curve $-1 -1 $-1 -4.291153244791384935 3.857991462582583519 11.51894817808788218 -2.558435774180830356e-16 -0.1592324388247766953 0.9872411207126219335 0 0.7969696755795298015 0.1285434960613438538 0.1592324388247766953 F -0.6753302149947236765 F -0.3080527810211085016 #
DXID-attrib $-1 -1 $-1 $-1 $5481 @10 Revit:Edge @8 Edge:467 #
intcurve-curve $-1 -1 $-1 forward { surfintcur full nubs 3 open 10 
	6.709987306519865413 3 6.876067257756335316 2 7.208227160229274233 2 7.422590244515475888 2 7.636953328801678431 2 
	7.960780909836548958 2 8.284608490871418596 2 8.659597730724133413 2 9.034586970576846454 2 9.425224001750969194 3 
	-5.453580072114491806 5.801458594358018139 11.79834679075824511 
	-5.474526830524454546 5.807440570972695504 11.80194695663046289 
	-5.494889219211795961 5.815913040092075548 11.80726111331559203 
	-5.553512109877221548 5.844981843084692485 11.82773400920393314 
	-5.589440820623976514 5.868933740331283566 11.84768436493837918 
	-5.639227476133435779 5.903847074600274247 11.88571617609344244 
	-5.659179251260036736 5.918547529825025855 11.90412634162317396 
	-5.695063725517028885 5.945414472501073355 11.94587073480066231 
	-5.71098657582548519 5.957529771743435454 11.96924634723946745 
	-5.74253252491624 5.981084450091819882 12.02788458524092441 
	-5.757551131796406096 5.991793932244616983 12.07027794867836157 
	-5.771194465836875231 5.997928771267656778 12.15828832779663493 
	-5.769775646860916929 5.993251234588075071 12.20391923025779057 
	-5.752958198856806149 5.970307858906107157 12.29110395948948664 
	-5.734793108289840013 5.949080687252292776 12.33585487354019605 
	-5.6871804423875707 5.895319458661674616 12.41189109334665908 
	-5.657802972325487012 5.862844577767062582 12.44326208637072284 
	-5.598976842364506545 5.796972030312663726 12.49117553033865313 
	-5.564705252565060434 5.758623256396904644 12.51070681279449381 
	-5.533576966211439796 5.719629344408670768 12.52350060908848839 
	0.0001952452714835287509 
	
	cone 10.33555422583333261 5.594522086980404652 12.14218912834861541 -1 0 0 0 -0.4013106916159303039 0 1 I I 0 1 0.4013106916159303039 forward I I I I 
	cone -5.389285730226101911 6.348833320724273754 12.17242898194872858 0 1 0 0.3795671853107622229 0 0 1 I I 0 1 0.3795671853107622229 forward I I I I 
	nullbs 
	nullbs 
	I I 
	0 
	0 
	0 
	} F 7.175989214533061045 F 8.828134818408276629 #
coedge $-1 -1 $-1 $6219 $6220 $5482 $5881 reversed $6123 $-1 #
edge $6221 -1 $-1 $6222 2.336185217185642315 $5884 2.415910466239523213 $5482 $6223 forward @7 unknown #
coedge $-1 -1 $-1 $5870 $5483 $6220 $6224 forward $4442 $-1 #
DXID-attrib $-1 -1 $-1 $-1 $5484 @10 Revit:Edge @8 Edge:853 #
vertex $-1 -1 $-1 $5881 $6225 #
straight-curve $-1 -1 $-1 -5.475529325086296417 5.860850284166765789 11.84198992350501101 -12 1.919406335743259097e-14 0 F -1.284092413768883167 F 1.340426748891264245e-15 #
coedge $-1 -1 $-1 $5486 $6147 $6226 $6227 reversed $5388 $-1 #
edge $6228 -1 $-1 $6229 -1.199579584011102762 $5489 -1.165588477296752011e-16 $5486 $6230 forward @7 unknown #
point $-1 -1 $-1 -5.475529325086312404 5.860850284166759572 11.84198992350501456 #
point $-1 -1 $-1 -5.610730584166629953 5.883912436483955233 11.86415406433785158 #
coedge $-1 -1 $-1 $6231 $5493 $5904 $6232 forward $5892 $-1 #
coedge $-1 -1 $-1 $5493 $6233 $5495 $5896 reversed $5892 $-1 #
loop $-1 -1 $-1 $-1 $6233 $6122 #
DXID-attrib $-1 -1 $-1 $-1 $5494 @10 Revit:Edge @9 Edge:2998 #
vertex $-1 -1 $-1 $5508 $6234 #
ellipse-curve $-1 -1 $-1 9.847336045280009387 7.325094295691982005 12.17242898194871081 2.729945836930102108e-16 0.1699069165076496357 0.9854601157443474424 0 -2.20148967480237534 0.3795671853107622229 0.169906916507649608 F 0.7764698292188654261 F 0.8566155535989632419 #
edge $6235 -1 $-1 $5497 4.259679892158808379 $6222 5.911825496034131433 $5495 $6236 forward @7 unknown #
point $-1 -1 $-1 10.13414843058754933 5.883121631666750062 12.42104495850479218 #
coedge $-1 -1 $-1 $5500 $5499 $6237 $6238 reversed $5006 $-1 #
coedge $-1 -1 $-1 $6239 $5908 $5500 $5900 forward $6240 $-1 #
edge $6241 -1 $-1 $5902 -2.365122824370923915 $6242 -2.284977099990775251 $5899 $6243 forward @7 unknown #
DXID-attrib $-1 -1 $-1 $-1 $5501 @10 Revit:Edge @8 Edge:399 #
vertex $-1 -1 $-1 $5900 $6244 #
straight-curve $-1 -1 $-1 -5.655273279166648237 5.754569614834311508 12.44320909933797381 0 12 0 F -1.177700238784847864 F 0 #
coedge $-1 -1 $-1 $5504 $6197 $5890 $6232 reversed $5505 $-1 #
face $6245 -1 $-1 $4980 $5505 $39 $-1 $6246 reversed single #
DXID-attrib $-1 -1 $-1 $-1 $5508 @10 Revit:Edge @9 Edge:2999 #
straight-curve $-1 -1 $-1 8.950137456053166574 4.591383476666983654 12.6437584335047557 8.422916267743936203 8.422916267744115615 -1.45222694271454511 F 1.227206768364686577e-16 F 0.1380977919277044108 #
coedge $-1 -1 $-1 $5899 $6200 $5510 $5909 forward $6240 $-1 #
edge $6247 -1 $-1 $5911 -8.108896879359990151e-17 $5902 0.1369299034668189086 $5908 $6248 forward @7 unknown #
DXID-attrib $-1 -1 $-1 $-1 $5511 @10 Revit:Edge @8 Edge:489 #
vertex $-1 -1 $-1 $6201 $6249 #
ellipse-curve $-1 -1 $-1 -3.846218063499059703 -7.234702045833178552 12.75511517100481207 -0.1699069165076527999 0 0.9854601157443468873 -0.6458690775002289275 0 -0.1113567375000439341 0.1699069165076527999 F -0.6418948351087920834 F -2.386511842838021006e-13 #
DXID-attrib $-1 -1 $-1 $5512 $5021 @10 Revit:Face @8 Face:235 #
DXID-attrib $-1 -1 $-1 $-1 $5515 @10 Revit:Face @8 Face:141 #
face $6250 -1 $-1 $-1 $5927 $1194 $-1 $6251 forward single #
plane-surface $-1 -1 $-1 -28.02813315000014427 -11.01718579500004758 22.4570329218379392 1 0 0 0 0 -12 forward_v I I I I #
coedge $-1 -1 $-1 $6252 $5518 $5520 $5920 reversed $5026 $-1 #
coedge $-1 -1 $-1 $5518 $6252 $5537 $5937 forward $5026 $-1 #
coedge $-1 -1 $-1 $5520 $5519 $6253 $6254 reversed $4466 $-1 #
edge $6255 -1 $-1 $6256 -0.09419759854167344959 $5534 0 $5520 $6257 forward @7 unknown #
coedge $-1 -1 $-1 $5523 $6253 $5521 $5922 forward $5927 $-1 #
edge $6258 -1 $-1 $5924 0 $5530 0.2208935558333279536 $5921 $6259 forward @7 unknown #
DXID-attrib $-1 -1 $-1 $-1 $5522 @10 Revit:Edge @8 Edge:132 #
vertex $-1 -1 $-1 $6254 $6260 #
straight-curve $-1 -1 $-1 -40.10847580999996609 -8.0188273649999946 22.4570329218379392 0 0 12 F -0.09419759854167344959 F 0 #
coedge $-1 -1 $-1 $6261 $5523 $5525 $5930 forward $5927 $-1 #
loop $-1 -1 $-1 $-1 $5926 $5915 #
DXID-attrib $-1 -1 $-1 $-1 $5524 @10 Revit:Edge @8 Edge:124 #
straight-curve $-1 -1 $-1 -40.10847580999996609 -10.66955003499992927 21.32666173933785814 12 0 0 F 0 F 1.006695221666651818 #
edge $6262 -1 $-1 $5527 0 $5940 0.02896964666667649693 $5926 $6263 forward @7 unknown #
point $-1 -1 $-1 -28.02813315000014427 -10.66955003499992927 21.32666173933785814 #
point $-1 -1 $-1 -40.10847580999996609 -10.66955003499992927 21.32666173933785814 #
DXID-attrib $-1 -1 $-1 $-1 $5532 @10 Revit:Edge @8 Edge:134 #
straight-curve $-1 -1 $-1 -40.49956604000010429 -8.0188273649999946 22.4570329218379392 0 -12 0 F 0 F 0.249863202500004461 #
point $-1 -1 $-1 -40.49956604000009719 -8.0188273649999946 22.4570329218379392 #
coedge $-1 -1 $-1 $5538 $5537 $6261 $6264 reversed $5516 $-1 #
edge $6265 -1 $-1 $6266 -0.09419759854167344959 $5540 0 $5918 $6267 forward @7 unknown #
point $-1 -1 $-1 -40.49956604000009719 -11.01718579500004758 22.4570329218379392 #
DXID-attrib $-1 -1 $-1 $-1 $5542 @10 Revit:Edge @8 Edge:144 #
vertex $-1 -1 $-1 $5930 $6268 #
straight-curve $-1 -1 $-1 -28.02813315000014427 -11.01718579500004758 22.4570329218379392 0 0 12 F -0.09419759854167344959 F 0 #
coedge $-1 -1 $-1 $5546 $5544 $5545 $5943 forward $5050 $-1 #
edge $6269 -1 $-1 $5557 0 $5549 1.73093638833334329 $5942 $6270 forward @7 unknown #
DXID-attrib $-1 -1 $-1 $-1 $5547 @10 Revit:Edge @8 Edge:111 #
straight-curve $-1 -1 $-1 -27.50667951000003342 -10.97373132500001702 21.32666173933785814 0 12 0 F 0 F 0.02896964666666694208 #
point $-1 -1 $-1 -27.50667951000003342 -10.97373132500001702 21.32666173933785814 #
DXID-attrib $-1 -1 $-1 $-1 $5553 @10 Revit:Edge @8 Edge:119 #
straight-curve $-1 -1 $-1 -6.735442849999916604 -10.62609556500001418 21.32666173933785814 0 -12 0 F 0 F 0.02896964666666694208 #
point $-1 -1 $-1 -6.735442849999916604 -10.97373132500001702 21.32666173933785814 #
DXID-attrib $-1 -1 $-1 $-1 $5560 @10 Revit:Edge @7 Edge:99 #
straight-curve $-1 -1 $-1 16.20851730999981299 -10.97373132500001702 21.32666173933785814 -12 0 0 F 0 F 1.796118093333328503 #
lump $-1 -1 $-1 $6271 $6272 $6 #
shell $-1 -1 $-1 $-1 $-1 $6273 $-1 $5569 #
face $6274 -1 $-1 $6275 $6276 $5570 $-1 $6277 forward single #
DXID-attrib $-1 -1 $-1 $-1 $5571 @10 Revit:Face @6 Face:0 #
face $6278 -1 $-1 $6279 $6280 $5096 $-1 $6281 forward single #
loop $-1 -1 $-1 $-1 $6282 $5571 #
plane-surface $-1 -1 $-1 -35.89339222000001683 10.5826410949999854 22.10596108082838285 0 0 1 0 -12 0 forward_v I I I I #
DXID-attrib $-1 -1 $-1 $-1 $5573 @10 Revit:Face @8 Face:194 #
face $6283 -1 $-1 $6284 $6285 $4548 $-1 $6286 forward single #
loop $-1 -1 $-1 $-1 $6287 $5573 #
plane-surface $-1 -1 $-1 -24.59523002000003089 -10.62609556499989871 22.10596108082838285 1 0 0 0 0 -12 forward_v I I I I #
coedge $-1 -1 $-1 $6288 $6289 $6287 $6290 forward $5574 $-1 #
DXID-attrib $-1 -1 $-1 $-1 $5577 @10 Revit:Face @8 Face:181 #
face $6291 -1 $-1 $6292 $6293 $3928 $-1 $6294 forward single #
loop $-1 -1 $-1 $-1 $6295 $5577 #
plane-surface $-1 -1 $-1 -31.37412733999974535 -10.58264109499997119 22.10596108082838285 1 0 0 0 0 -12 forward_v I I I I #
coedge $-1 -1 $-1 $6296 $6297 $5580 $5971 reversed $5578 $-1 #
coedge $-1 -1 $-1 $6298 $5580 $6295 $6299 forward $5100 $-1 #
coedge $-1 -1 $-1 $5580 $6298 $6300 $6301 forward $5100 $-1 #
edge $6302 -1 $-1 $6303 0 $6304 0.05431808750000762659 $5580 $6305 forward @7 unknown #
DXID-attrib $-1 -1 $-1 $-1 $5582 @10 Revit:Face @8 Face:169 #
face $6306 -1 $-1 $6307 $6308 $3263 $-1 $6309 forward single #
loop $-1 -1 $-1 $-1 $6310 $5582 #
plane-surface $-1 -1 $-1 -35.24157516999992623 -9.929346395000038683 22.10596108082838285 0 1 0 0 0 -12 forward_v I I I I #
coedge $-1 -1 $-1 $6311 $6312 $5586 $5980 reversed $5583 $-1 #
coedge $-1 -1 $-1 $6313 $5585 $6314 $6315 forward $5104 $-1 #
coedge $-1 -1 $-1 $5585 $6313 $6311 $6316 forward $5104 $-1 #
coedge $-1 -1 $-1 $5587 $5586 $6310 $6317 forward $4552 $-1 #
edge $6318 -1 $-1 $5985 -1.165588477296752257e-16 $6319 0.05444122499999553416 $5586 $6320 forward @7 unknown #
coedge $-1 -1 $-1 $6321 $6314 $5587 $5982 reversed $6308 $-1 #
edge $6322 -1 $-1 $6323 0 $5984 0.05444122499999565212 $5587 $6324 forward @7 unknown #
DXID-attrib $-1 -1 $-1 $-1 $5588 @10 Revit:Edge @8 Edge:163 #
vertex $-1 -1 $-1 $5588 $6325 #
vertex $-1 -1 $-1 $5588 $6326 #
straight-curve $-1 -1 $-1 -35.89339222000001683 -10.58264109499998362 22.10596108082838285 12 0 0 F 0 F 0.05431808750000762659 #
DXID-attrib $-1 -1 $-1 $-1 $5590 @10 Revit:Face @8 Face:157 #
face $6327 -1 $-1 $-1 $6328 $2568 $-1 $6329 forward single #
loop $-1 -1 $-1 $-1 $5598 $5590 #
plane-surface $-1 -1 $-1 38.8917506500000556 9.972800864999953774 22.10596108082838285 1 0 0 0 0 -12 forward_v I I I I #
coedge $-1 -1 $-1 $6330 $6331 $5596 $5998 reversed $5591 $-1 #
coedge $-1 -1 $-1 $6332 $5593 $5595 $5997 reversed $5109 $-1 #
coedge $-1 -1 $-1 $5593 $6332 $6330 $6333 forward $5109 $-1 #
coedge $-1 -1 $-1 $5595 $5594 $6334 $6335 reversed $4556 $-1 #
coedge $-1 -1 $-1 $5598 $6336 $5594 $5996 reversed $5989 $-1 #
edge $6337 -1 $-1 $5601 -2.331176954593504514e-16 $6338 0.04361902086167396969 $5594 $6339 forward @7 unknown #
edge $6340 -1 $-1 $6341 -0.04361902086167396969 $5602 2.331176954593504514e-16 $5595 $6342 forward @7 unknown #
edge $6343 -1 $-1 $6000 0 $6004 0.05431808750000762659 $5596 $6344 forward @7 unknown #
DXID-attrib $-1 -1 $-1 $-1 $5597 @10 Revit:Edge @8 Edge:150 #
vertex $-1 -1 $-1 $5597 $6345 #
straight-curve $-1 -1 $-1 38.239933599999965 10.62609556499990049 22.10596108082838285 0 -12 0 F 0 F 0.05444122499999553416 #
coedge $-1 -1 $-1 $6336 $5598 $6331 $6346 reversed $5989 $-1 #
DXID-attrib $-1 -1 $-1 $-1 $5599 @10 Revit:Edge @8 Edge:158 #
vertex $-1 -1 $-1 $5998 $6347 #
straight-curve $-1 -1 $-1 38.8917506500000556 9.972800864999953774 22.10596108082838285 0 12 0 F 0 F 0.05444122499999553416 #
point $-1 -1 $-1 38.8917506500000556 10.62609556499990049 22.1059610808283864 #
point $-1 -1 $-1 38.239933599999965 10.62609556499990049 22.1059610808283864 #
DXID-attrib $-1 -1 $-1 $-1 $5605 @10 Revit:Face @6 Face:1 #
loop $-1 -1 $-1 $-1 $6348 $5605 #
plane-surface $-1 -1 $-1 -35.89339222000001683 10.5826410949999854 21.58253283048829729 0 0 -1 0 12 0 forward_v I I I I #
coedge $-1 -1 $-1 $6349 $5608 $5610 $6014 reversed $5117 $-1 #
coedge $-1 -1 $-1 $5608 $6349 $5619 $6027 forward $5117 $-1 #
coedge $-1 -1 $-1 $5610 $5609 $6350 $6351 reversed $4561 $-1 #
edge $6352 -1 $-1 $6353 -0.04361902086167396969 $5617 2.331176954593504514e-16 $5610 $6354 forward @7 unknown #
coedge $-1 -1 $-1 $6348 $6350 $5611 $6016 forward $6009 $-1 #
edge $6355 -1 $-1 $6022 0 $6019 0.05069688166666178747 $6015 $6356 forward @7 unknown #
coedge $-1 -1 $-1 $5612 $5619 $6348 $6357 reversed $5606 $-1 #
DXID-attrib $-1 -1 $-1 $-1 $5613 @10 Revit:Edge @8 Edge:145 #
vertex $-1 -1 $-1 $6357 $6358 #
straight-curve $-1 -1 $-1 30.93958263999990876 10.62609556499990049 22.10596108082838285 0 0 -12 F -2.331176954593504514e-16 F 0.04361902086167396969 #
DXID-attrib $-1 -1 $-1 $-1 $5614 @10 Revit:Edge @8 Edge:136 #
vertex $-1 -1 $-1 $6351 $6359 #
straight-curve $-1 -1 $-1 30.33122005999996773 10.62609556499990049 22.10596108082838285 0 0 12 F -0.04361902086167396969 F 2.331176954593504514e-16 #
DXID-attrib $-1 -1 $-1 $-1 $5615 @10 Revit:Edge @8 Edge:138 #
straight-curve $-1 -1 $-1 30.33122005999996773 9.972800864999953774 22.10596108082838285 12 0 0 F 0 F 0.05069688166666178747 #
point $-1 -1 $-1 30.33122005999996773 9.972800864999953774 22.1059610808283864 #
edge $6360 -1 $-1 $6361 -0.04361902086167396969 $5621 2.331176954593504514e-16 $6012 $6362 forward @7 unknown #
point $-1 -1 $-1 30.93958263999990876 9.972800864999953774 22.1059610808283864 #
coedge $-1 -1 $-1 $6363 $5632 $5634 $6038 forward $5626 $-1 #
coedge $-1 -1 $-1 $5629 $5628 $6363 $6364 reversed $4569 $-1 #
coedge $-1 -1 $-1 $5632 $6363 $5630 $6032 forward $5626 $-1 #
edge $6365 -1 $-1 $6034 0 $5639 0.05444122499999553416 $6031 $6366 forward @7 unknown #
DXID-attrib $-1 -1 $-1 $-1 $5631 @10 Revit:Edge @8 Edge:124 #
vertex $-1 -1 $-1 $6364 $6367 #
straight-curve $-1 -1 $-1 19.6848749099996283 9.972800864999953774 22.10596108082838285 0 0 12 F -0.04361902086167396969 F 2.331176954593504514e-16 #
DXID-attrib $-1 -1 $-1 $-1 $5633 @10 Revit:Edge @8 Edge:116 #
straight-curve $-1 -1 $-1 19.6848749099996283 10.62609556499990049 21.58253283048829729 12 0 0 F 0 F 0.05431808750002720815 #
edge $6368 -1 $-1 $5636 0 $6042 0.05444122499999553416 $6029 $6369 forward @7 unknown #
point $-1 -1 $-1 20.33669195999995338 10.62609556499990049 21.58253283048829729 #
point $-1 -1 $-1 19.6848749099996283 10.62609556499990049 21.58253283048829729 #
DXID-attrib $-1 -1 $-1 $-1 $5644 @10 Revit:Edge @8 Edge:128 #
vertex $-1 -1 $-1 $6038 $6370 #
straight-curve $-1 -1 $-1 20.33669195999995338 9.972800864999953774 22.10596108082838285 0 0 12 F -0.04361902086167396969 F 2.331176954593504514e-16 #
coedge $-1 -1 $-1 $5648 $5646 $5647 $6045 forward $5152 $-1 #
edge $6371 -1 $-1 $5659 0 $5651 0.05069688166666178747 $6044 $6372 forward @7 unknown #
DXID-attrib $-1 -1 $-1 $-1 $5649 @10 Revit:Edge @8 Edge:103 #
straight-curve $-1 -1 $-1 13.2101588800000016 9.929346395000038683 21.58253283048829729 0 12 0 F 0 F 0.05444122499999553416 #
point $-1 -1 $-1 13.2101588800000016 9.929346395000038683 21.58253283048829729 #
DXID-attrib $-1 -1 $-1 $-1 $5655 @10 Revit:Edge @8 Edge:111 #
straight-curve $-1 -1 $-1 13.81852145999994264 10.5826410949999854 21.58253283048829729 0 -12 0 F 0 F 0.05444122499999553416 #
point $-1 -1 $-1 13.81852145999994264 9.929346395000038683 21.58253283048829729 #
DXID-attrib $-1 -1 $-1 $-1 $5662 @10 Revit:Edge @7 Edge:91 #
straight-curve $-1 -1 $-1 8.299803770000046654 10.5826410949999854 21.58253283048829729 0 -12 0 F 0 F 0.05444122499999553416 #
DXID-attrib $-1 -1 $-1 $-1 $5672 @10 Revit:Face @8 Face:145 #
face $6373 -1 $-1 $6374 $6375 $107 $-1 $6376 forward single #
loop $-1 -1 $-1 $-1 $6377 $5672 #
plane-surface $-1 -1 $-1 37.41308632333351625 9.885206811666650495 21.32666173933809972 3.219106446901493805e-15 -1.61006647384086336e-15 -1 0 -12 1.932079768609035795e-14 forward_v I I I I #
coedge $-1 -1 $-1 $6378 $6379 $5689 $6073 reversed $5673 $-1 #
coedge $-1 -1 $-1 $6380 $5675 $5677 $6062 reversed $5199 $-1 #
coedge $-1 -1 $-1 $5675 $6380 $6378 $6381 forward $5199 $-1 #
coedge $-1 -1 $-1 $5677 $5676 $6382 $6383 reversed $4651 $-1 #
edge $6384 -1 $-1 $6385 -1.654922515555550033 $5692 0 $5677 $6386 forward @7 unknown #
coedge $-1 -1 $-1 $5680 $6382 $5678 $6064 forward $3379 $-1 #
edge $6387 -1 $-1 $6066 1.648391032738871629e-16 $5683 0.007836207141184730121 $6063 $6388 forward @7 unknown #
DXID-attrib $-1 -1 $-1 $-1 $5679 @10 Revit:Edge @8 Edge:136 #
vertex $-1 -1 $-1 $6383 $6389 #
straight-curve $-1 -1 $-1 40.29442463166692079 9.885206811666648719 20.972035486004728 0 12 -1.932079768609035795e-14 F -1.654922515555550033 F 3.753349859181446362e-31 #
DXID-attrib $-1 -1 $-1 $-1 $5681 @10 Revit:Edge @8 Edge:127 #
straight-curve $-1 -1 $-1 40.36091705416669129 -9.973863374999949016 21.03852790850453403 0 2.671517704742977216e-14 12 F -2.331176954593504514e-16 F 0.09973863375001383591 #
point $-1 -1 $-1 40.36091705416669129 -9.973863374999949016 21.03852790850453403 #
coedge $-1 -1 $-1 $6390 $5688 $5704 $6091 forward $3379 $-1 #
coedge $-1 -1 $-1 $6078 $5689 $6377 $6391 forward $314 $-1 #
edge $6392 -1 $-1 $6075 0 $6393 0.02360982221381572113 $5689 $6394 forward @7 unknown #
DXID-attrib $-1 -1 $-1 $-1 $5690 @10 Revit:Edge @8 Edge:138 #
vertex $-1 -1 $-1 $5690 $6395 #
straight-curve $-1 -1 $-1 37.4843947101011068 9.885206811666648719 20.97203548600472089 -8.485281374238571317 0 8.485281374238571317 F 0 F 0.008403773973139344947 #
point $-1 -1 $-1 37.4843947101011068 9.885206811666648719 20.97203548600472089 #
coedge $-1 -1 $-1 $5695 $6072 $6396 $6397 forward $314 $-1 #
coedge $-1 -1 $-1 $6398 $6399 $5695 $6080 reversed $6400 $-1 #
edge $6401 -1 $-1 $6402 -8.932274830880257134e-31 $6085 0.9271998915278187869 $5695 $6403 forward @7 unknown #
coedge $-1 -1 $-1 $6404 $5696 $6399 $6405 reversed $6083 $-1 #
coedge $-1 -1 $-1 $5696 $6404 $5698 $6088 forward $6083 $-1 #
loop $-1 -1 $-1 $-1 $5696 $6406 #
DXID-attrib $-1 -1 $-1 $-1 $5697 @10 Revit:Edge @8 Edge:158 #
vertex $-1 -1 $-1 $6080 $6407 #
straight-curve $-1 -1 $-1 19.70393779749990415 9.885206811666648719 20.72822993683811532 -8.485281374238315522 0 8.485281374238827112 F 1.648391032738920933e-16 F 0.01044827618826531419 #
coedge $-1 -1 $-1 $5699 $5698 $6390 $6408 reversed $5700 $-1 #
edge $6409 -1 $-1 $6410 -1.654922515555550033 $5702 0 $6082 $6411 forward @7 unknown #
face $6412 -1 $-1 $5706 $5700 $107 $-1 $6413 forward single #
point $-1 -1 $-1 19.61528123416671576 9.885206811666648719 20.81688650017130726 #
edge $6414 -1 $-1 $5710 0 $6093 0.01108207041666680638 $6071 $6415 forward @7 unknown #
DXID-attrib $-1 -1 $-1 $-1 $5705 @10 Revit:Edge @8 Edge:168 #
vertex $-1 -1 $-1 $6091 $6416 #
straight-curve $-1 -1 $-1 19.61528123416671221 9.885206811666650495 21.32666173933811393 0 12 -1.932079768609035795e-14 F -1.654922515555550033 F 0 #
DXID-attrib $-1 -1 $-1 $-1 $5706 @10 Revit:Face @8 Face:165 #
plane-surface $-1 -1 $-1 19.61528123416671221 9.885206811666650495 21.32666173933811393 0 -1.61006647384086336e-15 -1 0 -12 1.932079768609035795e-14 forward_v I I I I #
DXID-attrib $-1 -1 $-1 $-1 $5708 @10 Revit:Edge @8 Edge:171 #
straight-curve $-1 -1 $-1 19.48229638916671647 -9.973863374999949016 21.23800517600454896 -7.213097802785522608e-13 0 12 F -2.33117695459364503e-16 F 0.007388046944466606161 #
point $-1 -1 $-1 19.48229638916671291 -9.973863374999949016 21.32666173933814946 #
coedge $-1 -1 $-1 $5720 $5719 $6417 $6418 reversed $4697 $-1 #
coedge $-1 -1 $-1 $5723 $6417 $5721 $6102 forward $2718 $-1 #
edge $6419 -1 $-1 $6104 2.405336731721325005 $5726 3.013033024317092856 $6101 $6420 forward @7 unknown #
DXID-attrib $-1 -1 $-1 $-1 $5722 @10 Revit:Edge @7 Edge:76 #
vertex $-1 -1 $-1 $6418 $6421 #
straight-curve $-1 -1 $-1 -5.474526189166635248 9.885206811666650495 21.41531830267145509 0 12 -1.932079768609035795e-14 F -1.654922515555550033 F 3.753349859181446362e-31 #
DXID-attrib $-1 -1 $-1 $-1 $5724 @10 Revit:Edge @7 Edge:67 #
straight-curve $-1 -1 $-1 -5.607511034166532404 -9.973863374999949016 21.70345213350456248 -8.01455311423110701e-14 4.007276557115553505e-14 12 F 4.662353909187012973e-16 F 0.03324621124999598692 #
point $-1 -1 $-1 -5.607511034166532404 -9.973863374999949016 21.70345213350456959 #
coedge $-1 -1 $-1 $6417 $5731 $5735 $6110 forward $2718 $-1 #
edge $6422 -1 $-1 $5740 -0.7343476676354701027 $6112 0.7343476676364432132 $6109 $6423 forward @7 unknown #
DXID-attrib $-1 -1 $-1 $-1 $5736 @10 Revit:Edge @7 Edge:80 #
vertex $-1 -1 $-1 $6110 $6424 #
straight-curve $-1 -1 $-1 -4.056021175833405046 9.885206811666646942 20.08546985267167884 9.660398843045178974e-15 12 -9.660398843045178974e-15 F -1.654922515555550033 F 1.165588477296753736e-16 #
DXID-attrib $-1 -1 $-1 $-1 $5738 @10 Revit:Edge @7 Edge:83 #
straight-curve $-1 -1 $-1 -4.876094386666744107 -9.973863374999952569 18.77778554350478757 8.95554521362372391 1.454892421245650792e-14 7.987378163499033512 F 0 F 0.09157155608863004614 #
point $-1 -1 $-1 -4.056021175833137704 -9.973863374999950793 19.50920219100473574 #
DXID-attrib $-1 -1 $-1 $5754 $5313 @10 Revit:Face @7 Face:81 #
DXID-attrib $-1 -1 $-1 $-1 $5764 @10 Revit:Edge @8 Edge:115 #
straight-curve $-1 -1 $-1 20.68432771999995268 -3.42057145608107982 22.74516675267124199 -0 -0 -12 F -0.1608921274476879937 F 0 #
DXID-attrib $-1 -1 $-1 $5778 $5377 @10 Revit:Face @9 Face:2628 #
rgb_color-st-attrib $-1 -1 $6425 $-1 $5779 0 0 0 #
face $6426 -1 $-1 $5905 $5892 $39 $-1 $6427 forward single #
loop $-1 -1 $-1 $-1 $6428 $5779 #
plane-surface $-1 -1 $-1 10.06878089922054365 -9.198118445833415535 11.86415406433784092 -0.1617750270664803647 1.691287879329149041e-16 0.9868276651055337689 0 12 -2.056636155389840987e-15 forward_v I I I I #
coedge $-1 -1 $-1 $6429 $6430 $6431 $6432 reversed $5780 $-1 #
coedge $-1 -1 $-1 $6433 $5782 $6434 $6435 reversed $5378 $-1 #
coedge $-1 -1 $-1 $5782 $6436 $6437 $6438 reversed $5378 $-1 #
coedge $-1 -1 $-1 $6133 $6130 $5782 $6129 forward $4887 $-1 #
edge $6439 -1 $-1 $6440 5.827942386483761286e-17 $6441 1.150177823588207859 $6128 $6442 forward @14 tangent_not_g2 #
coedge $-1 -1 $-1 $6128 $5783 $6443 $6444 reversed $4887 $-1 #
coedge $-1 -1 $-1 $5824 $5823 $5783 $6132 forward $5825 $-1 #
edge $6445 -1 $-1 $6446 0.9558555871820852978 $5792 1.406411787744746844 $6131 $6447 forward @7 unknown #
coedge $-1 -1 $-1 $5784 $6128 $6448 $6449 reversed $4887 $-1 #
coedge $-1 -1 $-1 $5816 $5815 $5784 $6135 forward $5817 $-1 #
edge $6450 -1 $-1 $5793 0.3578152651360315128 $6451 0.808371465700332803 $6134 $6452 forward @7 unknown #
coedge $-1 -1 $-1 $5830 $5829 $5786 $6137 forward $5831 $-1 #
edge $6453 -1 $-1 $6142 -5.827942386483761286e-17 $6139 1.122488938179816875 $6136 $6454 forward @7 unknown #
DXID-attrib $-1 -1 $-1 $-1 $5788 @10 Revit:Edge @9 Edge:3019 #
vertex $-1 -1 $-1 $6137 $6455 #
straight-curve $-1 -1 $-1 9.654643954717816001 -8.045457239912032321 9.726211911005052002 3.297622489633281084 -3.297622489635254173 11.05673422994857624 F -1.714578630645633639e-16 F 0.1188423243521163492 #
DXID-attrib $-1 -1 $-1 $-1 $5790 @10 Revit:Edge @9 Edge:3015 #
vertex $-1 -1 $-1 $5790 $6456 #
straight-curve $-1 -1 $-1 10.04654152563876046 5.816307589166720859 11.04022141350489505 -3.297622489633424081 -3.297622489633452059 -11.05673422994907185 F 1.362851935073625622e-07 F 0.1188424606373031378 #
point $-1 -1 $-1 10.04654156336885329 5.816307026046231066 11.04022139254222878 #
point $-1 -1 $-1 10.04654156336886217 -8.437354247712727684 11.04022139254224655 #
DXID-attrib $-1 -1 $-1 $5796 $5387 @10 Revit:Face @8 Face:233 #
coedge $-1 -1 $-1 $5886 $5798 $6457 $6458 reversed $5388 $-1 #
edge $6459 -1 $-1 $6460 -0.9896659149788720189 $5876 0 $5873 $6461 forward @7 unknown #
coedge $-1 -1 $-1 $5873 $5799 $6462 $6463 reversed $4894 $-1 #
coedge $-1 -1 $-1 $6157 $6464 $5799 $6151 forward $6465 $-1 #
edge $6466 -1 $-1 $6467 2.90426493950481035 $6154 3.732851040062529435 $6150 $6468 forward @7 unknown #
edge $6469 -1 $-1 $6155 2.062609578916739128 $5875 2.841888738215546883 $5866 $6470 forward @7 unknown #
DXID-attrib $-1 -1 $-1 $-1 $5802 @10 Revit:Edge @8 Edge:387 #
vertex $-1 -1 $-1 $6158 $6471 #
vertex $-1 -1 $-1 $5868 $6472 #
straight-curve $-1 -1 $-1 -4.252178386666751742 4.438641977240306957 11.39645576683788875 0 12 0 F -0.9584975652480861585 F -5.827942386483761286e-17 #
coedge $-1 -1 $-1 $6473 $6150 $5803 $6158 forward $6465 $-1 #
edge $6474 -1 $-1 $6154 -0.6168696132131521459 $6162 -0.09065988720253782829 $6157 $6475 forward @7 unknown #
coedge $-1 -1 $-1 $5804 $6437 $6473 $6476 forward $6160 $-1 #
loop $-1 -1 $-1 $-1 $5813 $6477 #
DXID-attrib $-1 -1 $-1 $-1 $5805 @10 Revit:Edge @8 Edge:480 #
vertex $-1 -1 $-1 $6476 $6478 #
straight-curve $-1 -1 $-1 -4.390088596294768664 -7.123345308333091097 11.3742916260048208 -8.505647708138242891 -8.353761141921463462 -1.366979095950504819 F -4.8685238645566436e-17 F 0.1304174929923821724 #
coedge $-1 -1 $-1 $6434 $5807 $5867 $6206 reversed $5474 $-1 #
DXID-attrib $-1 -1 $-1 $-1 $5808 @10 Revit:Edge @8 Edge:473 #
vertex $-1 -1 $-1 $5868 $6479 #
straight-curve $-1 -1 $-1 -5.49937384666656115 5.589311989538647829 11.19601363933796101 8.43101467795674786 -8.431014677956692793 1.354984501814202158 F 2.778493715035751678e-17 F 0.1315719747555501862 #
point $-1 -1 $-1 -5.499373846666557597 -8.212821893519670624 11.19601363933795923 #
point $-1 -1 $-1 -5.499373846666557597 5.589311989538650494 11.19601363933795923 #
coedge $-1 -1 $-1 $6448 $5813 $5816 $6173 reversed $6160 $-1 #
DXID-attrib $-1 -1 $-1 $-1 $5814 @10 Revit:Edge @8 Edge:479 #
ellipse-curve $-1 -1 $-1 -5.480177362373793493 -8.911762531625964101 11.08164153492059079 -2.52815528385388786e-16 -0.1614885681105088233 0.9868745828977548706 0 -0.708717211153039317 -0.1159719072795646205 0.1614885681105088233 F -2.975300273746265489 F -2.489950293444980201 #
edge $6480 -1 $-1 $6451 -1.296589779185072011 $5819 -5.827942386483798264e-17 $5816 $6481 forward @7 unknown #
face $6482 -1 $-1 $6477 $5817 $39 $-1 $6483 forward single #
point $-1 -1 $-1 -5.550513517583493872 -8.348269420832462373 11.17384949850496589 #
coedge $-1 -1 $-1 $5821 $6443 $5823 $6179 forward $5474 $-1 #
DXID-attrib $-1 -1 $-1 $-1 $5822 @10 Revit:Edge @8 Edge:472 #
ellipse-curve $-1 -1 $-1 -5.480177362373793493 6.300960639246870443 11.08164153492059079 2.549528970383583046e-16 0.1586780953837248764 0.9873303712767037554 0 0.72160297862854339 -0.1159719072795646205 0.1586780953837248764 F 2.489950293443326412 F 2.975300273746265489 #
edge $6484 -1 $-1 $6446 -1.296589779185097768 $5827 -5.827942386483647887e-17 $6176 $6485 forward @7 unknown #
point $-1 -1 $-1 -5.550513517583651968 5.727222199166941863 11.17384949850484333 #
face $6486 -1 $-1 $5840 $5831 $39 $-1 $6487 forward single #
DXID-attrib $-1 -1 $-1 $-1 $5834 @10 Revit:Edge @8 Edge:861 #
straight-curve $-1 -1 $-1 -5.588491210584861868 5.816307589166745728 11.04022141350489328 -12 1.89167121521216762e-14 0 F -1.302919691988412065 F 2.95435583725223755e-07 #
DXID-attrib $-1 -1 $-1 $-1 $5835 @10 Revit:Edge @8 Edge:865 #
straight-curve $-1 -1 $-1 -5.196593639663915631 5.424410018245795051 9.726211911005050226 -12 1.883857829541287998e-14 0 F -1.237603132865144451 F -5.827942386483761286e-17 #
rgb_color-st-attrib $-1 -1 $6488 $-1 $5836 0 0 0 #
plane-surface $-1 -1 $-1 -5.833444059166946083 5.816307589166746617 11.04022141350489328 1.539709940522704499e-15 0.9582877607732096514 -0.2858051216340740663 12 -1.928076308870352365e-14 0 forward_v I I I I #
DXID-attrib $-1 -1 $-1 $-1 $5838 @10 Revit:Edge @8 Edge:626 #
straight-curve $-1 -1 $-1 -5.196593639663915631 -8.045457239912011005 9.726211911005050226 -12 1.614735282463960284e-14 -1.07649018830930683e-15 F -1.237603132865144451 F -5.827942386483761286e-17 #
DXID-attrib $-1 -1 $-1 $-1 $5839 @10 Revit:Edge @8 Edge:628 #
straight-curve $-1 -1 $-1 -5.588491210584864533 -8.43735481083321659 11.04022141350491104 -12 -0 -2.045049962391531603e-15 F -1.302919691988412731 F 2.954355843662975177e-07 #
rgb_color-st-attrib $-1 -1 $6489 $-1 $5840 0 0 0 #
plane-surface $-1 -1 $-1 -5.833444059166967399 -8.045457239912009229 9.726211911005050226 -1.318761910371149399e-15 -0.9582877607731635772 -0.2858051216342284429 12 -1.680887038502358424e-14 9.887570814719754505e-16 forward_v I I I I #
coedge $-1 -1 $-1 $5846 $5860 $5854 $6198 forward $5463 $-1 #
DXID-attrib $-1 -1 $-1 $-1 $5849 @10 Revit:Edge @9 Edge:3039 #
intcurve-curve $-1 -1 $-1 forward { surfintcur full nubs 3 periodic 37 
	0 3 0.09746662906794997805 2 0.1949332581358999561 2 0.3116249950511716937 2 0.3984887005952510441 2 
	0.4853524061393303946 2 0.576867780667996044 2 0.6683831551966616935 2 0.7577980326506612574 2 0.8472129101046607103 2 
	0.9366277875586601631 2 1.026042665012659727 2 1.117558039541325376 2 1.209073414069991026 2 1.295937119614070543 2 
	1.382800825158149838 2 1.499492562073421631 2 1.596959191141371637 2 1.694425820209321643 2 1.791892449277271648 2 
	1.889359078345221654 2 2.006050815260493447 2 2.092914520804572742 2 2.179778226348652037 2 2.271293600877317687 2 
	2.362808975405983336 2 2.452223852859982678 2 2.541638730313982464 2 2.63105360776798225 2 2.720468485221981592 2 
	2.811983859750647241 2 2.903499234279312891 2 2.990362939823392185 2 3.07722664536747148 2 3.193918382282743273 2 
	3.291385011350693279 2 3.388851640418643285 3 
	8.846640705158201001 -7.17192749959103093 12.66313865590043442 
	8.83384980895505656 -7.17192749959103093 12.66313865590043442 
	8.820977559033625681 -7.168481876173251166 12.66535514571429566 
	8.797270260196102143 -7.158556072908922374 12.67360589550755279 
	8.786349878009406922 -7.152309755525818602 12.67967439056839929 
	8.766196290377500588 -7.140276563000808707 12.69513121485583795 
	8.754945726538648998 -7.133037169135287847 12.70772952067388673 
	8.742163913111273388 -7.125747891611090346 12.73002509763176704 
	8.737626007198684874 -7.12357048015638572 12.74137725999871407 
	8.732533479184008129 -7.123154832356910049 12.76492201834873974 
	8.731981242204609472 -7.124951396527825942 12.77711573163182734 
	8.734075911462225505 -7.131829195077851402 12.79939363300510102 
	8.736986658894739577 -7.137449347814951217 12.81070794392858936 
	8.745062577440286589 -7.151764559180159964 12.8304146793460454 
	8.750182747802334404 -7.160451390237310143 12.83883148788795481 
	8.759659988102526995 -7.17808139252597055 12.85160444874387764 
	8.764866670980650198 -7.188448092452937921 12.85709671623780714 
	8.772846558089479885 -7.210856502412407387 12.86452745845127055 
	8.775417323901239186 -7.22296780994682841 12.866471908504856 
	8.775417323901239186 -7.246436281719529582 12.866471908504856 
	8.772846558089479885 -7.258547589253950605 12.86452745845127055 
	8.764866670980650198 -7.280955999213420071 12.85709671623780714 
	8.759659988102526995 -7.291322699140387442 12.85160444874387764 
	8.750182747802334404 -7.308952701429047849 12.83883148788795481 
	8.745062577440286589 -7.317639532486198028 12.8304146793460454 
	8.736986658894739577 -7.331954743851406775 12.81070794392858936 
	8.734075911462225505 -7.33757489658850659 12.79939363300510102 
	8.731981242204609472 -7.34445269513853205 12.77711573163182734 
	8.732533479184008129 -7.346249259309447055 12.76492201834873974 
	8.737626007198684874 -7.345833611509972272 12.74137725999871407 
	8.742163913111273388 -7.343656200055267647 12.73002509763176704 
	8.754945726538648998 -7.336366922531070145 12.70772952067388673 
	8.766196290377500588 -7.329127528665549285 12.69513121485583795 
	8.786349878009406922 -7.31709433614053939 12.67967439056839929 
	8.797270260196102143 -7.310848018757435618 12.67360589550755279 
	8.820977559033625681 -7.300922215493106826 12.66535514571429566 
	8.83384980895505656 -7.297476592075327062 12.66313865590043442 
	8.859431601361343667 -7.297476592075327062 12.66313865590043442 
	8.872303851282776321 -7.300922215493106826 12.66535514571429566 
	8.89601115012029986 -7.310848018757435618 12.67360589550755279 
	8.906931532306993304 -7.31709433614053939 12.67967439056839929 
	8.927085119938899638 -7.329127528665549285 12.69513121485583795 
	8.938335683777753005 -7.336366922531070145 12.70772952067388673 
	8.951117497205128615 -7.343656200055267647 12.73002509763176704 
	8.955655403117717128 -7.345833611509972272 12.74137725999871407 
	8.960747931132392097 -7.346249259309447055 12.76492201834873974 
	8.961300168111790754 -7.34445269513853205 12.77711573163182734 
	8.959205498854176497 -7.33757489658850659 12.79939363300510102 
	8.956294751421660649 -7.331954743851406775 12.81070794392858936 
	8.948218832876113638 -7.317639532486198028 12.8304146793460454 
	8.943098662514065822 -7.308952701429047849 12.83883148788795481 
	8.933621422213873231 -7.291322699140387442 12.85160444874387764 
	8.928414739335751804 -7.280955999213420071 12.85709671623780714 
	8.920434852226920341 -7.258547589253950605 12.86452745845127055 
	8.917864086415162816 -7.246436281719529582 12.866471908504856 
	8.917864086415162816 -7.22296780994682841 12.866471908504856 
	8.920434852226920341 -7.210856502412407387 12.86452745845127055 
	8.928414739335751804 -7.188448092452937921 12.85709671623780714 
	8.933621422213873231 -7.17808139252597055 12.85160444874387764 
	8.943098662514065822 -7.160451390237310143 12.83883148788795481 
	8.948218832876113638 -7.151764559180159964 12.8304146793460454 
	8.956294751421660649 -7.137449347814951217 12.81070794392858936 
	8.959205498854176497 -7.131829195077851402 12.79939363300510102 
	8.961300168111790754 -7.124951396527825942 12.77711573163182734 
	8.960747931132392097 -7.123154832356910049 12.76492201834873974 
	8.955655403117717128 -7.12357048015638572 12.74137725999871407 
	8.951117497205128615 -7.125747891611090346 12.73002509763176704 
	8.938335683777753005 -7.133037169135287847 12.70772952067388673 
	8.927085119938899638 -7.140276563000808707 12.69513121485583795 
	8.906931532306993304 -7.152309755525818602 12.67967439056839929 
	8.89601115012029986 -7.158556072908922374 12.67360589550755279 
	8.872303851282776321 -7.168481876173251166 12.66535514571429566 
	8.859431601361343667 -7.17192749959103093 12.66313865590043442 
	8.846640705158201001 -7.17192749959103093 12.66313865590043442 
	0.0001833147197223820748 
	
	cone 10.33555422583333261 -7.234702045833178552 12.75511517100481207 1 0 0 0 -0.1113567375000439341 0 1 I I 0 1 0.1113567375000439341 forward I I I I 
	cone 8.846640705158201001 6.348833320724273754 12.77727931183798304 0 -1 0 -0.1141406559375486157 0 0 1 I I 0 1 0.1141406559375486157 forward I I I I 
	nullbs 
	nullbs 
	I I 
	0 
	0 
	0 
	} F 0.06414036514039618553 F 0.8472129101045292598 #
coedge $-1 -1 $-1 $5904 $5854 $6490 $6491 reversed $5505 $-1 #
edge $6492 -1 $-1 $6493 5.024235458606358052e-14 $5856 0.6418948351087425674 $6194 $6494 forward @7 unknown #
point $-1 -1 $-1 8.821585439220598346 -7.16803118498319769 12.66592257433796043 #
coedge $-1 -1 $-1 $5908 $6490 $5860 $6201 forward $6240 $-1 #
edge $6495 -1 $-1 $6493 -1.120185383087698439 $5911 -5.827942386483761286e-17 $6200 $6496 forward @7 unknown #
rgb_color-st-attrib $-1 -1 $6497 $-1 $5861 0 0 0 #
cone-surface $-1 -1 $-1 10.33555422583333261 -7.234702045833178552 12.75511517100481207 1 0 0 0 -0.1113567375000439341 0 1 I I 0 1 0.1113567375000439341 forward I I I I #
DXID-attrib $-1 -1 $-1 $5864 $5473 @10 Revit:Face @8 Face:117 #
coedge $-1 -1 $-1 $5867 $6213 $6433 $6498 forward $4993 $-1 #
edge $6499 -1 $-1 $6500 -1.103185625636941891 $6166 9.907502057022389872e-16 $5867 $6501 forward @7 unknown #
DXID-attrib $-1 -1 $-1 $-1 $5868 @10 Revit:Edge @8 Edge:470 #
ellipse-curve $-1 -1 $-1 -3.627913592961322209 4.519001597292112926 11.49678403725481068 -0.1586780953837234609 8.46074724534227134e-17 0.9873303712767039775 -0.7998261977163818592 0 -0.1285434960615350342 0.1586780953837234609 F 0.3080527810257625565 F 0.6753302149965736412 #
DXID-attrib $-1 -1 $-1 $-1 $5869 @10 Revit:Edge @8 Edge:469 #
straight-curve $-1 -1 $-1 -4.25217838666675263 4.617444412331767722 11.64144058933787385 -8.36093797114952153 8.498002528044967363 1.370645569040889855 F -1.211519916980466342e-16 F 0.1463174278580799403 #
coedge $-1 -1 $-1 $6502 $6429 $5870 $6212 reversed $5780 $-1 #
edge $6503 -1 $-1 $6504 -2.833539872568753726 $6215 -2.466262438595264062 $5870 $6505 forward @7 unknown #
coedge $-1 -1 $-1 $6205 $5871 $6429 $6506 forward $4993 $-1 #
DXID-attrib $-1 -1 $-1 $-1 $5872 @10 Revit:Edge @8 Edge:855 #
vertex $-1 -1 $-1 $6212 $6507 #
straight-curve $-1 -1 $-1 -4.210793624739891605 4.480026739166872218 11.61927644850480945 -12 1.737789286716895169e-14 4.965112247762557288e-15 F -1.073303130377808445 F -1.16558847729674215e-16 #
point $-1 -1 $-1 -4.210793624739890717 4.480026739166880212 11.61927644850480945 #
point $-1 -1 $-1 -4.252178386666749965 4.617444412331768611 11.64144058933787385 #
coedge $-1 -1 $-1 $6508 $5880 $6233 $6509 forward $6123 $-1 #
coedge $-1 -1 $-1 $5880 $6428 $5882 $6224 reversed $6123 $-1 #
DXID-attrib $-1 -1 $-1 $-1 $5881 @10 Revit:Edge @9 Edge:3001 #
vertex $-1 -1 $-1 $5896 $6510 #
ellipse-curve $-1 -1 $-1 11.76479478968629522 5.594522086980404652 12.14218912834861541 -0.1617750270664803647 1.691287879329149041e-16 0.9868276651055337689 2.447995218857184074 0 0.4013106916159303039 0.1617750270664803647 F 2.336185217185642315 F 2.415910466239523213 #
edge $6511 -1 $-1 $5884 -3.275097797548775577e-16 $6504 0.1463174278580892662 $5882 $6512 forward @7 unknown #
point $-1 -1 $-1 9.933579640140299816 5.860850284166740032 11.84198992350501101 #
coedge $-1 -1 $-1 $6513 $6237 $5886 $6227 forward $6514 $-1 #
edge $6515 -1 $-1 $6229 2.440635174698602139 $6516 2.542205151526992779 $6226 $6517 forward @7 unknown #
DXID-attrib $-1 -1 $-1 $-1 $5887 @10 Revit:Edge @8 Edge:395 #
vertex $-1 -1 $-1 $6227 $6518 #
straight-curve $-1 -1 $-1 -5.610730584166631729 5.883912436483957009 11.86415406433785158 5.553060619352192393e-16 12 0 F -1.199579584011102762 F -1.165588477296752011e-16 #
coedge $-1 -1 $-1 $6519 $5890 $6520 $6521 reversed $5892 $-1 #
edge $6522 -1 $-1 $5894 -1.748382715945128263e-16 $6523 1.177700238784863629 $5890 $6524 forward @7 unknown #
coedge $-1 -1 $-1 $5891 $6519 $6219 $6509 reversed $5892 $-1 #
point $-1 -1 $-1 10.11332359422055127 5.754569614834380786 12.4432090993379596 #
DXID-attrib $-1 -1 $-1 $-1 $5896 @10 Revit:Edge @9 Edge:3002 #
intcurve-curve $-1 -1 $-1 forward { surfintcur full nubs 3 open 10 
	3.662590708816117591 3 4.053227739990315825 2 4.428216979843051959 2 4.803206219695788093 2 5.127033800730670166 2 
	5.450861381765552238 2 5.665224466051768104 2 5.879587550337983082 2 6.211747452810911341 2 6.377827404047375026 3 
	9.991627281265300198 5.719629344408668992 12.52350060908848839 
	10.02275556761893149 5.758623256396903756 12.51070681279449381 
	10.05702715741838915 5.796972030312664614 12.49117553033865313 
	10.11585328737938205 5.862844577767067911 12.44326208637071751 
	10.14523075744146929 5.89531945866168261 12.41189109334665197 
	10.19284342334374394 5.949080687252299882 12.33585487354018362 
	10.21100851391071096 5.970307858906113374 12.29110395948947065 
	10.2278259619148244 5.993251234588077736 12.20391923025777103 
	10.22924478089078093 5.997928771267658554 12.15828832779661361 
	10.21560144685031091 5.991793932244612542 12.0702779486783367 
	10.20058283997014392 5.981084450091813665 12.02788458524090309 
	10.16903689087938645 5.957529771743423908 11.96924634723944258 
	10.15311404057093014 5.945414472501060033 11.94587073480063744 
	10.11722956631393622 5.918547529825007203 11.90412634162315086 
	10.0972777911873326 5.903847074600253819 11.88571617609341757 
	10.04749113567787155 5.868933740331260474 11.84768436493835786 
	10.01156242493111925 5.84498184308466584 11.82773400920391182 
	9.952939534265700772 5.815913040092048014 11.80726111331557604 
	9.932577145578356692 5.807440570972668858 11.80194695663044513 
	9.911630387168393952 5.801458594357989718 11.79834679075822734 
	0.0001952452714827689691 
	
	cone 10.33555422583333261 5.594522086980404652 12.14218912834861541 -1 0 0 0 -0.4013106916159303039 0 1 I I 0 1 0.4013106916159303039 forward I I I I 
	cone 9.847336045280009387 6.348833320724273754 12.17242898194871081 0 1 0 -0.3795671853107622229 0 0 1 I I 0 1 0.3795671853107622229 forward I I I I 
	nullbs 
	nullbs 
	I I 
	0 
	0 
	0 
	} F 4.259679892158808379 F 5.911825496034131433 #
coedge $-1 -1 $-1 $6226 $6525 $5898 $6238 forward $6514 $-1 #
edge $6526 -1 $-1 $6242 10.01792041017267643 $6229 11.73810881379970361 $6237 $6527 forward @7 unknown #
coedge $-1 -1 $-1 $6520 $5899 $6525 $6528 reversed $6240 $-1 #
loop $-1 -1 $-1 $-1 $5899 $6529 #
DXID-attrib $-1 -1 $-1 $-1 $5900 @10 Revit:Edge @8 Edge:487 #
vertex $-1 -1 $-1 $6528 $6530 #
ellipse-curve $-1 -1 $-1 -5.389285730226101911 -9.92127991970254719 12.17242898194872858 -2.705231202957286063e-16 -0.1727994780081275605 0.984957024646313517 0 -2.163532956271315033 -0.3795671853107622229 0.1727994780081275605 F -2.365122824370923915 F -2.284977099990775251 #
point $-1 -1 $-1 -5.655273279166649125 -8.377833250583863745 12.44320909933797381 #
rgb_color-st-attrib $-1 -1 $6531 $-1 $5905 0 0 0 #
plane-surface $-1 -1 $-1 8.821585439220596569 -9.198118445833415535 12.66592257433796043 -0.1699069165076531884 0 -0.9854601157443467763 0 12 0 forward_v I I I I #
DXID-attrib $-1 -1 $-1 $-1 $5909 @10 Revit:Edge @8 Edge:488 #
straight-curve $-1 -1 $-1 -4.492087140999286632 -7.234702045833153683 12.64375843350476991 -8.494756139583689247 -8.34829482683245061 -1.464613127514487578 F -8.108896879359990151e-17 F 0.1369299034668189086 #
point $-1 -1 $-1 -4.492087140999286632 -7.234702045833152795 12.64375843350476991 #
DXID-attrib $-1 -1 $-1 $-1 $5915 @10 Revit:Face @6 Face:1 #
plane-surface $-1 -1 $-1 -40.49956604000010429 10.97373132500001702 21.32666173933785814 -0 -0 -1 12 0 0 forward_v I I I I #
coedge $-1 -1 $-1 $5918 $5917 $6532 $6533 reversed $5026 $-1 #
coedge $-1 -1 $-1 $5921 $6532 $5919 $6254 forward $5927 $-1 #
edge $6534 -1 $-1 $6256 4.662353909187009029e-16 $5924 0.03259085250001184791 $6253 $6535 forward @7 unknown #
DXID-attrib $-1 -1 $-1 $-1 $5920 @10 Revit:Edge @8 Edge:136 #
vertex $-1 -1 $-1 $6533 $6536 #
straight-curve $-1 -1 $-1 -40.49956604000010429 -8.0188273649999946 22.4570329218379392 0 0 12 F -0.09419759854167344959 F 0 #
DXID-attrib $-1 -1 $-1 $-1 $5922 @10 Revit:Edge @8 Edge:127 #
straight-curve $-1 -1 $-1 -40.10847580999996609 -8.0188273649999946 21.32666173933785814 0 -12 0 F 0 F 0.2208935558333279536 #
point $-1 -1 $-1 -40.10847580999996609 -8.0188273649999946 21.32666173933785814 #
coedge $-1 -1 $-1 $6532 $5926 $5936 $6264 forward $5927 $-1 #
DXID-attrib $-1 -1 $-1 $-1 $5930 @10 Revit:Edge @8 Edge:143 #
straight-curve $-1 -1 $-1 -28.02813315000014427 -10.66955003499992927 21.32666173933785814 0 -12 0 F 0 F 0.02896964666667649693 #
edge $6537 -1 $-1 $5940 0 $6266 1.039286074166663187 $6261 $6538 forward @7 unknown #
DXID-attrib $-1 -1 $-1 $-1 $5937 @10 Revit:Edge @8 Edge:140 #
vertex $-1 -1 $-1 $6264 $6539 #
straight-curve $-1 -1 $-1 -40.49956604000010429 -11.01718579500004758 22.4570329218379392 0 0 12 F -0.09419759854167344959 F 0 #
point $-1 -1 $-1 -28.02813315000014427 -11.01718579500004758 21.32666173933785814 #
DXID-attrib $-1 -1 $-1 $-1 $5943 @10 Revit:Edge @8 Edge:115 #
straight-curve $-1 -1 $-1 -6.735442849999916604 -10.97373132500001702 21.32666173933785814 -12 0 0 F 0 F 1.73093638833334329 #
lump $-1 -1 $-1 $6540 $6541 $6 #
shell $-1 -1 $-1 $-1 $-1 $6542 $-1 $5952 #
face $6543 -1 $-1 $6544 $6545 $5953 $-1 $6546 forward single #
DXID-attrib $-1 -1 $-1 $-1 $5954 @10 Revit:Face @6 Face:0 #
face $6547 -1 $-1 $6548 $6549 $5570 $-1 $6550 forward single #
loop $-1 -1 $-1 $-1 $6551 $5954 #
plane-surface $-1 -1 $-1 -35.89339222000001683 10.5826410949999854 22.10596108082838285 0 0 1 0 -12 0 forward_v I I I I #
DXID-attrib $-1 -1 $-1 $-1 $5956 @10 Revit:Face @8 Face:210 #
face $6552 -1 $-1 $6553 $6554 $5096 $-1 $6555 forward single #
loop $-1 -1 $-1 $-1 $6556 $5956 #
plane-surface $-1 -1 $-1 -8.821257410000381327 -10.62609556499989871 22.10596108082838285 0 -1 0 0 0 -12 forward_v I I I I #
coedge $-1 -1 $-1 $6557 $6558 $6556 $6559 forward $5957 $-1 #
DXID-attrib $-1 -1 $-1 $-1 $5960 @10 Revit:Face @8 Face:197 #
face $6560 -1 $-1 $6561 $6562 $4548 $-1 $6563 forward single #
loop $-1 -1 $-1 $-1 $6564 $5960 #
plane-surface $-1 -1 $-1 -24.59523002000003089 -9.929346395000038683 22.10596108082838285 0 1 0 0 0 -12 forward_v I I I I #
coedge $-1 -1 $-1 $6565 $6566 $5963 $6290 reversed $5961 $-1 #
coedge $-1 -1 $-1 $6567 $5963 $6564 $6568 forward $5574 $-1 #
coedge $-1 -1 $-1 $5963 $6567 $6569 $6570 forward $5574 $-1 #
edge $6571 -1 $-1 $6572 -1.165588477296752257e-16 $6573 0.05806243083332179172 $5963 $6574 forward @7 unknown #
DXID-attrib $-1 -1 $-1 $-1 $5965 @10 Revit:Face @8 Face:185 #
face $6575 -1 $-1 $6576 $6577 $3928 $-1 $6578 forward single #
loop $-1 -1 $-1 $-1 $6579 $5965 #
plane-surface $-1 -1 $-1 -31.37412733999974535 -9.929346395000024472 22.10596108082838285 0 1 0 0 0 -12 forward_v I I I I #
coedge $-1 -1 $-1 $6580 $6581 $5969 $6299 reversed $5966 $-1 #
coedge $-1 -1 $-1 $6582 $5968 $6583 $6584 forward $5578 $-1 #
coedge $-1 -1 $-1 $5968 $6582 $6580 $6585 forward $5578 $-1 #
coedge $-1 -1 $-1 $5970 $5969 $6579 $6586 forward $5100 $-1 #
edge $6587 -1 $-1 $6304 0 $6588 0.05444122499999553416 $5969 $6589 forward @7 unknown #
coedge $-1 -1 $-1 $6590 $6583 $5970 $6301 reversed $6577 $-1 #
edge $6591 -1 $-1 $6592 0 $6303 0.05444122499999553416 $5970 $6593 forward @7 unknown #
DXID-attrib $-1 -1 $-1 $-1 $5971 @10 Revit:Edge @8 Edge:179 #
vertex $-1 -1 $-1 $5971 $6594 #
vertex $-1 -1 $-1 $5971 $6595 #
straight-curve $-1 -1 $-1 -32.02594438999983595 -10.58264109499997119 22.10596108082838285 12 0 0 F 0 F 0.05431808750000762659 #
DXID-attrib $-1 -1 $-1 $-1 $5973 @10 Revit:Face @8 Face:173 #
face $6596 -1 $-1 $-1 $6597 $3263 $-1 $6598 forward single #
loop $-1 -1 $-1 $-1 $5981 $5973 #
plane-surface $-1 -1 $-1 -35.89339222000001683 -9.929346395000038683 22.10596108082838285 -1 -0 -0 0 0 -12 forward_v I I I I #
coedge $-1 -1 $-1 $6599 $6600 $5979 $6317 reversed $5974 $-1 #
coedge $-1 -1 $-1 $6601 $5976 $5978 $6316 reversed $5583 $-1 #
coedge $-1 -1 $-1 $5976 $6601 $6599 $6602 forward $5583 $-1 #
coedge $-1 -1 $-1 $5978 $5977 $6603 $6604 reversed $5104 $-1 #
coedge $-1 -1 $-1 $5981 $6605 $5977 $6315 reversed $6308 $-1 #
edge $6606 -1 $-1 $5984 -2.331176954593504514e-16 $6607 0.04361902086167396969 $5977 $6608 forward @7 unknown #
edge $6609 -1 $-1 $6610 -0.04361902086167396969 $5985 2.331176954593504514e-16 $5978 $6611 forward @7 unknown #
edge $6612 -1 $-1 $6319 0 $6323 0.05431808750000762659 $5979 $6613 forward @7 unknown #
DXID-attrib $-1 -1 $-1 $-1 $5980 @10 Revit:Edge @8 Edge:166 #
vertex $-1 -1 $-1 $5980 $6614 #
straight-curve $-1 -1 $-1 -35.24157516999992623 -10.58264109499998362 22.10596108082838285 0 12 0 F -1.165588477296752257e-16 F 0.05444122499999553416 #
coedge $-1 -1 $-1 $6605 $5981 $6600 $6615 reversed $6308 $-1 #
DXID-attrib $-1 -1 $-1 $-1 $5982 @10 Revit:Edge @8 Edge:174 #
vertex $-1 -1 $-1 $6317 $6616 #
straight-curve $-1 -1 $-1 -35.89339222000001683 -9.929346395000038683 22.10596108082838285 0 -12 0 F 0 F 0.05444122499999565212 #
point $-1 -1 $-1 -35.89339222000001683 -10.5826410949999854 22.1059610808283864 #
point $-1 -1 $-1 -35.24157516999992623 -10.5826410949999854 22.1059610808283864 #
DXID-attrib $-1 -1 $-1 $-1 $5988 @10 Revit:Face @6 Face:1 #
loop $-1 -1 $-1 $-1 $6617 $5988 #
plane-surface $-1 -1 $-1 -35.89339222000001683 10.5826410949999854 21.58253283048829729 0 0 -1 0 12 0 forward_v I I I I #
coedge $-1 -1 $-1 $6618 $5991 $5993 $6333 reversed $5591 $-1 #
coedge $-1 -1 $-1 $5991 $6618 $6002 $6346 forward $5591 $-1 #
coedge $-1 -1 $-1 $5993 $5992 $6619 $6620 reversed $5109 $-1 #
edge $6621 -1 $-1 $6622 -0.04361902086167396969 $6000 2.331176954593504514e-16 $5993 $6623 forward @7 unknown #
coedge $-1 -1 $-1 $6617 $6619 $5994 $6335 forward $6328 $-1 #
edge $6624 -1 $-1 $6341 0 $6338 0.05431808750000762659 $6334 $6625 forward @7 unknown #
coedge $-1 -1 $-1 $5995 $6002 $6617 $6626 reversed $5989 $-1 #
DXID-attrib $-1 -1 $-1 $-1 $5996 @10 Revit:Edge @8 Edge:161 #
vertex $-1 -1 $-1 $6626 $6627 #
straight-curve $-1 -1 $-1 38.8917506500000556 10.62609556499990049 22.10596108082838285 0 0 -12 F -2.331176954593504514e-16 F 0.04361902086167396969 #
DXID-attrib $-1 -1 $-1 $-1 $5997 @10 Revit:Edge @8 Edge:152 #
vertex $-1 -1 $-1 $6620 $6628 #
straight-curve $-1 -1 $-1 38.239933599999965 10.62609556499990049 22.10596108082838285 0 0 12 F -0.04361902086167396969 F 2.331176954593504514e-16 #
DXID-attrib $-1 -1 $-1 $-1 $5998 @10 Revit:Edge @8 Edge:154 #
straight-curve $-1 -1 $-1 38.239933599999965 9.972800864999953774 22.10596108082838285 12 0 0 F 0 F 0.05431808750000762659 #
point $-1 -1 $-1 38.239933599999965 9.972800864999953774 22.1059610808283864 #
edge $6629 -1 $-1 $6630 -0.04361902086167396969 $6004 2.331176954593504514e-16 $6331 $6631 forward @7 unknown #
point $-1 -1 $-1 38.8917506500000556 9.972800864999953774 22.1059610808283864 #
coedge $-1 -1 $-1 $6632 $6015 $6017 $6357 forward $6009 $-1 #
coedge $-1 -1 $-1 $6012 $6011 $6632 $6633 reversed $5117 $-1 #
coedge $-1 -1 $-1 $6015 $6632 $6013 $6351 forward $6009 $-1 #
edge $6634 -1 $-1 $6353 0 $6022 0.05444122499999553416 $6350 $6635 forward @7 unknown #
DXID-attrib $-1 -1 $-1 $-1 $6014 @10 Revit:Edge @8 Edge:140 #
vertex $-1 -1 $-1 $6633 $6636 #
straight-curve $-1 -1 $-1 30.33122005999996773 9.972800864999953774 22.10596108082838285 0 0 12 F -0.04361902086167396969 F 2.331176954593504514e-16 #
DXID-attrib $-1 -1 $-1 $-1 $6016 @10 Revit:Edge @8 Edge:132 #
straight-curve $-1 -1 $-1 30.33122005999996773 10.62609556499990049 21.58253283048829729 12 0 0 F 0 F 0.05069688166666178747 #
edge $6637 -1 $-1 $6019 0 $6361 0.05444122499999553416 $6348 $6638 forward @7 unknown #
point $-1 -1 $-1 30.93958263999990876 10.62609556499990049 21.58253283048829729 #
point $-1 -1 $-1 30.33122005999996773 10.62609556499990049 21.58253283048829729 #
DXID-attrib $-1 -1 $-1 $-1 $6027 @10 Revit:Edge @8 Edge:144 #
vertex $-1 -1 $-1 $6357 $6639 #
straight-curve $-1 -1 $-1 30.93958263999990876 9.972800864999953774 22.10596108082838285 0 0 12 F -0.04361902086167396969 F 2.331176954593504514e-16 #
coedge $-1 -1 $-1 $6031 $6029 $6030 $6364 forward $5626 $-1 #
edge $6640 -1 $-1 $6042 0 $6034 0.05431808750002720815 $6363 $6641 forward @7 unknown #
DXID-attrib $-1 -1 $-1 $-1 $6032 @10 Revit:Edge @8 Edge:119 #
straight-curve $-1 -1 $-1 19.6848749099996283 9.972800864999953774 21.58253283048829729 0 12 0 F 0 F 0.05444122499999553416 #
point $-1 -1 $-1 19.6848749099996283 9.972800864999953774 21.58253283048829729 #
DXID-attrib $-1 -1 $-1 $-1 $6038 @10 Revit:Edge @8 Edge:127 #
straight-curve $-1 -1 $-1 20.33669195999995338 10.62609556499990049 21.58253283048829729 0 -12 0 F 0 F 0.05444122499999553416 #
point $-1 -1 $-1 20.33669195999995338 9.972800864999953774 21.58253283048829729 #
DXID-attrib $-1 -1 $-1 $-1 $6045 @10 Revit:Edge @8 Edge:107 #
straight-curve $-1 -1 $-1 13.81852145999994264 9.929346395000038683 21.58253283048829729 -12 0 0 F 0 F 0.05069688166666178747 #
DXID-attrib $-1 -1 $-1 $-1 $6055 @10 Revit:Face @8 Face:149 #
face $6642 -1 $-1 $6406 $6400 $107 $-1 $6643 forward single #
loop $-1 -1 $-1 $-1 $6396 $6055 #
cone-surface $-1 -1 $-1 29.71500526604803483 -9.929535093333381468 26.22301446351839616 0 1 0 5.606836964526387135 0 0 1 I I 0 1 5.606836964526387135 forward I I I I #
coedge $-1 -1 $-1 $6644 $6645 $6072 $6391 reversed $6056 $-1 #
coedge $-1 -1 $-1 $6646 $6058 $6060 $6381 reversed $5673 $-1 #
coedge $-1 -1 $-1 $6058 $6646 $6644 $6647 forward $5673 $-1 #
coedge $-1 -1 $-1 $6060 $6059 $6648 $6649 reversed $5199 $-1 #
edge $6650 -1 $-1 $6651 -1.654922515555550033 $6075 0 $6060 $6652 forward @7 unknown #
coedge $-1 -1 $-1 $6063 $6648 $6061 $6383 forward $3379 $-1 #
edge $6653 -1 $-1 $6385 0 $6066 0.2341691601304845827 $6382 $6654 forward @7 unknown #
DXID-attrib $-1 -1 $-1 $-1 $6062 @10 Revit:Edge @8 Edge:140 #
vertex $-1 -1 $-1 $6649 $6655 #
straight-curve $-1 -1 $-1 37.4843947101011068 9.885206811666648719 20.97203548600472089 0 12 -1.932079768609035795e-14 F -1.654922515555550033 F 0 #
DXID-attrib $-1 -1 $-1 $-1 $6064 @10 Revit:Edge @8 Edge:131 #
straight-curve $-1 -1 $-1 40.29442463166692079 -9.973863374999949016 20.97203548600475997 8.485281374238569541 0 8.485281374238569541 F 1.648391032738871629e-16 F 0.007836207141184730121 #
point $-1 -1 $-1 40.29442463166692079 -9.973863374999949016 20.97203548600476353 #
coedge $-1 -1 $-1 $6656 $6071 $6087 $6408 forward $3379 $-1 #
edge $6657 -1 $-1 $6393 0 $6658 0.4138625582986054097 $6072 $6659 forward @7 unknown #
DXID-attrib $-1 -1 $-1 $-1 $6073 @10 Revit:Edge @8 Edge:142 #
vertex $-1 -1 $-1 $6073 $6660 #
straight-curve $-1 -1 $-1 37.41308632333351625 9.885206811666648719 21.04334387277231144 0 5.642853289977714499e-14 12 F 0 F 0.02360982221381572113 #
point $-1 -1 $-1 37.41308632333351625 9.885206811666648719 21.04334387277231144 #
coedge $-1 -1 $-1 $6661 $6662 $6078 $6397 reversed $6375 $-1 #
edge $6663 -1 $-1 $6658 1.061899502774135806 $6402 1.370537054627292584 $6078 $6664 forward @7 unknown #
coedge $-1 -1 $-1 $6665 $6079 $6662 $6666 reversed $6400 $-1 #
coedge $-1 -1 $-1 $6079 $6665 $6081 $6405 forward $6400 $-1 #
loop $-1 -1 $-1 $-1 $6079 $6374 #
DXID-attrib $-1 -1 $-1 $-1 $6080 @10 Revit:Edge @8 Edge:154 #
vertex $-1 -1 $-1 $6397 $6667 #
straight-curve $-1 -1 $-1 30.83033649583372693 9.885206811666648719 20.72822993683815795 -12 0 -4.59799063127121886e-14 F -8.932274830880257134e-31 F 0.9271998915278187869 #
coedge $-1 -1 $-1 $6082 $6081 $6656 $6668 reversed $6083 $-1 #
edge $6669 -1 $-1 $6670 -1.654922515555550033 $6085 -3.753349859181446362e-31 $6399 $6671 forward @7 unknown #
face $6672 -1 $-1 $6089 $6083 $107 $-1 $6673 forward single #
point $-1 -1 $-1 19.70393779749990415 9.885206811666648719 20.72822993683811887 #
edge $6674 -1 $-1 $6093 2.436957589728712422e-30 $6410 0.04248126993056759032 $6390 $6675 forward @7 unknown #
DXID-attrib $-1 -1 $-1 $-1 $6088 @10 Revit:Edge @8 Edge:164 #
vertex $-1 -1 $-1 $6408 $6676 #
straight-curve $-1 -1 $-1 19.61528123416671576 9.885206811666648719 20.81688650017130726 0 12 -1.932079768609035795e-14 F -1.654922515555550033 F 0 #
DXID-attrib $-1 -1 $-1 $-1 $6089 @10 Revit:Face @8 Face:161 #
plane-surface $-1 -1 $-1 19.61528123416671576 9.885206811666648719 20.81688650017130726 -1 0 0 0 -12 1.932079768609035795e-14 forward_v I I I I #
DXID-attrib $-1 -1 $-1 $-1 $6091 @10 Revit:Edge @8 Edge:167 #
straight-curve $-1 -1 $-1 19.48229638916671291 -9.973863374999949016 21.32666173933814946 12 0 0 F 0 F 0.01108207041666680638 #
point $-1 -1 $-1 19.61528123416671576 -9.973863374999949016 21.32666173933814946 #
coedge $-1 -1 $-1 $6101 $6109 $6100 $6418 forward $2718 $-1 #
edge $6677 -1 $-1 $6112 4.251700794524998275e-17 $6104 0.162032519301646083 $6417 $6678 forward @7 unknown #
DXID-attrib $-1 -1 $-1 $-1 $6102 @10 Revit:Edge @7 Edge:71 #
ellipse-curve $-1 -1 $-1 -5.081559536999620263 -9.973863374999949016 21.77144325254972657 0 1 0 0.5303279830832353658 0 0 1 F 2.405336731721325005 F 3.013033024317092856 #
point $-1 -1 $-1 -5.474526189166629919 -9.973863374999949016 21.41531830267148706 #
DXID-attrib $-1 -1 $-1 $-1 $6110 @10 Revit:Edge @7 Edge:79 #
ellipse-curve $-1 -1 $-1 -4.375184803833747083 -9.973863374999950793 19.79733602183805985 0 -1 0 0.4299843321671107943 0 0 1 F -0.7343476676354701027 F 0.7343476676364432132 #
point $-1 -1 $-1 -4.056021175833418368 -9.973863374999950793 20.08546985267169305 #
DXID-attrib $-1 -1 $-1 $6121 $5779 @10 Revit:Face @9 Face:2630 #
rgb_color-st-attrib $-1 -1 $6679 $-1 $6122 0 0 0 #
cone-surface $-1 -1 $-1 9.847336045280009387 6.348833320724273754 12.17242898194871081 0 1 0 -0.3795671853107622229 0 0 1 I I 0 1 0.3795671853107622229 forward I I I I #
coedge $-1 -1 $-1 $6220 $6680 $6502 $6681 reversed $6123 $-1 #
coedge $-1 -1 $-1 $6211 $6125 $6213 $6506 reversed $5780 $-1 #
coedge $-1 -1 $-1 $6125 $6682 $6683 $6684 reversed $5780 $-1 #
coedge $-1 -1 $-1 $6436 $6433 $6125 $6432 forward $5378 $-1 #
edge $6685 -1 $-1 $6686 -5.827942386483761286e-17 $6687 0.9584975652480900443 $6431 $6688 forward @7 unknown #
coedge $-1 -1 $-1 $6431 $6126 $6205 $6498 reversed $5378 $-1 #
coedge $-1 -1 $-1 $6443 $6164 $6126 $6435 forward $5474 $-1 #
edge $6689 -1 $-1 $6500 -1.228386695068307201e-16 $6440 0.1315719747555610109 $6434 $6690 forward @7 unknown #
coedge $-1 -1 $-1 $6127 $6431 $6691 $6692 reversed $5378 $-1 #
coedge $-1 -1 $-1 $6159 $6448 $6127 $6438 forward $6160 $-1 #
edge $6693 -1 $-1 $6441 -6.638896178940938762e-17 $6694 0.1304174929923927195 $6437 $6695 forward @7 unknown #
DXID-attrib $-1 -1 $-1 $-1 $6129 @10 Revit:Edge @9 Edge:2941 #
vertex $-1 -1 $-1 $6435 $6696 #
vertex $-1 -1 $-1 $6449 $6697 #
straight-curve $-1 -1 $-1 9.957424161720442868 5.58931198953871089 11.1960136393379468 0 -12 0 F 5.827942386483761286e-17 F 1.150177823588207859 #
coedge $-1 -1 $-1 $6176 $6434 $6130 $6444 forward $5474 $-1 #
edge $6698 -1 $-1 $6440 0.1662923798434420564 $6446 0.6516423601462236759 $6443 $6699 forward @7 unknown #
DXID-attrib $-1 -1 $-1 $-1 $6132 @10 Revit:Edge @9 Edge:3013 #
vertex $-1 -1 $-1 $6444 $6700 #
intcurve-curve $-1 -1 $-1 forward { surfintcur full nubs 3 open 15 
	0.2077531275183088499 3 0.3247089722937812062 2 0.4139945022883422254 2 0.5032800322829033002 2 0.6000355081980641714 2 
	0.6967909841132249316 2 0.7894522552768976631 2 0.8821135264405703946 2 0.9747747976042431262 2 1.067436068767915858 2 
	1.164191544683076618 2 1.2609470205982376 2 1.350232550592796343 2 1.439518080587355309 2 1.556473925362832356 3 
	10.01250012930687028 5.59844556681098382 10.99257366097090483 
	10.02336833493078316 5.592502123551906124 11.00163650533239945 
	10.03430707898083263 5.586083645469669179 11.01499235434816448 
	10.04644835545799531 5.580052836401224958 11.03841832554062208 
	10.05058971211969343 5.578515373687601198 11.05037721020432251 
	10.05465713776282932 5.579446345021750631 11.07479569149911391 
	10.05458934623353429 5.581943337782790948 11.08725316786293469 
	10.05130515416642467 5.590080062808504557 11.11003675231850174 
	10.04765286867890772 5.596442110982558837 11.12162688078073636 
	10.03808112659269902 5.612129744820710364 11.1416581079308763 
	10.0322023073463118 5.621446774395076673 11.15012529557207088 
	10.02148376070600477 5.639962686912375567 11.16278175605683387 
	10.01566346305055433 5.650648482720431964 11.16816874938159998 
	10.00662464453463585 5.673680964799646453 11.17547712522697267 
	10.00362773118247972 5.6861091756109019 11.17741374512233676 
	10.00362773118247972 5.71042971922341458 11.17741374512233676 
	10.00662464453463585 5.722857930034670026 11.17547712522697267 
	10.01566346305055433 5.745890412113884516 11.16816874938159998 
	10.02148376070600477 5.756576207921940913 11.16278175605683387 
	10.0322023073463118 5.775092120439239807 11.15012529557207088 
	10.03808112659269902 5.784409150013607892 11.1416581079308763 
	10.04765286867890772 5.800096783851759419 11.12162688078073458 
	10.05130515416642467 5.806458832025811923 11.11003675231850174 
	10.05458934623353429 5.814595557051527308 11.08725316786293469 
	10.05465713776282932 5.817092549812564961 11.07479569149911747 
	10.05058971211969343 5.81802352114671617 11.05037721020432429 
	10.04644835545799708 5.81648605843309241 11.03841832554062385 
	10.0343070789808344 5.810455249364647301 11.01499235434816448 
	10.02336833493078316 5.804036771282410356 11.00163650533239945 
	10.01250012930687205 5.79809332802333266 10.99257366097090483 
	0.0001896659730402129596 
	
	cone 10.33555422583333261 5.69826944741715824 11.05803849150519014 -1 0 0 0 -0.1193752536171472783 0 1 I I 0 1 0.1193752536171472783 forward I I I I 
	cone 9.938227677427688533 6.348833320724273754 11.0816415349205748 0 1 0 -0.1159719072795646205 0 0 1 I I 0 1 0.1159719072795646205 forward I I I I 
	nullbs 
	nullbs 
	I I 
	0 
	0 
	0 
	} F 0.9558555871820852978 F 1.406411787744746844 #
coedge $-1 -1 $-1 $6437 $6170 $6133 $6449 forward $6160 $-1 #
edge $6701 -1 $-1 $6451 -0.6516423601446024172 $6441 -0.166292379843466509 $6448 $6702 forward @7 unknown #
DXID-attrib $-1 -1 $-1 $-1 $6135 @10 Revit:Edge @9 Edge:3021 #
vertex $-1 -1 $-1 $6135 $6703 #
intcurve-curve $-1 -1 $-1 forward { surfintcur full nubs 3 open 15 
	0.2077531275188274351 3 0.3247089722940210699 2 0.4139945022884997106 2 0.5032800322829783513 2 0.6000355081980996985 2 
	0.6967909841132211568 2 0.7894522552767697654 2 0.882113526440318374 2 0.9747747976038669826 2 1.067436068767415591 2 
	1.164191544682537049 2 1.260947020597658286 2 1.350232550592136871 2 1.439518080586615456 2 1.556473925361809174 3 
	10.01250012930709588 -8.419140549690167674 10.99257366097109134 
	10.02336833493097856 -8.42508399294917254 11.00163650533260729 
	10.03430707898098717 -8.43150247103131889 11.01499235434839008 
	10.04644835545808945 -8.437533280099630772 11.03841832554085833 
	10.05058971211975738 -8.439070742813193249 11.05037721020456409 
	10.05465713776283998 -8.438139771478930129 11.07479569149934129 
	10.05458934623352185 -8.43564277871784185 11.08725316786313897 
	10.05130515416638382 -8.427506053692049193 11.11003675231865806 
	10.04765286867885798 -8.421144005517962938 11.12162688078086781 
	10.03808112659264751 -8.405456371679759897 11.14165810793095979 
	10.03220230734626561 -8.396139342105376713 11.15012529557213128 
	10.02148376070598523 -8.37762342958806272 11.16278175605684986 
	10.01566346305055255 -8.366937633780006323 11.16816874938159643 
	10.00662464453467493 -8.343905151700800715 11.1754771252269407 
	10.00362773118253834 -8.331476940889551486 11.17741374512229591 
	10.00362773118253834 -8.307156397277070781 11.17741374512229591 
	10.00662464453467493 -8.294728186465823327 11.1754771252269407 
	10.01566346305055255 -8.27169570438661772 11.16816874938159643 
	10.02148376070598523 -8.261009908578561323 11.16278175605684986 
	10.03220230734626739 -8.24249399606124733 11.15012529557213128 
	10.03808112659264751 -8.233176966486864146 11.14165810793095979 
	10.04765286867885798 -8.217489332648661104 11.12162688078086781 
	10.05130515416638559 -8.21112728447457485 11.11003675231865806 
	10.05458934623352185 -8.202990559448782193 11.08725316786313897 
	10.05465713776283998 -8.200493566687693914 11.07479569149934129 
	10.05058971211975738 -8.199562595353430794 11.05037721020456409 
	10.04644835545808945 -8.20110005806699327 11.03841832554085833 
	10.03430707898098717 -8.207130867135305152 11.01499235434839008 
	10.02336833493097856 -8.213549345217449726 11.00163650533260729 
	10.01250012930709765 -8.219492788476454592 10.99257366097109134 
	0.0001896659730416511537 
	
	cone 10.33555422583333261 -8.319316669083312021 11.05803849150485973 -1 0 0 0 -0.1193752536174357282 0 1 I I 0 1 0.1193752536174357282 forward I I I I 
	cone 9.938227677427688533 6.348833320724273754 11.0816415349205748 0 1 0 -0.1159719072795646205 0 0 1 I I 0 1 0.1159719072795646205 forward I I I I 
	nullbs 
	nullbs 
	I I 
	0 
	0 
	0 
	} F 0.3578152651360315128 F 0.808371465700332803 #
DXID-attrib $-1 -1 $-1 $-1 $6137 @10 Revit:Edge @9 Edge:3017 #
straight-curve $-1 -1 $-1 9.654643954717816001 5.424410018245771958 9.726211911005050226 0 -12 0 F -5.827942386483761286e-17 F 1.122488938179816875 #
point $-1 -1 $-1 9.654643954717816001 -8.045457239912028768 9.726211911005050226 #
point $-1 -1 $-1 9.654643954717816001 5.424410018245772847 9.726211911005050226 #
coedge $-1 -1 $-1 $6462 $6704 $6147 $6458 forward $6705 $-1 #
edge $6706 -1 $-1 $6516 4.221070747271205922e-16 $6460 0.1451387045518779673 $6457 $6707 forward @7 unknown #
DXID-attrib $-1 -1 $-1 $-1 $6148 @10 Revit:Edge @8 Edge:391 #
vertex $-1 -1 $-1 $6463 $6708 #
straight-curve $-1 -1 $-1 -4.252178386666748189 4.617444412331768611 11.64144058933787385 0 12 -1.346179159437484853e-15 F -0.9896659149788720189 F 0 #
coedge $-1 -1 $-1 $6709 $6457 $6149 $6463 forward $6705 $-1 #
edge $6710 -1 $-1 $6460 0.3080527810210747508 $6467 0.6753302149947125743 $6462 $6711 forward @7 unknown #
coedge $-1 -1 $-1 $6150 $6683 $6709 $6712 forward $6465 $-1 #
loop $-1 -1 $-1 $-1 $6157 $6713 #
DXID-attrib $-1 -1 $-1 $-1 $6151 @10 Revit:Edge @8 Edge:482 #
vertex $-1 -1 $-1 $6712 $6714 #
intcurve-curve $-1 -1 $-1 forward { surfintcur full nubs 3 periodic 37 
	0 3 0.1063336041083836891 2 0.2126672082167673783 2 0.347935645587526543 2 0.4472633403022320264 2 
	0.5465910350169375098 2 0.6503507046756971111 2 0.7541103743344568233 2 0.8564086861624682356 2 0.958706997990479648 2 
	1.06100530981849106 2 1.163303621646502473 2 1.267063291305262185 2 1.370822960964021897 2 1.470150655678727381 2 
	1.569478350393432864 2 1.704746787764191973 2 1.811080391872575746 2 1.917413995980959296 2 2.023747600089342846 2 
	2.130081204197726841 2 2.26534964156848595 2 2.364677336283191433 2 2.464005030997896917 2 2.567764700656656629 2 
	2.671524370315416341 2 2.773822682143427976 2 2.876120993971439166 2 2.978419305799450356 2 3.080717617627461991 2 
	3.184477287286221703 2 3.288236956944981415 2 3.387564651659686898 2 3.486892346374392382 2 3.622160783745151491 2 
	3.728494387853535486 2 3.834827991961919036 3 
	-4.291153244791384935 -7.072740988360250114 11.39040468202653678 
	-4.305107786012957405 -7.072740988360250114 11.39040468202653678 
	-4.318928008752310532 -7.068510095335978072 11.39272125616139064 
	-4.344478497159290242 -7.05671345748971568 11.40121504412375408 
	-4.356298206087612535 -7.049382935851580712 11.40744793584221028 
	-4.379076843270508057 -7.034659779641386557 11.42386902332881782 
	-4.392273461630987974 -7.025438902849923117 11.43781910742509744 
	-4.407440528250707423 -7.01573129185493638 11.46279019509700881 
	-4.412915548332223104 -7.012598841022778196 11.47552068389308388 
	-4.419341661774322638 -7.010877561590842966 11.50222287660087872 
	-4.420282540991793852 -7.012331832310668922 11.51619979828403473 
	-4.418319167945162995 -7.019240190329136375 11.54186578228100224 
	-4.415171849804029769 -7.025206247873790666 11.55490334663187646 
	-4.406152088705954206 -7.040802128123104353 11.5776734226556659 
	-4.40033082664897357 -7.050420643214794225 11.58743391443323034 
	-4.389404815105847568 -7.070160879480577698 11.60234030559347573 
	-4.383329145129913229 -7.081870877960674271 11.60877033452376494 
	-4.373947757793508195 -7.10727723579102566 11.61748492368282371 
	-4.370878125787698742 -7.121056006777805258 11.6197815739931869 
	-4.370878125787698742 -7.147905957388832832 11.6197815739931869 
	-4.373947757793508195 -7.161684728375611542 11.61748492368282371 
	-4.383329145129914117 -7.187091086205962931 11.60877033452376494 
	-4.389404815105847568 -7.198801084686059504 11.60234030559347573 
	-4.40033082664897357 -7.218541320951842089 11.58743391443323034 
	-4.406152088705954206 -7.228159836043532849 11.5776734226556659 
	-4.415171849804029769 -7.243755716292845648 11.55490334663187646 
	-4.418319167945162995 -7.249721773837499939 11.54186578228100224 
	-4.420282540991793852 -7.25663013185596828 11.51619979828403473 
	-4.419341661774322638 -7.258084402575795124 11.50222287660087872 
	-4.412915548332223104 -7.256363123143859895 11.47552068389308388 
	-4.407440528250707423 -7.253230672311700822 11.46279019509700881 
	-4.392273461630987974 -7.243523061316714973 11.43781910742509744 
	-4.379076843270508057 -7.234302184525250645 11.42386902332881782 
	-4.356298206087612535 -7.21957902831505649 11.40744793584221028 
	-4.344478497159287578 -7.21224850667692241 11.40121504412375408 
	-4.31892800875230698 -7.200451868830656466 11.39272125616139064 
	-4.305107786012957405 -7.196220975806387976 11.39040468202653678 
	-4.277198703569812466 -7.196220975806387976 11.39040468202653678 
	-4.263378480830460227 -7.20045186883065913 11.39272125616139064 
	-4.237827992423479628 -7.212248506676923299 11.40121504412375408 
	-4.226008283495156448 -7.21957902831505649 11.40744793584221028 
	-4.203229646312260925 -7.234302184525250645 11.42386902332881782 
	-4.190033027951781897 -7.243523061316714973 11.43781910742509744 
	-4.174865961332062447 -7.253230672311700822 11.46279019509700881 
	-4.169390941250545879 -7.256363123143859895 11.47552068389308388 
	-4.162964827808446344 -7.258084402575795124 11.50222287660087872 
	-4.162023948590975131 -7.25663013185596828 11.51619979828403473 
	-4.163987321637605987 -7.249721773837499939 11.54186578228100224 
	-4.167134639778739214 -7.243755716292845648 11.55490334663187646 
	-4.176154400876814776 -7.228159836043532849 11.5776734226556659 
	-4.181975662933795412 -7.218541320951842089 11.58743391443323034 
	-4.192901674476921414 -7.198801084686059504 11.60234030559347573 
	-4.198977344452855753 -7.187091086205962931 11.60877033452376494 
	-4.208358731789260787 -7.161684728375611542 11.61748492368282371 
	-4.21142836379507024 -7.147905957388832832 11.6197815739931869 
	-4.21142836379507024 -7.121056006777805258 11.6197815739931869 
	-4.208358731789261675 -7.10727723579102566 11.61748492368282371 
	-4.198977344452855753 -7.081870877960674271 11.60877033452376494 
	-4.192901674476921414 -7.070160879480577698 11.60234030559347573 
	-4.181975662933795412 -7.050420643214795113 11.58743391443323034 
	-4.176154400876814776 -7.040802128123103465 11.57767342265566768 
	-4.167134639778739214 -7.025206247873790666 11.55490334663187646 
	-4.163987321637605987 -7.019240190329138152 11.54186578228100224 
	-4.162023948590975131 -7.012331832310668922 11.51619979828403473 
	-4.162964827808446344 -7.010877561590842966 11.50222287660087872 
	-4.169390941250545879 -7.012598841022778196 11.47552068389308388 
	-4.174865961332062447 -7.01573129185493638 11.46279019509700881 
	-4.190033027951781897 -7.025438902849923117 11.43781910742509744 
	-4.203229646312260925 -7.034659779641386557 11.42386902332881782 
	-4.226008283495156448 -7.049382935851580712 11.40744793584221028 
	-4.237827992423479628 -7.05671345748971568 11.40121504412375408 
	-4.263378480830460227 -7.068510095335978072 11.39272125616139064 
	-4.277198703569812466 -7.072740988360250114 11.39040468202653678 
	-4.291153244791384935 -7.072740988360250114 11.39040468202653678 
	0.0002023509199591432461 
	
	cone 10.33555422583333261 -7.134480982083318601 11.49678403725481246 1 0 0 0 -0.122997536738375754 0 1 I I 0 1 0.122997536738375754 forward I I I I 
	cone -4.291153244791384935 6.348833320724273754 11.51894817808788218 0 -1 0 0.1285434960613438538 0 0 1 I I 0 1 0.1285434960613438538 forward I I I I 
	nullbs 
	nullbs 
	I I 
	0 
	0 
	0 
	} F 2.90426493950481035 F 3.732851040062529435 #
DXID-attrib $-1 -1 $-1 $-1 $6152 @10 Revit:Edge @8 Edge:471 #
intcurve-curve $-1 -1 $-1 forward { surfintcur full nubs 3 periodic 37 
	0 3 0.1112750364187647389 2 0.2225500728375294779 2 0.3562487117967360617 2 0.4564788997870831144 2 
	0.5567090877774301116 2 0.6643364779592531022 2 0.7719638681410762038 2 0.8763767314683701404 2 0.980789594795664077 2 
	1.085202458122958014 2 1.189615321450252061 2 1.297242711632075274 2 1.404870101813898264 2 1.505100289804245151 2 
	1.605330477794592259 2 1.739029116753798121 2 1.850304153172563248 2 1.961579189591328376 2 2.072854226010093726 2 
	2.184129262428858631 2 2.317827901388064493 2 2.418058089378411601 2 2.51828827736875871 2 2.625915667550581922 2 
	2.733543057732404691 2 2.837955921059698738 2 2.942368784386992786 2 3.046781647714286834 2 3.151194511041580881 2 
	3.25882190122340365 2 3.366449291405226862 2 3.466679479395573971 2 3.566909667385921079 2 3.700608306345127829 2 
	3.811883342763892735 2 3.923158379182657196 3 
	-4.291153244791384935 4.591160194568796982 11.39040468202653678 
	-4.305756267943453786 4.591160194568796982 11.39040468202653678 
	-4.320405586439180823 4.595163161650281936 11.39296522015225577 
	-4.347345846889382415 4.606646671679819782 11.40245869819401925 
	-4.359733385889862589 4.613863807654169591 11.40943402082954528 
	-4.382592528577929691 4.627803462024697723 11.42722979136491901 
	-4.395311380107638222 4.636202482936149671 11.44175550086183968 
	-4.409643367931393776 4.644712668061366401 11.46753571016093609 
	-4.414659177587877181 4.647261708716375672 11.48070645703444015 
	-4.419976133743097613 4.647781687708087084 11.50795690985716746 
	-4.420274057762360265 4.645715297364257701 11.52203794395008707 
	-4.417111838662044931 4.637759965617710201 11.54793768822711719 
	-4.41323174340821911 4.631182738824805689 11.56111799852213551 
	-4.402749106655662992 4.614511287000834017 11.58396984412729225 
	-4.396192018745094465 4.604428881238740168 11.59367081906059838 
	-4.384038082708715756 4.58411548828923987 11.60829883936053086 
	-4.377342671814112407 4.572259962472920769 11.61455350847140622 
	-4.36685490034382795 4.546600642086057853 11.6230551380156637 
	-4.363311842067448154 4.53270407279438281 11.62532753331634616 
	-4.363311842067448154 4.505299121789843042 11.62532753331634439 
	-4.36685490034382795 4.491402552498167111 11.6230551380156637 
	-4.377342671814112407 4.465743232111304195 11.61455350847140622 
	-4.384038082708715756 4.453887706294985982 11.60829883936052909 
	-4.396192018745094465 4.433574313345484796 11.59367081906059838 
	-4.402749106655662992 4.423491907583391836 11.58396984412729225 
	-4.413231743408219998 4.406820455759419275 11.56111799852213551 
	-4.417111838662044931 4.400243228966514764 11.54793768822711719 
	-4.420274057762360265 4.392287897219967263 11.52203794395008707 
	-4.419976133743097613 4.390221506876138768 11.50795690985716746 
	-4.414659177587877181 4.390741485867849292 11.48070645703444015 
	-4.409643367931393776 4.393290526522859452 11.46753571016093609 
	-4.395311380107638222 4.401800711648075293 11.44175550086183968 
	-4.382592528577929691 4.410199732559527241 11.42722979136491901 
	-4.359733385889862589 4.424139386930055373 11.40943402082954528 
	-4.347345846889382415 4.431356522904405182 11.40245869819401925 
	-4.320405586439180823 4.442840032933943029 11.39296522015225577 
	-4.305756267943453786 4.446843000015427982 11.39040468202653678 
	-4.276550221639315197 4.446843000015427982 11.39040468202653678 
	-4.26190090314358816 4.442840032933943029 11.39296522015225577 
	-4.234960642693386568 4.431356522904405182 11.40245869819401925 
	-4.222573103692907281 4.424139386930055373 11.40943402082954528 
	-4.199713961004839291 4.410199732559527241 11.42722979136491901 
	-4.186995109475130761 4.401800711648075293 11.44175550086183968 
	-4.172663121651376095 4.393290526522859452 11.46753571016093609 
	-4.167647311994892689 4.390741485867849292 11.48070645703444015 
	-4.16233035583967137 4.390221506876138768 11.50795690985716746 
	-4.162032431820408718 4.392287897219967263 11.52203794395008707 
	-4.165194650920724051 4.400243228966514764 11.54793768822711719 
	-4.169074746174550761 4.406820455759421939 11.56111799852213728 
	-4.179557382927106879 4.423491907583393612 11.5839698441272958 
	-4.186114470837674517 4.433574313345484796 11.59367081906059838 
	-4.198268406874054115 4.453887706294985982 11.60829883936053086 
	-4.204963817768657464 4.465743232111304195 11.61455350847140622 
	-4.215451589238941033 4.491402552498167111 11.6230551380156637 
	-4.218994647515321716 4.505299121789843042 11.62532753331634616 
	-4.218994647515321716 4.53270407279438281 11.62532753331634616 
	-4.215451589238941033 4.546600642086057853 11.6230551380156637 
	-4.204963817768657464 4.572259962472920769 11.61455350847140622 
	-4.198268406874054115 4.58411548828923987 11.60829883936053086 
	-4.186114470837674517 4.604428881238741056 11.59367081906060015 
	-4.179557382927105991 4.614511287000831352 11.5839698441272958 
	-4.169074746174548984 4.631182738824803913 11.56111799852213728 
	-4.165194650920724051 4.637759965617711089 11.54793768822711719 
	-4.162032431820408718 4.645715297364257701 11.52203794395008707 
	-4.16233035583967137 4.647781687708087084 11.50795690985716746 
	-4.167647311994892689 4.647261708716375672 11.48070645703444015 
	-4.172663121651376095 4.644712668061366401 11.46753571016093609 
	-4.186995109475130761 4.636202482936149671 11.44175550086183968 
	-4.199713961004839291 4.627803462024697723 11.42722979136491901 
	-4.222573103692907281 4.613863807654169591 11.40943402082954528 
	-4.234960642693386568 4.606646671679819782 11.40245869819401925 
	-4.26190090314358816 4.595163161650281936 11.39296522015225577 
	-4.276550221639315197 4.591160194568796982 11.39040468202653678 
	-4.291153244791384935 4.591160194568796982 11.39040468202653678 
	0.0002059126914190958222 
	
	cone 10.33555422583333261 4.519001597292112926 11.49678403725481068 1 0 0 0 -0.1285434960615350342 0 1 I I 0 1 0.1285434960615350342 forward I I I I 
	cone -4.291153244791384935 6.348833320724273754 11.51894817808788218 0 -1 0 0.1285434960613438538 0 0 1 I I 0 1 0.1285434960613438538 forward I I I I 
	nullbs 
	nullbs 
	I I 
	0 
	0 
	0 
	} F 2.062609578916739128 F 2.841888738215546883 #
point $-1 -1 $-1 -4.252178386666754406 -7.063328805736725613 11.39645576683788875 #
point $-1 -1 $-1 -4.25217838666675263 4.438641977240306957 11.39645576683788875 #
coedge $-1 -1 $-1 $6691 $6157 $6159 $6476 reversed $6465 $-1 #
DXID-attrib $-1 -1 $-1 $-1 $6158 @10 Revit:Edge @8 Edge:481 #
ellipse-curve $-1 -1 $-1 -3.627913592961319544 -7.134480982083318601 11.49678403725481246 -0.1586780953837234609 8.46074724534227134e-17 0.9873303712767039775 -0.7653180063722727633 0 -0.122997536738375754 0.1586780953837234331 F -0.6168696132131521459 F -0.09065988720253782829 #
edge $6715 -1 $-1 $6694 -1.10318562563694389 $6162 -5.827942386483728006e-17 $6159 $6716 forward @7 unknown #
face $6717 -1 $-1 $6713 $6160 $39 $-1 $6718 forward single #
point $-1 -1 $-1 -4.39008859629476067 -7.123345308333098203 11.3742916260048208 #
point $-1 -1 $-1 -4.390088596294765111 4.480026739166854455 11.3742916260048208 #
DXID-attrib $-1 -1 $-1 $-1 $6173 @10 Revit:Edge @8 Edge:632 #
straight-curve $-1 -1 $-1 -5.55051351758349476 -8.34826942083245882 11.17384949850496412 -12 1.952281698330466389e-14 0 F -1.296589779185072011 F -5.827942386483798264e-17 #
rgb_color-st-attrib $-1 -1 $6719 $-1 $6174 0 0 0 #
cone-surface $-1 -1 $-1 10.33555422583333261 -8.319316669083312021 11.05803849150485973 -1 0 0 0 -0.1193752536174357282 0 1 I I 0 1 0.1193752536174357282 forward I I I I #
DXID-attrib $-1 -1 $-1 $-1 $6179 @10 Revit:Edge @8 Edge:859 #
straight-curve $-1 -1 $-1 -5.550513517583652856 5.727222199166932981 11.17384949850484333 -12 1.798154195830657394e-14 -5.137583416659021352e-15 F -1.296589779185097768 F -5.827942386483647887e-17 #
rgb_color-st-attrib $-1 -1 $6720 $-1 $6181 0 0 0 #
plane-surface $-1 -1 $-1 -5.833444059166946971 5.424410018245796827 9.726211911005050226 0 0 -1 12 -1.928076308870352365e-14 0 forward_v I I I I #
DXID-attrib $-1 -1 $-1 $6186 $5836 @10 Revit:Face @8 Face:119 #
DXID-attrib $-1 -1 $-1 $6192 $5840 @10 Revit:Face @8 Face:123 #
coedge $-1 -1 $-1 $6200 $6520 $6197 $6491 forward $6240 $-1 #
edge $6721 -1 $-1 $6523 -1.678683915376180185e-16 $6493 0.1369299034668307047 $6490 $6722 forward @7 unknown #
DXID-attrib $-1 -1 $-1 $-1 $6198 @10 Revit:Edge @9 Edge:3038 #
vertex $-1 -1 $-1 $6491 $6723 #
ellipse-curve $-1 -1 $-1 8.304268378552873031 -7.234702045833178552 12.75511517100481207 0.1699069165076531884 0 0.9854601157443467763 0.6458690775002273732 0 -0.1113567375000439341 0.1699069165076532162 F 5.024235458606358052e-14 F 0.6418948351087425674 #
DXID-attrib $-1 -1 $-1 $-1 $6201 @10 Revit:Edge @8 Edge:642 #
straight-curve $-1 -1 $-1 -4.49208714099928752 -7.234702045833152795 12.64375843350476991 -12 1.783991716457550557e-14 0 F -1.120185383087698439 F -5.827942386483761286e-17 #
DXID-attrib $-1 -1 $-1 $6202 $5861 @10 Revit:Face @8 Face:137 #
edge $6724 -1 $-1 $6686 -0.6753302149963300582 $6500 -0.3080527810258132937 $6205 $6725 forward @7 unknown #
DXID-attrib $-1 -1 $-1 $-1 $6206 @10 Revit:Edge @8 Edge:857 #
vertex $-1 -1 $-1 $6498 $6726 #
straight-curve $-1 -1 $-1 -4.390088596294753565 4.480026739166857119 11.3742916260048208 -12 1.932247989588851847e-14 0 F -1.103185625636941891 F 9.907502057022389872e-16 #
coedge $-1 -1 $-1 $6682 $6211 $6428 $6681 forward $5780 $-1 #
DXID-attrib $-1 -1 $-1 $-1 $6212 @10 Revit:Edge @9 Edge:3004 #
vertex $-1 -1 $-1 $6224 $6727 #
ellipse-curve $-1 -1 $-1 8.749203559845291522 3.857991462582457842 11.51894817808786442 -2.558435774180830356e-16 -0.1592324388247766953 0.9872411207126219335 0 -0.7969696755795298015 -0.1285434960613438538 0.1592324388247766953 F -2.833539872568753726 F -2.466262438595264062 #
edge $6728 -1 $-1 $6215 1.081269640967272183 $6686 1.860548800266118574 $6213 $6729 forward @7 unknown #
point $-1 -1 $-1 8.668843939793809739 4.480026739166852678 11.6192764485048059 #
coedge $-1 -1 $-1 $6680 $6219 $6730 $6731 reversed $6123 $-1 #
edge $6732 -1 $-1 $6222 -1.748382715945128016e-16 $6733 1.199579584011099875 $6219 $6734 forward @7 unknown #
point $-1 -1 $-1 10.0687808992205472 5.88391243648394191 11.86415406433783915 #
DXID-attrib $-1 -1 $-1 $-1 $6224 @10 Revit:Edge @9 Edge:3005 #
straight-curve $-1 -1 $-1 9.933579640140298039 5.860850284166737367 11.84198992350501101 -8.360937971149496661 -8.498002528044992232 -1.370645569040898737 F -3.275097797548775577e-16 F 0.1463174278580892662 #
coedge $-1 -1 $-1 $6730 $6226 $6704 $6735 reversed $6514 $-1 #
loop $-1 -1 $-1 $-1 $6226 $6736 #
DXID-attrib $-1 -1 $-1 $-1 $6227 @10 Revit:Edge @8 Edge:485 #
vertex $-1 -1 $-1 $6735 $6737 #
ellipse-curve $-1 -1 $-1 -7.29199352797838074 -8.278442196023995336 12.13977094037256421 0.1617750270664791157 8.456439396645746438e-17 0.986827665105533991 -2.199958019587653801 0 0.3606488556701030745 0.1617750270664791434 F 2.440635174698602139 F 2.542205151526992779 #
point $-1 -1 $-1 -5.6107305841666264 -8.511042571649273469 11.8641540643378498 #
coedge $-1 -1 $-1 $6233 $6231 $6738 $6739 reversed $5892 $-1 #
coedge $-1 -1 $-1 $6490 $6239 $6231 $6521 forward $6240 $-1 #
edge $6740 -1 $-1 $6741 -0.8566155535989611325 $6523 -0.776469829218869978 $6520 $6742 forward @7 unknown #
DXID-attrib $-1 -1 $-1 $-1 $6232 @10 Revit:Edge @9 Edge:2949 #
vertex $-1 -1 $-1 $6521 $6743 #
straight-curve $-1 -1 $-1 10.1133235942205566 5.75456961483437901 12.4432090993379596 0 -12 0 F -1.748382715945128263e-16 F 1.177700238784863629 #
coedge $-1 -1 $-1 $6237 $6738 $6239 $6528 forward $6514 $-1 #
DXID-attrib $-1 -1 $-1 $-1 $6238 @10 Revit:Edge @8 Edge:486 #
intcurve-curve $-1 -1 $-1 forward { surfintcur full nubs 3 open 10 
	9.535246351866826231 3 9.708186059991099626 2 10.05406547623964819 2 10.39165071801450502 2 10.72923595978936184 2 
	11.05727397171826354 2 11.38531198364716523 2 11.93419375431861695 2 12.2086346396543437 2 12.34585508232220619 3 
	-5.590553452496771492 -8.34491805373570017 12.49424034305443953 
	-5.597009073421406633 -8.366447140839502694 12.49020285922857276 
	-5.606058064365616822 -8.387278313816921127 12.48426794583500588 
	-5.636712207262659646 -8.447110313294906803 12.46139530728371092 
	-5.661493518923639279 -8.483551703407114175 12.43910318920748459 
	-5.703793029390634928 -8.54346709306299168 12.38747155292448632 
	-5.725017106562384051 -8.571668780470758975 12.35432071974040191 
	-5.756433457022644085 -8.61473512620162829 12.27732280697035527 
	-5.766487892246099811 -8.629531224112614751 12.23338124613852074 
	-5.770389626118143767 -8.641575241789110962 12.14695142919877391 
	-5.764709275693054913 -8.639615799140237584 12.10117537197791471 
	-5.738336656433930649 -8.620265809172060756 12.0169189869241837 
	-5.717746932619412803 -8.603024588694324848 11.97837237863235593 
	-5.656926457595285562 -8.550928210040865451 11.89572523038477492 
	-5.608447102377924764 -8.5078657933870101 11.85733811755547862 
	-5.531864015609257557 -8.446022301532707388 11.81950780261884049 
	-5.506104650168794912 -8.426068081823856915 11.81022416407369668 
	-5.465738567728749331 -8.400777314696744824 11.80038360838478972 
	-5.452073264869714997 -8.393169857120859945 11.79780078543972621 
	-5.437451235907663438 -8.387259211641341139 11.79593020077238741 
	0.0001943041676810900299 
	
	cone 10.33555422583333261 -8.278442196023995336 12.13977094037256421 -1 0 0 0 -0.3606488556701030745 0 1 I I 0 1 0.3606488556701030745 forward I I I I 
	cone -5.389285730226101911 6.348833320724273754 12.17242898194872858 0 1 0 0.3795671853107622229 0 0 1 I I 0 1 0.3795671853107622229 forward I I I I 
	nullbs 
	nullbs 
	I I 
	0 
	0 
	0 
	} F 10.01792041017267643 F 11.73810881379970361 #
edge $6744 -1 $-1 $6741 -1.317520545510100449 $6242 5.827942386483667609e-17 $6525 $6745 forward @7 unknown #
face $6746 -1 $-1 $5861 $6240 $39 $-1 $6747 forward single #
point $-1 -1 $-1 -5.676098115533656063 -8.504168853333000655 12.42104495850479573 #
DXID-attrib $-1 -1 $-1 $6245 $5905 @10 Revit:Face @9 Face:2634 #
coedge $-1 -1 $-1 $6253 $6261 $6252 $6533 forward $5927 $-1 #
edge $6748 -1 $-1 $6266 0 $6256 0.249863202500004461 $6532 $6749 forward @7 unknown #
DXID-attrib $-1 -1 $-1 $-1 $6254 @10 Revit:Edge @8 Edge:131 #
straight-curve $-1 -1 $-1 -40.49956604000010429 -8.0188273649999946 21.32666173933785814 12 0 0 F 4.662353909187009029e-16 F 0.03259085250001184791 #
point $-1 -1 $-1 -40.49956604000009719 -8.0188273649999946 21.32666173933785814 #
DXID-attrib $-1 -1 $-1 $-1 $6264 @10 Revit:Edge @8 Edge:139 #
straight-curve $-1 -1 $-1 -28.02813315000014427 -11.01718579500004758 21.32666173933785814 -12 0 0 F 0 F 1.039286074166663187 #
point $-1 -1 $-1 -40.49956604000009719 -11.01718579500004758 21.32666173933785814 #
lump $-1 -1 $-1 $6750 $6751 $6 #
shell $-1 -1 $-1 $-1 $-1 $6752 $-1 $6271 #
face $6753 -1 $-1 $6754 $6755 $6272 $-1 $6756 forward single #
DXID-attrib $-1 -1 $-1 $-1 $6273 @10 Revit:Face @6 Face:0 #
face $6757 -1 $-1 $6758 $6759 $5953 $-1 $6760 forward single #
loop $-1 -1 $-1 $-1 $6761 $6273 #
plane-surface $-1 -1 $-1 -35.89339222000001683 10.5826410949999854 22.10596108082838285 0 0 1 0 -12 0 forward_v I I I I #
DXID-attrib $-1 -1 $-1 $-1 $6275 @10 Revit:Face @8 Face:226 #
face $6762 -1 $-1 $6763 $6764 $5570 $-1 $6765 forward single #
loop $-1 -1 $-1 $-1 $6766 $6275 #
plane-surface $-1 -1 $-1 -4.086920320017575214 -10.58264109499998362 22.10596108082838285 1 0 0 0 0 -12 forward_v I I I I #
coedge $-1 -1 $-1 $6767 $6768 $6766 $6769 forward $6276 $-1 #
DXID-attrib $-1 -1 $-1 $-1 $6279 @10 Revit:Face @8 Face:213 #
face $6770 -1 $-1 $6771 $6772 $5096 $-1 $6773 forward single #
loop $-1 -1 $-1 $-1 $6774 $6279 #
plane-surface $-1 -1 $-1 -8.212894830000205815 -10.62609556499989871 22.10596108082838285 1 0 0 0 0 -12 forward_v I I I I #
coedge $-1 -1 $-1 $6775 $6776 $6282 $6559 reversed $6280 $-1 #
coedge $-1 -1 $-1 $6777 $6282 $6774 $6778 forward $5957 $-1 #
coedge $-1 -1 $-1 $6282 $6777 $6779 $6780 forward $5957 $-1 #
edge $6781 -1 $-1 $6782 0 $6783 0.05069688166668125107 $6282 $6784 forward @7 unknown #
DXID-attrib $-1 -1 $-1 $-1 $6284 @10 Revit:Face @8 Face:201 #
face $6785 -1 $-1 $6786 $6787 $4548 $-1 $6788 forward single #
loop $-1 -1 $-1 $-1 $6789 $6284 #
plane-surface $-1 -1 $-1 -25.20359260000020285 -9.929346395000038683 22.10596108082838285 -1 0 0 0 0 -12 forward_v I I I I #
coedge $-1 -1 $-1 $6790 $6791 $6288 $6568 reversed $6285 $-1 #
coedge $-1 -1 $-1 $6792 $6287 $6793 $6794 forward $5961 $-1 #
coedge $-1 -1 $-1 $6287 $6792 $6790 $6795 forward $5961 $-1 #
coedge $-1 -1 $-1 $6289 $6288 $6789 $6796 forward $5574 $-1 #
edge $6797 -1 $-1 $6573 0 $6798 0.05069688166668113311 $6288 $6799 forward @7 unknown #
coedge $-1 -1 $-1 $6800 $6793 $6289 $6570 reversed $6787 $-1 #
edge $6801 -1 $-1 $6802 0 $6572 0.05069688166668113311 $6289 $6803 forward @7 unknown #
DXID-attrib $-1 -1 $-1 $-1 $6290 @10 Revit:Edge @8 Edge:195 #
vertex $-1 -1 $-1 $6290 $6804 #
vertex $-1 -1 $-1 $6290 $6805 #
straight-curve $-1 -1 $-1 -24.59523002000003089 -10.62609556499989871 22.10596108082838285 0 12 0 F -1.165588477296752257e-16 F 0.05806243083332179172 #
DXID-attrib $-1 -1 $-1 $-1 $6292 @10 Revit:Face @8 Face:189 #
face $6806 -1 $-1 $-1 $6807 $3928 $-1 $6808 forward single #
loop $-1 -1 $-1 $-1 $6300 $6292 #
plane-surface $-1 -1 $-1 -32.02594438999983595 -9.929346395000024472 22.10596108082838285 -1 -0 -0 0 0 -12 forward_v I I I I #
coedge $-1 -1 $-1 $6809 $6810 $6298 $6586 reversed $6293 $-1 #
coedge $-1 -1 $-1 $6811 $6295 $6297 $6585 reversed $5966 $-1 #
coedge $-1 -1 $-1 $6295 $6811 $6809 $6812 forward $5966 $-1 #
coedge $-1 -1 $-1 $6297 $6296 $6813 $6814 reversed $5578 $-1 #
coedge $-1 -1 $-1 $6300 $6815 $6296 $6584 reversed $6577 $-1 #
edge $6816 -1 $-1 $6303 -2.331176954593504514e-16 $6817 0.04361902086167396969 $6296 $6818 forward @7 unknown #
edge $6819 -1 $-1 $6820 -0.04361902086167396969 $6304 2.331176954593504514e-16 $6297 $6821 forward @7 unknown #
edge $6822 -1 $-1 $6588 0 $6592 0.05431808750000762659 $6298 $6823 forward @7 unknown #
DXID-attrib $-1 -1 $-1 $-1 $6299 @10 Revit:Edge @8 Edge:182 #
vertex $-1 -1 $-1 $6299 $6824 #
straight-curve $-1 -1 $-1 -31.37412733999974535 -10.58264109499997119 22.10596108082838285 0 12 0 F 0 F 0.05444122499999553416 #
coedge $-1 -1 $-1 $6815 $6300 $6810 $6825 reversed $6577 $-1 #
DXID-attrib $-1 -1 $-1 $-1 $6301 @10 Revit:Edge @8 Edge:190 #
vertex $-1 -1 $-1 $6586 $6826 #
straight-curve $-1 -1 $-1 -32.02594438999983595 -9.929346395000024472 22.10596108082838285 0 -12 0 F 0 F 0.05444122499999553416 #
point $-1 -1 $-1 -32.02594438999983595 -10.58264109499997119 22.1059610808283864 #
point $-1 -1 $-1 -31.37412733999974535 -10.58264109499997119 22.1059610808283864 #
DXID-attrib $-1 -1 $-1 $-1 $6307 @10 Revit:Face @6 Face:1 #
loop $-1 -1 $-1 $-1 $6827 $6307 #
plane-surface $-1 -1 $-1 -35.89339222000001683 10.5826410949999854 21.58253283048829729 0 0 -1 0 12 0 forward_v I I I I #
coedge $-1 -1 $-1 $6828 $6310 $6312 $6602 reversed $5974 $-1 #
coedge $-1 -1 $-1 $6310 $6828 $6321 $6615 forward $5974 $-1 #
coedge $-1 -1 $-1 $6312 $6311 $6829 $6830 reversed $5583 $-1 #
edge $6831 -1 $-1 $6832 -0.04361902086167396969 $6319 2.331176954593504514e-16 $6312 $6833 forward @7 unknown #
coedge $-1 -1 $-1 $6827 $6829 $6313 $6604 forward $6597 $-1 #
edge $6834 -1 $-1 $6610 0 $6607 0.05431808750000762659 $6603 $6835 forward @7 unknown #
coedge $-1 -1 $-1 $6314 $6321 $6827 $6836 reversed $6308 $-1 #
DXID-attrib $-1 -1 $-1 $-1 $6315 @10 Revit:Edge @8 Edge:177 #
vertex $-1 -1 $-1 $6836 $6837 #
straight-curve $-1 -1 $-1 -35.89339222000001683 -10.58264109499998362 22.10596108082838285 0 0 -12 F -2.331176954593504514e-16 F 0.04361902086167396969 #
DXID-attrib $-1 -1 $-1 $-1 $6316 @10 Revit:Edge @8 Edge:168 #
vertex $-1 -1 $-1 $6830 $6838 #
straight-curve $-1 -1 $-1 -35.24157516999992623 -10.58264109499998362 22.10596108082838285 0 0 12 F -0.04361902086167396969 F 2.331176954593504514e-16 #
DXID-attrib $-1 -1 $-1 $-1 $6317 @10 Revit:Edge @8 Edge:170 #
straight-curve $-1 -1 $-1 -35.24157516999992623 -9.929346395000038683 22.10596108082838285 -12 0 0 F 0 F 0.05431808750000762659 #
point $-1 -1 $-1 -35.24157516999992623 -9.929346395000038683 22.1059610808283864 #
edge $6839 -1 $-1 $6840 -0.04361902086167396969 $6323 2.331176954593504514e-16 $6600 $6841 forward @7 unknown #
point $-1 -1 $-1 -35.89339222000001683 -9.929346395000038683 22.1059610808283864 #
coedge $-1 -1 $-1 $6842 $6334 $6336 $6626 forward $6328 $-1 #
coedge $-1 -1 $-1 $6331 $6330 $6842 $6843 reversed $5591 $-1 #
coedge $-1 -1 $-1 $6334 $6842 $6332 $6620 forward $6328 $-1 #
edge $6844 -1 $-1 $6622 0 $6341 0.05444122499999553416 $6619 $6845 forward @7 unknown #
DXID-attrib $-1 -1 $-1 $-1 $6333 @10 Revit:Edge @8 Edge:156 #
vertex $-1 -1 $-1 $6843 $6846 #
straight-curve $-1 -1 $-1 38.239933599999965 9.972800864999953774 22.10596108082838285 0 0 12 F -0.04361902086167396969 F 2.331176954593504514e-16 #
DXID-attrib $-1 -1 $-1 $-1 $6335 @10 Revit:Edge @8 Edge:148 #
straight-curve $-1 -1 $-1 38.239933599999965 10.62609556499990049 21.58253283048829729 12 0 0 F 0 F 0.05431808750000762659 #
edge $6847 -1 $-1 $6338 0 $6630 0.05444122499999553416 $6617 $6848 forward @7 unknown #
point $-1 -1 $-1 38.8917506500000556 10.62609556499990049 21.58253283048829729 #
point $-1 -1 $-1 38.239933599999965 10.62609556499990049 21.58253283048829729 #
DXID-attrib $-1 -1 $-1 $-1 $6346 @10 Revit:Edge @8 Edge:160 #
vertex $-1 -1 $-1 $6626 $6849 #
straight-curve $-1 -1 $-1 38.8917506500000556 9.972800864999953774 22.10596108082838285 0 0 12 F -0.04361902086167396969 F 2.331176954593504514e-16 #
coedge $-1 -1 $-1 $6350 $6348 $6349 $6633 forward $6009 $-1 #
edge $6850 -1 $-1 $6361 0 $6353 0.05069688166666178747 $6632 $6851 forward @7 unknown #
DXID-attrib $-1 -1 $-1 $-1 $6351 @10 Revit:Edge @8 Edge:135 #
straight-curve $-1 -1 $-1 30.33122005999996773 9.972800864999953774 21.58253283048829729 0 12 0 F 0 F 0.05444122499999553416 #
point $-1 -1 $-1 30.33122005999996773 9.972800864999953774 21.58253283048829729 #
DXID-attrib $-1 -1 $-1 $-1 $6357 @10 Revit:Edge @8 Edge:143 #
straight-curve $-1 -1 $-1 30.93958263999990876 10.62609556499990049 21.58253283048829729 0 -12 0 F 0 F 0.05444122499999553416 #
point $-1 -1 $-1 30.93958263999990876 9.972800864999953774 21.58253283048829729 #
DXID-attrib $-1 -1 $-1 $-1 $6364 @10 Revit:Edge @8 Edge:123 #
straight-curve $-1 -1 $-1 20.33669195999995338 9.972800864999953774 21.58253283048829729 -12 0 0 F 0 F 0.05431808750002720815 #
DXID-attrib $-1 -1 $-1 $-1 $6374 @10 Revit:Face @8 Face:153 #
plane-surface $-1 -1 $-1 30.83033649583372693 9.885206811666648719 20.72822993683815795 3.831658859392678702e-15 -1.61006647384086336e-15 -1 0 -12 1.932079768609035795e-14 forward_v I I I I #
coedge $-1 -1 $-1 $6852 $6377 $6379 $6647 reversed $6056 $-1 #
coedge $-1 -1 $-1 $6377 $6852 $6661 $6853 forward $6056 $-1 #
coedge $-1 -1 $-1 $6379 $6378 $6854 $6855 reversed $5673 $-1 #
edge $6856 -1 $-1 $6857 -1.654922515555550033 $6393 0 $6379 $6858 forward @7 unknown #
coedge $-1 -1 $-1 $6382 $6854 $6380 $6649 forward $3379 $-1 #
edge $6859 -1 $-1 $6651 0 $6385 0.008403773973139344947 $6648 $6860 forward @7 unknown #
DXID-attrib $-1 -1 $-1 $-1 $6381 @10 Revit:Edge @8 Edge:144 #
vertex $-1 -1 $-1 $6855 $6861 #
straight-curve $-1 -1 $-1 37.41308632333351625 9.885206811666648719 21.04334387277231144 0 12 -1.932079768609035795e-14 F -1.654922515555550033 F 0 #
DXID-attrib $-1 -1 $-1 $-1 $6383 @10 Revit:Edge @8 Edge:135 #
straight-curve $-1 -1 $-1 37.4843947101011068 -9.973863374999949016 20.97203548600475287 12 0 3.413603128971767616e-14 F 0 F 0.2341691601304845827 #
point $-1 -1 $-1 37.4843947101011068 -9.973863374999949016 20.97203548600475287 #
coedge $-1 -1 $-1 $6862 $6390 $6404 $6668 forward $3379 $-1 #
DXID-attrib $-1 -1 $-1 $-1 $6391 @10 Revit:Edge @8 Edge:146 #
vertex $-1 -1 $-1 $6391 $6863 #
straight-curve $-1 -1 $-1 37.41308632333351625 9.885206811666650495 21.32666173933809972 -12 0 -3.862927736281796825e-14 F 0 F 0.4138625582986054097 #
point $-1 -1 $-1 37.41308632333351625 9.885206811666650495 21.32666173933809972 #
coedge $-1 -1 $-1 $6864 $6396 $6645 $6853 reversed $6375 $-1 #
coedge $-1 -1 $-1 $6396 $6864 $6398 $6666 forward $6375 $-1 #
DXID-attrib $-1 -1 $-1 $-1 $6397 @10 Revit:Edge @8 Edge:150 #
ellipse-curve $-1 -1 $-1 29.71500526604803483 9.885206811666650495 26.22301446351839616 0 1 0 5.606836964526387135 0 0 1 F 1.061899502774135806 F 1.370537054627292584 #
coedge $-1 -1 $-1 $6399 $6398 $6862 $6865 reversed $6400 $-1 #
edge $6866 -1 $-1 $6867 -1.654922515555550033 $6402 -3.753349859181446362e-31 $6662 $6868 forward @7 unknown #
point $-1 -1 $-1 30.83033649583372693 9.885206811666648719 20.72822993683816151 #
edge $6869 -1 $-1 $6410 0 $6670 0.01044827618826531419 $6656 $6870 forward @7 unknown #
DXID-attrib $-1 -1 $-1 $-1 $6405 @10 Revit:Edge @8 Edge:160 #
vertex $-1 -1 $-1 $6668 $6871 #
straight-curve $-1 -1 $-1 19.70393779749990415 9.885206811666648719 20.72822993683811532 0 12 -1.932079768609035795e-14 F -1.654922515555550033 F -3.753349859181446362e-31 #
DXID-attrib $-1 -1 $-1 $-1 $6406 @10 Revit:Face @8 Face:157 #
plane-surface $-1 -1 $-1 19.70393779749990415 9.885206811666648719 20.72822993683811532 -0.7071067811865475727 -1.138488921813987509e-15 -0.7071067811865475727 0 -12 1.932079768609035795e-14 forward_v I I I I #
DXID-attrib $-1 -1 $-1 $-1 $6408 @10 Revit:Edge @8 Edge:163 #
straight-curve $-1 -1 $-1 19.61528123416671221 -9.973863374999949016 21.32666173933814946 1.254451791792178143e-13 -3.136129479480445358e-14 -12 F 2.436957589728712422e-30 F 0.04248126993056759032 #
point $-1 -1 $-1 19.61528123416671576 -9.973863374999949016 20.81688650017133568 #
DXID-attrib $-1 -1 $-1 $-1 $6418 @10 Revit:Edge @7 Edge:75 #
straight-curve $-1 -1 $-1 -4.056021175833418368 -9.973863374999950793 20.08546985267169305 -8.75444644968130703 1.644444751327951534e-14 8.207293546575648691 F 4.251700794524998275e-17 F 0.162032519301646083 #
DXID-attrib $-1 -1 $-1 $6426 $6122 @10 Revit:Face @9 Face:2632 #
coedge $-1 -1 $-1 $6428 $6508 $6872 $6873 reversed $6123 $-1 #
edge $6874 -1 $-1 $6504 3.496765431890256525e-16 $6875 0.989665914978857586 $6502 $6876 forward @7 unknown #
coedge $-1 -1 $-1 $6430 $6502 $6877 $6878 reversed $5780 $-1 #
coedge $-1 -1 $-1 $6464 $6691 $6430 $6684 forward $6465 $-1 #
edge $6879 -1 $-1 $6687 0.1019769518993813573 $6880 0.9305630524572333639 $6683 $6881 forward @7 unknown #
DXID-attrib $-1 -1 $-1 $-1 $6432 @10 Revit:Edge @9 Edge:2943 #
vertex $-1 -1 $-1 $6506 $6882 #
vertex $-1 -1 $-1 $6692 $6883 #
straight-curve $-1 -1 $-1 8.710228701720668099 4.438641977240329162 11.39645576683786743 0 -12 1.389954109278675138e-15 F -5.827942386483761286e-17 F 0.9584975652480900443 #
DXID-attrib $-1 -1 $-1 $-1 $6435 @10 Revit:Edge @9 Edge:3011 #
straight-curve $-1 -1 $-1 8.848138911348554458 4.480026739166827809 11.37429162600482258 8.4310146779567674 8.431014677956673253 -1.354984501814196829 F -1.228386695068307201e-16 F 0.1315719747555610109 #
coedge $-1 -1 $-1 $6683 $6473 $6436 $6692 forward $6465 $-1 #
edge $6884 -1 $-1 $6694 0.09065988720236652088 $6687 0.6168696132128861365 $6691 $6885 forward @7 unknown #
DXID-attrib $-1 -1 $-1 $-1 $6438 @10 Revit:Edge @9 Edge:3024 #
vertex $-1 -1 $-1 $6438 $6886 #
straight-curve $-1 -1 $-1 9.957424161720448197 -8.212821893519780758 11.1960136393379468 -8.505647708138239338 8.353761141921461686 1.366979095950508372 F -6.638896178940938762e-17 F 0.1304174929923927195 #
point $-1 -1 $-1 9.957424161720442868 5.58931198953871089 11.19601363933794858 #
point $-1 -1 $-1 9.957424161720446421 -8.212821893519782535 11.19601363933794858 #
DXID-attrib $-1 -1 $-1 $-1 $6444 @10 Revit:Edge @9 Edge:3010 #
ellipse-curve $-1 -1 $-1 9.938227677427688533 6.300960639246942385 11.0816415349205748 2.549528970383583046e-16 0.1586780953837248764 0.9873303712767037554 0 -0.72160297862854339 0.1159719072795646205 0.1586780953837248764 F 0.1662923798434420564 F 0.6516423601462236759 #
point $-1 -1 $-1 10.00856383263751681 5.727222199166907224 11.17384949850484865 #
DXID-attrib $-1 -1 $-1 $-1 $6449 @10 Revit:Edge @9 Edge:3023 #
ellipse-curve $-1 -1 $-1 9.938227677427688533 -8.911762531626079564 11.0816415349205748 -2.52815528385388786e-16 -0.1614885681105088233 0.9868745828977548706 0 0.708717211153039317 0.1159719072795646205 0.1614885681105088233 F -0.6516423601446024172 F -0.166292379843466509 #
point $-1 -1 $-1 10.00856383263736937 -8.348269420832487242 11.17384949850496412 #
coedge $-1 -1 $-1 $6457 $6872 $6513 $6735 forward $6705 $-1 #
loop $-1 -1 $-1 $-1 $6462 $6887 #
DXID-attrib $-1 -1 $-1 $-1 $6458 @10 Revit:Edge @8 Edge:484 #
straight-curve $-1 -1 $-1 -5.475529325086267995 -8.48189750583294888 11.8419899235050039 8.428840137416584 8.428840137407892286 -1.38177707170761388 F 4.221070747271205922e-16 F 0.1451387045518779673 #
point $-1 -1 $-1 -4.252178386666750853 -7.258546567414695616 11.64144058933787562 #
coedge $-1 -1 $-1 $6877 $6462 $6464 $6712 reversed $6705 $-1 #
DXID-attrib $-1 -1 $-1 $-1 $6463 @10 Revit:Edge @8 Edge:483 #
ellipse-curve $-1 -1 $-1 -4.291153244791384935 -6.51134285879050001 11.51894817808788218 1.999452545218276889e-16 0.161775027066641347 0.9868276651055074566 0 -0.7841153259733991687 0.1285434960613438538 0.1617750270666413193 F 0.3080527810210747508 F 0.6753302149947125743 #
edge $6888 -1 $-1 $6880 -1.073303130377807779 $6467 1.326251122275983406e-31 $6464 $6889 forward @7 unknown #
face $6890 -1 $-1 $6887 $6465 $39 $-1 $6891 reversed single #
point $-1 -1 $-1 -4.210793624739885388 -7.123345308333112413 11.6192764485048059 #
DXID-attrib $-1 -1 $-1 $-1 $6476 @10 Revit:Edge @8 Edge:634 #
straight-curve $-1 -1 $-1 -4.390088596294761558 -7.123345308333100867 11.3742916260048208 -12 1.811482490239545846e-14 1.20765499349303063e-15 F -1.10318562563694389 F -5.827942386483728006e-17 #
rgb_color-st-attrib $-1 -1 $6892 $-1 $6477 0 0 0 #
plane-surface $-1 -1 $-1 -5.833444059166968287 -8.34826942083245882 11.17384949850496412 -2.52815528385388786e-16 -0.1614885681105088233 0.9868745828977548706 12 -1.878638454796753198e-14 0 forward_v I I I I #
DXID-attrib $-1 -1 $-1 $6482 $6174 @10 Revit:Face @8 Face:125 #
DXID-attrib $-1 -1 $-1 $6486 $6181 @10 Revit:Face @8 Face:121 #
DXID-attrib $-1 -1 $-1 $-1 $6491 @10 Revit:Edge @9 Edge:3036 #
straight-curve $-1 -1 $-1 10.1133235942205495 -8.377833250583986313 12.44320909933795605 -8.494756139583657273 8.348294826832480808 1.46461312751449757 F -1.678683915376180185e-16 F 0.1369299034668307047 #
point $-1 -1 $-1 8.950137456053091967 -7.234702045833173223 12.64375843350476991 #
DXID-attrib $-1 -1 $-1 $-1 $6498 @10 Revit:Edge @9 Edge:3007 #
ellipse-curve $-1 -1 $-1 8.085963908015115109 4.519001597292112926 11.49678403725481068 0.1586780953837230723 8.46074724534227134e-17 0.9873303712767039775 0.7998261977163839687 0 -0.1285434960615350342 0.1586780953837230723 F -0.6753302149963300582 F -0.3080527810258132937 #
point $-1 -1 $-1 8.848138911348547353 4.48002673916683225 11.37429162600482258 #
point $-1 -1 $-1 8.710228701720666322 4.617444412331660253 11.64144058933785786 #
DXID-attrib $-1 -1 $-1 $-1 $6506 @10 Revit:Edge @9 Edge:3008 #
intcurve-curve $-1 -1 $-1 forward { surfintcur full nubs 3 periodic 37 
	0 3 0.1112750364187580498 2 0.2225500728375160997 2 0.3562487117967393369 2 0.4564788997870985465 2 
	0.5567090877774577562 2 0.6643364779592941805 2 0.7719638681411307157 2 0.8763767314684408616 2 0.9807895947957510074 2 
	1.085202458123061042 2 1.189615321450371299 2 1.297242711632207612 2 1.404870101814044148 2 1.505100289804403246 2 
	1.605330477794762567 2 1.739029116753985749 2 1.850304153172743771 2 1.961579189591501793 2 2.072854226010259815 2 
	2.184129262429018059 2 2.317827901388241241 2 2.418058089378600783 2 2.518288277368959882 2 2.625915667550796417 2 
	2.733543057732632953 2 2.837955921059942987 2 2.942368784387253022 2 3.046781647714563057 2 3.151194511041873092 2 
	3.258821901223709627 2 3.366449291405546163 2 3.466679479395905261 2 3.56690966738626436 2 3.700608306345487541 2 
	3.811883342764245342 2 3.923158379183003586 3 
	8.749203559845291522 4.591160194568772113 11.39040468202652079 
	8.73460053669322356 4.591160194568772113 11.39040468202652079 
	8.719951218197493858 4.595163161650257067 11.39296522015223978 
	8.693010957747295819 4.606646671679798466 11.40245869819400149 
	8.680623418746819198 4.613863807654150051 11.40943402082952574 
	8.657764276058752984 4.627803462024683512 11.42722979136489769 
	8.645045424529040901 4.636202482936139901 11.44175550086181481 
	8.63071343670528357 4.644712668061361072 11.46753571016091477 
	8.625697627048799276 4.647261708716372119 11.48070645703442239 
	8.620380670893577957 4.647781687708087084 11.5079569098571497 
	8.620082746874315305 4.645715297364262142 11.52203794395006931 
	8.623244965974631526 4.63775996561771553 11.54793768822710476 
	8.627125061228460012 4.63118273882481013 11.56111799852212485 
	8.637607697981019683 4.614511287000838458 11.58396984412728692 
	8.64416478589158821 4.604428881238746385 11.59367081906059305 
	8.656318721927974025 4.584115488289244311 11.60829883936052731 
	8.663014132822578262 4.57225996247292521 11.61455350847140267 
	8.673501904292868048 4.546600642086060517 11.6230551380156637 
	8.677044962569253173 4.532704072794383698 11.62532753331634616 
	8.677044962569253173 4.505299121789841266 11.62532753331634616 
	8.673501904292868048 4.491402552498164447 11.6230551380156637 
	8.663014132822578262 4.465743232111300642 11.61455350847140267 
	8.656318721927974025 4.453887706294980653 11.60829883936052731 
	8.64416478589158821 4.433574313345479467 11.59367081906059305 
	8.637607697981017907 4.423491907583386507 11.58396984412728692 
	8.627125061228458236 4.406820455759414834 11.56111799852212485 
	8.62324496597462975 4.400243228966509434 11.54793768822710476 
	8.620082746874315305 4.392287897219962822 11.52203794395006931 
	8.620380670893577957 4.39022150687613788 11.5079569098571497 
	8.625697627048799276 4.390741485867852845 11.48070645703442239 
	8.63071343670528357 4.393290526522863892 11.46753571016091477 
	8.645045424529040901 4.401800711648085063 11.44175550086181481 
	8.657764276058752984 4.410199732559541452 11.42722979136489769 
	8.680623418746819198 4.424139386930074913 11.40943402082952574 
	8.693010957747295819 4.431356522904426498 11.40245869819400149 
	8.719951218197493858 4.442840032933967898 11.39296522015223978 
	8.73460053669322356 4.44684300001545374 11.39040468202652079 
	8.763806582997359484 4.44684300001545374 11.39040468202652079 
	8.778455901493085634 4.442840032933968786 11.392965220152238 
	8.805396161943283673 4.431356522904428275 11.40245869819399971 
	8.817783700943763847 4.424139386930074913 11.40943402082952396 
	8.840642843631830061 4.410199732559541452 11.42722979136489769 
	8.853361695161542144 4.401800711648085063 11.44175550086181481 
	8.867693682985299475 4.393290526522863892 11.46753571016091477 
	8.872709492641783768 4.390741485867852845 11.48070645703442239 
	8.878026448797003312 4.39022150687613788 11.5079569098571497 
	8.87832437281626774 4.392287897219962822 11.52203794395006931 
	8.875162153715949742 4.400243228966509434 11.54793768822710476 
	8.871282058462123032 4.406820455759414834 11.56111799852212663 
	8.860799421709563362 4.423491907583386507 11.58396984412728692 
	8.854242333798993059 4.433574313345479467 11.59367081906059305 
	8.84208839776260902 4.453887706294980653 11.60829883936052731 
	8.835392986868004783 4.465743232111300642 11.61455350847140267 
	8.824905215397714997 4.491402552498164447 11.6230551380156637 
	8.821362157121329872 4.505299121789841266 11.62532753331634616 
	8.821362157121329872 4.532704072794383698 11.62532753331634616 
	8.824905215397714997 4.546600642086060517 11.6230551380156637 
	8.835392986868004783 4.57225996247292521 11.61455350847140267 
	8.84208839776260902 4.584115488289244311 11.60829883936052731 
	8.854242333798993059 4.604428881238746385 11.59367081906059305 
	8.860799421709563362 4.614511287000838458 11.58396984412728692 
	8.871282058462123032 4.63118273882481013 11.56111799852212663 
	8.875162153715949742 4.63775996561771553 11.54793768822710476 
	8.87832437281626774 4.645715297364262142 11.52203794395006931 
	8.878026448797003312 4.647781687708087084 11.5079569098571497 
	8.872709492641783768 4.647261708716372119 11.48070645703442239 
	8.867693682985299475 4.644712668061361072 11.46753571016091477 
	8.853361695161542144 4.636202482936139901 11.44175550086181481 
	8.840642843631830061 4.627803462024683512 11.42722979136489769 
	8.817783700943763847 4.613863807654150051 11.40943402082952574 
	8.805396161943287225 4.606646671679798466 11.40245869819400149 
	8.77845590149308741 4.595163161650257067 11.39296522015223978 
	8.763806582997359484 4.591160194568772113 11.39040468202652079 
	8.749203559845291522 4.591160194568772113 11.39040468202652079 
	0.0002059126914160822551 
	
	cone 10.33555422583333261 4.519001597292112926 11.49678403725481068 1 0 0 0 -0.1285434960615350342 0 1 I I 0 1 0.1285434960615350342 forward I I I I 
	cone 8.749203559845291522 6.348833320724273754 11.51894817808786442 0 -1 0 -0.1285434960613438538 0 0 1 I I 0 1 0.1285434960613438538 forward I I I I 
	nullbs 
	nullbs 
	I I 
	0 
	0 
	0 
	} F 1.081269640967272183 F 1.860548800266118574 #
coedge $-1 -1 $-1 $6738 $6513 $6508 $6731 forward $6514 $-1 #
edge $6893 -1 $-1 $6894 -2.542205151526942153 $6733 -2.440635174698657206 $6730 $6895 forward @7 unknown #
DXID-attrib $-1 -1 $-1 $-1 $6509 @10 Revit:Edge @9 Edge:2947 #
vertex $-1 -1 $-1 $6731 $6896 #
straight-curve $-1 -1 $-1 10.06878089922054365 5.883912436483940134 11.86415406433783737 0 -12 2.221224247740881296e-15 F -1.748382715945128016e-16 F 1.199579584011099875 #
edge $6897 -1 $-1 $6894 -1.284092413768876506 $6516 9.324707818374031863e-16 $6704 $6898 forward @7 unknown #
face $6899 -1 $-1 $6529 $6514 $39 $-1 $6900 forward single #
point $-1 -1 $-1 -5.475529325086236909 -8.481897505832973749 11.84198992350499857 #
coedge $-1 -1 $-1 $6525 $6730 $6519 $6739 forward $6514 $-1 #
edge $6901 -1 $-1 $6733 0.7449667111904740846 $6741 2.465155114817500603 $6738 $6902 forward @7 unknown #
DXID-attrib $-1 -1 $-1 $-1 $6521 @10 Revit:Edge @9 Edge:3035 #
vertex $-1 -1 $-1 $6739 $6903 #
ellipse-curve $-1 -1 $-1 9.847336045280009387 -9.921279919702664429 12.17242898194871081 -2.705231202957286063e-16 -0.1727994780081275605 0.984957024646313517 0 2.163532956271315033 0.3795671853107622229 0.1727994780081275605 F -0.8566155535989611325 F -0.776469829218869978 #
point $-1 -1 $-1 10.1133235942205566 -8.37783325058398276 12.44320909933795605 #
DXID-attrib $-1 -1 $-1 $-1 $6528 @10 Revit:Edge @8 Edge:640 #
straight-curve $-1 -1 $-1 -5.676098115533655175 -8.50416885333299355 12.42104495850479218 -12 1.921266810427853878e-14 0 F -1.317520545510100449 F 5.827942386483667609e-17 #
rgb_color-st-attrib $-1 -1 $6904 $-1 $6529 0 0 0 #
plane-surface $-1 -1 $-1 -5.833444059166968287 -8.50416885333299355 12.42104495850479218 -2.705231202957286063e-16 -0.1727994780081275605 0.984957024646313517 12 -1.878638454796753198e-14 0 forward_v I I I I #
DXID-attrib $-1 -1 $-1 $-1 $6533 @10 Revit:Edge @8 Edge:135 #
straight-curve $-1 -1 $-1 -40.49956604000010429 -11.01718579500004758 21.32666173933785814 0 12 0 F 0 F 0.249863202500004461 #
lump $-1 -1 $-1 $-1 $6905 $6 #
shell $-1 -1 $-1 $-1 $-1 $6906 $-1 $6540 #
face $6907 -1 $-1 $6908 $6909 $6541 $-1 $6910 forward single #
DXID-attrib $-1 -1 $-1 $-1 $6542 @10 Revit:Face @6 Face:0 #
face $6911 -1 $-1 $6912 $6913 $6272 $-1 $6914 forward single #
loop $-1 -1 $-1 $-1 $6915 $6542 #
plane-surface $-1 -1 $-1 -35.89339222000001683 10.5826410949999854 22.10596108082838285 0 0 1 0 -12 0 forward_v I I I I #
DXID-attrib $-1 -1 $-1 $-1 $6544 @10 Revit:Face @8 Face:242 #
face $6916 -1 $-1 $6917 $6918 $5953 $-1 $6919 forward single #
loop $-1 -1 $-1 $-1 $6920 $6544 #
plane-surface $-1 -1 $-1 7.778350129999701323 -10.58264109499998362 22.10596108082838285 0 -1 0 0 0 -12 forward_v I I I I #
coedge $-1 -1 $-1 $6921 $6922 $6920 $6923 forward $6545 $-1 #
DXID-attrib $-1 -1 $-1 $-1 $6548 @10 Revit:Face @8 Face:229 #
face $6924 -1 $-1 $6925 $6926 $5570 $-1 $6927 forward single #
loop $-1 -1 $-1 $-1 $6928 $6548 #
plane-surface $-1 -1 $-1 -4.086920320017575214 -9.929346395000038683 22.10596108082838285 0 1 0 0 0 -12 forward_v I I I I #
coedge $-1 -1 $-1 $6929 $6930 $6551 $6769 reversed $6549 $-1 #
coedge $-1 -1 $-1 $6931 $6551 $6928 $6932 forward $6276 $-1 #
coedge $-1 -1 $-1 $6551 $6931 $6933 $6934 forward $6276 $-1 #
edge $6935 -1 $-1 $6936 -1.165588477296752257e-16 $6937 0.05444122499999553416 $6551 $6938 forward @7 unknown #
DXID-attrib $-1 -1 $-1 $-1 $6553 @10 Revit:Face @8 Face:217 #
face $6939 -1 $-1 $6940 $6941 $5096 $-1 $6942 forward single #
loop $-1 -1 $-1 $-1 $6943 $6553 #
plane-surface $-1 -1 $-1 -8.212894830000205815 -9.929346395000038683 22.10596108082838285 0 1 0 0 0 -12 forward_v I I I I #
coedge $-1 -1 $-1 $6944 $6945 $6557 $6778 reversed $6554 $-1 #
coedge $-1 -1 $-1 $6946 $6556 $6947 $6948 forward $6280 $-1 #
coedge $-1 -1 $-1 $6556 $6946 $6944 $6949 forward $6280 $-1 #
coedge $-1 -1 $-1 $6558 $6557 $6943 $6950 forward $5957 $-1 #
edge $6951 -1 $-1 $6783 -1.165588477296752257e-16 $6952 0.05806243083332179172 $6557 $6953 forward @7 unknown #
coedge $-1 -1 $-1 $6954 $6947 $6558 $6780 reversed $6941 $-1 #
edge $6955 -1 $-1 $6956 0 $6782 0.05806243083332190968 $6558 $6957 forward @7 unknown #
DXID-attrib $-1 -1 $-1 $-1 $6559 @10 Revit:Edge @8 Edge:211 #
vertex $-1 -1 $-1 $6559 $6958 #
vertex $-1 -1 $-1 $6559 $6959 #
straight-curve $-1 -1 $-1 -8.821257410000381327 -10.62609556499989871 22.10596108082838285 12 0 0 F 0 F 0.05069688166668125107 #
DXID-attrib $-1 -1 $-1 $-1 $6561 @10 Revit:Face @8 Face:205 #
face $6960 -1 $-1 $-1 $6961 $4548 $-1 $6962 forward single #
loop $-1 -1 $-1 $-1 $6569 $6561 #
plane-surface $-1 -1 $-1 -25.20359260000020285 -10.62609556499989871 22.10596108082838285 0 -1 0 0 0 -12 forward_v I I I I #
coedge $-1 -1 $-1 $6963 $6964 $6567 $6796 reversed $6562 $-1 #
coedge $-1 -1 $-1 $6965 $6564 $6566 $6795 reversed $6285 $-1 #
coedge $-1 -1 $-1 $6564 $6965 $6963 $6966 forward $6285 $-1 #
coedge $-1 -1 $-1 $6566 $6565 $6967 $6968 reversed $5961 $-1 #
coedge $-1 -1 $-1 $6569 $6969 $6565 $6794 reversed $6787 $-1 #
edge $6970 -1 $-1 $6572 -2.331176954593504514e-16 $6971 0.04361902086167396969 $6565 $6972 forward @7 unknown #
edge $6973 -1 $-1 $6974 -0.04361902086167396969 $6573 2.331176954593504514e-16 $6566 $6975 forward @7 unknown #
edge $6976 -1 $-1 $6798 0 $6802 0.05806243083332190968 $6567 $6977 forward @7 unknown #
DXID-attrib $-1 -1 $-1 $-1 $6568 @10 Revit:Edge @8 Edge:198 #
vertex $-1 -1 $-1 $6568 $6978 #
straight-curve $-1 -1 $-1 -24.59523002000003089 -9.929346395000038683 22.10596108082838285 -12 0 0 F 0 F 0.05069688166668113311 #
coedge $-1 -1 $-1 $6969 $6569 $6964 $6979 reversed $6787 $-1 #
DXID-attrib $-1 -1 $-1 $-1 $6570 @10 Revit:Edge @8 Edge:206 #
vertex $-1 -1 $-1 $6796 $6980 #
straight-curve $-1 -1 $-1 -25.20359260000020285 -10.62609556499989871 22.10596108082838285 12 0 0 F 0 F 0.05069688166668113311 #
point $-1 -1 $-1 -24.59523002000003089 -10.62609556499990049 22.1059610808283864 #
point $-1 -1 $-1 -24.59523002000003089 -9.929346395000038683 22.1059610808283864 #
DXID-attrib $-1 -1 $-1 $-1 $6576 @10 Revit:Face @6 Face:1 #
loop $-1 -1 $-1 $-1 $6981 $6576 #
plane-surface $-1 -1 $-1 -35.89339222000001683 10.5826410949999854 21.58253283048829729 0 0 -1 0 12 0 forward_v I I I I #
coedge $-1 -1 $-1 $6982 $6579 $6581 $6812 reversed $6293 $-1 #
coedge $-1 -1 $-1 $6579 $6982 $6590 $6825 forward $6293 $-1 #
coedge $-1 -1 $-1 $6581 $6580 $6983 $6984 reversed $5966 $-1 #
edge $6985 -1 $-1 $6986 -0.04361902086167396969 $6588 2.331176954593504514e-16 $6581 $6987 forward @7 unknown #
coedge $-1 -1 $-1 $6981 $6983 $6582 $6814 forward $6807 $-1 #
edge $6988 -1 $-1 $6820 0 $6817 0.05431808750000762659 $6813 $6989 forward @7 unknown #
coedge $-1 -1 $-1 $6583 $6590 $6981 $6990 reversed $6577 $-1 #
DXID-attrib $-1 -1 $-1 $-1 $6584 @10 Revit:Edge @8 Edge:193 #
vertex $-1 -1 $-1 $6990 $6991 #
straight-curve $-1 -1 $-1 -32.02594438999983595 -10.58264109499997119 22.10596108082838285 0 0 -12 F -2.331176954593504514e-16 F 0.04361902086167396969 #
DXID-attrib $-1 -1 $-1 $-1 $6585 @10 Revit:Edge @8 Edge:184 #
vertex $-1 -1 $-1 $6984 $6992 #
straight-curve $-1 -1 $-1 -31.37412733999974535 -10.58264109499997119 22.10596108082838285 0 0 12 F -0.04361902086167396969 F 2.331176954593504514e-16 #
DXID-attrib $-1 -1 $-1 $-1 $6586 @10 Revit:Edge @8 Edge:186 #
straight-curve $-1 -1 $-1 -31.37412733999974535 -9.929346395000024472 22.10596108082838285 -12 0 0 F 0 F 0.05431808750000762659 #
point $-1 -1 $-1 -31.37412733999974535 -9.929346395000024472 22.1059610808283864 #
edge $6993 -1 $-1 $6994 -0.04361902086167396969 $6592 2.331176954593504514e-16 $6810 $6995 forward @7 unknown #
point $-1 -1 $-1 -32.02594438999983595 -9.929346395000024472 22.1059610808283864 #
coedge $-1 -1 $-1 $6996 $6603 $6605 $6836 forward $6597 $-1 #
coedge $-1 -1 $-1 $6600 $6599 $6996 $6997 reversed $5974 $-1 #
coedge $-1 -1 $-1 $6603 $6996 $6601 $6830 forward $6597 $-1 #
edge $6998 -1 $-1 $6832 0 $6610 0.05444122499999565212 $6829 $6999 forward @7 unknown #
DXID-attrib $-1 -1 $-1 $-1 $6602 @10 Revit:Edge @8 Edge:172 #
vertex $-1 -1 $-1 $6997 $7000 #
straight-curve $-1 -1 $-1 -35.24157516999992623 -9.929346395000038683 22.10596108082838285 0 0 12 F -0.04361902086167396969 F 2.331176954593504514e-16 #
DXID-attrib $-1 -1 $-1 $-1 $6604 @10 Revit:Edge @8 Edge:164 #
straight-curve $-1 -1 $-1 -35.24157516999992623 -10.58264109499998362 21.58253283048829729 -12 0 0 F 0 F 0.05431808750000762659 #
edge $7001 -1 $-1 $6607 -1.165588477296752257e-16 $6840 0.05444122499999553416 $6827 $7002 forward @7 unknown #
point $-1 -1 $-1 -35.89339222000001683 -10.5826410949999854 21.58253283048829729 #
point $-1 -1 $-1 -35.24157516999992623 -10.5826410949999854 21.58253283048829729 #
DXID-attrib $-1 -1 $-1 $-1 $6615 @10 Revit:Edge @8 Edge:176 #
vertex $-1 -1 $-1 $6836 $7003 #
straight-curve $-1 -1 $-1 -35.89339222000001683 -9.929346395000038683 22.10596108082838285 0 0 12 F -0.04361902086167396969 F 2.331176954593504514e-16 #
coedge $-1 -1 $-1 $6619 $6617 $6618 $6843 forward $6328 $-1 #
edge $7004 -1 $-1 $6630 0 $6622 0.05431808750000762659 $6842 $7005 forward @7 unknown #
DXID-attrib $-1 -1 $-1 $-1 $6620 @10 Revit:Edge @8 Edge:151 #
straight-curve $-1 -1 $-1 38.239933599999965 9.972800864999953774 21.58253283048829729 0 12 0 F 0 F 0.05444122499999553416 #
point $-1 -1 $-1 38.239933599999965 9.972800864999953774 21.58253283048829729 #
DXID-attrib $-1 -1 $-1 $-1 $6626 @10 Revit:Edge @8 Edge:159 #
straight-curve $-1 -1 $-1 38.8917506500000556 10.62609556499990049 21.58253283048829729 0 -12 0 F 0 F 0.05444122499999553416 #
point $-1 -1 $-1 38.8917506500000556 9.972800864999953774 21.58253283048829729 #
DXID-attrib $-1 -1 $-1 $-1 $6633 @10 Revit:Edge @8 Edge:139 #
straight-curve $-1 -1 $-1 30.93958263999990876 9.972800864999953774 21.58253283048829729 -12 0 0 F 0 F 0.05069688166666178747 #
coedge $-1 -1 $-1 $6645 $6644 $7006 $7007 reversed $6056 $-1 #
edge $7008 -1 $-1 $7009 -1.654922515555550033 $6658 1.251116619727148846e-30 $6645 $7010 forward @7 unknown #
coedge $-1 -1 $-1 $6648 $7006 $6646 $6855 forward $3379 $-1 #
edge $7011 -1 $-1 $6857 0 $6651 0.02360982221381572113 $6854 $7012 forward @7 unknown #
DXID-attrib $-1 -1 $-1 $-1 $6647 @10 Revit:Edge @8 Edge:148 #
vertex $-1 -1 $-1 $7007 $7013 #
straight-curve $-1 -1 $-1 37.41308632333351625 9.885206811666650495 21.32666173933809972 0 12 -1.932079768609035795e-14 F -1.654922515555550033 F 0 #
DXID-attrib $-1 -1 $-1 $-1 $6649 @10 Revit:Edge @8 Edge:139 #
straight-curve $-1 -1 $-1 37.41308632333351625 -9.973863374999949016 21.04334387277234342 8.485281374238571317 0 -8.485281374238571317 F 0 F 0.008403773973139344947 #
point $-1 -1 $-1 37.41308632333351625 -9.973863374999949016 21.04334387277234342 #
coedge $-1 -1 $-1 $7014 $6656 $6665 $6865 forward $3379 $-1 #
point $-1 -1 $-1 32.44673562375025 9.885206811666650495 21.32666173933809972 #
coedge $-1 -1 $-1 $6662 $6661 $7014 $7015 reversed $6375 $-1 #
edge $7016 -1 $-1 $6670 -8.932274830880257134e-31 $6867 0.9271998915278187869 $6862 $7017 forward @7 unknown #
DXID-attrib $-1 -1 $-1 $-1 $6666 @10 Revit:Edge @8 Edge:156 #
vertex $-1 -1 $-1 $6865 $7018 #
straight-curve $-1 -1 $-1 30.83033649583372693 9.885206811666648719 20.72822993683815795 0 12 -1.932079768609035795e-14 F -1.654922515555550033 F -3.753349859181446362e-31 #
DXID-attrib $-1 -1 $-1 $-1 $6668 @10 Revit:Edge @8 Edge:159 #
straight-curve $-1 -1 $-1 19.61528123416671576 -9.973863374999949016 20.81688650017133568 8.485281374238315522 0 -8.485281374238827112 F 0 F 0.01044827618826531419 #
point $-1 -1 $-1 19.70393779749990415 -9.973863374999949016 20.7282299368381473 #
coedge $-1 -1 $-1 $6704 $6877 $6680 $6873 forward $6705 $-1 #
edge $7019 -1 $-1 $6875 -2.456139735287271152e-16 $6894 0.145138704551891401 $6872 $7020 forward @7 unknown #
DXID-attrib $-1 -1 $-1 $-1 $6681 @10 Revit:Edge @9 Edge:2945 #
vertex $-1 -1 $-1 $6878 $7021 #
straight-curve $-1 -1 $-1 8.71022870172066277 4.617444412331663806 11.64144058933785963 0 -12 0 F 3.496765431890256525e-16 F 0.989665914978857586 #
coedge $-1 -1 $-1 $6872 $6709 $6682 $6878 forward $6705 $-1 #
edge $7022 -1 $-1 $6880 2.466262438595279605 $6875 2.833539872568787032 $6877 $7023 forward @7 unknown #
DXID-attrib $-1 -1 $-1 $-1 $6684 @10 Revit:Edge @9 Edge:3027 #
vertex $-1 -1 $-1 $6684 $7024 #
intcurve-curve $-1 -1 $-1 forward { surfintcur full nubs 3 periodic 37 
	0 3 0.1063336041083723094 2 0.2126672082167446187 2 0.3479356455875295406 2 0.4472633403022488463 2 
	0.546591035016968152 2 0.6503507046757404098 2 0.7541103743345127786 2 0.8564086861625417324 2 0.9587069979905705752 2 
	1.061005309818599418 2 1.163303621646628372 2 1.267063291305400519 2 1.370822960964172887 2 1.470150655678892138 2 
	1.569478350393611388 2 1.704746787764396254 2 1.81108039187276848 2 1.917413995981140928 2 2.023747600089513377 2 
	2.130081204197885381 2 2.265349641568670247 2 2.364677336283389497 2 2.464005030998108747 2 2.567764700656881338 2 
	2.671524370315653485 2 2.773822682143682439 2 2.876120993971711393 2 2.978419305799740346 2 3.0807176176277693 2 
	3.184477287286541447 2 3.288236956945314038 2 3.387564651660033288 2 3.486892346374752538 2 3.622160783745537405 2 
	3.728494387853909409 2 3.834827991962281857 3 
	8.749203559845291522 -7.072740988360279424 11.39040468202652079 
	8.735249018623720829 -7.072740988360279424 11.39040468202652079 
	8.721428795884369478 -7.068510095336007382 11.39272125616137288 
	8.695878307477393321 -7.056713457489738772 11.40121504412373454 
	8.684058598549071917 -7.049382935851605581 11.40744793584218719 
	8.661279961366176394 -7.034659779641405208 11.42386902332879295 
	8.648083343005694701 -7.025438902849935552 11.4378191074250708 
	8.632916276385973475 -7.015731291854942597 11.46279019509698394 
	8.627441256304456019 -7.01259884102278086 11.47552068389306257 
	8.621015142862352931 -7.010877561590839413 11.50222287660085918 
	8.620074263644882606 -7.012331832310664481 11.51619979828401696 
	8.622037636691512574 -7.019240190329131046 11.54186578228098981 
	8.625184954832645801 -7.025206247873781784 11.55490334663186225 
	8.634204715930724916 -7.040802128123094583 11.57767342265565524 
	8.640025977987708217 -7.050420643214788008 11.58743391443322324 
	8.650951989530838659 -7.070160879480570593 11.60234030559347218 
	8.657027659506773887 -7.081870877960666277 11.60877033452376139 
	8.666409046843185138 -7.107277235791020331 11.61748492368282371 
	8.669478678848998143 -7.121056006777802594 11.6197815739931869 
	8.669478678848998143 -7.14790595738883372 11.6197815739931869 
	8.666409046843183361 -7.161684728375614206 11.61748492368282371 
	8.657027659506773887 -7.187091086205969148 11.60877033452376139 
	8.650951989530838659 -7.198801084686064833 11.6023403055934704 
	8.640025977987708217 -7.218541320951849194 11.58743391443322324 
	8.634204715930724916 -7.228159836043539954 11.57767342265565702 
	8.625184954832647577 -7.243755716292852753 11.55490334663186403 
	8.622037636691512574 -7.249721773837506156 11.54186578228098981 
	8.620074263644882606 -7.256630131855972721 11.51619979828401696 
	8.621015142862352931 -7.258084402575796013 11.50222287660085918 
	8.627441256304456019 -7.256363123143855454 11.47552068389306257 
	8.632916276385973475 -7.253230672311695493 11.46279019509698394 
	8.648083343005694701 -7.24352306131670165 11.4378191074250708 
	8.661279961366176394 -7.234302184525231993 11.42386902332879295 
	8.684058598549071917 -7.219579028315031621 11.40744793584218719 
	8.695878307477395097 -7.212248506676895765 11.40121504412373277 
	8.721428795884371254 -7.20045186883062982 11.39272125616137288 
	8.735249018623720829 -7.196220975806358666 11.39040468202652079 
	8.763158101066862216 -7.196220975806358666 11.39040468202652079 
	8.77697832380621179 -7.200451868830632485 11.39272125616137288 
	8.802528812213186171 -7.21224850667689843 11.40121504412373454 
	8.814348521141509352 -7.219579028315031621 11.40744793584218719 
	8.837127158324406651 -7.234302184525231993 11.42386902332879295 
	8.850323776684888344 -7.24352306131670165 11.4378191074250708 
	8.865490843304609569 -7.253230672311695493 11.46279019509698394 
	8.870965863386127026 -7.256363123143855454 11.47552068389306257 
	8.877391976828230113 -7.258084402575796013 11.50222287660085918 
	8.878332856045700439 -7.256630131855972721 11.51619979828401696 
	8.876369482999068694 -7.249721773837506156 11.54186578228098981 
	8.873222164857933691 -7.243755716292852753 11.55490334663186758 
	8.864202403759854576 -7.228159836043539954 11.57767342265566057 
	8.858381141702874828 -7.218541320951849194 11.58743391443322324 
	8.847455130159744385 -7.198801084686066609 11.60234030559347218 
	8.841379460183809158 -7.187091086205970036 11.60877033452375962 
	8.831998072847397907 -7.161684728375615983 11.61748492368282193 
	8.828928440841584901 -7.147905957388835496 11.6197815739931869 
	8.828928440841584901 -7.121056006777802594 11.6197815739931869 
	8.831998072847396131 -7.107277235791022996 11.61748492368282193 
	8.841379460183807382 -7.081870877960668942 11.60877033452375962 
	8.847455130159744385 -7.070160879480570593 11.60234030559347218 
	8.858381141702876604 -7.050420643214788008 11.58743391443322324 
	8.864202403759858129 -7.040802128123097248 11.57767342265565702 
	8.873222164857937244 -7.025206247873784449 11.5549033466318658 
	8.876369482999068694 -7.019240190329131046 11.54186578228099158 
	8.878332856045700439 -7.012331832310664481 11.51619979828401696 
	8.877391976828230113 -7.010877561590839413 11.50222287660085918 
	8.870965863386127026 -7.01259884102278086 11.47552068389306257 
	8.865490843304609569 -7.015731291854942597 11.46279019509698394 
	8.850323776684888344 -7.025438902849935552 11.4378191074250708 
	8.837127158324406651 -7.034659779641405208 11.42386902332879295 
	8.814348521141509352 -7.049382935851605581 11.40744793584218719 
	8.802528812213186171 -7.056713457489738772 11.40121504412373454 
	8.776978323806213567 -7.068510095336006493 11.39272125616137288 
	8.763158101066863992 -7.072740988360279424 11.39040468202652079 
	8.749203559845291522 -7.072740988360279424 11.39040468202652079 
	0.0002023509199599043018 
	
	cone 10.33555422583333261 -7.134480982083318601 11.49678403725481246 1 0 0 0 -0.122997536738375754 0 1 I I 0 1 0.122997536738375754 forward I I I I 
	cone 8.749203559845291522 6.348833320724273754 11.51894817808786442 0 -1 0 -0.1285434960613438538 0 0 1 I I 0 1 0.1285434960613438538 forward I I I I 
	nullbs 
	nullbs 
	I I 
	0 
	0 
	0 
	} F 0.1019769518993813573 F 0.9305630524572333639 #
point $-1 -1 $-1 8.710228701720668099 4.43864197724033005 11.39645576683786743 #
point $-1 -1 $-1 8.710228701720666322 -7.06332880573675137 11.39645576683787098 #
DXID-attrib $-1 -1 $-1 $-1 $6692 @10 Revit:Edge @9 Edge:3026 #
ellipse-curve $-1 -1 $-1 8.085963908015111556 -7.134480982083318601 11.49678403725481246 0.1586780953837230723 8.46074724534227134e-17 0.9873303712767039775 0.7653180063722746507 0 -0.122997536738375754 0.1586780953837230446 F 0.09065988720236652088 F 0.6168696132128861365 #
point $-1 -1 $-1 8.84813891134856334 -7.123345308333119519 11.3742916260048208 #
face $7025 -1 $-1 $6736 $6705 $39 $-1 $7026 forward single #
DXID-attrib $-1 -1 $-1 $-1 $6712 @10 Revit:Edge @8 Edge:636 #
straight-curve $-1 -1 $-1 -4.210793624739885388 -7.123345308333113302 11.6192764485048059 -12 1.365405868134704181e-14 0 F -1.073303130377807779 F 1.326251122275983406e-31 #
rgb_color-st-attrib $-1 -1 $7027 $-1 $6713 0 0 0 #
cone-surface $-1 -1 $-1 10.33555422583333261 -7.134480982083318601 11.49678403725481246 1 0 0 0 -0.122997536738375754 0 1 I I 0 1 0.122997536738375754 forward I I I I #
DXID-attrib $-1 -1 $-1 $6717 $6477 @10 Revit:Face @8 Face:127 #
DXID-attrib $-1 -1 $-1 $-1 $6731 @10 Revit:Edge @9 Edge:3032 #
vertex $-1 -1 $-1 $6873 $7028 #
ellipse-curve $-1 -1 $-1 11.75004384303236016 -8.278442196023995336 12.13977094037256421 -0.1617750270664803647 1.691287879329149041e-16 0.9868276651055337689 2.199958019587636482 0 0.3606488556701030745 0.1617750270664803647 F -2.542205151526942153 F -2.440635174698657206 #
point $-1 -1 $-1 10.06878089922054187 -8.511042571649259258 11.86415406433783915 #
DXID-attrib $-1 -1 $-1 $-1 $6735 @10 Revit:Edge @8 Edge:638 #
straight-curve $-1 -1 $-1 -5.475529325086225363 -8.481897505832991513 11.84198992350499857 -12 1.245020325887525282e-14 -8.300135505916834687e-15 F -1.284092413768876506 F 9.324707818374031863e-16 #
rgb_color-st-attrib $-1 -1 $7029 $-1 $6736 0 0 0 #
cone-surface $-1 -1 $-1 10.33555422583333261 -8.278442196023995336 12.13977094037256421 -1 0 0 0 -0.3606488556701030745 0 1 I I 0 1 0.3606488556701030745 forward I I I I #
DXID-attrib $-1 -1 $-1 $-1 $6739 @10 Revit:Edge @9 Edge:3033 #
intcurve-curve $-1 -1 $-1 forward { surfintcur full nubs 3 open 10 
	0.1372204426678642619 3 0.2744408853357285238 2 0.5488817706714570477 2 1.097763541342914095 2 1.425801553271842881 2 
	1.753839565200771888 2 2.091424806975651585 2 2.429010048750531503 2 2.774889464999112931 2 2.947829173123403645 3 
	9.895501550961563808 -8.387259211641287848 11.79593020077237142 
	9.91012357992361359 -8.393169857120806654 11.79780078543971022 
	9.923788882782648813 -8.400777314696691533 11.80038360838477196 
	9.9641549652226864 -8.426068081823807177 11.81022416407367537 
	9.989914330663145492 -8.446022301532661203 11.81950780261881562 
	10.06649741743180826 -8.507865793386971021 11.85733811755544842 
	10.11497677264916994 -8.550928210040833477 11.89572523038473761 
	10.17579724767330696 -8.603024588694305308 11.97837237863231685 
	10.19638697148782924 -8.620265809172048321 12.0169189869241464 
	10.22275959074695884 -8.639615799140235808 12.10117537197787918 
	10.22843994117205213 -8.641575241789112738 12.14695142919874016 
	10.22453820730001084 -8.629531224112623633 12.23338124613849587 
	10.21448377207655156 -8.614735126201637172 12.27732280697033396 
	10.18306742161628975 -8.571668780470767857 12.3543207197403877 
	10.16184334444453796 -8.543467093063004114 12.38747155292447566 
	10.1195438339775361 -8.483551703407124833 12.43910318920747748 
	10.09476252231655202 -8.447110313294913908 12.46139530728370381 
	10.0641083794195012 -8.38727831381692468 12.48426794583500055 
	10.05505938847528569 -8.366447140839506247 12.49020285922857276 
	10.04860376755064877 -8.344918053735701946 12.49424034305444131 
	0.0001943041676812461821 
	
	cone 10.33555422583333261 -8.278442196023995336 12.13977094037256421 -1 0 0 0 -0.3606488556701030745 0 1 I I 0 1 0.3606488556701030745 forward I I I I 
	cone 9.847336045280009387 6.348833320724273754 12.17242898194871081 0 1 0 -0.3795671853107622229 0 0 1 I I 0 1 0.3795671853107622229 forward I I I I 
	nullbs 
	nullbs 
	I I 
	0 
	0 
	0 
	} F 0.7449667111904740846 F 2.465155114817500603 #
point $-1 -1 $-1 10.13414843058754933 -8.504168853333023748 12.42104495850479218 #
DXID-attrib $-1 -1 $-1 $6746 $6529 @10 Revit:Face @8 Face:135 #
shell $-1 -1 $-1 $-1 $-1 $7030 $-1 $6750 #
face $7031 -1 $-1 $7032 $7033 $6751 $-1 $7034 forward single #
DXID-attrib $-1 -1 $-1 $-1 $6752 @10 Revit:Face @6 Face:0 #
face $7035 -1 $-1 $7036 $7037 $6541 $-1 $7038 forward single #
loop $-1 -1 $-1 $-1 $7039 $6752 #
plane-surface $-1 -1 $-1 -35.89339222000001683 10.5826410949999854 22.10596108082838285 0 0 1 0 -12 0 forward_v I I I I #
DXID-attrib $-1 -1 $-1 $-1 $6754 @10 Revit:Face @8 Face:258 #
face $7040 -1 $-1 $7041 $7042 $6272 $-1 $7043 forward single #
loop $-1 -1 $-1 $-1 $7044 $6754 #
plane-surface $-1 -1 $-1 13.81852145999994264 -10.58264109499998362 22.10596108082838285 1 0 0 0 0 -12 forward_v I I I I #
coedge $-1 -1 $-1 $7045 $7046 $7044 $7047 forward $6755 $-1 #
DXID-attrib $-1 -1 $-1 $-1 $6758 @10 Revit:Face @8 Face:245 #
face $7048 -1 $-1 $7049 $7050 $5953 $-1 $7051 forward single #
loop $-1 -1 $-1 $-1 $7052 $6758 #
plane-surface $-1 -1 $-1 8.299803770000046654 -10.58264109499998362 22.10596108082838285 1 0 0 0 0 -12 forward_v I I I I #
coedge $-1 -1 $-1 $7053 $7054 $6761 $6923 reversed $6759 $-1 #
coedge $-1 -1 $-1 $7055 $6761 $7052 $7056 forward $6545 $-1 #
coedge $-1 -1 $-1 $6761 $7055 $7057 $7058 forward $6545 $-1 #
edge $7059 -1 $-1 $7060 0 $7061 0.04345447000002873594 $6761 $7062 forward @7 unknown #
DXID-attrib $-1 -1 $-1 $-1 $6763 @10 Revit:Face @8 Face:233 #
face $7063 -1 $-1 $7064 $7065 $5570 $-1 $7066 forward single #
loop $-1 -1 $-1 $-1 $7067 $6763 #
plane-surface $-1 -1 $-1 -4.649628289999898634 -9.929346395000038683 22.10596108082838285 -1 0 0 0 0 -12 forward_v I I I I #
coedge $-1 -1 $-1 $7068 $7069 $6767 $6932 reversed $6764 $-1 #
coedge $-1 -1 $-1 $7070 $6766 $7071 $7072 forward $6549 $-1 #
coedge $-1 -1 $-1 $6766 $7070 $7068 $7073 forward $6549 $-1 #
coedge $-1 -1 $-1 $6768 $6767 $7067 $7074 forward $6276 $-1 #
edge $7075 -1 $-1 $6937 0 $7076 0.04689233083186028495 $6767 $7077 forward @7 unknown #
coedge $-1 -1 $-1 $7078 $7071 $6768 $6934 reversed $7065 $-1 #
edge $7079 -1 $-1 $7080 0 $6936 0.04689233083186028495 $6768 $7081 forward @7 unknown #
DXID-attrib $-1 -1 $-1 $-1 $6769 @10 Revit:Edge @8 Edge:227 #
vertex $-1 -1 $-1 $6769 $7082 #
vertex $-1 -1 $-1 $6769 $7083 #
straight-curve $-1 -1 $-1 -4.086920320017575214 -10.58264109499998362 22.10596108082838285 0 12 0 F -1.165588477296752257e-16 F 0.05444122499999553416 #
DXID-attrib $-1 -1 $-1 $-1 $6771 @10 Revit:Face @8 Face:221 #
face $7084 -1 $-1 $-1 $7085 $5096 $-1 $7086 forward single #
loop $-1 -1 $-1 $-1 $6779 $6771 #
plane-surface $-1 -1 $-1 -8.821257410000381327 -9.929346395000038683 22.10596108082838285 -1 -0 -0 0 0 -12 forward_v I I I I #
coedge $-1 -1 $-1 $7087 $7088 $6777 $6950 reversed $6772 $-1 #
coedge $-1 -1 $-1 $7089 $6774 $6776 $6949 reversed $6554 $-1 #
coedge $-1 -1 $-1 $6774 $7089 $7087 $7090 forward $6554 $-1 #
coedge $-1 -1 $-1 $6776 $6775 $7091 $7092 reversed $6280 $-1 #
coedge $-1 -1 $-1 $6779 $7093 $6775 $6948 reversed $6941 $-1 #
edge $7094 -1 $-1 $6782 -2.331176954593504514e-16 $7095 0.04361902086167396969 $6775 $7096 forward @7 unknown #
edge $7097 -1 $-1 $7098 -0.04361902086167396969 $6783 2.331176954593504514e-16 $6776 $7099 forward @7 unknown #
edge $7100 -1 $-1 $6952 0 $6956 0.05069688166668125107 $6777 $7101 forward @7 unknown #
DXID-attrib $-1 -1 $-1 $-1 $6778 @10 Revit:Edge @8 Edge:214 #
vertex $-1 -1 $-1 $6778 $7102 #
straight-curve $-1 -1 $-1 -8.212894830000205815 -10.62609556499989871 22.10596108082838285 0 12 0 F -1.165588477296752257e-16 F 0.05806243083332179172 #
coedge $-1 -1 $-1 $7093 $6779 $7088 $7103 reversed $6941 $-1 #
DXID-attrib $-1 -1 $-1 $-1 $6780 @10 Revit:Edge @8 Edge:222 #
vertex $-1 -1 $-1 $6950 $7104 #
straight-curve $-1 -1 $-1 -8.821257410000381327 -9.929346395000038683 22.10596108082838285 0 -12 0 F 0 F 0.05806243083332190968 #
point $-1 -1 $-1 -8.821257410000381327 -10.62609556499990049 22.1059610808283864 #
point $-1 -1 $-1 -8.212894830000205815 -10.62609556499990049 22.1059610808283864 #
DXID-attrib $-1 -1 $-1 $-1 $6786 @10 Revit:Face @6 Face:1 #
loop $-1 -1 $-1 $-1 $7105 $6786 #
plane-surface $-1 -1 $-1 -35.89339222000001683 10.5826410949999854 21.58253283048829729 0 0 -1 0 12 0 forward_v I I I I #
coedge $-1 -1 $-1 $7106 $6789 $6791 $6966 reversed $6562 $-1 #
coedge $-1 -1 $-1 $6789 $7106 $6800 $6979 forward $6562 $-1 #
coedge $-1 -1 $-1 $6791 $6790 $7107 $7108 reversed $6285 $-1 #
edge $7109 -1 $-1 $7110 -0.04361902086167396969 $6798 2.331176954593504514e-16 $6791 $7111 forward @7 unknown #
coedge $-1 -1 $-1 $7105 $7107 $6792 $6968 forward $6961 $-1 #
edge $7112 -1 $-1 $6974 0 $6971 0.05806243083332190968 $6967 $7113 forward @7 unknown #
coedge $-1 -1 $-1 $6793 $6800 $7105 $7114 reversed $6787 $-1 #
DXID-attrib $-1 -1 $-1 $-1 $6794 @10 Revit:Edge @8 Edge:209 #
vertex $-1 -1 $-1 $7114 $7115 #
straight-curve $-1 -1 $-1 -24.59523002000003089 -10.62609556499989871 22.10596108082838285 0 0 -12 F -2.331176954593504514e-16 F 0.04361902086167396969 #
DXID-attrib $-1 -1 $-1 $-1 $6795 @10 Revit:Edge @8 Edge:200 #
vertex $-1 -1 $-1 $7108 $7116 #
straight-curve $-1 -1 $-1 -24.59523002000003089 -9.929346395000038683 22.10596108082838285 0 0 12 F -0.04361902086167396969 F 2.331176954593504514e-16 #
DXID-attrib $-1 -1 $-1 $-1 $6796 @10 Revit:Edge @8 Edge:202 #
straight-curve $-1 -1 $-1 -25.20359260000020285 -9.929346395000038683 22.10596108082838285 0 -12 0 F 0 F 0.05806243083332190968 #
point $-1 -1 $-1 -25.20359260000020285 -9.929346395000038683 22.1059610808283864 #
edge $7117 -1 $-1 $7118 -0.04361902086167396969 $6802 2.331176954593504514e-16 $6964 $7119 forward @7 unknown #
point $-1 -1 $-1 -25.20359260000020285 -10.62609556499990049 22.1059610808283864 #
coedge $-1 -1 $-1 $7120 $6813 $6815 $6990 forward $6807 $-1 #
coedge $-1 -1 $-1 $6810 $6809 $7120 $7121 reversed $6293 $-1 #
coedge $-1 -1 $-1 $6813 $7120 $6811 $6984 forward $6807 $-1 #
edge $7122 -1 $-1 $6986 0 $6820 0.05444122499999553416 $6983 $7123 forward @7 unknown #
DXID-attrib $-1 -1 $-1 $-1 $6812 @10 Revit:Edge @8 Edge:188 #
vertex $-1 -1 $-1 $7121 $7124 #
straight-curve $-1 -1 $-1 -31.37412733999974535 -9.929346395000024472 22.10596108082838285 0 0 12 F -0.04361902086167396969 F 2.331176954593504514e-16 #
DXID-attrib $-1 -1 $-1 $-1 $6814 @10 Revit:Edge @8 Edge:180 #
straight-curve $-1 -1 $-1 -31.37412733999974535 -10.58264109499997119 21.58253283048829729 -12 0 0 F 0 F 0.05431808750000762659 #
edge $7125 -1 $-1 $6817 0 $6994 0.05444122499999553416 $6981 $7126 forward @7 unknown #
point $-1 -1 $-1 -32.02594438999983595 -10.58264109499997119 21.58253283048829729 #
point $-1 -1 $-1 -31.37412733999974535 -10.58264109499997119 21.58253283048829729 #
DXID-attrib $-1 -1 $-1 $-1 $6825 @10 Revit:Edge @8 Edge:192 #
vertex $-1 -1 $-1 $6990 $7127 #
straight-curve $-1 -1 $-1 -32.02594438999983595 -9.929346395000024472 22.10596108082838285 0 0 12 F -0.04361902086167396969 F 2.331176954593504514e-16 #
coedge $-1 -1 $-1 $6829 $6827 $6828 $6997 forward $6597 $-1 #
edge $7128 -1 $-1 $6840 0 $6832 0.05431808750000762659 $6996 $7129 forward @7 unknown #
DXID-attrib $-1 -1 $-1 $-1 $6830 @10 Revit:Edge @8 Edge:167 #
straight-curve $-1 -1 $-1 -35.24157516999992623 -9.929346395000038683 21.58253283048829729 0 -12 0 F 0 F 0.05444122499999565212 #
point $-1 -1 $-1 -35.24157516999992623 -9.929346395000038683 21.58253283048829729 #
DXID-attrib $-1 -1 $-1 $-1 $6836 @10 Revit:Edge @8 Edge:175 #
straight-curve $-1 -1 $-1 -35.89339222000001683 -10.58264109499998362 21.58253283048829729 0 12 0 F -1.165588477296752257e-16 F 0.05444122499999553416 #
point $-1 -1 $-1 -35.89339222000001683 -9.929346395000038683 21.58253283048829729 #
DXID-attrib $-1 -1 $-1 $-1 $6843 @10 Revit:Edge @8 Edge:155 #
straight-curve $-1 -1 $-1 38.8917506500000556 9.972800864999953774 21.58253283048829729 -12 0 0 F 0 F 0.05431808750000762659 #
coedge $-1 -1 $-1 $6854 $7014 $6852 $7007 forward $3379 $-1 #
edge $7130 -1 $-1 $7009 1.398706172756105568e-15 $6857 0.4138625582986058538 $7006 $7131 forward @7 unknown #
DXID-attrib $-1 -1 $-1 $-1 $6853 @10 Revit:Edge @8 Edge:152 #
vertex $-1 -1 $-1 $7015 $7132 #
straight-curve $-1 -1 $-1 32.4467356237502571 9.885206811666650495 21.32666173933812459 -6.44026589536345265e-15 12 -6.44026589536345265e-15 F -1.654922515555550033 F 1.251116619727148846e-30 #
DXID-attrib $-1 -1 $-1 $-1 $6855 @10 Revit:Edge @8 Edge:143 #
straight-curve $-1 -1 $-1 37.41308632333351625 -9.973863374999949016 21.3266617393381317 0 -5.642853289977714499e-14 -12 F 0 F 0.02360982221381572113 #
point $-1 -1 $-1 37.41308632333351625 -9.973863374999949016 21.3266617393381317 #
coedge $-1 -1 $-1 $7006 $6862 $6864 $7015 forward $3379 $-1 #
edge $7133 -1 $-1 $6867 4.912648252552294537 $7009 5.221285804405454201 $7014 $7134 forward @7 unknown #
DXID-attrib $-1 -1 $-1 $-1 $6865 @10 Revit:Edge @8 Edge:155 #
straight-curve $-1 -1 $-1 19.70393779749990415 -9.973863374999949016 20.7282299368381473 12 0 4.59799063127121886e-14 F -8.932274830880257134e-31 F 0.9271998915278187869 #
point $-1 -1 $-1 30.83033649583372693 -9.973863374999949016 20.72822993683818638 #
DXID-attrib $-1 -1 $-1 $-1 $6873 @10 Revit:Edge @9 Edge:3030 #
straight-curve $-1 -1 $-1 8.710228701720669875 -7.258546567414626338 11.64144058933785963 8.428840137416532485 -8.428840137407940247 1.38177707170762587 F -2.456139735287271152e-16 F 0.145138704551891401 #
point $-1 -1 $-1 8.710228701720666322 -7.258546567414626338 11.64144058933785963 #
DXID-attrib $-1 -1 $-1 $-1 $6878 @10 Revit:Edge @9 Edge:3029 #
ellipse-curve $-1 -1 $-1 8.749203559845291522 -6.511342858790412969 11.51894817808786442 1.999452545218276889e-16 0.161775027066641347 0.9868276651055074566 0 0.7841153259733991687 -0.1285434960613438538 0.1617750270666413193 F 2.466262438595279605 F 2.833539872568787032 #
point $-1 -1 $-1 8.668843939793809739 -7.123345308333126624 11.6192764485048059 #
rgb_color-st-attrib $-1 -1 $7135 $-1 $6887 0 0 0 #
plane-surface $-1 -1 $-1 -5.833444059166966511 -7.123345308333110637 11.6192764485048059 -1.999452545218276889e-16 -0.161775027066641347 -0.9868276651055074566 12 -1.483135622207963334e-14 0 forward_v I I I I #
DXID-attrib $-1 -1 $-1 $6890 $6713 @10 Revit:Face @8 Face:129 #
point $-1 -1 $-1 9.933579640140289158 -8.481897505833005724 11.84198992350501101 #
DXID-attrib $-1 -1 $-1 $6899 $6736 @10 Revit:Face @8 Face:133 #
face $7136 -1 $-1 $7137 $7138 $6905 $-1 $7139 forward single #
DXID-attrib $-1 -1 $-1 $-1 $6906 @10 Revit:Face @6 Face:0 #
face $7140 -1 $-1 $7141 $7142 $6751 $-1 $7143 forward single #
loop $-1 -1 $-1 $-1 $7144 $6906 #
plane-surface $-1 -1 $-1 -35.89339222000001683 10.5826410949999854 22.10596108082838285 0 0 1 0 -12 0 forward_v I I I I #
DXID-attrib $-1 -1 $-1 $-1 $6908 @10 Revit:Face @8 Face:274 #
face $7145 -1 $-1 $7146 $7147 $6541 $-1 $7148 forward single #
loop $-1 -1 $-1 $-1 $7149 $6908 #
plane-surface $-1 -1 $-1 20.33669195999995338 -10.62609556499989871 22.10596108082838285 1 0 0 0 0 -12 forward_v I I I I #
coedge $-1 -1 $-1 $7150 $7151 $7149 $7152 forward $6909 $-1 #
DXID-attrib $-1 -1 $-1 $-1 $6912 @10 Revit:Face @8 Face:261 #
face $7153 -1 $-1 $7154 $7155 $6272 $-1 $7156 forward single #
loop $-1 -1 $-1 $-1 $7157 $6912 #
plane-surface $-1 -1 $-1 13.81852145999994264 -9.929346395000038683 22.10596108082838285 0 1 0 0 0 -12 forward_v I I I I #
coedge $-1 -1 $-1 $7158 $7159 $6915 $7047 reversed $6913 $-1 #
coedge $-1 -1 $-1 $7160 $6915 $7157 $7161 forward $6755 $-1 #
coedge $-1 -1 $-1 $6915 $7160 $7162 $7163 forward $6755 $-1 #
edge $7164 -1 $-1 $7165 -1.165588477296752257e-16 $7166 0.05444122499999553416 $6915 $7167 forward @7 unknown #
DXID-attrib $-1 -1 $-1 $-1 $6917 @10 Revit:Face @8 Face:249 #
face $7168 -1 $-1 $7169 $7170 $5953 $-1 $7171 forward single #
loop $-1 -1 $-1 $-1 $7172 $6917 #
plane-surface $-1 -1 $-1 8.299803770000046654 -9.929346395000038683 22.10596108082838285 0 1 0 0 0 -12 forward_v I I I I #
coedge $-1 -1 $-1 $7173 $7174 $6921 $7056 reversed $6918 $-1 #
coedge $-1 -1 $-1 $7175 $6920 $7176 $7177 forward $6759 $-1 #
coedge $-1 -1 $-1 $6920 $7175 $7173 $7178 forward $6759 $-1 #
coedge $-1 -1 $-1 $6922 $6921 $7172 $7179 forward $6545 $-1 #
edge $7180 -1 $-1 $7061 -1.165588477296752257e-16 $7181 0.05444122499999553416 $6921 $7182 forward @7 unknown #
coedge $-1 -1 $-1 $7183 $7176 $6922 $7058 reversed $7170 $-1 #
edge $7184 -1 $-1 $7185 0 $7060 0.05444122499999565212 $6922 $7186 forward @7 unknown #
DXID-attrib $-1 -1 $-1 $-1 $6923 @10 Revit:Edge @8 Edge:243 #
vertex $-1 -1 $-1 $6923 $7187 #
vertex $-1 -1 $-1 $6923 $7188 #
straight-curve $-1 -1 $-1 7.778350129999701323 -10.58264109499998362 22.10596108082838285 12 0 0 F 0 F 0.04345447000002873594 #
DXID-attrib $-1 -1 $-1 $-1 $6925 @10 Revit:Face @8 Face:237 #
face $7189 -1 $-1 $-1 $7190 $5570 $-1 $7191 forward single #
loop $-1 -1 $-1 $-1 $6933 $6925 #
plane-surface $-1 -1 $-1 -4.649628289999898634 -10.58264109499998362 22.10596108082838285 0 -1 0 0 0 -12 forward_v I I I I #
coedge $-1 -1 $-1 $7192 $7193 $6931 $7074 reversed $6926 $-1 #
coedge $-1 -1 $-1 $7194 $6928 $6930 $7073 reversed $6764 $-1 #
coedge $-1 -1 $-1 $6928 $7194 $7192 $7195 forward $6764 $-1 #
coedge $-1 -1 $-1 $6930 $6929 $7196 $7197 reversed $6549 $-1 #
coedge $-1 -1 $-1 $6933 $7198 $6929 $7072 reversed $7065 $-1 #
edge $7199 -1 $-1 $6936 -2.331176954593504514e-16 $7200 0.04361902086167396969 $6929 $7201 forward @7 unknown #
edge $7202 -1 $-1 $7203 -0.04361902086167396969 $6937 2.331176954593504514e-16 $6930 $7204 forward @7 unknown #
edge $7205 -1 $-1 $7076 0 $7080 0.05444122499999565212 $6931 $7206 forward @7 unknown #
DXID-attrib $-1 -1 $-1 $-1 $6932 @10 Revit:Edge @8 Edge:230 #
vertex $-1 -1 $-1 $6932 $7207 #
straight-curve $-1 -1 $-1 -4.086920320017575214 -9.929346395000038683 22.10596108082838285 -12 0 0 F 0 F 0.04689233083186028495 #
coedge $-1 -1 $-1 $7198 $6933 $7193 $7208 reversed $7065 $-1 #
DXID-attrib $-1 -1 $-1 $-1 $6934 @10 Revit:Edge @8 Edge:238 #
vertex $-1 -1 $-1 $7074 $7209 #
straight-curve $-1 -1 $-1 -4.649628289999898634 -10.58264109499998362 22.10596108082838285 12 0 0 F 0 F 0.04689233083186028495 #
point $-1 -1 $-1 -4.086920320017575214 -10.5826410949999854 22.1059610808283864 #
point $-1 -1 $-1 -4.086920320017575214 -9.929346395000038683 22.1059610808283864 #
DXID-attrib $-1 -1 $-1 $-1 $6940 @10 Revit:Face @6 Face:1 #
loop $-1 -1 $-1 $-1 $7210 $6940 #
plane-surface $-1 -1 $-1 -35.89339222000001683 10.5826410949999854 21.58253283048829729 0 0 -1 0 12 0 forward_v I I I I #
coedge $-1 -1 $-1 $7211 $6943 $6945 $7090 reversed $6772 $-1 #
coedge $-1 -1 $-1 $6943 $7211 $6954 $7103 forward $6772 $-1 #
coedge $-1 -1 $-1 $6945 $6944 $7212 $7213 reversed $6554 $-1 #
edge $7214 -1 $-1 $7215 -0.04361902086167396969 $6952 2.331176954593504514e-16 $6945 $7216 forward @7 unknown #
coedge $-1 -1 $-1 $7210 $7212 $6946 $7092 forward $7085 $-1 #
edge $7217 -1 $-1 $7098 0 $7095 0.05069688166668125107 $7091 $7218 forward @7 unknown #
coedge $-1 -1 $-1 $6947 $6954 $7210 $7219 reversed $6941 $-1 #
DXID-attrib $-1 -1 $-1 $-1 $6948 @10 Revit:Edge @8 Edge:225 #
vertex $-1 -1 $-1 $7219 $7220 #
straight-curve $-1 -1 $-1 -8.821257410000381327 -10.62609556499989871 22.10596108082838285 0 0 -12 F -2.331176954593504514e-16 F 0.04361902086167396969 #
DXID-attrib $-1 -1 $-1 $-1 $6949 @10 Revit:Edge @8 Edge:216 #
vertex $-1 -1 $-1 $7213 $7221 #
straight-curve $-1 -1 $-1 -8.212894830000205815 -10.62609556499989871 22.10596108082838285 0 0 12 F -0.04361902086167396969 F 2.331176954593504514e-16 #
DXID-attrib $-1 -1 $-1 $-1 $6950 @10 Revit:Edge @8 Edge:218 #
straight-curve $-1 -1 $-1 -8.212894830000205815 -9.929346395000038683 22.10596108082838285 -12 0 0 F 0 F 0.05069688166668125107 #
point $-1 -1 $-1 -8.212894830000205815 -9.929346395000038683 22.1059610808283864 #
edge $7222 -1 $-1 $7223 -0.04361902086167396969 $6956 2.331176954593504514e-16 $7088 $7224 forward @7 unknown #
point $-1 -1 $-1 -8.821257410000381327 -9.929346395000038683 22.1059610808283864 #
coedge $-1 -1 $-1 $7225 $6967 $6969 $7114 forward $6961 $-1 #
coedge $-1 -1 $-1 $6964 $6963 $7225 $7226 reversed $6562 $-1 #
coedge $-1 -1 $-1 $6967 $7225 $6965 $7108 forward $6961 $-1 #
edge $7227 -1 $-1 $7110 0 $6974 0.05069688166668113311 $7107 $7228 forward @7 unknown #
DXID-attrib $-1 -1 $-1 $-1 $6966 @10 Revit:Edge @8 Edge:204 #
vertex $-1 -1 $-1 $7226 $7229 #
straight-curve $-1 -1 $-1 -25.20359260000020285 -9.929346395000038683 22.10596108082838285 0 0 12 F -0.04361902086167396969 F 2.331176954593504514e-16 #
DXID-attrib $-1 -1 $-1 $-1 $6968 @10 Revit:Edge @8 Edge:196 #
straight-curve $-1 -1 $-1 -24.59523002000003089 -9.929346395000038683 21.58253283048829729 0 -12 0 F 0 F 0.05806243083332190968 #
edge $7230 -1 $-1 $6971 0 $7118 0.05069688166668113311 $7105 $7231 forward @7 unknown #
point $-1 -1 $-1 -24.59523002000003089 -10.62609556499990049 21.58253283048829729 #
point $-1 -1 $-1 -24.59523002000003089 -9.929346395000038683 21.58253283048829729 #
DXID-attrib $-1 -1 $-1 $-1 $6979 @10 Revit:Edge @8 Edge:208 #
vertex $-1 -1 $-1 $7114 $7232 #
straight-curve $-1 -1 $-1 -25.20359260000020285 -10.62609556499989871 22.10596108082838285 0 0 12 F -0.04361902086167396969 F 2.331176954593504514e-16 #
coedge $-1 -1 $-1 $6983 $6981 $6982 $7121 forward $6807 $-1 #
edge $7233 -1 $-1 $6994 0 $6986 0.05431808750000762659 $7120 $7234 forward @7 unknown #
DXID-attrib $-1 -1 $-1 $-1 $6984 @10 Revit:Edge @8 Edge:183 #
straight-curve $-1 -1 $-1 -31.37412733999974535 -9.929346395000024472 21.58253283048829729 0 -12 0 F 0 F 0.05444122499999553416 #
point $-1 -1 $-1 -31.37412733999974535 -9.929346395000024472 21.58253283048829729 #
DXID-attrib $-1 -1 $-1 $-1 $6990 @10 Revit:Edge @8 Edge:191 #
straight-curve $-1 -1 $-1 -32.02594438999983595 -10.58264109499997119 21.58253283048829729 0 12 0 F 0 F 0.05444122499999553416 #
point $-1 -1 $-1 -32.02594438999983595 -9.929346395000024472 21.58253283048829729 #
DXID-attrib $-1 -1 $-1 $-1 $6997 @10 Revit:Edge @8 Edge:171 #
straight-curve $-1 -1 $-1 -35.89339222000001683 -9.929346395000038683 21.58253283048829729 12 0 0 F 0 F 0.05431808750000762659 #
DXID-attrib $-1 -1 $-1 $-1 $7007 @10 Revit:Edge @8 Edge:147 #
straight-curve $-1 -1 $-1 32.44673562375024289 -9.973863374999949016 21.32666173933811393 12 0 3.862927736281796825e-14 F 1.398706172756105568e-15 F 0.4138625582986058538 #
point $-1 -1 $-1 32.44673562375026421 -9.973863374999949016 21.32666173933812459 #
DXID-attrib $-1 -1 $-1 $-1 $7015 @10 Revit:Edge @8 Edge:151 #
ellipse-curve $-1 -1 $-1 29.71500526604803483 -9.973863374999949016 26.22301446351839616 0 -1 0 5.606836964526387135 0 0 1 F 4.912648252552294537 F 5.221285804405454201 #
DXID-attrib $-1 -1 $-1 $7025 $6887 @10 Revit:Face @8 Face:131 #
DXID-attrib $-1 -1 $-1 $-1 $7030 @10 Revit:Face @6 Face:0 #
face $7235 -1 $-1 $7236 $7237 $6905 $-1 $7238 forward single #
loop $-1 -1 $-1 $-1 $7239 $7030 #
plane-surface $-1 -1 $-1 -35.89339222000001683 10.5826410949999854 22.10596108082838285 0 0 1 0 -12 0 forward_v I I I I #
DXID-attrib $-1 -1 $-1 $-1 $7032 @10 Revit:Face @8 Face:290 #
face $7240 -1 $-1 $7241 $7242 $6751 $-1 $7243 forward single #
loop $-1 -1 $-1 $-1 $7244 $7032 #
plane-surface $-1 -1 $-1 30.93958263999990876 -10.62609556499989871 22.10596108082838285 1 0 0 0 0 -12 forward_v I I I I #
coedge $-1 -1 $-1 $7245 $7246 $7244 $7247 forward $7033 $-1 #
DXID-attrib $-1 -1 $-1 $-1 $7036 @10 Revit:Face @8 Face:277 #
face $7248 -1 $-1 $7249 $7250 $6541 $-1 $7251 forward single #
loop $-1 -1 $-1 $-1 $7252 $7036 #
plane-surface $-1 -1 $-1 20.33669195999995338 -9.972800864999953774 22.10596108082838285 0 1 0 0 0 -12 forward_v I I I I #
coedge $-1 -1 $-1 $7253 $7254 $7039 $7152 reversed $7037 $-1 #
coedge $-1 -1 $-1 $7255 $7039 $7252 $7256 forward $6909 $-1 #
coedge $-1 -1 $-1 $7039 $7255 $7257 $7258 forward $6909 $-1 #
edge $7259 -1 $-1 $7260 -1.165588477296752257e-16 $7261 0.05444122499999553416 $7039 $7262 forward @7 unknown #
DXID-attrib $-1 -1 $-1 $-1 $7041 @10 Revit:Face @8 Face:265 #
face $7263 -1 $-1 $7264 $7265 $6272 $-1 $7266 forward single #
loop $-1 -1 $-1 $-1 $7267 $7041 #
plane-surface $-1 -1 $-1 13.2101588800000016 -9.929346395000038683 22.10596108082838285 -1 0 0 0 0 -12 forward_v I I I I #
coedge $-1 -1 $-1 $7268 $7269 $7045 $7161 reversed $7042 $-1 #
coedge $-1 -1 $-1 $7270 $7044 $7271 $7272 forward $6913 $-1 #
coedge $-1 -1 $-1 $7044 $7270 $7268 $7273 forward $6913 $-1 #
coedge $-1 -1 $-1 $7046 $7045 $7267 $7274 forward $6755 $-1 #
edge $7275 -1 $-1 $7166 0 $7276 0.05069688166666178747 $7045 $7277 forward @7 unknown #
coedge $-1 -1 $-1 $7278 $7271 $7046 $7163 reversed $7265 $-1 #
edge $7279 -1 $-1 $7280 0 $7165 0.05069688166666178747 $7046 $7281 forward @7 unknown #
DXID-attrib $-1 -1 $-1 $-1 $7047 @10 Revit:Edge @8 Edge:259 #
vertex $-1 -1 $-1 $7047 $7282 #
vertex $-1 -1 $-1 $7047 $7283 #
straight-curve $-1 -1 $-1 13.81852145999994264 -10.58264109499998362 22.10596108082838285 0 12 0 F -1.165588477296752257e-16 F 0.05444122499999553416 #
DXID-attrib $-1 -1 $-1 $-1 $7049 @10 Revit:Face @8 Face:253 #
face $7284 -1 $-1 $-1 $7285 $5953 $-1 $7286 forward single #
loop $-1 -1 $-1 $-1 $7057 $7049 #
plane-surface $-1 -1 $-1 7.778350129999701323 -9.929346395000038683 22.10596108082838285 -1 -0 -0 0 0 -12 forward_v I I I I #
coedge $-1 -1 $-1 $7287 $7288 $7055 $7179 reversed $7050 $-1 #
coedge $-1 -1 $-1 $7289 $7052 $7054 $7178 reversed $6918 $-1 #
coedge $-1 -1 $-1 $7052 $7289 $7287 $7290 forward $6918 $-1 #
coedge $-1 -1 $-1 $7054 $7053 $7291 $7292 reversed $6759 $-1 #
coedge $-1 -1 $-1 $7057 $7293 $7053 $7177 reversed $7170 $-1 #
edge $7294 -1 $-1 $7060 -2.331176954593504514e-16 $7295 0.04361902086167396969 $7053 $7296 forward @7 unknown #
edge $7297 -1 $-1 $7298 -0.04361902086167396969 $7061 2.331176954593504514e-16 $7054 $7299 forward @7 unknown #
edge $7300 -1 $-1 $7181 0 $7185 0.04345447000002873594 $7055 $7301 forward @7 unknown #
DXID-attrib $-1 -1 $-1 $-1 $7056 @10 Revit:Edge @8 Edge:246 #
vertex $-1 -1 $-1 $7056 $7302 #
straight-curve $-1 -1 $-1 8.299803770000046654 -10.58264109499998362 22.10596108082838285 0 12 0 F -1.165588477296752257e-16 F 0.05444122499999553416 #
coedge $-1 -1 $-1 $7293 $7057 $7288 $7303 reversed $7170 $-1 #
DXID-attrib $-1 -1 $-1 $-1 $7058 @10 Revit:Edge @8 Edge:254 #
vertex $-1 -1 $-1 $7179 $7304 #
straight-curve $-1 -1 $-1 7.778350129999701323 -9.929346395000038683 22.10596108082838285 0 -12 0 F 0 F 0.05444122499999565212 #
point $-1 -1 $-1 7.778350129999701323 -10.5826410949999854 22.1059610808283864 #
point $-1 -1 $-1 8.299803770000046654 -10.5826410949999854 22.1059610808283864 #
DXID-attrib $-1 -1 $-1 $-1 $7064 @10 Revit:Face @6 Face:1 #
loop $-1 -1 $-1 $-1 $7305 $7064 #
plane-surface $-1 -1 $-1 -35.89339222000001683 10.5826410949999854 21.58253283048829729 0 0 -1 0 12 0 forward_v I I I I #
coedge $-1 -1 $-1 $7306 $7067 $7069 $7195 reversed $6926 $-1 #
coedge $-1 -1 $-1 $7067 $7306 $7078 $7208 forward $6926 $-1 #
coedge $-1 -1 $-1 $7069 $7068 $7307 $7308 reversed $6764 $-1 #
edge $7309 -1 $-1 $7310 -0.04361902086167396969 $7076 2.331176954593504514e-16 $7069 $7311 forward @7 unknown #
coedge $-1 -1 $-1 $7305 $7307 $7070 $7197 forward $7190 $-1 #
edge $7312 -1 $-1 $7203 0 $7200 0.05444122499999565212 $7196 $7313 forward @7 unknown #
coedge $-1 -1 $-1 $7071 $7078 $7305 $7314 reversed $7065 $-1 #
DXID-attrib $-1 -1 $-1 $-1 $7072 @10 Revit:Edge @8 Edge:241 #
vertex $-1 -1 $-1 $7314 $7315 #
straight-curve $-1 -1 $-1 -4.086920320017575214 -10.58264109499998362 22.10596108082838285 0 0 -12 F -2.331176954593504514e-16 F 0.04361902086167396969 #
DXID-attrib $-1 -1 $-1 $-1 $7073 @10 Revit:Edge @8 Edge:232 #
vertex $-1 -1 $-1 $7308 $7316 #
straight-curve $-1 -1 $-1 -4.086920320017575214 -9.929346395000038683 22.10596108082838285 0 0 12 F -0.04361902086167396969 F 2.331176954593504514e-16 #
DXID-attrib $-1 -1 $-1 $-1 $7074 @10 Revit:Edge @8 Edge:234 #
straight-curve $-1 -1 $-1 -4.649628289999898634 -9.929346395000038683 22.10596108082838285 0 -12 0 F 0 F 0.05444122499999565212 #
point $-1 -1 $-1 -4.649628289999898634 -9.929346395000038683 22.1059610808283864 #
edge $7317 -1 $-1 $7318 -0.04361902086167396969 $7080 2.331176954593504514e-16 $7193 $7319 forward @7 unknown #
point $-1 -1 $-1 -4.649628289999898634 -10.5826410949999854 22.1059610808283864 #
coedge $-1 -1 $-1 $7320 $7091 $7093 $7219 forward $7085 $-1 #
coedge $-1 -1 $-1 $7088 $7087 $7320 $7321 reversed $6772 $-1 #
coedge $-1 -1 $-1 $7091 $7320 $7089 $7213 forward $7085 $-1 #
edge $7322 -1 $-1 $7215 0 $7098 0.05806243083332190968 $7212 $7323 forward @7 unknown #
DXID-attrib $-1 -1 $-1 $-1 $7090 @10 Revit:Edge @8 Edge:220 #
vertex $-1 -1 $-1 $7321 $7324 #
straight-curve $-1 -1 $-1 -8.212894830000205815 -9.929346395000038683 22.10596108082838285 0 0 12 F -0.04361902086167396969 F 2.331176954593504514e-16 #
DXID-attrib $-1 -1 $-1 $-1 $7092 @10 Revit:Edge @8 Edge:212 #
straight-curve $-1 -1 $-1 -8.212894830000205815 -10.62609556499989871 21.58253283048829729 -12 0 0 F 0 F 0.05069688166668125107 #
edge $7325 -1 $-1 $7095 -1.165588477296752257e-16 $7223 0.05806243083332179172 $7210 $7326 forward @7 unknown #
point $-1 -1 $-1 -8.821257410000381327 -10.62609556499990049 21.58253283048829729 #
point $-1 -1 $-1 -8.212894830000205815 -10.62609556499990049 21.58253283048829729 #
DXID-attrib $-1 -1 $-1 $-1 $7103 @10 Revit:Edge @8 Edge:224 #
vertex $-1 -1 $-1 $7219 $7327 #
straight-curve $-1 -1 $-1 -8.821257410000381327 -9.929346395000038683 22.10596108082838285 0 0 12 F -0.04361902086167396969 F 2.331176954593504514e-16 #
coedge $-1 -1 $-1 $7107 $7105 $7106 $7226 forward $6961 $-1 #
edge $7328 -1 $-1 $7118 -1.165588477296752257e-16 $7110 0.05806243083332179172 $7225 $7329 forward @7 unknown #
DXID-attrib $-1 -1 $-1 $-1 $7108 @10 Revit:Edge @8 Edge:199 #
straight-curve $-1 -1 $-1 -25.20359260000020285 -9.929346395000038683 21.58253283048829729 12 0 0 F 0 F 0.05069688166668113311 #
point $-1 -1 $-1 -25.20359260000020285 -9.929346395000038683 21.58253283048829729 #
DXID-attrib $-1 -1 $-1 $-1 $7114 @10 Revit:Edge @8 Edge:207 #
straight-curve $-1 -1 $-1 -24.59523002000003089 -10.62609556499989871 21.58253283048829729 -12 0 0 F 0 F 0.05069688166668113311 #
point $-1 -1 $-1 -25.20359260000020285 -10.62609556499990049 21.58253283048829729 #
DXID-attrib $-1 -1 $-1 $-1 $7121 @10 Revit:Edge @8 Edge:187 #
straight-curve $-1 -1 $-1 -32.02594438999983595 -9.929346395000024472 21.58253283048829729 12 0 0 F 0 F 0.05431808750000762659 #
DXID-attrib $-1 -1 $-1 $-1 $7137 @10 Revit:Face @8 Face:306 #
face $7330 -1 $-1 $7331 $7332 $6905 $-1 $7333 forward single #
loop $-1 -1 $-1 $-1 $7334 $7137 #
plane-surface $-1 -1 $-1 38.8917506500000556 -10.62609556499989871 22.10596108082838285 1 0 0 0 0 -12 forward_v I I I I #
coedge $-1 -1 $-1 $7335 $7336 $7334 $7337 forward $7138 $-1 #
DXID-attrib $-1 -1 $-1 $-1 $7141 @10 Revit:Face @8 Face:293 #
face $7338 -1 $-1 $7339 $7340 $6751 $-1 $7341 forward single #
loop $-1 -1 $-1 $-1 $7342 $7141 #
plane-surface $-1 -1 $-1 30.93958263999990876 -9.972800864999953774 22.10596108082838285 0 1 0 0 0 -12 forward_v I I I I #
coedge $-1 -1 $-1 $7343 $7344 $7144 $7247 reversed $7142 $-1 #
coedge $-1 -1 $-1 $7345 $7144 $7342 $7346 forward $7033 $-1 #
coedge $-1 -1 $-1 $7144 $7345 $7347 $7348 forward $7033 $-1 #
edge $7349 -1 $-1 $7350 -1.165588477296752257e-16 $7351 0.05444122499999553416 $7144 $7352 forward @7 unknown #
DXID-attrib $-1 -1 $-1 $-1 $7146 @10 Revit:Face @8 Face:281 #
face $7353 -1 $-1 $7354 $7355 $6541 $-1 $7356 forward single #
loop $-1 -1 $-1 $-1 $7357 $7146 #
plane-surface $-1 -1 $-1 19.6848749099996283 -9.972800864999953774 22.10596108082838285 -1 0 0 0 0 -12 forward_v I I I I #
coedge $-1 -1 $-1 $7358 $7359 $7150 $7256 reversed $7147 $-1 #
coedge $-1 -1 $-1 $7360 $7149 $7361 $7362 forward $7037 $-1 #
coedge $-1 -1 $-1 $7149 $7360 $7358 $7363 forward $7037 $-1 #
coedge $-1 -1 $-1 $7151 $7150 $7357 $7364 forward $6909 $-1 #
edge $7365 -1 $-1 $7261 0 $7366 0.05431808750002720815 $7150 $7367 forward @7 unknown #
coedge $-1 -1 $-1 $7368 $7361 $7151 $7258 reversed $7355 $-1 #
edge $7369 -1 $-1 $7370 0 $7260 0.05431808750002720815 $7151 $7371 forward @7 unknown #
DXID-attrib $-1 -1 $-1 $-1 $7152 @10 Revit:Edge @8 Edge:275 #
vertex $-1 -1 $-1 $7152 $7372 #
vertex $-1 -1 $-1 $7152 $7373 #
straight-curve $-1 -1 $-1 20.33669195999995338 -10.62609556499989871 22.10596108082838285 0 12 0 F -1.165588477296752257e-16 F 0.05444122499999553416 #
DXID-attrib $-1 -1 $-1 $-1 $7154 @10 Revit:Face @8 Face:269 #
face $7374 -1 $-1 $-1 $7375 $6272 $-1 $7376 forward single #
loop $-1 -1 $-1 $-1 $7162 $7154 #
plane-surface $-1 -1 $-1 13.2101588800000016 -10.58264109499998362 22.10596108082838285 0 -1 0 0 0 -12 forward_v I I I I #
coedge $-1 -1 $-1 $7377 $7378 $7160 $7274 reversed $7155 $-1 #
coedge $-1 -1 $-1 $7379 $7157 $7159 $7273 reversed $7042 $-1 #
coedge $-1 -1 $-1 $7157 $7379 $7377 $7380 forward $7042 $-1 #
coedge $-1 -1 $-1 $7159 $7158 $7381 $7382 reversed $6913 $-1 #
coedge $-1 -1 $-1 $7162 $7383 $7158 $7272 reversed $7265 $-1 #
edge $7384 -1 $-1 $7165 -2.331176954593504514e-16 $7385 0.04361902086167396969 $7158 $7386 forward @7 unknown #
edge $7387 -1 $-1 $7388 -0.04361902086167396969 $7166 2.331176954593504514e-16 $7159 $7389 forward @7 unknown #
edge $7390 -1 $-1 $7276 0 $7280 0.05444122499999565212 $7160 $7391 forward @7 unknown #
DXID-attrib $-1 -1 $-1 $-1 $7161 @10 Revit:Edge @8 Edge:262 #
vertex $-1 -1 $-1 $7161 $7392 #
straight-curve $-1 -1 $-1 13.81852145999994264 -9.929346395000038683 22.10596108082838285 -12 0 0 F 0 F 0.05069688166666178747 #
coedge $-1 -1 $-1 $7383 $7162 $7378 $7393 reversed $7265 $-1 #
DXID-attrib $-1 -1 $-1 $-1 $7163 @10 Revit:Edge @8 Edge:270 #
vertex $-1 -1 $-1 $7274 $7394 #
straight-curve $-1 -1 $-1 13.2101588800000016 -10.58264109499998362 22.10596108082838285 12 0 0 F 0 F 0.05069688166666178747 #
point $-1 -1 $-1 13.81852145999994264 -10.5826410949999854 22.1059610808283864 #
point $-1 -1 $-1 13.81852145999994264 -9.929346395000038683 22.1059610808283864 #
DXID-attrib $-1 -1 $-1 $-1 $7169 @10 Revit:Face @6 Face:1 #
loop $-1 -1 $-1 $-1 $7395 $7169 #
plane-surface $-1 -1 $-1 -35.89339222000001683 10.5826410949999854 21.58253283048829729 0 0 -1 0 12 0 forward_v I I I I #
coedge $-1 -1 $-1 $7396 $7172 $7174 $7290 reversed $7050 $-1 #
coedge $-1 -1 $-1 $7172 $7396 $7183 $7303 forward $7050 $-1 #
coedge $-1 -1 $-1 $7174 $7173 $7397 $7398 reversed $6918 $-1 #
edge $7399 -1 $-1 $7400 -0.04361902086167396969 $7181 2.331176954593504514e-16 $7174 $7401 forward @7 unknown #
coedge $-1 -1 $-1 $7395 $7397 $7175 $7292 forward $7285 $-1 #
edge $7402 -1 $-1 $7298 0 $7295 0.04345447000002873594 $7291 $7403 forward @7 unknown #
coedge $-1 -1 $-1 $7176 $7183 $7395 $7404 reversed $7170 $-1 #
DXID-attrib $-1 -1 $-1 $-1 $7177 @10 Revit:Edge @8 Edge:257 #
vertex $-1 -1 $-1 $7404 $7405 #
straight-curve $-1 -1 $-1 7.778350129999701323 -10.58264109499998362 22.10596108082838285 0 0 -12 F -2.331176954593504514e-16 F 0.04361902086167396969 #
DXID-attrib $-1 -1 $-1 $-1 $7178 @10 Revit:Edge @8 Edge:248 #
vertex $-1 -1 $-1 $7398 $7406 #
straight-curve $-1 -1 $-1 8.299803770000046654 -10.58264109499998362 22.10596108082838285 0 0 12 F -0.04361902086167396969 F 2.331176954593504514e-16 #
DXID-attrib $-1 -1 $-1 $-1 $7179 @10 Revit:Edge @8 Edge:250 #
straight-curve $-1 -1 $-1 8.299803770000046654 -9.929346395000038683 22.10596108082838285 -12 0 0 F 0 F 0.04345447000002873594 #
point $-1 -1 $-1 8.299803770000046654 -9.929346395000038683 22.1059610808283864 #
edge $7407 -1 $-1 $7408 -0.04361902086167396969 $7185 2.331176954593504514e-16 $7288 $7409 forward @7 unknown #
point $-1 -1 $-1 7.778350129999701323 -9.929346395000038683 22.1059610808283864 #
coedge $-1 -1 $-1 $7410 $7196 $7198 $7314 forward $7190 $-1 #
coedge $-1 -1 $-1 $7193 $7192 $7410 $7411 reversed $6926 $-1 #
coedge $-1 -1 $-1 $7196 $7410 $7194 $7308 forward $7190 $-1 #
edge $7412 -1 $-1 $7310 0 $7203 0.04689233083186028495 $7307 $7413 forward @7 unknown #
DXID-attrib $-1 -1 $-1 $-1 $7195 @10 Revit:Edge @8 Edge:236 #
vertex $-1 -1 $-1 $7411 $7414 #
straight-curve $-1 -1 $-1 -4.649628289999898634 -9.929346395000038683 22.10596108082838285 0 0 12 F -0.04361902086167396969 F 2.331176954593504514e-16 #
DXID-attrib $-1 -1 $-1 $-1 $7197 @10 Revit:Edge @8 Edge:228 #
straight-curve $-1 -1 $-1 -4.086920320017575214 -9.929346395000038683 21.58253283048829729 0 -12 0 F 0 F 0.05444122499999565212 #
edge $7415 -1 $-1 $7200 0 $7318 0.04689233083186028495 $7305 $7416 forward @7 unknown #
point $-1 -1 $-1 -4.086920320017575214 -10.5826410949999854 21.58253283048829729 #
point $-1 -1 $-1 -4.086920320017575214 -9.929346395000038683 21.58253283048829729 #
DXID-attrib $-1 -1 $-1 $-1 $7208 @10 Revit:Edge @8 Edge:240 #
vertex $-1 -1 $-1 $7314 $7417 #
straight-curve $-1 -1 $-1 -4.649628289999898634 -10.58264109499998362 22.10596108082838285 0 0 12 F -0.04361902086167396969 F 2.331176954593504514e-16 #
coedge $-1 -1 $-1 $7212 $7210 $7211 $7321 forward $7085 $-1 #
edge $7418 -1 $-1 $7223 0 $7215 0.05069688166668125107 $7320 $7419 forward @7 unknown #
DXID-attrib $-1 -1 $-1 $-1 $7213 @10 Revit:Edge @8 Edge:215 #
straight-curve $-1 -1 $-1 -8.212894830000205815 -9.929346395000038683 21.58253283048829729 0 -12 0 F 0 F 0.05806243083332190968 #
point $-1 -1 $-1 -8.212894830000205815 -9.929346395000038683 21.58253283048829729 #
DXID-attrib $-1 -1 $-1 $-1 $7219 @10 Revit:Edge @8 Edge:223 #
straight-curve $-1 -1 $-1 -8.821257410000381327 -10.62609556499989871 21.58253283048829729 0 12 0 F -1.165588477296752257e-16 F 0.05806243083332179172 #
point $-1 -1 $-1 -8.821257410000381327 -9.929346395000038683 21.58253283048829729 #
DXID-attrib $-1 -1 $-1 $-1 $7226 @10 Revit:Edge @8 Edge:203 #
straight-curve $-1 -1 $-1 -25.20359260000020285 -10.62609556499989871 21.58253283048829729 0 12 0 F -1.165588477296752257e-16 F 0.05806243083332179172 #
DXID-attrib $-1 -1 $-1 $-1 $7236 @10 Revit:Face @8 Face:309 #
face $7420 -1 $-1 $7421 $7422 $6905 $-1 $7423 forward single #
loop $-1 -1 $-1 $-1 $7424 $7236 #
plane-surface $-1 -1 $-1 38.8917506500000556 -9.972800864999953774 22.10596108082838285 0 1 0 0 0 -12 forward_v I I I I #
coedge $-1 -1 $-1 $7425 $7426 $7239 $7337 reversed $7237 $-1 #
coedge $-1 -1 $-1 $7427 $7239 $7424 $7428 forward $7138 $-1 #
coedge $-1 -1 $-1 $7239 $7427 $7429 $7430 forward $7138 $-1 #
edge $7431 -1 $-1 $7432 -1.165588477296752257e-16 $7433 0.05444122499999553416 $7239 $7434 forward @7 unknown #
DXID-attrib $-1 -1 $-1 $-1 $7241 @10 Revit:Face @8 Face:297 #
face $7435 -1 $-1 $7436 $7437 $6751 $-1 $7438 forward single #
loop $-1 -1 $-1 $-1 $7439 $7241 #
plane-surface $-1 -1 $-1 30.33122005999996773 -9.972800864999953774 22.10596108082838285 -1 0 0 0 0 -12 forward_v I I I I #
coedge $-1 -1 $-1 $7440 $7441 $7245 $7346 reversed $7242 $-1 #
coedge $-1 -1 $-1 $7442 $7244 $7443 $7444 forward $7142 $-1 #
coedge $-1 -1 $-1 $7244 $7442 $7440 $7445 forward $7142 $-1 #
coedge $-1 -1 $-1 $7246 $7245 $7439 $7446 forward $7033 $-1 #
edge $7447 -1 $-1 $7351 0 $7448 0.05069688166666178747 $7245 $7449 forward @7 unknown #
coedge $-1 -1 $-1 $7450 $7443 $7246 $7348 reversed $7437 $-1 #
edge $7451 -1 $-1 $7452 0 $7350 0.05069688166666178747 $7246 $7453 forward @7 unknown #
DXID-attrib $-1 -1 $-1 $-1 $7247 @10 Revit:Edge @8 Edge:291 #
vertex $-1 -1 $-1 $7247 $7454 #
vertex $-1 -1 $-1 $7247 $7455 #
straight-curve $-1 -1 $-1 30.93958263999990876 -10.62609556499989871 22.10596108082838285 0 12 0 F -1.165588477296752257e-16 F 0.05444122499999553416 #
DXID-attrib $-1 -1 $-1 $-1 $7249 @10 Revit:Face @8 Face:285 #
face $7456 -1 $-1 $-1 $7457 $6541 $-1 $7458 forward single #
loop $-1 -1 $-1 $-1 $7257 $7249 #
plane-surface $-1 -1 $-1 19.6848749099996283 -10.62609556499989871 22.10596108082838285 0 -1 0 0 0 -12 forward_v I I I I #
coedge $-1 -1 $-1 $7459 $7460 $7255 $7364 reversed $7250 $-1 #
coedge $-1 -1 $-1 $7461 $7252 $7254 $7363 reversed $7147 $-1 #
coedge $-1 -1 $-1 $7252 $7461 $7459 $7462 forward $7147 $-1 #
coedge $-1 -1 $-1 $7254 $7253 $7463 $7464 reversed $7037 $-1 #
coedge $-1 -1 $-1 $7257 $7465 $7253 $7362 reversed $7355 $-1 #
edge $7466 -1 $-1 $7260 -2.331176954593504514e-16 $7467 0.04361902086167396969 $7253 $7468 forward @7 unknown #
edge $7469 -1 $-1 $7470 -0.04361902086167396969 $7261 2.331176954593504514e-16 $7254 $7471 forward @7 unknown #
edge $7472 -1 $-1 $7366 0 $7370 0.05444122499999565212 $7255 $7473 forward @7 unknown #
DXID-attrib $-1 -1 $-1 $-1 $7256 @10 Revit:Edge @8 Edge:278 #
vertex $-1 -1 $-1 $7256 $7474 #
straight-curve $-1 -1 $-1 20.33669195999995338 -9.972800864999953774 22.10596108082838285 -12 0 0 F 0 F 0.05431808750002720815 #
coedge $-1 -1 $-1 $7465 $7257 $7460 $7475 reversed $7355 $-1 #
DXID-attrib $-1 -1 $-1 $-1 $7258 @10 Revit:Edge @8 Edge:286 #
vertex $-1 -1 $-1 $7364 $7476 #
straight-curve $-1 -1 $-1 19.6848749099996283 -10.62609556499989871 22.10596108082838285 12 0 0 F 0 F 0.05431808750002720815 #
point $-1 -1 $-1 20.33669195999995338 -10.62609556499990049 22.1059610808283864 #
point $-1 -1 $-1 20.33669195999995338 -9.972800864999953774 22.1059610808283864 #
DXID-attrib $-1 -1 $-1 $-1 $7264 @10 Revit:Face @6 Face:1 #
loop $-1 -1 $-1 $-1 $7477 $7264 #
plane-surface $-1 -1 $-1 -35.89339222000001683 10.5826410949999854 21.58253283048829729 0 0 -1 0 12 0 forward_v I I I I #
coedge $-1 -1 $-1 $7478 $7267 $7269 $7380 reversed $7155 $-1 #
coedge $-1 -1 $-1 $7267 $7478 $7278 $7393 forward $7155 $-1 #
coedge $-1 -1 $-1 $7269 $7268 $7479 $7480 reversed $7042 $-1 #
edge $7481 -1 $-1 $7482 -0.04361902086167396969 $7276 2.331176954593504514e-16 $7269 $7483 forward @7 unknown #
coedge $-1 -1 $-1 $7477 $7479 $7270 $7382 forward $7375 $-1 #
edge $7484 -1 $-1 $7388 0 $7385 0.05444122499999565212 $7381 $7485 forward @7 unknown #
coedge $-1 -1 $-1 $7271 $7278 $7477 $7486 reversed $7265 $-1 #
DXID-attrib $-1 -1 $-1 $-1 $7272 @10 Revit:Edge @8 Edge:273 #
vertex $-1 -1 $-1 $7486 $7487 #
straight-curve $-1 -1 $-1 13.81852145999994264 -10.58264109499998362 22.10596108082838285 0 0 -12 F -2.331176954593504514e-16 F 0.04361902086167396969 #
DXID-attrib $-1 -1 $-1 $-1 $7273 @10 Revit:Edge @8 Edge:264 #
vertex $-1 -1 $-1 $7480 $7488 #
straight-curve $-1 -1 $-1 13.81852145999994264 -9.929346395000038683 22.10596108082838285 0 0 12 F -0.04361902086167396969 F 2.331176954593504514e-16 #
DXID-attrib $-1 -1 $-1 $-1 $7274 @10 Revit:Edge @8 Edge:266 #
straight-curve $-1 -1 $-1 13.2101588800000016 -9.929346395000038683 22.10596108082838285 0 -12 0 F 0 F 0.05444122499999565212 #
point $-1 -1 $-1 13.2101588800000016 -9.929346395000038683 22.1059610808283864 #
edge $7489 -1 $-1 $7490 -0.04361902086167396969 $7280 2.331176954593504514e-16 $7378 $7491 forward @7 unknown #
point $-1 -1 $-1 13.2101588800000016 -10.5826410949999854 22.1059610808283864 #
coedge $-1 -1 $-1 $7492 $7291 $7293 $7404 forward $7285 $-1 #
coedge $-1 -1 $-1 $7288 $7287 $7492 $7493 reversed $7050 $-1 #
coedge $-1 -1 $-1 $7291 $7492 $7289 $7398 forward $7285 $-1 #
edge $7494 -1 $-1 $7400 0 $7298 0.05444122499999565212 $7397 $7495 forward @7 unknown #
DXID-attrib $-1 -1 $-1 $-1 $7290 @10 Revit:Edge @8 Edge:252 #
vertex $-1 -1 $-1 $7493 $7496 #
straight-curve $-1 -1 $-1 8.299803770000046654 -9.929346395000038683 22.10596108082838285 0 0 12 F -0.04361902086167396969 F 2.331176954593504514e-16 #
DXID-attrib $-1 -1 $-1 $-1 $7292 @10 Revit:Edge @8 Edge:244 #
straight-curve $-1 -1 $-1 8.299803770000046654 -10.58264109499998362 21.58253283048829729 -12 0 0 F 0 F 0.04345447000002873594 #
edge $7497 -1 $-1 $7295 -1.165588477296752257e-16 $7408 0.05444122499999553416 $7395 $7498 forward @7 unknown #
point $-1 -1 $-1 7.778350129999701323 -10.5826410949999854 21.58253283048829729 #
point $-1 -1 $-1 8.299803770000046654 -10.5826410949999854 21.58253283048829729 #
DXID-attrib $-1 -1 $-1 $-1 $7303 @10 Revit:Edge @8 Edge:256 #
vertex $-1 -1 $-1 $7404 $7499 #
straight-curve $-1 -1 $-1 7.778350129999701323 -9.929346395000038683 22.10596108082838285 0 0 12 F -0.04361902086167396969 F 2.331176954593504514e-16 #
coedge $-1 -1 $-1 $7307 $7305 $7306 $7411 forward $7190 $-1 #
edge $7500 -1 $-1 $7318 -1.165588477296752257e-16 $7310 0.05444122499999553416 $7410 $7501 forward @7 unknown #
DXID-attrib $-1 -1 $-1 $-1 $7308 @10 Revit:Edge @8 Edge:231 #
straight-curve $-1 -1 $-1 -4.649628289999898634 -9.929346395000038683 21.58253283048829729 12 0 0 F 0 F 0.04689233083186028495 #
point $-1 -1 $-1 -4.649628289999898634 -9.929346395000038683 21.58253283048829729 #
DXID-attrib $-1 -1 $-1 $-1 $7314 @10 Revit:Edge @8 Edge:239 #
straight-curve $-1 -1 $-1 -4.086920320017575214 -10.58264109499998362 21.58253283048829729 -12 0 0 F 0 F 0.04689233083186028495 #
point $-1 -1 $-1 -4.649628289999898634 -10.5826410949999854 21.58253283048829729 #
DXID-attrib $-1 -1 $-1 $-1 $7321 @10 Revit:Edge @8 Edge:219 #
straight-curve $-1 -1 $-1 -8.821257410000381327 -9.929346395000038683 21.58253283048829729 12 0 0 F 0 F 0.05069688166668125107 #
DXID-attrib $-1 -1 $-1 $-1 $7331 @10 Revit:Face @8 Face:313 #
face $7502 -1 $-1 $7503 $7504 $6905 $-1 $7505 forward single #
loop $-1 -1 $-1 $-1 $7506 $7331 #
plane-surface $-1 -1 $-1 38.239933599999965 -9.972800864999953774 22.10596108082838285 -1 0 0 0 0 -12 forward_v I I I I #
coedge $-1 -1 $-1 $7507 $7508 $7335 $7428 reversed $7332 $-1 #
coedge $-1 -1 $-1 $7509 $7334 $7510 $7511 forward $7237 $-1 #
coedge $-1 -1 $-1 $7334 $7509 $7507 $7512 forward $7237 $-1 #
coedge $-1 -1 $-1 $7336 $7335 $7506 $7513 forward $7138 $-1 #
edge $7514 -1 $-1 $7433 0 $7515 0.05431808750000762659 $7335 $7516 forward @7 unknown #
coedge $-1 -1 $-1 $7517 $7510 $7336 $7430 reversed $7504 $-1 #
edge $7518 -1 $-1 $7519 0 $7432 0.05431808750000762659 $7336 $7520 forward @7 unknown #
DXID-attrib $-1 -1 $-1 $-1 $7337 @10 Revit:Edge @8 Edge:307 #
vertex $-1 -1 $-1 $7337 $7521 #
vertex $-1 -1 $-1 $7337 $7522 #
straight-curve $-1 -1 $-1 38.8917506500000556 -10.62609556499989871 22.10596108082838285 0 12 0 F -1.165588477296752257e-16 F 0.05444122499999553416 #
DXID-attrib $-1 -1 $-1 $-1 $7339 @10 Revit:Face @8 Face:301 #
face $7523 -1 $-1 $-1 $7524 $6751 $-1 $7525 forward single #
loop $-1 -1 $-1 $-1 $7347 $7339 #
plane-surface $-1 -1 $-1 30.33122005999996773 -10.62609556499989871 22.10596108082838285 0 -1 0 0 0 -12 forward_v I I I I #
coedge $-1 -1 $-1 $7526 $7527 $7345 $7446 reversed $7340 $-1 #
coedge $-1 -1 $-1 $7528 $7342 $7344 $7445 reversed $7242 $-1 #
coedge $-1 -1 $-1 $7342 $7528 $7526 $7529 forward $7242 $-1 #
coedge $-1 -1 $-1 $7344 $7343 $7530 $7531 reversed $7142 $-1 #
coedge $-1 -1 $-1 $7347 $7532 $7343 $7444 reversed $7437 $-1 #
edge $7533 -1 $-1 $7350 -2.331176954593504514e-16 $7534 0.04361902086167396969 $7343 $7535 forward @7 unknown #
edge $7536 -1 $-1 $7537 -0.04361902086167396969 $7351 2.331176954593504514e-16 $7344 $7538 forward @7 unknown #
edge $7539 -1 $-1 $7448 0 $7452 0.05444122499999565212 $7345 $7540 forward @7 unknown #
DXID-attrib $-1 -1 $-1 $-1 $7346 @10 Revit:Edge @8 Edge:294 #
vertex $-1 -1 $-1 $7346 $7541 #
straight-curve $-1 -1 $-1 30.93958263999990876 -9.972800864999953774 22.10596108082838285 -12 0 0 F 0 F 0.05069688166666178747 #
coedge $-1 -1 $-1 $7532 $7347 $7527 $7542 reversed $7437 $-1 #
DXID-attrib $-1 -1 $-1 $-1 $7348 @10 Revit:Edge @8 Edge:302 #
vertex $-1 -1 $-1 $7446 $7543 #
straight-curve $-1 -1 $-1 30.33122005999996773 -10.62609556499989871 22.10596108082838285 12 0 0 F 0 F 0.05069688166666178747 #
point $-1 -1 $-1 30.93958263999990876 -10.62609556499990049 22.1059610808283864 #
point $-1 -1 $-1 30.93958263999990876 -9.972800864999953774 22.1059610808283864 #
DXID-attrib $-1 -1 $-1 $-1 $7354 @10 Revit:Face @6 Face:1 #
loop $-1 -1 $-1 $-1 $7544 $7354 #
plane-surface $-1 -1 $-1 -35.89339222000001683 10.5826410949999854 21.58253283048829729 0 0 -1 0 12 0 forward_v I I I I #
coedge $-1 -1 $-1 $7545 $7357 $7359 $7462 reversed $7250 $-1 #
coedge $-1 -1 $-1 $7357 $7545 $7368 $7475 forward $7250 $-1 #
coedge $-1 -1 $-1 $7359 $7358 $7546 $7547 reversed $7147 $-1 #
edge $7548 -1 $-1 $7549 -0.04361902086167396969 $7366 2.331176954593504514e-16 $7359 $7550 forward @7 unknown #
coedge $-1 -1 $-1 $7544 $7546 $7360 $7464 forward $7457 $-1 #
edge $7551 -1 $-1 $7470 0 $7467 0.05444122499999565212 $7463 $7552 forward @7 unknown #
coedge $-1 -1 $-1 $7361 $7368 $7544 $7553 reversed $7355 $-1 #
DXID-attrib $-1 -1 $-1 $-1 $7362 @10 Revit:Edge @8 Edge:289 #
vertex $-1 -1 $-1 $7553 $7554 #
straight-curve $-1 -1 $-1 20.33669195999995338 -10.62609556499989871 22.10596108082838285 0 0 -12 F -2.331176954593504514e-16 F 0.04361902086167396969 #
DXID-attrib $-1 -1 $-1 $-1 $7363 @10 Revit:Edge @8 Edge:280 #
vertex $-1 -1 $-1 $7547 $7555 #
straight-curve $-1 -1 $-1 20.33669195999995338 -9.972800864999953774 22.10596108082838285 0 0 12 F -0.04361902086167396969 F 2.331176954593504514e-16 #
DXID-attrib $-1 -1 $-1 $-1 $7364 @10 Revit:Edge @8 Edge:282 #
straight-curve $-1 -1 $-1 19.6848749099996283 -9.972800864999953774 22.10596108082838285 0 -12 0 F 0 F 0.05444122499999565212 #
point $-1 -1 $-1 19.6848749099996283 -9.972800864999953774 22.1059610808283864 #
edge $7556 -1 $-1 $7557 -0.04361902086167396969 $7370 2.331176954593504514e-16 $7460 $7558 forward @7 unknown #
point $-1 -1 $-1 19.6848749099996283 -10.62609556499990049 22.1059610808283864 #
coedge $-1 -1 $-1 $7559 $7381 $7383 $7486 forward $7375 $-1 #
coedge $-1 -1 $-1 $7378 $7377 $7559 $7560 reversed $7155 $-1 #
coedge $-1 -1 $-1 $7381 $7559 $7379 $7480 forward $7375 $-1 #
edge $7561 -1 $-1 $7482 0 $7388 0.05069688166666178747 $7479 $7562 forward @7 unknown #
DXID-attrib $-1 -1 $-1 $-1 $7380 @10 Revit:Edge @8 Edge:268 #
vertex $-1 -1 $-1 $7560 $7563 #
straight-curve $-1 -1 $-1 13.2101588800000016 -9.929346395000038683 22.10596108082838285 0 0 12 F -0.04361902086167396969 F 2.331176954593504514e-16 #
DXID-attrib $-1 -1 $-1 $-1 $7382 @10 Revit:Edge @8 Edge:260 #
straight-curve $-1 -1 $-1 13.81852145999994264 -9.929346395000038683 21.58253283048829729 0 -12 0 F 0 F 0.05444122499999565212 #
edge $7564 -1 $-1 $7385 0 $7490 0.05069688166666178747 $7477 $7565 forward @7 unknown #
point $-1 -1 $-1 13.81852145999994264 -10.5826410949999854 21.58253283048829729 #
point $-1 -1 $-1 13.81852145999994264 -9.929346395000038683 21.58253283048829729 #
DXID-attrib $-1 -1 $-1 $-1 $7393 @10 Revit:Edge @8 Edge:272 #
vertex $-1 -1 $-1 $7486 $7566 #
straight-curve $-1 -1 $-1 13.2101588800000016 -10.58264109499998362 22.10596108082838285 0 0 12 F -0.04361902086167396969 F 2.331176954593504514e-16 #
coedge $-1 -1 $-1 $7397 $7395 $7396 $7493 forward $7285 $-1 #
edge $7567 -1 $-1 $7408 0 $7400 0.04345447000002873594 $7492 $7568 forward @7 unknown #
DXID-attrib $-1 -1 $-1 $-1 $7398 @10 Revit:Edge @8 Edge:247 #
straight-curve $-1 -1 $-1 8.299803770000046654 -9.929346395000038683 21.58253283048829729 0 -12 0 F 0 F 0.05444122499999565212 #
point $-1 -1 $-1 8.299803770000046654 -9.929346395000038683 21.58253283048829729 #
DXID-attrib $-1 -1 $-1 $-1 $7404 @10 Revit:Edge @8 Edge:255 #
straight-curve $-1 -1 $-1 7.778350129999701323 -10.58264109499998362 21.58253283048829729 0 12 0 F -1.165588477296752257e-16 F 0.05444122499999553416 #
point $-1 -1 $-1 7.778350129999701323 -9.929346395000038683 21.58253283048829729 #
DXID-attrib $-1 -1 $-1 $-1 $7411 @10 Revit:Edge @8 Edge:235 #
straight-curve $-1 -1 $-1 -4.649628289999898634 -10.58264109499998362 21.58253283048829729 0 12 0 F -1.165588477296752257e-16 F 0.05444122499999553416 #
DXID-attrib $-1 -1 $-1 $-1 $7421 @10 Revit:Face @8 Face:317 #
face $7569 -1 $-1 $-1 $7570 $6905 $-1 $7571 forward single #
loop $-1 -1 $-1 $-1 $7429 $7421 #
plane-surface $-1 -1 $-1 38.239933599999965 -10.62609556499989871 22.10596108082838285 0 -1 0 0 0 -12 forward_v I I I I #
coedge $-1 -1 $-1 $7572 $7573 $7427 $7513 reversed $7422 $-1 #
coedge $-1 -1 $-1 $7574 $7424 $7426 $7512 reversed $7332 $-1 #
coedge $-1 -1 $-1 $7424 $7574 $7572 $7575 forward $7332 $-1 #
coedge $-1 -1 $-1 $7426 $7425 $7576 $7577 reversed $7237 $-1 #
coedge $-1 -1 $-1 $7429 $7578 $7425 $7511 reversed $7504 $-1 #
edge $7579 -1 $-1 $7432 -2.331176954593504514e-16 $7580 0.04361902086167396969 $7425 $7581 forward @7 unknown #
edge $7582 -1 $-1 $7583 -0.04361902086167396969 $7433 2.331176954593504514e-16 $7426 $7584 forward @7 unknown #
edge $7585 -1 $-1 $7515 0 $7519 0.05444122499999565212 $7427 $7586 forward @7 unknown #
DXID-attrib $-1 -1 $-1 $-1 $7428 @10 Revit:Edge @8 Edge:310 #
vertex $-1 -1 $-1 $7428 $7587 #
straight-curve $-1 -1 $-1 38.8917506500000556 -9.972800864999953774 22.10596108082838285 -12 0 0 F 0 F 0.05431808750000762659 #
coedge $-1 -1 $-1 $7578 $7429 $7573 $7588 reversed $7504 $-1 #
DXID-attrib $-1 -1 $-1 $-1 $7430 @10 Revit:Edge @8 Edge:318 #
vertex $-1 -1 $-1 $7513 $7589 #
straight-curve $-1 -1 $-1 38.239933599999965 -10.62609556499989871 22.10596108082838285 12 0 0 F 0 F 0.05431808750000762659 #
point $-1 -1 $-1 38.8917506500000556 -10.62609556499990049 22.1059610808283864 #
point $-1 -1 $-1 38.8917506500000556 -9.972800864999953774 22.1059610808283864 #
DXID-attrib $-1 -1 $-1 $-1 $7436 @10 Revit:Face @6 Face:1 #
loop $-1 -1 $-1 $-1 $7590 $7436 #
plane-surface $-1 -1 $-1 -35.89339222000001683 10.5826410949999854 21.58253283048829729 0 0 -1 0 12 0 forward_v I I I I #
coedge $-1 -1 $-1 $7591 $7439 $7441 $7529 reversed $7340 $-1 #
coedge $-1 -1 $-1 $7439 $7591 $7450 $7542 forward $7340 $-1 #
coedge $-1 -1 $-1 $7441 $7440 $7592 $7593 reversed $7242 $-1 #
edge $7594 -1 $-1 $7595 -0.04361902086167396969 $7448 2.331176954593504514e-16 $7441 $7596 forward @7 unknown #
coedge $-1 -1 $-1 $7590 $7592 $7442 $7531 forward $7524 $-1 #
edge $7597 -1 $-1 $7537 0 $7534 0.05444122499999565212 $7530 $7598 forward @7 unknown #
coedge $-1 -1 $-1 $7443 $7450 $7590 $7599 reversed $7437 $-1 #
DXID-attrib $-1 -1 $-1 $-1 $7444 @10 Revit:Edge @8 Edge:305 #
vertex $-1 -1 $-1 $7599 $7600 #
straight-curve $-1 -1 $-1 30.93958263999990876 -10.62609556499989871 22.10596108082838285 0 0 -12 F -2.331176954593504514e-16 F 0.04361902086167396969 #
DXID-attrib $-1 -1 $-1 $-1 $7445 @10 Revit:Edge @8 Edge:296 #
vertex $-1 -1 $-1 $7593 $7601 #
straight-curve $-1 -1 $-1 30.93958263999990876 -9.972800864999953774 22.10596108082838285 0 0 12 F -0.04361902086167396969 F 2.331176954593504514e-16 #
DXID-attrib $-1 -1 $-1 $-1 $7446 @10 Revit:Edge @8 Edge:298 #
straight-curve $-1 -1 $-1 30.33122005999996773 -9.972800864999953774 22.10596108082838285 0 -12 0 F 0 F 0.05444122499999565212 #
point $-1 -1 $-1 30.33122005999996773 -9.972800864999953774 22.1059610808283864 #
edge $7602 -1 $-1 $7603 -0.04361902086167396969 $7452 2.331176954593504514e-16 $7527 $7604 forward @7 unknown #
point $-1 -1 $-1 30.33122005999996773 -10.62609556499990049 22.1059610808283864 #
coedge $-1 -1 $-1 $7605 $7463 $7465 $7553 forward $7457 $-1 #
coedge $-1 -1 $-1 $7460 $7459 $7605 $7606 reversed $7250 $-1 #
coedge $-1 -1 $-1 $7463 $7605 $7461 $7547 forward $7457 $-1 #
edge $7607 -1 $-1 $7549 0 $7470 0.05431808750002720815 $7546 $7608 forward @7 unknown #
DXID-attrib $-1 -1 $-1 $-1 $7462 @10 Revit:Edge @8 Edge:284 #
vertex $-1 -1 $-1 $7606 $7609 #
straight-curve $-1 -1 $-1 19.6848749099996283 -9.972800864999953774 22.10596108082838285 0 0 12 F -0.04361902086167396969 F 2.331176954593504514e-16 #
DXID-attrib $-1 -1 $-1 $-1 $7464 @10 Revit:Edge @8 Edge:276 #
straight-curve $-1 -1 $-1 20.33669195999995338 -9.972800864999953774 21.58253283048829729 0 -12 0 F 0 F 0.05444122499999565212 #
edge $7610 -1 $-1 $7467 0 $7557 0.05431808750002720815 $7544 $7611 forward @7 unknown #
point $-1 -1 $-1 20.33669195999995338 -10.62609556499990049 21.58253283048829729 #
point $-1 -1 $-1 20.33669195999995338 -9.972800864999953774 21.58253283048829729 #
DXID-attrib $-1 -1 $-1 $-1 $7475 @10 Revit:Edge @8 Edge:288 #
vertex $-1 -1 $-1 $7553 $7612 #
straight-curve $-1 -1 $-1 19.6848749099996283 -10.62609556499989871 22.10596108082838285 0 0 12 F -0.04361902086167396969 F 2.331176954593504514e-16 #
coedge $-1 -1 $-1 $7479 $7477 $7478 $7560 forward $7375 $-1 #
edge $7613 -1 $-1 $7490 -1.165588477296752257e-16 $7482 0.05444122499999553416 $7559 $7614 forward @7 unknown #
DXID-attrib $-1 -1 $-1 $-1 $7480 @10 Revit:Edge @8 Edge:263 #
straight-curve $-1 -1 $-1 13.2101588800000016 -9.929346395000038683 21.58253283048829729 12 0 0 F 0 F 0.05069688166666178747 #
point $-1 -1 $-1 13.2101588800000016 -9.929346395000038683 21.58253283048829729 #
DXID-attrib $-1 -1 $-1 $-1 $7486 @10 Revit:Edge @8 Edge:271 #
straight-curve $-1 -1 $-1 13.81852145999994264 -10.58264109499998362 21.58253283048829729 -12 0 0 F 0 F 0.05069688166666178747 #
point $-1 -1 $-1 13.2101588800000016 -10.5826410949999854 21.58253283048829729 #
DXID-attrib $-1 -1 $-1 $-1 $7493 @10 Revit:Edge @8 Edge:251 #
straight-curve $-1 -1 $-1 7.778350129999701323 -9.929346395000038683 21.58253283048829729 12 0 0 F 0 F 0.04345447000002873594 #
DXID-attrib $-1 -1 $-1 $-1 $7503 @10 Revit:Face @6 Face:1 #
loop $-1 -1 $-1 $-1 $7615 $7503 #
plane-surface $-1 -1 $-1 -35.89339222000001683 10.5826410949999854 21.58253283048829729 0 0 -1 0 12 0 forward_v I I I I #
coedge $-1 -1 $-1 $7616 $7506 $7508 $7575 reversed $7422 $-1 #
coedge $-1 -1 $-1 $7506 $7616 $7517 $7588 forward $7422 $-1 #
coedge $-1 -1 $-1 $7508 $7507 $7617 $7618 reversed $7332 $-1 #
edge $7619 -1 $-1 $7620 -0.04361902086167396969 $7515 2.331176954593504514e-16 $7508 $7621 forward @7 unknown #
coedge $-1 -1 $-1 $7615 $7617 $7509 $7577 forward $7570 $-1 #
edge $7622 -1 $-1 $7583 0 $7580 0.05444122499999565212 $7576 $7623 forward @7 unknown #
coedge $-1 -1 $-1 $7510 $7517 $7615 $7624 reversed $7504 $-1 #
DXID-attrib $-1 -1 $-1 $-1 $7511 @10 Revit:Edge @8 Edge:321 #
vertex $-1 -1 $-1 $7624 $7625 #
straight-curve $-1 -1 $-1 38.8917506500000556 -10.62609556499989871 22.10596108082838285 0 0 -12 F -2.331176954593504514e-16 F 0.04361902086167396969 #
DXID-attrib $-1 -1 $-1 $-1 $7512 @10 Revit:Edge @8 Edge:312 #
vertex $-1 -1 $-1 $7618 $7626 #
straight-curve $-1 -1 $-1 38.8917506500000556 -9.972800864999953774 22.10596108082838285 0 0 12 F -0.04361902086167396969 F 2.331176954593504514e-16 #
DXID-attrib $-1 -1 $-1 $-1 $7513 @10 Revit:Edge @8 Edge:314 #
straight-curve $-1 -1 $-1 38.239933599999965 -9.972800864999953774 22.10596108082838285 0 -12 0 F 0 F 0.05444122499999565212 #
point $-1 -1 $-1 38.239933599999965 -9.972800864999953774 22.1059610808283864 #
edge $7627 -1 $-1 $7628 -0.04361902086167396969 $7519 2.331176954593504514e-16 $7573 $7629 forward @7 unknown #
point $-1 -1 $-1 38.239933599999965 -10.62609556499990049 22.1059610808283864 #
coedge $-1 -1 $-1 $7630 $7530 $7532 $7599 forward $7524 $-1 #
coedge $-1 -1 $-1 $7527 $7526 $7630 $7631 reversed $7340 $-1 #
coedge $-1 -1 $-1 $7530 $7630 $7528 $7593 forward $7524 $-1 #
edge $7632 -1 $-1 $7595 0 $7537 0.05069688166666178747 $7592 $7633 forward @7 unknown #
DXID-attrib $-1 -1 $-1 $-1 $7529 @10 Revit:Edge @8 Edge:300 #
vertex $-1 -1 $-1 $7631 $7634 #
straight-curve $-1 -1 $-1 30.33122005999996773 -9.972800864999953774 22.10596108082838285 0 0 12 F -0.04361902086167396969 F 2.331176954593504514e-16 #
DXID-attrib $-1 -1 $-1 $-1 $7531 @10 Revit:Edge @8 Edge:292 #
straight-curve $-1 -1 $-1 30.93958263999990876 -9.972800864999953774 21.58253283048829729 0 -12 0 F 0 F 0.05444122499999565212 #
edge $7635 -1 $-1 $7534 0 $7603 0.05069688166666178747 $7590 $7636 forward @7 unknown #
point $-1 -1 $-1 30.93958263999990876 -10.62609556499990049 21.58253283048829729 #
point $-1 -1 $-1 30.93958263999990876 -9.972800864999953774 21.58253283048829729 #
DXID-attrib $-1 -1 $-1 $-1 $7542 @10 Revit:Edge @8 Edge:304 #
vertex $-1 -1 $-1 $7599 $7637 #
straight-curve $-1 -1 $-1 30.33122005999996773 -10.62609556499989871 22.10596108082838285 0 0 12 F -0.04361902086167396969 F 2.331176954593504514e-16 #
coedge $-1 -1 $-1 $7546 $7544 $7545 $7606 forward $7457 $-1 #
edge $7638 -1 $-1 $7557 -1.165588477296752257e-16 $7549 0.05444122499999553416 $7605 $7639 forward @7 unknown #
DXID-attrib $-1 -1 $-1 $-1 $7547 @10 Revit:Edge @8 Edge:279 #
straight-curve $-1 -1 $-1 19.6848749099996283 -9.972800864999953774 21.58253283048829729 12 0 0 F 0 F 0.05431808750002720815 #
point $-1 -1 $-1 19.6848749099996283 -9.972800864999953774 21.58253283048829729 #
DXID-attrib $-1 -1 $-1 $-1 $7553 @10 Revit:Edge @8 Edge:287 #
straight-curve $-1 -1 $-1 20.33669195999995338 -10.62609556499989871 21.58253283048829729 -12 0 0 F 0 F 0.05431808750002720815 #
point $-1 -1 $-1 19.6848749099996283 -10.62609556499990049 21.58253283048829729 #
DXID-attrib $-1 -1 $-1 $-1 $7560 @10 Revit:Edge @8 Edge:267 #
straight-curve $-1 -1 $-1 13.2101588800000016 -10.58264109499998362 21.58253283048829729 0 12 0 F -1.165588477296752257e-16 F 0.05444122499999553416 #
coedge $-1 -1 $-1 $7640 $7576 $7578 $7624 forward $7570 $-1 #
coedge $-1 -1 $-1 $7573 $7572 $7640 $7641 reversed $7422 $-1 #
coedge $-1 -1 $-1 $7576 $7640 $7574 $7618 forward $7570 $-1 #
edge $7642 -1 $-1 $7620 0 $7583 0.05431808750000762659 $7617 $7643 forward @7 unknown #
DXID-attrib $-1 -1 $-1 $-1 $7575 @10 Revit:Edge @8 Edge:316 #
vertex $-1 -1 $-1 $7641 $7644 #
straight-curve $-1 -1 $-1 38.239933599999965 -9.972800864999953774 22.10596108082838285 0 0 12 F -0.04361902086167396969 F 2.331176954593504514e-16 #
DXID-attrib $-1 -1 $-1 $-1 $7577 @10 Revit:Edge @8 Edge:308 #
straight-curve $-1 -1 $-1 38.8917506500000556 -9.972800864999953774 21.58253283048829729 0 -12 0 F 0 F 0.05444122499999565212 #
edge $7645 -1 $-1 $7580 0 $7628 0.05431808750000762659 $7615 $7646 forward @7 unknown #
point $-1 -1 $-1 38.8917506500000556 -10.62609556499990049 21.58253283048829729 #
point $-1 -1 $-1 38.8917506500000556 -9.972800864999953774 21.58253283048829729 #
DXID-attrib $-1 -1 $-1 $-1 $7588 @10 Revit:Edge @8 Edge:320 #
vertex $-1 -1 $-1 $7624 $7647 #
straight-curve $-1 -1 $-1 38.239933599999965 -10.62609556499989871 22.10596108082838285 0 0 12 F -0.04361902086167396969 F 2.331176954593504514e-16 #
coedge $-1 -1 $-1 $7592 $7590 $7591 $7631 forward $7524 $-1 #
edge $7648 -1 $-1 $7603 -1.165588477296752257e-16 $7595 0.05444122499999553416 $7630 $7649 forward @7 unknown #
DXID-attrib $-1 -1 $-1 $-1 $7593 @10 Revit:Edge @8 Edge:295 #
straight-curve $-1 -1 $-1 30.33122005999996773 -9.972800864999953774 21.58253283048829729 12 0 0 F 0 F 0.05069688166666178747 #
point $-1 -1 $-1 30.33122005999996773 -9.972800864999953774 21.58253283048829729 #
DXID-attrib $-1 -1 $-1 $-1 $7599 @10 Revit:Edge @8 Edge:303 #
straight-curve $-1 -1 $-1 30.93958263999990876 -10.62609556499989871 21.58253283048829729 -12 0 0 F 0 F 0.05069688166666178747 #
point $-1 -1 $-1 30.33122005999996773 -10.62609556499990049 21.58253283048829729 #
DXID-attrib $-1 -1 $-1 $-1 $7606 @10 Revit:Edge @8 Edge:283 #
straight-curve $-1 -1 $-1 19.6848749099996283 -10.62609556499989871 21.58253283048829729 0 12 0 F -1.165588477296752257e-16 F 0.05444122499999553416 #
coedge $-1 -1 $-1 $7617 $7615 $7616 $7641 forward $7570 $-1 #
edge $7650 -1 $-1 $7628 -1.165588477296752257e-16 $7620 0.05444122499999553416 $7640 $7651 forward @7 unknown #
DXID-attrib $-1 -1 $-1 $-1 $7618 @10 Revit:Edge @8 Edge:311 #
straight-curve $-1 -1 $-1 38.239933599999965 -9.972800864999953774 21.58253283048829729 12 0 0 F 0 F 0.05431808750000762659 #
point $-1 -1 $-1 38.239933599999965 -9.972800864999953774 21.58253283048829729 #
DXID-attrib $-1 -1 $-1 $-1 $7624 @10 Revit:Edge @8 Edge:319 #
straight-curve $-1 -1 $-1 38.8917506500000556 -10.62609556499989871 21.58253283048829729 -12 0 0 F 0 F 0.05431808750000762659 #
point $-1 -1 $-1 38.239933599999965 -10.62609556499990049 21.58253283048829729 #
DXID-attrib $-1 -1 $-1 $-1 $7631 @10 Revit:Edge @8 Edge:299 #
straight-curve $-1 -1 $-1 30.33122005999996773 -10.62609556499989871 21.58253283048829729 0 12 0 F -1.165588477296752257e-16 F 0.05444122499999553416 #
DXID-attrib $-1 -1 $-1 $-1 $7641 @10 Revit:Edge @8 Edge:315 #
straight-curve $-1 -1 $-1 38.239933599999965 -10.62609556499989871 21.58253283048829729 0 12 0 F -1.165588477296752257e-16 F 0.05444122499999553416 #
End-of-ACIS-data 